timestamp,station,rainfall_mm,source
2026-08-01 09:14:06,ITABAL8,0.0,weather
2026-08-01T09:14,VP SABANG TIMUR SIS,0.0,meteobot
2026-08-01T09:14,VP OB 1 SIS,0.0,meteobot
2026-08-01T09:14,PITSTOP AMBON SIS,0.0,meteobot
2026-08-01T09:15,CSA BONTANG SIS,0.0,meteobot
2026-08-01 12:35:46,ITABAL8,0.0,weather
2026-08-01T12:35,VP SABANG TIMUR SIS,0.0,meteobot
2026-08-01T12:35,VP OB 1 SIS,0.0,meteobot
2026-08-01T12:36,PITSTOP AMBON SIS,0.0,meteobot
2026-08-01T12:37,CSA BONTANG SIS,0.0,meteobot
2026-08-01 15:08:18,ITABAL8,0.0,weather
2026-08-01T15:08,VP SABANG TIMUR SIS,0.0,meteobot
2026-08-01T15:08,VP OB 1 SIS,0.0,meteobot
2026-08-01T15:08,PITSTOP AMBON SIS,0.0,meteobot
2026-08-01T15:09,CSA BONTANG SIS,0.0,meteobot
2026-08-01 17:17:13,ITABAL8,0.0,weather
2026-08-01T17:17,VP SABANG TIMUR SIS,0.0,meteobot
2026-08-01T17:17,VP OB 1 SIS,0.0,meteobot
2026-08-01T17:17,PITSTOP AMBON SIS,0.0,meteobot
2026-08-01T17:18,CSA BONTANG SIS,0.0,meteobot
2026-08-01 18:51:21,ITABAL8,0.0,weather
2026-08-01T18:51,VP SABANG TIMUR SIS,0.0,meteobot
2026-08-01T18:51,VP OB 1 SIS,0.0,meteobot
2026-08-01T18:51,PITSTOP AMBON SIS,0.0,meteobot
2026-08-01T18:52,CSA BONTANG SIS,0.0,meteobot
2026-08-01 19:51:43,ITABAL8,0.0,weather
2026-08-01T19:51,VP SABANG TIMUR SIS,0.0,meteobot
2026-08-01T19:51,VP OB 1 SIS,0.0,meteobot
2026-08-01T19:51,PITSTOP AMBON SIS,0.0,meteobot
2026-08-01T19:51,CSA BONTANG SIS,0.0,meteobot
2026-08-01 20:43:49,ITABAL8,0.0,weather
2026-08-01T20:43,VP SABANG TIMUR SIS,0.0,meteobot
2026-08-01T20:43,VP OB 1 SIS,0.0,meteobot
2026-08-01T20:43,PITSTOP AMBON SIS,0.0,meteobot
2026-08-01T20:44,CSA BONTANG SIS,0.0,meteobot
2026-08-01 22:14:42,ITABAL8,0.0,weather
2026-08-01T22:14,VP SABANG TIMUR SIS,0.0,meteobot
2026-08-01T22:14,VP OB 1 SIS,0.0,meteobot
2026-08-01T22:14,PITSTOP AMBON SIS,0.0,meteobot
2026-08-01T22:14,CSA BONTANG SIS,0.0,meteobot
2026-08-01 23:28:17,ITABAL8,0.0,weather
2026-08-01T23:28,VP SABANG TIMUR SIS,0.0,meteobot
2026-08-01T23:28,VP OB 1 SIS,0.0,meteobot
2026-08-01T23:28,PITSTOP AMBON SIS,0.0,meteobot
2026-08-01T23:28,CSA BONTANG SIS,0.0,meteobot
2026-08-02 00:28:29,ITABAL8,0.0,weather
2026-08-01T23:59,VP SABANG TIMUR SIS,0.0,meteobot
2026-08-01T23:59,VP OB 1 SIS,0.0,meteobot
2026-08-01T23:59,PITSTOP AMBON SIS,0.0,meteobot
2026-08-01T23:59,CSA BONTANG SIS,0.0,meteobot
2026-08-02 01:31:56,ITABAL8,0.0,weather
2026-08-01T23:59,VP SABANG TIMUR SIS,0.0,meteobot
2026-08-01T23:59,VP OB 1 SIS,0.0,meteobot
2026-08-01T23:59,PITSTOP AMBON SIS,0.0,meteobot
2026-08-01T23:59,CSA BONTANG SIS,0.0,meteobot
2026-08-02 02:31:47,ITABAL8,0.0,weather
2026-08-01T23:59,VP SABANG TIMUR SIS,0.0,meteobot
2026-08-01T23:59,VP OB 1 SIS,0.0,meteobot
2026-08-01T23:59,PITSTOP AMBON SIS,0.0,meteobot
2026-08-01T23:59,CSA BONTANG SIS,0.0,meteobot
2026-08-02 03:46:48,ITABAL8,0.0,weather
2026-08-01T23:59,VP SABANG TIMUR SIS,0.0,meteobot
2026-08-01T23:59,VP OB 1 SIS,0.0,meteobot
2026-08-01T23:59,PITSTOP AMBON SIS,0.0,meteobot
2026-08-01T23:59,CSA BONTANG SIS,0.0,meteobot
2026-08-02 04:34:26,ITABAL8,0.0,weather
2026-08-01T23:59,VP SABANG TIMUR SIS,0.0,meteobot
2026-08-01T23:59,VP OB 1 SIS,0.0,meteobot
2026-08-01T23:59,PITSTOP AMBON SIS,0.0,meteobot
2026-08-01T23:59,CSA BONTANG SIS,0.0,meteobot
2026-08-02 05:29:23,ITABAL8,0.0,weather
2026-08-01T23:59,VP SABANG TIMUR SIS,0.0,meteobot
2026-08-01T23:59,VP OB 1 SIS,0.0,meteobot
2026-08-01T23:59,PITSTOP AMBON SIS,0.0,meteobot
2026-08-01T23:59,CSA BONTANG SIS,0.0,meteobot
2026-08-02 06:27:44,ITABAL8,0.0,weather
2026-08-01T23:59,VP SABANG TIMUR SIS,0.0,meteobot
2026-08-01T23:59,VP OB 1 SIS,0.0,meteobot
2026-08-01T23:59,PITSTOP AMBON SIS,0.0,meteobot
2026-08-01T23:59,CSA BONTANG SIS,0.0,meteobot
2026-08-02 07:28:46,ITABAL8,0.0,weather
2026-08-01T23:59,VP SABANG TIMUR SIS,0.0,meteobot
2026-08-01T23:59,VP OB 1 SIS,0.0,meteobot
2026-08-01T23:59,PITSTOP AMBON SIS,0.0,meteobot
2026-08-01T23:59,CSA BONTANG SIS,0.0,meteobot
2026-08-02 09:07:19,ITABAL8,0.0,weather
2026-08-02T09:07,VP SABANG TIMUR SIS,0.0,meteobot
2026-08-02T09:07,VP OB 1 SIS,0.0,meteobot
2026-08-02T09:07,PITSTOP AMBON SIS,0.0,meteobot
2026-08-02T09:07,CSA BONTANG SIS,0.0,meteobot
2026-08-02 12:33:58,ITABAL8,0.0,weather
2026-08-02T12:34,VP SABANG TIMUR SIS,0.0,meteobot
2026-08-02T12:33,VP OB 1 SIS,0.0,meteobot
2026-08-02T12:34,PITSTOP AMBON SIS,0.0,meteobot
2026-08-02T12:34,CSA BONTANG SIS,0.0,meteobot
2026-08-02 15:12:10,ITABAL8,0.0,weather
2026-08-02T15:12,VP SABANG TIMUR SIS,0.0,meteobot
2026-08-02T15:11,VP OB 1 SIS,0.0,meteobot
2026-08-02T15:12,PITSTOP AMBON SIS,0.0,meteobot
2026-08-02T15:12,CSA BONTANG SIS,0.0,meteobot
2026-08-02 17:19:49,ITABAL8,0.0,weather
2026-08-02T17:19,VP SABANG TIMUR SIS,0.0,meteobot
2026-08-02T17:19,VP OB 1 SIS,0.0,meteobot
2026-08-02T17:19,PITSTOP AMBON SIS,0.0,meteobot
2026-08-02T17:20,CSA BONTANG SIS,0.0,meteobot
2026-08-02 18:53:23,ITABAL8,0.0,weather
2026-08-02T18:53,VP SABANG TIMUR SIS,0.0,meteobot
2026-08-02T18:53,VP OB 1 SIS,0.0,meteobot
2026-08-02T18:53,PITSTOP AMBON SIS,0.0,meteobot
2026-08-02T18:53,CSA BONTANG SIS,0.0,meteobot
2026-08-02 19:51:38,ITABAL8,0.0,weather
2026-08-02T19:51,VP SABANG TIMUR SIS,0.0,meteobot
2026-08-02T19:51,VP OB 1 SIS,0.0,meteobot
2026-08-02T19:51,PITSTOP AMBON SIS,0.0,meteobot
2026-08-02T19:51,CSA BONTANG SIS,0.0,meteobot
2026-08-02 20:45:54,ITABAL8,0.0,weather
2026-08-02T20:46,VP SABANG TIMUR SIS,0.0,meteobot
2026-08-02T20:45,VP OB 1 SIS,0.0,meteobot
2026-08-02T20:46,PITSTOP AMBON SIS,0.0,meteobot
2026-08-02T20:46,CSA BONTANG SIS,0.0,meteobot
2026-08-02 22:16:08,ITABAL8,0.0,weather
2026-08-02T22:16,VP SABANG TIMUR SIS,0.0,meteobot
2026-08-02T22:15,VP OB 1 SIS,0.0,meteobot
2026-08-02T22:16,PITSTOP AMBON SIS,0.0,meteobot
2026-08-02T22:16,CSA BONTANG SIS,0.0,meteobot
2026-08-02 23:29:32,ITABAL8,0.0,weather
2026-08-02T23:29,VP SABANG TIMUR SIS,0.0,meteobot
2026-08-02T23:29,VP OB 1 SIS,0.0,meteobot
2026-08-02T23:29,PITSTOP AMBON SIS,0.0,meteobot
2026-08-02T23:29,CSA BONTANG SIS,0.0,meteobot
2026-08-03 00:29:08,ITABAL8,0.0,weather
2026-08-02T23:59,VP SABANG TIMUR SIS,0.0,meteobot
2026-08-02T23:59,VP OB 1 SIS,0.0,meteobot
2026-08-02T23:59,PITSTOP AMBON SIS,0.0,meteobot
2026-08-02T23:59,CSA BONTANG SIS,0.0,meteobot
2026-08-03 01:33:04,ITABAL8,0.0,weather
2026-08-02T23:59,VP SABANG TIMUR SIS,0.0,meteobot
2026-08-02T23:59,VP OB 1 SIS,0.0,meteobot
2026-08-02T23:59,PITSTOP AMBON SIS,0.0,meteobot
2026-08-02T23:59,CSA BONTANG SIS,0.0,meteobot
2026-08-03 02:34:06,ITABAL8,0.0,weather
2026-08-02T23:59,VP SABANG TIMUR SIS,0.0,meteobot
2026-08-02T23:59,VP OB 1 SIS,0.0,meteobot
2026-08-02T23:59,PITSTOP AMBON SIS,0.0,meteobot
2026-08-02T23:59,CSA BONTANG SIS,0.0,meteobot
2026-08-03 03:47:14,ITABAL8,0.0,weather
2026-08-02T23:59,VP SABANG TIMUR SIS,0.0,meteobot
2026-08-02T23:59,VP OB 1 SIS,0.0,meteobot
2026-08-02T23:59,PITSTOP AMBON SIS,0.0,meteobot
2026-08-02T23:59,CSA BONTANG SIS,0.0,meteobot
2026-08-03 04:37:14,ITABAL8,0.0,weather
2026-08-02T23:59,VP SABANG TIMUR SIS,0.0,meteobot
2026-08-02T23:59,VP OB 1 SIS,0.0,meteobot
2026-08-02T23:59,PITSTOP AMBON SIS,0.0,meteobot
2026-08-02T23:59,CSA BONTANG SIS,0.0,meteobot
2026-08-03 05:31:49,ITABAL8,0.0,weather
2026-08-02T23:59,VP SABANG TIMUR SIS,0.0,meteobot
2026-08-02T23:59,VP OB 1 SIS,0.0,meteobot
2026-08-02T23:59,PITSTOP AMBON SIS,0.0,meteobot
2026-08-02T23:59,CSA BONTANG SIS,0.0,meteobot
2026-08-03 06:30:26,ITABAL8,0.0,weather
2026-08-02T23:59,VP SABANG TIMUR SIS,0.0,meteobot
2026-08-02T23:59,VP OB 1 SIS,0.0,meteobot
2026-08-02T23:59,PITSTOP AMBON SIS,0.0,meteobot
2026-08-02T23:59,CSA BONTANG SIS,0.0,meteobot
2026-08-03 07:30:58,ITABAL8,0.0,weather
2026-08-02T23:59,VP SABANG TIMUR SIS,0.0,meteobot
2026-08-02T23:59,VP OB 1 SIS,0.0,meteobot
2026-08-02T23:59,PITSTOP AMBON SIS,0.0,meteobot
2026-08-02T23:59,CSA BONTANG SIS,0.0,meteobot
2026-08-03 09:08:14,ITABAL8,0.0,weather
2026-08-03T09:08,VP SABANG TIMUR SIS,0.0,meteobot
2026-08-03T09:08,VP OB 1 SIS,0.0,meteobot
2026-08-03T09:08,PITSTOP AMBON SIS,0.0,meteobot
2026-08-03T09:08,CSA BONTANG SIS,0.0,meteobot
2026-08-03 12:43:43,ITABAL8,0.0,weather
2026-08-03T12:43,VP SABANG TIMUR SIS,0.0,meteobot
2026-08-03T12:43,VP OB 1 SIS,0.0,meteobot
2026-08-03T12:43,PITSTOP AMBON SIS,0.0,meteobot
2026-08-03T12:43,CSA BONTANG SIS,0.0,meteobot
2026-08-03 16:03:36,ITABAL8,0.0,weather
2026-08-03T16:03,VP SABANG TIMUR SIS,0.0,meteobot
2026-08-03T16:03,VP OB 1 SIS,0.0,meteobot
2026-08-03T16:03,PITSTOP AMBON SIS,0.0,meteobot
2026-08-03T16:03,CSA BONTANG SIS,0.0,meteobot
2026-08-03 19:37:50,ITABAL8,0.0,weather
2026-08-03T19:38,VP SABANG TIMUR SIS,0.0,meteobot
2026-08-03T19:37,VP OB 1 SIS,0.0,meteobot
2026-08-03T19:37,PITSTOP AMBON SIS,0.0,meteobot
2026-08-03T19:38,CSA BONTANG SIS,0.0,meteobot
2026-08-03 22:00:09,ITABAL8,0.0,weather
2026-08-03T22:00,VP SABANG TIMUR SIS,0.0,meteobot
2026-08-03T21:59,VP OB 1 SIS,0.0,meteobot
2026-08-03T22:00,PITSTOP AMBON SIS,0.0,meteobot
2026-08-03T22:00,CSA BONTANG SIS,0.0,meteobot
2026-08-04 00:30:15,ITABAL8,0.0,weather
2026-08-03T23:59,VP SABANG TIMUR SIS,0.0,meteobot
2026-08-03T23:59,VP OB 1 SIS,0.0,meteobot
2026-08-03T23:59,PITSTOP AMBON SIS,0.0,meteobot
2026-08-03T23:59,CSA BONTANG SIS,0.0,meteobot
2026-08-04 02:18:01,ITABAL8,0.0,weather
2026-08-03T23:59,VP SABANG TIMUR SIS,0.0,meteobot
2026-08-03T23:59,VP OB 1 SIS,0.0,meteobot
2026-08-03T23:59,PITSTOP AMBON SIS,0.0,meteobot
2026-08-03T23:59,CSA BONTANG SIS,0.0,meteobot
2026-08-04 04:01:46,ITABAL8,0.0,weather
2026-08-03T23:59,VP SABANG TIMUR SIS,0.0,meteobot
2026-08-03T23:59,VP OB 1 SIS,0.0,meteobot
2026-08-03T23:59,PITSTOP AMBON SIS,0.0,meteobot
2026-08-03T23:59,CSA BONTANG SIS,0.0,meteobot
2026-08-04 05:14:10,ITABAL8,0.0,weather
2026-08-03T23:59,VP SABANG TIMUR SIS,0.0,meteobot
2026-08-03T23:59,VP OB 1 SIS,0.0,meteobot
2026-08-03T23:59,PITSTOP AMBON SIS,0.0,meteobot
2026-08-03T23:59,CSA BONTANG SIS,0.0,meteobot
2026-08-04 06:18:09,ITABAL8,0.0,weather
2026-08-03T23:59,VP SABANG TIMUR SIS,0.0,meteobot
2026-08-03T23:59,VP OB 1 SIS,0.0,meteobot
2026-08-03T23:59,PITSTOP AMBON SIS,0.0,meteobot
2026-08-03T23:59,CSA BONTANG SIS,0.0,meteobot
2026-08-04 07:30:03,ITABAL8,0.0,weather
2026-08-03T23:59,VP SABANG TIMUR SIS,0.0,meteobot
2026-08-03T23:59,VP OB 1 SIS,0.0,meteobot
2026-08-03T23:59,PITSTOP AMBON SIS,0.0,meteobot
2026-08-03T23:59,CSA BONTANG SIS,0.0,meteobot
2026-08-04 09:01:15,ITABAL8,0.0,weather
2026-08-04T09:01,VP SABANG TIMUR SIS,0.0,meteobot
2026-08-04T09:01,VP OB 1 SIS,0.0,meteobot
2026-08-04T09:01,PITSTOP AMBON SIS,0.0,meteobot
2026-08-04T09:01,CSA BONTANG SIS,0.0,meteobot
2026-08-04 12:19:01,ITABAL8,0.0,weather
2026-08-04T12:19,VP SABANG TIMUR SIS,0.0,meteobot
2026-08-04T12:18,VP OB 1 SIS,0.0,meteobot
2026-08-04T12:19,PITSTOP AMBON SIS,0.0,meteobot
2026-08-04T12:19,CSA BONTANG SIS,0.0,meteobot
2026-08-04 14:44:49,ITABAL8,0.0,weather
2026-08-04T14:45,VP SABANG TIMUR SIS,0.0,meteobot
2026-08-04T14:44,VP OB 1 SIS,0.0,meteobot
2026-08-04T14:44,PITSTOP AMBON SIS,0.0,meteobot
2026-08-04T14:45,CSA BONTANG SIS,0.0,meteobot
2026-08-04 17:29:41,ITABAL8,0.0,weather
2026-08-04T17:29,VP SABANG TIMUR SIS,0.0,meteobot
2026-08-04T17:29,VP OB 1 SIS,0.0,meteobot
2026-08-04T17:29,PITSTOP AMBON SIS,0.0,meteobot
2026-08-04T17:30,CSA BONTANG SIS,0.0,meteobot
2026-08-04 19:40:01,ITABAL8,0.0,weather
2026-08-04T19:40,VP SABANG TIMUR SIS,0.0,meteobot
2026-08-04T19:39,VP OB 1 SIS,0.0,meteobot
2026-08-04T19:40,PITSTOP AMBON SIS,0.0,meteobot
2026-08-04T19:40,CSA BONTANG SIS,0.0,meteobot
2026-08-04 21:22:13,ITABAL8,0.0,weather
2026-08-04T21:22,VP SABANG TIMUR SIS,0.0,meteobot
2026-08-04T21:22,VP OB 1 SIS,0.0,meteobot
2026-08-04T21:22,PITSTOP AMBON SIS,0.0,meteobot
2026-08-04T21:22,CSA BONTANG SIS,0.0,meteobot
2026-08-04 23:40:45,ITABAL8,0.0,weather
2026-08-04T23:40,VP SABANG TIMUR SIS,0.0,meteobot
2026-08-04T23:40,VP OB 1 SIS,0.0,meteobot
2026-08-04T23:40,PITSTOP AMBON SIS,0.0,meteobot
2026-08-04T23:41,CSA BONTANG SIS,0.0,meteobot
2026-08-05 01:19:03,ITABAL8,0.0,weather
2026-08-04T23:59,VP SABANG TIMUR SIS,0.0,meteobot
2026-08-04T23:59,VP OB 1 SIS,0.0,meteobot
2026-08-04T23:59,PITSTOP AMBON SIS,0.0,meteobot
2026-08-04T23:59,CSA BONTANG SIS,0.0,meteobot
2026-08-05 02:58:01,ITABAL8,0.0,weather
2026-08-04T23:59,VP SABANG TIMUR SIS,0.0,meteobot
2026-08-04T23:59,VP OB 1 SIS,0.0,meteobot
2026-08-04T23:59,PITSTOP AMBON SIS,0.0,meteobot
2026-08-04T23:59,CSA BONTANG SIS,0.0,meteobot
2026-08-05 04:24:41,ITABAL8,0.0,weather
2026-08-04T23:59,VP SABANG TIMUR SIS,0.0,meteobot
2026-08-04T23:59,VP OB 1 SIS,0.0,meteobot
2026-08-04T23:59,PITSTOP AMBON SIS,0.0,meteobot
2026-08-04T23:59,CSA BONTANG SIS,0.0,meteobot
2026-08-05 05:45:33,ITABAL8,0.0,weather
2026-08-04T23:59,VP SABANG TIMUR SIS,0.0,meteobot
2026-08-04T23:59,VP OB 1 SIS,0.0,meteobot
2026-08-04T23:59,PITSTOP AMBON SIS,0.0,meteobot
2026-08-04T23:59,CSA BONTANG SIS,0.0,meteobot
2026-08-05 06:45:35,ITABAL8,0.0,weather
2026-08-04T23:59,VP SABANG TIMUR SIS,0.0,meteobot
2026-08-04T23:59,VP OB 1 SIS,0.0,meteobot
2026-08-04T23:59,PITSTOP AMBON SIS,0.0,meteobot
2026-08-04T23:59,CSA BONTANG SIS,0.0,meteobot
2026-08-05 07:44:19,ITABAL8,0.0,weather
2026-08-04T23:59,VP SABANG TIMUR SIS,0.0,meteobot
2026-08-04T23:59,VP OB 1 SIS,0.0,meteobot
2026-08-04T23:59,PITSTOP AMBON SIS,0.0,meteobot
2026-08-04T23:59,CSA BONTANG SIS,0.0,meteobot
2026-08-05 09:06:40,ITABAL8,0.0,weather
2026-08-05T09:06,VP SABANG TIMUR SIS,0.0,meteobot
2026-08-05T09:06,VP OB 1 SIS,0.0,meteobot
2026-08-05T09:06,PITSTOP AMBON SIS,0.0,meteobot
2026-08-05T09:07,CSA BONTANG SIS,0.0,meteobot
2026-08-05 12:23:56,ITABAL8,0.0,weather
2026-08-05T12:24,VP SABANG TIMUR SIS,0.0,meteobot
2026-08-05T12:23,VP OB 1 SIS,0.0,meteobot
2026-08-05T12:24,PITSTOP AMBON SIS,0.0,meteobot
2026-08-05T12:24,CSA BONTANG SIS,0.0,meteobot
2026-08-05 15:08:12,ITABAL8,0.0,weather
2026-08-05T15:08,VP SABANG TIMUR SIS,0.0,meteobot
2026-08-05T15:07,VP OB 1 SIS,0.0,meteobot
2026-08-05T15:08,PITSTOP AMBON SIS,0.0,meteobot
2026-08-05T15:08,CSA BONTANG SIS,0.0,meteobot
2026-08-05 17:45:16,ITABAL8,0.0,weather
2026-08-05T17:45,VP SABANG TIMUR SIS,0.0,meteobot
2026-08-05T17:45,VP OB 1 SIS,0.0,meteobot
2026-08-05T17:45,PITSTOP AMBON SIS,0.0,meteobot
2026-08-05T17:45,CSA BONTANG SIS,0.0,meteobot
2026-08-05 19:45:46,ITABAL8,0.0,weather
2026-08-05T19:45,VP SABANG TIMUR SIS,0.0,meteobot
2026-08-05T19:45,VP OB 1 SIS,0.0,meteobot
2026-08-05T19:45,PITSTOP AMBON SIS,0.0,meteobot
2026-08-05T19:46,CSA BONTANG SIS,0.0,meteobot
2026-08-05 21:23:48,ITABAL8,0.0,weather
2026-08-05T21:23,VP SABANG TIMUR SIS,0.0,meteobot
2026-08-05T21:23,VP OB 1 SIS,0.0,meteobot
2026-08-05T21:23,PITSTOP AMBON SIS,0.0,meteobot
2026-08-05T21:24,CSA BONTANG SIS,0.0,meteobot
2026-08-05 23:34:33,ITABAL8,0.0,weather
2026-08-05T23:34,VP SABANG TIMUR SIS,0.0,meteobot
2026-08-05T23:34,VP OB 1 SIS,0.0,meteobot
2026-08-05T23:34,PITSTOP AMBON SIS,0.0,meteobot
2026-08-05T23:34,CSA BONTANG SIS,0.0,meteobot
2026-08-06 01:05:46,ITABAL8,0.0,weather
2026-08-05T23:59,VP SABANG TIMUR SIS,0.0,meteobot
2026-08-05T23:59,VP OB 1 SIS,0.0,meteobot
2026-08-05T23:59,PITSTOP AMBON SIS,0.0,meteobot
2026-08-05T23:59,CSA BONTANG SIS,0.0,meteobot
2026-08-06 02:43:58,ITABAL8,0.0,weather
2026-08-05T23:59,VP SABANG TIMUR SIS,0.0,meteobot
2026-08-05T23:59,VP OB 1 SIS,0.0,meteobot
2026-08-05T23:59,PITSTOP AMBON SIS,0.0,meteobot
2026-08-05T23:59,CSA BONTANG SIS,0.0,meteobot
2026-08-06 04:15:03,ITABAL8,0.0,weather
2026-08-05T23:59,VP SABANG TIMUR SIS,0.0,meteobot
2026-08-05T23:59,VP OB 1 SIS,0.0,meteobot
2026-08-05T23:59,PITSTOP AMBON SIS,0.0,meteobot
2026-08-05T23:59,CSA BONTANG SIS,0.0,meteobot
2026-08-06 05:34:14,ITABAL8,0.0,weather
2026-08-05T23:59,VP SABANG TIMUR SIS,0.0,meteobot
2026-08-05T23:59,VP OB 1 SIS,0.0,meteobot
2026-08-05T23:59,PITSTOP AMBON SIS,0.0,meteobot
2026-08-05T23:59,CSA BONTANG SIS,0.0,meteobot
2026-08-06 06:38:08,ITABAL8,0.0,weather
2026-08-05T23:59,VP SABANG TIMUR SIS,0.0,meteobot
2026-08-05T23:59,VP OB 1 SIS,0.0,meteobot
2026-08-05T23:59,PITSTOP AMBON SIS,0.0,meteobot
2026-08-05T23:59,CSA BONTANG SIS,0.0,meteobot
2026-08-06 07:34:52,ITABAL8,0.0,weather
2026-08-05T23:59,VP SABANG TIMUR SIS,0.0,meteobot
2026-08-05T23:59,VP OB 1 SIS,0.0,meteobot
2026-08-05T23:59,PITSTOP AMBON SIS,0.0,meteobot
2026-08-05T23:59,CSA BONTANG SIS,0.0,meteobot
2026-08-06 08:58:45,ITABAL8,0.0,weather
2026-08-06T08:58,VP SABANG TIMUR SIS,0.0,meteobot
2026-08-06T08:58,VP OB 1 SIS,0.0,meteobot
2026-08-06T08:58,PITSTOP AMBON SIS,0.0,meteobot
2026-08-06T08:59,CSA BONTANG SIS,0.0,meteobot
2026-08-06 12:14:30,ITABAL8,0.0,weather
2026-08-06T12:14,VP SABANG TIMUR SIS,0.0,meteobot
2026-08-06T12:14,VP OB 1 SIS,0.0,meteobot
2026-08-06T12:14,PITSTOP AMBON SIS,0.0,meteobot
2026-08-06T12:14,CSA BONTANG SIS,0.0,meteobot
2026-08-06 14:46:53,ITABAL8,0.0,weather
2026-08-06T14:47,VP SABANG TIMUR SIS,0.0,meteobot
2026-08-06T14:46,VP OB 1 SIS,0.0,meteobot
2026-08-06T14:47,PITSTOP AMBON SIS,0.0,meteobot
2026-08-06T14:47,CSA BONTANG SIS,0.0,meteobot
2026-08-06 17:31:19,ITABAL8,0.0,weather
2026-08-06T17:31,VP SABANG TIMUR SIS,0.0,meteobot
2026-08-06T17:31,VP OB 1 SIS,0.0,meteobot
2026-08-06T17:31,PITSTOP AMBON SIS,0.0,meteobot
2026-08-06T17:31,CSA BONTANG SIS,0.0,meteobot
2026-08-06 19:48:25,ITABAL8,0.0,weather
2026-08-06T19:48,VP SABANG TIMUR SIS,0.0,meteobot
2026-08-06T19:48,VP OB 1 SIS,0.0,meteobot
2026-08-06T19:48,PITSTOP AMBON SIS,0.0,meteobot
2026-08-06T19:48,CSA BONTANG SIS,0.0,meteobot
2026-08-06 21:22:07,ITABAL8,0.0,weather
2026-08-06T21:22,VP SABANG TIMUR SIS,0.0,meteobot
2026-08-06T21:21,VP OB 1 SIS,0.0,meteobot
2026-08-06T21:22,PITSTOP AMBON SIS,0.0,meteobot
2026-08-06T21:22,CSA BONTANG SIS,0.0,meteobot
2026-08-07 08:29:29,ITABAL8,0.0,weather
2026-08-07T08:29,VP SABANG TIMUR SIS,0.0,meteobot
2026-08-07T08:29,VP OB 1 SIS,0.0,meteobot
2026-08-07T08:29,PITSTOP AMBON SIS,0.0,meteobot
2026-08-07T08:29,CSA BONTANG SIS,0.0,meteobot
2026-08-07 11:30:15,ITABAL8,0.0,weather
2026-08-07T11:30,VP SABANG TIMUR SIS,0.0,meteobot
2026-08-07T11:30,VP OB 1 SIS,0.0,meteobot
2026-08-07T11:30,PITSTOP AMBON SIS,0.0,meteobot
2026-08-07T11:30,CSA BONTANG SIS,0.0,meteobot
2026-08-07 13:16:03,ITABAL8,0.0,weather
2026-08-07T13:16,VP SABANG TIMUR SIS,0.0,meteobot
2026-08-07T13:15,VP OB 1 SIS,0.0,meteobot
2026-08-07T13:16,PITSTOP AMBON SIS,0.0,meteobot
2026-08-07T13:16,CSA BONTANG SIS,0.0,meteobot
2026-08-07 14:33:59,ITABAL8,0.0,weather
2026-08-07T14:34,VP SABANG TIMUR SIS,0.0,meteobot
2026-08-07T14:33,VP OB 1 SIS,0.0,meteobot
2026-08-07T14:34,PITSTOP AMBON SIS,0.0,meteobot
2026-08-07T14:34,CSA BONTANG SIS,0.0,meteobot
2026-08-07 15:53:32,ITABAL8,0.0,weather
2026-08-07T15:53,VP SABANG TIMUR SIS,0.0,meteobot
2026-08-07T15:53,VP OB 1 SIS,0.0,meteobot
2026-08-07T15:53,PITSTOP AMBON SIS,0.0,meteobot
2026-08-07T15:53,CSA BONTANG SIS,0.0,meteobot
2026-08-07 16:43:48,ITABAL8,0.0,weather
2026-08-07T16:44,VP SABANG TIMUR SIS,0.0,meteobot
2026-08-07T16:43,VP OB 1 SIS,0.0,meteobot
2026-08-07T16:44,PITSTOP AMBON SIS,0.0,meteobot
2026-08-07T16:44,CSA BONTANG SIS,0.0,meteobot
2026-08-07 17:41:59,ITABAL8,0.0,weather
2026-08-07T17:42,VP SABANG TIMUR SIS,0.0,meteobot
2026-08-07T17:41,VP OB 1 SIS,0.0,meteobot
2026-08-07T17:42,PITSTOP AMBON SIS,0.0,meteobot
2026-08-07T17:42,CSA BONTANG SIS,0.0,meteobot
2026-08-07 18:32:54,ITABAL8,0.0,weather
2026-08-07T18:33,VP SABANG TIMUR SIS,0.0,meteobot
2026-08-07T18:32,VP OB 1 SIS,0.0,meteobot
2026-08-07T18:33,PITSTOP AMBON SIS,0.0,meteobot
2026-08-07T18:33,CSA BONTANG SIS,0.0,meteobot
2026-08-07 19:25:08,ITABAL8,0.0,weather
2026-08-07T19:25,VP SABANG TIMUR SIS,0.0,meteobot
2026-08-07T19:24,VP OB 1 SIS,0.0,meteobot
2026-08-07T19:25,PITSTOP AMBON SIS,0.0,meteobot
2026-08-07T19:25,CSA BONTANG SIS,0.0,meteobot
2026-08-07 20:06:06,ITABAL8,0.0,weather
2026-08-07T20:06,VP SABANG TIMUR SIS,0.0,meteobot
2026-08-07T20:05,VP OB 1 SIS,0.0,meteobot
2026-08-07T20:06,PITSTOP AMBON SIS,0.0,meteobot
2026-08-07T20:06,CSA BONTANG SIS,0.0,meteobot
2026-08-07 21:32:27,ITABAL8,0.0,weather
2026-08-07T21:32,VP SABANG TIMUR SIS,0.0,meteobot
2026-08-07T21:32,VP OB 1 SIS,0.0,meteobot
2026-08-07T21:32,PITSTOP AMBON SIS,0.0,meteobot
2026-08-07T21:32,CSA BONTANG SIS,0.0,meteobot
2026-08-07 22:33:35,ITABAL8,0.0,weather
2026-08-07T22:33,VP SABANG TIMUR SIS,0.0,meteobot
2026-08-07T22:33,VP OB 1 SIS,0.0,meteobot
2026-08-07T22:33,PITSTOP AMBON SIS,0.0,meteobot
2026-08-07T22:34,CSA BONTANG SIS,0.0,meteobot
2026-08-07 23:28:18,ITABAL8,0.0,weather
2026-08-07T23:28,VP SABANG TIMUR SIS,0.0,meteobot
2026-08-07T23:28,VP OB 1 SIS,0.0,meteobot
2026-08-07T23:28,PITSTOP AMBON SIS,0.0,meteobot
2026-08-07T23:28,CSA BONTANG SIS,0.0,meteobot
2026-08-08 00:24:14,ITABAL8,0.0,weather
2026-08-07T23:59,VP SABANG TIMUR SIS,0.0,meteobot
2026-08-07T23:59,VP OB 1 SIS,0.0,meteobot
2026-08-07T23:59,PITSTOP AMBON SIS,0.0,meteobot
2026-08-07T23:59,CSA BONTANG SIS,0.0,meteobot
2026-08-08 01:13:24,ITABAL8,0.0,weather
2026-08-07T23:59,VP SABANG TIMUR SIS,0.0,meteobot
2026-08-07T23:59,VP OB 1 SIS,0.0,meteobot
2026-08-07T23:59,PITSTOP AMBON SIS,0.0,meteobot
2026-08-07T23:59,CSA BONTANG SIS,0.0,meteobot
2026-08-08 02:01:47,ITABAL8,0.0,weather
2026-08-07T23:59,VP SABANG TIMUR SIS,0.0,meteobot
2026-08-07T23:59,VP OB 1 SIS,0.0,meteobot
2026-08-07T23:59,PITSTOP AMBON SIS,0.0,meteobot
2026-08-07T23:59,CSA BONTANG SIS,0.0,meteobot
2026-08-08 03:07:31,ITABAL8,0.0,weather
2026-08-07T23:59,VP SABANG TIMUR SIS,0.0,meteobot
2026-08-07T23:59,VP OB 1 SIS,0.0,meteobot
2026-08-07T23:59,PITSTOP AMBON SIS,0.0,meteobot
2026-08-07T23:59,CSA BONTANG SIS,0.0,meteobot
2026-08-08 03:56:09,ITABAL8,0.0,weather
2026-08-07T23:59,VP SABANG TIMUR SIS,0.0,meteobot
2026-08-07T23:59,VP OB 1 SIS,0.0,meteobot
2026-08-07T23:59,PITSTOP AMBON SIS,0.0,meteobot
2026-08-07T23:59,CSA BONTANG SIS,0.0,meteobot
2026-08-08 04:35:31,ITABAL8,0.0,weather
2026-08-07T23:59,VP SABANG TIMUR SIS,0.0,meteobot
2026-08-07T23:59,VP OB 1 SIS,0.0,meteobot
2026-08-07T23:59,PITSTOP AMBON SIS,0.0,meteobot
2026-08-07T23:59,CSA BONTANG SIS,0.0,meteobot
2026-08-08 05:19:14,ITABAL8,0.0,weather
2026-08-07T23:59,VP SABANG TIMUR SIS,0.0,meteobot
2026-08-07T23:59,VP OB 1 SIS,0.0,meteobot
2026-08-07T23:59,PITSTOP AMBON SIS,0.0,meteobot
2026-08-07T23:59,CSA BONTANG SIS,0.0,meteobot
2026-08-08 05:58:47,ITABAL8,0.0,weather
2026-08-07T23:59,VP SABANG TIMUR SIS,0.0,meteobot
2026-08-07T23:59,VP OB 1 SIS,0.0,meteobot
2026-08-07T23:59,PITSTOP AMBON SIS,0.0,meteobot
2026-08-07T23:59,CSA BONTANG SIS,0.0,meteobot
2026-08-08 06:38:39,ITABAL8,0.0,weather
2026-08-07T23:59,VP SABANG TIMUR SIS,0.0,meteobot
2026-08-07T23:59,VP OB 1 SIS,0.0,meteobot
2026-08-07T23:59,PITSTOP AMBON SIS,0.0,meteobot
2026-08-07T23:59,CSA BONTANG SIS,0.0,meteobot
2026-08-08 07:15:56,ITABAL8,0.0,weather
2026-08-07T23:59,VP SABANG TIMUR SIS,0.0,meteobot
2026-08-07T23:59,VP OB 1 SIS,0.0,meteobot
2026-08-07T23:59,PITSTOP AMBON SIS,0.0,meteobot
2026-08-07T23:59,CSA BONTANG SIS,0.0,meteobot
2026-08-08 07:49:37,ITABAL8,0.0,weather
2026-08-07T23:59,VP SABANG TIMUR SIS,0.0,meteobot
2026-08-07T23:59,VP OB 1 SIS,0.0,meteobot
2026-08-07T23:59,PITSTOP AMBON SIS,0.0,meteobot
2026-08-07T23:59,CSA BONTANG SIS,0.0,meteobot
2026-08-08 08:34:36,ITABAL8,0.0,weather
2026-08-08T08:34,VP SABANG TIMUR SIS,0.0,meteobot
2026-08-08T08:34,VP OB 1 SIS,0.0,meteobot
2026-08-08T08:34,PITSTOP AMBON SIS,0.0,meteobot
2026-08-08T08:35,CSA BONTANG SIS,0.0,meteobot
2026-08-08 10:31:32,ITABAL8,0.0,weather
2026-08-08T10:31,VP SABANG TIMUR SIS,0.0,meteobot
2026-08-08T10:31,VP OB 1 SIS,0.0,meteobot
2026-08-08T10:31,PITSTOP AMBON SIS,0.0,meteobot
2026-08-08T10:31,CSA BONTANG SIS,0.0,meteobot
2026-08-08 11:51:55,ITABAL8,0.0,weather
2026-08-08T11:52,VP SABANG TIMUR SIS,0.0,meteobot
2026-08-08T11:51,VP OB 1 SIS,0.0,meteobot
2026-08-08T11:52,PITSTOP AMBON SIS,0.0,meteobot
2026-08-08T11:52,CSA BONTANG SIS,0.0,meteobot
2026-08-08 12:42:50,ITABAL8,0.0,weather
2026-08-08T12:43,VP SABANG TIMUR SIS,0.0,meteobot
2026-08-08T12:42,VP OB 1 SIS,0.0,meteobot
2026-08-08T12:43,PITSTOP AMBON SIS,0.0,meteobot
2026-08-08T12:43,CSA BONTANG SIS,0.0,meteobot
2026-08-08 13:26:21,ITABAL8,0.0,weather
2026-08-08T13:26,VP SABANG TIMUR SIS,0.0,meteobot
2026-08-08T13:26,VP OB 1 SIS,0.0,meteobot
2026-08-08T13:26,PITSTOP AMBON SIS,0.0,meteobot
2026-08-08T13:26,CSA BONTANG SIS,0.0,meteobot
2026-08-08 14:04:31,ITABAL8,0.0,weather
2026-08-08T14:04,VP SABANG TIMUR SIS,0.0,meteobot
2026-08-08T14:04,VP OB 1 SIS,0.0,meteobot
2026-08-08T14:04,PITSTOP AMBON SIS,0.0,meteobot
2026-08-08T14:04,CSA BONTANG SIS,0.0,meteobot
2026-08-08 15:08:25,ITABAL8,0.0,weather
2026-08-08T15:08,VP SABANG TIMUR SIS,0.0,meteobot
2026-08-08T15:08,VP OB 1 SIS,0.0,meteobot
2026-08-08T15:08,PITSTOP AMBON SIS,0.0,meteobot
2026-08-08T15:08,CSA BONTANG SIS,0.0,meteobot
2026-08-08 15:56:35,ITABAL8,0.0,weather
2026-08-08T15:56,VP SABANG TIMUR SIS,0.0,meteobot
2026-08-08T15:56,VP OB 1 SIS,0.0,meteobot
2026-08-08T15:56,PITSTOP AMBON SIS,0.0,meteobot
2026-08-08T15:57,CSA BONTANG SIS,0.0,meteobot
2026-08-08 16:36:29,ITABAL8,0.0,weather
2026-08-08T16:36,VP SABANG TIMUR SIS,0.0,meteobot
2026-08-08T16:36,VP OB 1 SIS,0.0,meteobot
2026-08-08T16:36,PITSTOP AMBON SIS,0.0,meteobot
2026-08-08T16:36,CSA BONTANG SIS,0.0,meteobot
2026-08-08 17:19:29,ITABAL8,0.0,weather
2026-08-08T17:19,VP SABANG TIMUR SIS,0.0,meteobot
2026-08-08T17:19,VP OB 1 SIS,0.0,meteobot
2026-08-08T17:19,PITSTOP AMBON SIS,0.0,meteobot
2026-08-08T17:19,CSA BONTANG SIS,0.0,meteobot
2026-08-08 17:57:43,ITABAL8,0.0,weather
2026-08-08T17:58,VP SABANG TIMUR SIS,0.0,meteobot
2026-08-08T17:57,VP OB 1 SIS,0.0,meteobot
2026-08-08T17:57,PITSTOP AMBON SIS,0.0,meteobot
2026-08-08T17:58,CSA BONTANG SIS,0.0,meteobot
2026-08-08 18:32:34,ITABAL8,0.0,weather
2026-08-08T18:32,VP SABANG TIMUR SIS,0.0,meteobot
2026-08-08T18:32,VP OB 1 SIS,0.0,meteobot
2026-08-08T18:32,PITSTOP AMBON SIS,0.0,meteobot
2026-08-08T18:33,CSA BONTANG SIS,0.0,meteobot
2026-08-08 19:03:01,ITABAL8,0.0,weather
2026-08-08T19:03,VP SABANG TIMUR SIS,0.0,meteobot
2026-08-08T19:02,VP OB 1 SIS,0.0,meteobot
2026-08-08T19:03,PITSTOP AMBON SIS,0.0,meteobot
2026-08-08T19:03,CSA BONTANG SIS,0.0,meteobot
2026-08-08 19:36:46,ITABAL8,0.0,weather
2026-08-08T19:37,VP SABANG TIMUR SIS,0.0,meteobot
2026-08-08T19:36,VP OB 1 SIS,0.0,meteobot
2026-08-08T19:37,PITSTOP AMBON SIS,0.0,meteobot
2026-08-08T19:37,CSA BONTANG SIS,0.0,meteobot
2026-08-08 19:58:20,ITABAL8,0.0,weather
2026-08-08T19:58,VP SABANG TIMUR SIS,0.0,meteobot
2026-08-08T19:58,VP OB 1 SIS,0.0,meteobot
2026-08-08T19:58,PITSTOP AMBON SIS,0.0,meteobot
2026-08-08T19:58,CSA BONTANG SIS,0.0,meteobot
2026-08-08 20:50:53,ITABAL8,0.0,weather
2026-08-08T20:51,VP SABANG TIMUR SIS,0.0,meteobot
2026-08-08T20:50,VP OB 1 SIS,0.0,meteobot
2026-08-08T20:51,PITSTOP AMBON SIS,0.0,meteobot
2026-08-08T20:51,CSA BONTANG SIS,0.0,meteobot
2026-08-08 21:35:01,ITABAL8,0.0,weather
2026-08-08T21:35,VP SABANG TIMUR SIS,0.0,meteobot
2026-08-08T21:34,VP OB 1 SIS,0.0,meteobot
2026-08-08T21:35,PITSTOP AMBON SIS,0.0,meteobot
2026-08-08T21:35,CSA BONTANG SIS,0.0,meteobot
2026-08-08 22:09:39,ITABAL8,0.0,weather
2026-08-08T22:09,VP SABANG TIMUR SIS,0.0,meteobot
2026-08-08T22:09,VP OB 1 SIS,0.0,meteobot
2026-08-08T22:09,PITSTOP AMBON SIS,0.0,meteobot
2026-08-08T22:10,CSA BONTANG SIS,0.0,meteobot
2026-08-08 22:47:34,ITABAL8,0.0,weather
2026-08-08T22:47,VP SABANG TIMUR SIS,0.0,meteobot
2026-08-08T22:47,VP OB 1 SIS,0.0,meteobot
2026-08-08T22:47,PITSTOP AMBON SIS,0.0,meteobot
2026-08-08T22:48,CSA BONTANG SIS,0.0,meteobot
2026-08-08 23:12:33,ITABAL8,0.0,weather
2026-08-08T23:12,VP SABANG TIMUR SIS,0.0,meteobot
2026-08-08T23:12,VP OB 1 SIS,0.0,meteobot
2026-08-08T23:12,PITSTOP AMBON SIS,0.0,meteobot
2026-08-08T23:12,CSA BONTANG SIS,0.0,meteobot
2026-08-08 23:45:47,ITABAL8,0.0,weather
2026-08-08T23:46,VP SABANG TIMUR SIS,0.0,meteobot
2026-08-08T23:45,VP OB 1 SIS,0.0,meteobot
2026-08-08T23:46,PITSTOP AMBON SIS,0.0,meteobot
2026-08-08T23:46,CSA BONTANG SIS,0.0,meteobot
2026-08-09 00:11:04,ITABAL8,0.0,weather
2026-08-08T23:59,VP SABANG TIMUR SIS,0.0,meteobot
2026-08-08T23:59,VP OB 1 SIS,0.0,meteobot
2026-08-08T23:59,PITSTOP AMBON SIS,0.0,meteobot
2026-08-08T23:59,CSA BONTANG SIS,0.0,meteobot
2026-08-09 00:50:21,ITABAL8,0.0,weather
2026-08-08T23:59,VP SABANG TIMUR SIS,0.0,meteobot
2026-08-08T23:59,VP OB 1 SIS,0.0,meteobot
2026-08-08T23:59,PITSTOP AMBON SIS,0.0,meteobot
2026-08-08T23:59,CSA BONTANG SIS,0.0,meteobot
2026-08-09 01:16:07,ITABAL8,0.0,weather
2026-08-08T23:59,VP SABANG TIMUR SIS,0.0,meteobot
2026-08-08T23:59,VP OB 1 SIS,0.0,meteobot
2026-08-08T23:59,PITSTOP AMBON SIS,0.0,meteobot
2026-08-08T23:59,CSA BONTANG SIS,0.0,meteobot
2026-08-09 01:48:07,ITABAL8,0.0,weather
2026-08-08T23:59,VP SABANG TIMUR SIS,0.0,meteobot
2026-08-08T23:59,VP OB 1 SIS,0.0,meteobot
2026-08-08T23:59,PITSTOP AMBON SIS,0.0,meteobot
2026-08-08T23:59,CSA BONTANG SIS,0.0,meteobot
2026-08-09 02:14:52,ITABAL8,0.0,weather
2026-08-08T23:59,VP SABANG TIMUR SIS,0.0,meteobot
2026-08-08T23:59,VP OB 1 SIS,0.0,meteobot
2026-08-08T23:59,PITSTOP AMBON SIS,0.0,meteobot
2026-08-08T23:59,CSA BONTANG SIS,0.0,meteobot
2026-08-09 02:59:53,ITABAL8,0.0,weather
2026-08-08T23:59,VP SABANG TIMUR SIS,0.0,meteobot
2026-08-08T23:59,VP OB 1 SIS,0.0,meteobot
2026-08-08T23:59,PITSTOP AMBON SIS,0.0,meteobot
2026-08-08T23:59,CSA BONTANG SIS,0.0,meteobot
2026-08-09 03:34:37,ITABAL8,0.0,weather
2026-08-08T23:59,VP SABANG TIMUR SIS,0.0,meteobot
2026-08-08T23:59,VP OB 1 SIS,0.0,meteobot
2026-08-08T23:59,PITSTOP AMBON SIS,0.0,meteobot
2026-08-08T23:59,CSA BONTANG SIS,0.0,meteobot
2026-08-09 03:57:36,ITABAL8,0.0,weather
2026-08-08T23:59,VP SABANG TIMUR SIS,0.0,meteobot
2026-08-08T23:59,VP OB 1 SIS,0.0,meteobot
2026-08-08T23:59,PITSTOP AMBON SIS,0.0,meteobot
2026-08-08T23:59,CSA BONTANG SIS,0.0,meteobot
2026-08-09 04:28:59,ITABAL8,0.0,weather
2026-08-08T23:59,VP SABANG TIMUR SIS,0.0,meteobot
2026-08-08T23:59,VP OB 1 SIS,0.0,meteobot
2026-08-08T23:59,PITSTOP AMBON SIS,0.0,meteobot
2026-08-08T23:59,CSA BONTANG SIS,0.0,meteobot
2026-08-09 04:59:37,ITABAL8,0.0,weather
2026-08-08T23:59,VP SABANG TIMUR SIS,0.0,meteobot
2026-08-08T23:59,VP OB 1 SIS,0.0,meteobot
2026-08-08T23:59,PITSTOP AMBON SIS,0.0,meteobot
2026-08-08T23:59,CSA BONTANG SIS,0.0,meteobot
2026-08-09 05:34:34,ITABAL8,0.0,weather
2026-08-08T23:59,VP SABANG TIMUR SIS,0.0,meteobot
2026-08-08T23:59,VP OB 1 SIS,0.0,meteobot
2026-08-08T23:59,PITSTOP AMBON SIS,0.0,meteobot
2026-08-08T23:59,CSA BONTANG SIS,0.0,meteobot
2026-08-09 05:58:27,ITABAL8,0.0,weather
2026-08-08T23:59,VP SABANG TIMUR SIS,0.0,meteobot
2026-08-08T23:59,VP OB 1 SIS,0.0,meteobot
2026-08-08T23:59,PITSTOP AMBON SIS,0.0,meteobot
2026-08-08T23:59,CSA BONTANG SIS,0.0,meteobot
2026-08-09 06:31:00,ITABAL8,0.0,weather
2026-08-08T23:59,VP SABANG TIMUR SIS,0.0,meteobot
2026-08-08T23:59,VP OB 1 SIS,0.0,meteobot
2026-08-08T23:59,PITSTOP AMBON SIS,0.0,meteobot
2026-08-08T23:59,CSA BONTANG SIS,0.0,meteobot
2026-08-09 06:59:23,ITABAL8,0.0,weather
2026-08-08T23:59,VP SABANG TIMUR SIS,0.0,meteobot
2026-08-08T23:59,VP OB 1 SIS,0.0,meteobot
2026-08-08T23:59,PITSTOP AMBON SIS,0.0,meteobot
2026-08-08T23:59,CSA BONTANG SIS,0.0,meteobot
2026-08-09 07:33:08,ITABAL8,0.0,weather
2026-08-08T23:59,VP SABANG TIMUR SIS,0.0,meteobot
2026-08-08T23:59,VP OB 1 SIS,0.0,meteobot
2026-08-08T23:59,PITSTOP AMBON SIS,0.0,meteobot
2026-08-08T23:59,CSA BONTANG SIS,0.0,meteobot
2026-08-09 07:57:29,ITABAL8,0.0,weather
2026-08-08T23:59,VP SABANG TIMUR SIS,0.0,meteobot
2026-08-08T23:59,VP OB 1 SIS,0.0,meteobot
2026-08-08T23:59,PITSTOP AMBON SIS,0.0,meteobot
2026-08-08T23:59,CSA BONTANG SIS,0.0,meteobot
2026-08-09 09:42:17,ITABAL8,0.0,weather
2026-08-09T09:42,VP SABANG TIMUR SIS,0.0,meteobot
2026-08-09T09:42,VP OB 1 SIS,0.0,meteobot
2026-08-09T09:42,PITSTOP AMBON SIS,0.0,meteobot
2026-08-09T09:42,CSA BONTANG SIS,0.0,meteobot
2026-08-09 11:20:28,ITABAL8,0.0,weather
2026-08-09T11:20,VP SABANG TIMUR SIS,0.0,meteobot
2026-08-09T11:20,VP OB 1 SIS,0.0,meteobot
2026-08-09T11:20,PITSTOP AMBON SIS,0.0,meteobot
2026-08-09T11:20,CSA BONTANG SIS,0.0,meteobot
2026-08-09 12:40:41,ITABAL8,0.0,weather
2026-08-09T12:41,VP SABANG TIMUR SIS,0.0,meteobot
2026-08-09T12:40,VP OB 1 SIS,0.0,meteobot
2026-08-09T12:40,PITSTOP AMBON SIS,0.0,meteobot
2026-08-09T12:41,CSA BONTANG SIS,0.0,meteobot
2026-08-09 13:33:39,ITABAL8,0.0,weather
2026-08-09T13:33,VP SABANG TIMUR SIS,0.0,meteobot
2026-08-09T13:33,VP OB 1 SIS,0.0,meteobot
2026-08-09T13:33,PITSTOP AMBON SIS,0.0,meteobot
2026-08-09T13:34,CSA BONTANG SIS,0.0,meteobot
2026-08-09 14:23:53,ITABAL8,0.0,weather
2026-08-09T14:24,VP SABANG TIMUR SIS,0.0,meteobot
2026-08-09T14:23,VP OB 1 SIS,0.0,meteobot
2026-08-09T14:24,PITSTOP AMBON SIS,0.0,meteobot
2026-08-09T14:24,CSA BONTANG SIS,0.0,meteobot
2026-08-09 15:28:49,ITABAL8,0.0,weather
2026-08-09T15:29,VP SABANG TIMUR SIS,0.0,meteobot
2026-08-09T15:28,VP OB 1 SIS,0.0,meteobot
2026-08-09T15:29,PITSTOP AMBON SIS,0.0,meteobot
2026-08-09T15:29,CSA BONTANG SIS,0.0,meteobot
2026-08-09 16:08:42,ITABAL8,0.0,weather
2026-08-09T16:09,VP SABANG TIMUR SIS,0.0,meteobot
2026-08-09T16:08,VP OB 1 SIS,0.0,meteobot
2026-08-09T16:08,PITSTOP AMBON SIS,0.0,meteobot
2026-08-09T16:09,CSA BONTANG SIS,0.0,meteobot
2026-08-09 16:59:02,ITABAL8,0.0,weather
2026-08-09T16:59,VP SABANG TIMUR SIS,0.0,meteobot
2026-08-09T16:58,VP OB 1 SIS,0.0,meteobot
2026-08-09T16:59,PITSTOP AMBON SIS,0.0,meteobot
2026-08-09T16:59,CSA BONTANG SIS,0.0,meteobot
2026-08-09 17:42:59,ITABAL8,0.0,weather
2026-08-09T17:43,VP SABANG TIMUR SIS,0.0,meteobot
2026-08-09T17:42,VP OB 1 SIS,0.0,meteobot
2026-08-09T17:43,PITSTOP AMBON SIS,0.0,meteobot
2026-08-09T17:43,CSA BONTANG SIS,0.0,meteobot
2026-08-09 18:15:23,ITABAL8,0.0,weather
2026-08-09T18:15,VP SABANG TIMUR SIS,0.0,meteobot
2026-08-09T18:15,VP OB 1 SIS,0.0,meteobot
2026-08-09T18:15,PITSTOP AMBON SIS,0.0,meteobot
2026-08-09T18:15,CSA BONTANG SIS,0.0,meteobot
2026-08-09 18:53:52,ITABAL8,0.0,weather
2026-08-09T18:54,VP SABANG TIMUR SIS,0.0,meteobot
2026-08-09T18:53,VP OB 1 SIS,0.0,meteobot
2026-08-09T18:54,PITSTOP AMBON SIS,0.0,meteobot
2026-08-09T18:54,CSA BONTANG SIS,0.0,meteobot
2026-08-09 19:19:24,ITABAL8,0.0,weather
2026-08-09T19:19,VP SABANG TIMUR SIS,0.0,meteobot
2026-08-09T19:19,VP OB 1 SIS,0.0,meteobot
2026-08-09T19:19,PITSTOP AMBON SIS,0.0,meteobot
2026-08-09T19:19,CSA BONTANG SIS,0.0,meteobot
2026-08-09 19:49:32,ITABAL8,0.0,weather
2026-08-09T19:49,VP SABANG TIMUR SIS,0.0,meteobot
2026-08-09T19:49,VP OB 1 SIS,0.0,meteobot
2026-08-09T19:49,PITSTOP AMBON SIS,0.0,meteobot
2026-08-09T19:50,CSA BONTANG SIS,0.0,meteobot
2026-08-09 20:18:22,ITABAL8,0.0,weather
2026-08-09T20:18,VP SABANG TIMUR SIS,0.0,meteobot
2026-08-09T20:18,VP OB 1 SIS,0.0,meteobot
2026-08-09T20:18,PITSTOP AMBON SIS,0.0,meteobot
2026-08-09T20:18,CSA BONTANG SIS,0.0,meteobot
2026-08-09 21:23:51,ITABAL8,0.0,weather
2026-08-09T21:24,VP SABANG TIMUR SIS,0.0,meteobot
2026-08-09T21:23,VP OB 1 SIS,0.0,meteobot
2026-08-09T21:24,PITSTOP AMBON SIS,0.0,meteobot
2026-08-09T21:24,CSA BONTANG SIS,0.0,meteobot
2026-08-09 22:03:25,ITABAL8,0.0,weather
2026-08-09T22:03,VP SABANG TIMUR SIS,0.0,meteobot
2026-08-09T22:03,VP OB 1 SIS,0.0,meteobot
2026-08-09T22:03,PITSTOP AMBON SIS,0.0,meteobot
2026-08-09T22:03,CSA BONTANG SIS,0.0,meteobot
2026-08-09 22:45:12,ITABAL8,0.0,weather
2026-08-09T22:45,VP SABANG TIMUR SIS,0.0,meteobot
2026-08-09T22:44,VP OB 1 SIS,0.0,meteobot
2026-08-09T22:45,PITSTOP AMBON SIS,0.0,meteobot
2026-08-09T22:45,CSA BONTANG SIS,0.0,meteobot
2026-08-09 23:13:34,ITABAL8,0.0,weather
2026-08-09T23:13,VP SABANG TIMUR SIS,0.0,meteobot
2026-08-09T23:13,VP OB 1 SIS,0.0,meteobot
2026-08-09T23:13,PITSTOP AMBON SIS,0.0,meteobot
2026-08-09T23:14,CSA BONTANG SIS,0.0,meteobot
2026-08-09 23:46:40,ITABAL8,0.0,weather
2026-08-09T23:47,VP SABANG TIMUR SIS,0.0,meteobot
2026-08-09T23:46,VP OB 1 SIS,0.0,meteobot
2026-08-09T23:46,PITSTOP AMBON SIS,0.0,meteobot
2026-08-09T23:47,CSA BONTANG SIS,0.0,meteobot
2026-08-10 00:13:55,ITABAL8,0.0,weather
2026-08-09T23:59,VP SABANG TIMUR SIS,0.0,meteobot
2026-08-09T23:59,VP OB 1 SIS,0.0,meteobot
2026-08-09T23:59,PITSTOP AMBON SIS,0.0,meteobot
2026-08-09T23:59,CSA BONTANG SIS,0.0,meteobot
2026-08-10 00:54:51,ITABAL8,0.0,weather
2026-08-09T23:59,VP SABANG TIMUR SIS,0.0,meteobot
2026-08-09T23:59,VP OB 1 SIS,0.0,meteobot
2026-08-09T23:59,PITSTOP AMBON SIS,0.0,meteobot
2026-08-09T23:59,CSA BONTANG SIS,0.0,meteobot
2026-08-10 01:22:54,ITABAL8,0.0,weather
2026-08-09T23:59,VP SABANG TIMUR SIS,0.0,meteobot
2026-08-09T23:59,VP OB 1 SIS,0.0,meteobot
2026-08-09T23:59,PITSTOP AMBON SIS,0.0,meteobot
2026-08-09T23:59,CSA BONTANG SIS,0.0,meteobot
2026-08-10 01:53:40,ITABAL8,0.0,weather
2026-08-09T23:59,VP SABANG TIMUR SIS,0.0,meteobot
2026-08-09T23:59,VP OB 1 SIS,0.0,meteobot
2026-08-09T23:59,PITSTOP AMBON SIS,0.0,meteobot
2026-08-09T23:59,CSA BONTANG SIS,0.0,meteobot
2026-08-10 02:22:54,ITABAL8,0.0,weather
2026-08-09T23:59,VP SABANG TIMUR SIS,0.0,meteobot
2026-08-09T23:59,VP OB 1 SIS,0.0,meteobot
2026-08-09T23:59,PITSTOP AMBON SIS,0.0,meteobot
2026-08-09T23:59,CSA BONTANG SIS,0.0,meteobot
2026-08-10 03:08:06,ITABAL8,0.0,weather
2026-08-09T23:59,VP SABANG TIMUR SIS,0.0,meteobot
2026-08-09T23:59,VP OB 1 SIS,0.0,meteobot
2026-08-09T23:59,PITSTOP AMBON SIS,0.0,meteobot
2026-08-09T23:59,CSA BONTANG SIS,0.0,meteobot
2026-08-10 03:45:25,ITABAL8,0.0,weather
2026-08-09T23:59,VP SABANG TIMUR SIS,0.0,meteobot
2026-08-09T23:59,VP OB 1 SIS,0.0,meteobot
2026-08-09T23:59,PITSTOP AMBON SIS,0.0,meteobot
2026-08-09T23:59,CSA BONTANG SIS,0.0,meteobot
2026-08-10 04:11:37,ITABAL8,0.0,weather
2026-08-09T23:59,VP SABANG TIMUR SIS,0.0,meteobot
2026-08-09T23:59,VP OB 1 SIS,0.0,meteobot
2026-08-09T23:59,PITSTOP AMBON SIS,0.0,meteobot
2026-08-09T23:59,CSA BONTANG SIS,0.0,meteobot
2026-08-10 04:50:17,ITABAL8,0.0,weather
2026-08-09T23:59,VP SABANG TIMUR SIS,0.0,meteobot
2026-08-09T23:59,VP OB 1 SIS,0.0,meteobot
2026-08-09T23:59,PITSTOP AMBON SIS,0.0,meteobot
2026-08-09T23:59,CSA BONTANG SIS,0.0,meteobot
2026-08-10 05:16:46,ITABAL8,0.0,weather
2026-08-09T23:59,VP SABANG TIMUR SIS,0.0,meteobot
2026-08-09T23:59,VP OB 1 SIS,0.0,meteobot
2026-08-09T23:59,PITSTOP AMBON SIS,0.0,meteobot
2026-08-09T23:59,CSA BONTANG SIS,0.0,meteobot
2026-08-10 05:50:27,ITABAL8,0.0,weather
2026-08-09T23:59,VP SABANG TIMUR SIS,0.0,meteobot
2026-08-09T23:59,VP OB 1 SIS,0.0,meteobot
2026-08-09T23:59,PITSTOP AMBON SIS,0.0,meteobot
2026-08-09T23:59,CSA BONTANG SIS,0.0,meteobot
2026-08-10 06:14:19,ITABAL8,0.0,weather
2026-08-09T23:59,VP SABANG TIMUR SIS,0.0,meteobot
2026-08-09T23:59,VP OB 1 SIS,0.0,meteobot
2026-08-09T23:59,PITSTOP AMBON SIS,0.0,meteobot
2026-08-09T23:59,CSA BONTANG SIS,0.0,meteobot
2026-08-10 06:50:57,ITABAL8,0.0,weather
2026-08-09T23:59,VP SABANG TIMUR SIS,0.0,meteobot
2026-08-09T23:59,VP OB 1 SIS,0.0,meteobot
2026-08-09T23:59,PITSTOP AMBON SIS,0.0,meteobot
2026-08-09T23:59,CSA BONTANG SIS,0.0,meteobot
2026-08-10 07:15:38,ITABAL8,0.0,weather
2026-08-09T23:59,VP SABANG TIMUR SIS,0.0,meteobot
2026-08-09T23:59,VP OB 1 SIS,0.0,meteobot
2026-08-09T23:59,PITSTOP AMBON SIS,0.0,meteobot
2026-08-09T23:59,CSA BONTANG SIS,0.0,meteobot
2026-08-10 07:48:31,ITABAL8,0.0,weather
2026-08-09T23:59,VP SABANG TIMUR SIS,0.0,meteobot
2026-08-09T23:59,VP OB 1 SIS,0.0,meteobot
2026-08-09T23:59,PITSTOP AMBON SIS,0.0,meteobot
2026-08-09T23:59,CSA BONTANG SIS,0.0,meteobot
2026-08-10 08:37:58,ITABAL8,0.0,weather
2026-08-10T08:38,VP SABANG TIMUR SIS,0.0,meteobot
2026-08-10T08:37,VP OB 1 SIS,0.0,meteobot
2026-08-10T08:38,PITSTOP AMBON SIS,0.0,meteobot
2026-08-10T08:38,CSA BONTANG SIS,0.0,meteobot
2026-08-10 10:56:15,ITABAL8,0.0,weather
2026-08-10T10:56,VP SABANG TIMUR SIS,0.0,meteobot
2026-08-10T10:56,VP OB 1 SIS,0.0,meteobot
2026-08-10T10:56,PITSTOP AMBON SIS,0.0,meteobot
2026-08-10T10:56,CSA BONTANG SIS,0.0,meteobot
2026-08-10 12:26:11,ITABAL8,0.0,weather
2026-08-10T12:26,VP SABANG TIMUR SIS,0.0,meteobot
2026-08-10T12:25,VP OB 1 SIS,0.0,meteobot
2026-08-10T12:26,PITSTOP AMBON SIS,0.0,meteobot
2026-08-10T12:26,CSA BONTANG SIS,0.0,meteobot
2026-08-10 13:53:39,ITABAL8,0.0,weather
2026-08-10T13:54,VP SABANG TIMUR SIS,0.0,meteobot
2026-08-10T13:53,VP OB 1 SIS,0.0,meteobot
2026-08-10T13:53,PITSTOP AMBON SIS,0.0,meteobot
2026-08-10T13:54,CSA BONTANG SIS,0.0,meteobot
2026-08-10 15:07:01,ITABAL8,0.0,weather
2026-08-10T15:07,VP SABANG TIMUR SIS,0.0,meteobot
2026-08-10T15:06,VP OB 1 SIS,0.0,meteobot
2026-08-10T15:07,PITSTOP AMBON SIS,0.0,meteobot
2026-08-10T15:07,CSA BONTANG SIS,0.0,meteobot
2026-08-10 16:48:09,ITABAL8,0.0,weather
2026-08-10T16:48,VP SABANG TIMUR SIS,0.0,meteobot
2026-08-10T16:47,VP OB 1 SIS,0.0,meteobot
2026-08-10T16:48,PITSTOP AMBON SIS,0.0,meteobot
2026-08-10T16:48,CSA BONTANG SIS,0.0,meteobot
2026-08-10 18:03:25,ITABAL8,0.0,weather
2026-08-10T18:03,VP SABANG TIMUR SIS,0.0,meteobot
2026-08-10T18:03,VP OB 1 SIS,0.0,meteobot
2026-08-10T18:03,PITSTOP AMBON SIS,0.0,meteobot
2026-08-10T18:03,CSA BONTANG SIS,0.0,meteobot
2026-08-10 19:16:25,ITABAL8,0.0,weather
2026-08-10 19:16:25,ITABAL9,0.0,weather
2026-08-10T19:16,VP SABANG TIMUR SIS,0.0,meteobot
2026-08-10T19:16,VP OB 1 SIS,0.0,meteobot
2026-08-10T19:16,PITSTOP AMBON SIS,0.0,meteobot
2026-08-10T19:16,CSA BONTANG SIS,0.0,meteobot
2026-08-10 20:01:30,ITABAL8,0.0,weather
2026-08-10T20:01,VP SABANG TIMUR SIS,0.0,meteobot
2026-08-10T20:01,VP OB 1 SIS,0.0,meteobot
2026-08-10T20:01,PITSTOP AMBON SIS,0.0,meteobot
2026-08-10T20:02,CSA BONTANG SIS,0.0,meteobot
2026-08-10 21:34:23,ITABAL8,0.0,weather
2026-08-10T21:34,VP SABANG TIMUR SIS,0.0,meteobot
2026-08-10T21:34,VP OB 1 SIS,0.0,meteobot
2026-08-10T21:34,PITSTOP AMBON SIS,0.0,meteobot
2026-08-10T21:34,CSA BONTANG SIS,0.0,meteobot
2026-08-10 22:39:29,ITABAL8,0.0,weather
2026-08-10T22:39,VP SABANG TIMUR SIS,0.0,meteobot
2026-08-10T22:39,VP OB 1 SIS,0.0,meteobot
2026-08-10T22:39,PITSTOP AMBON SIS,0.0,meteobot
2026-08-10T22:40,CSA BONTANG SIS,0.0,meteobot
2026-08-10 23:35:10,ITABAL8,0.0,weather
2026-08-10T23:35,VP SABANG TIMUR SIS,0.0,meteobot
2026-08-10T23:34,VP OB 1 SIS,0.0,meteobot
2026-08-10T23:35,PITSTOP AMBON SIS,0.0,meteobot
2026-08-10T23:35,CSA BONTANG SIS,0.0,meteobot
2026-08-11 00:26:41,ITABAL8,0.0,weather
2026-08-10T23:59,VP SABANG TIMUR SIS,0.0,meteobot
2026-08-10T23:59,VP OB 1 SIS,0.0,meteobot
2026-08-10T23:59,PITSTOP AMBON SIS,0.0,meteobot
2026-08-10T23:59,CSA BONTANG SIS,0.0,meteobot
2026-08-11 01:24:04,ITABAL8,0.0,weather
2026-08-10T23:59,VP SABANG TIMUR SIS,0.0,meteobot
2026-08-10T23:59,VP OB 1 SIS,0.0,meteobot
2026-08-10T23:59,PITSTOP AMBON SIS,0.0,meteobot
2026-08-10T23:59,CSA BONTANG SIS,0.0,meteobot
2026-08-11 02:10:16,ITABAL8,0.0,weather
2026-08-10T23:59,VP SABANG TIMUR SIS,0.0,meteobot
2026-08-10T23:59,VP OB 1 SIS,0.0,meteobot
2026-08-10T23:59,PITSTOP AMBON SIS,0.0,meteobot
2026-08-10T23:59,CSA BONTANG SIS,0.0,meteobot
2026-08-11 03:14:13,ITABAL8,0.0,weather
2026-08-10T23:59,VP SABANG TIMUR SIS,0.0,meteobot
2026-08-10T23:59,VP OB 1 SIS,0.0,meteobot
2026-08-10T23:59,PITSTOP AMBON SIS,0.0,meteobot
2026-08-10T23:59,CSA BONTANG SIS,0.0,meteobot
2026-08-11 04:02:37,ITABAL8,0.0,weather
2026-08-10T23:59,VP SABANG TIMUR SIS,0.0,meteobot
2026-08-10T23:59,VP OB 1 SIS,0.0,meteobot
2026-08-10T23:59,PITSTOP AMBON SIS,0.0,meteobot
2026-08-10T23:59,CSA BONTANG SIS,0.0,meteobot
2026-08-11 04:54:23,ITABAL8,0.0,weather
2026-08-10T23:59,VP SABANG TIMUR SIS,0.0,meteobot
2026-08-10T23:59,VP OB 1 SIS,0.0,meteobot
2026-08-10T23:59,PITSTOP AMBON SIS,0.0,meteobot
2026-08-10T23:59,CSA BONTANG SIS,0.0,meteobot
2026-08-11 05:32:24,ITABAL8,0.0,weather
2026-08-10T23:59,VP SABANG TIMUR SIS,0.0,meteobot
2026-08-10T23:59,VP OB 1 SIS,0.0,meteobot
2026-08-10T23:59,PITSTOP AMBON SIS,0.0,meteobot
2026-08-10T23:59,CSA BONTANG SIS,0.0,meteobot
2026-08-11 06:09:26,ITABAL8,0.0,weather
2026-08-10T23:59,VP SABANG TIMUR SIS,0.0,meteobot
2026-08-10T23:59,VP OB 1 SIS,0.0,meteobot
2026-08-10T23:59,PITSTOP AMBON SIS,0.0,meteobot
2026-08-10T23:59,CSA BONTANG SIS,0.0,meteobot
2026-08-11 06:54:23,ITABAL8,0.0,weather
2026-08-10T23:59,VP SABANG TIMUR SIS,0.0,meteobot
2026-08-10T23:59,VP OB 1 SIS,0.0,meteobot
2026-08-10T23:59,PITSTOP AMBON SIS,0.0,meteobot
2026-08-10T23:59,CSA BONTANG SIS,0.0,meteobot
2026-08-11 07:25:41,ITABAL8,0.0,weather
2026-08-10T23:59,VP SABANG TIMUR SIS,0.0,meteobot
2026-08-10T23:59,VP OB 1 SIS,0.0,meteobot
2026-08-10T23:59,PITSTOP AMBON SIS,0.0,meteobot
2026-08-10T23:59,CSA BONTANG SIS,0.0,meteobot
2026-08-11 07:59:05,ITABAL8,0.0,weather
2026-08-10T23:59,VP SABANG TIMUR SIS,0.0,meteobot
2026-08-10T23:59,VP OB 1 SIS,0.0,meteobot
2026-08-10T23:59,PITSTOP AMBON SIS,0.0,meteobot
2026-08-10T23:59,CSA BONTANG SIS,0.0,meteobot
2026-08-11 09:59:54,ITABAL8,0.0,weather
2026-08-11T10:00,VP SABANG TIMUR SIS,0.0,meteobot
2026-08-11T09:59,VP OB 1 SIS,0.0,meteobot
2026-08-11T10:00,PITSTOP AMBON SIS,0.0,meteobot
2026-08-11T10:00,CSA BONTANG SIS,0.0,meteobot
2026-08-11 11:49:14,ITABAL8,0.0,weather
2026-08-11T11:49,VP SABANG TIMUR SIS,0.0,meteobot
2026-08-11T11:49,VP OB 1 SIS,0.0,meteobot
2026-08-11T11:49,PITSTOP AMBON SIS,0.0,meteobot
2026-08-11T11:49,CSA BONTANG SIS,0.0,meteobot
2026-08-11 12:54:42,ITABAL8,0.0,weather
2026-08-11T12:55,VP SABANG TIMUR SIS,0.0,meteobot
2026-08-11T12:54,VP OB 1 SIS,0.0,meteobot
2026-08-11T12:55,PITSTOP AMBON SIS,0.0,meteobot
2026-08-11T12:55,CSA BONTANG SIS,0.0,meteobot
2026-08-11 13:48:33,ITABAL8,0.0,weather
2026-08-11T13:48,VP SABANG TIMUR SIS,0.0,meteobot
2026-08-11T13:48,VP OB 1 SIS,0.0,meteobot
2026-08-11T13:48,PITSTOP AMBON SIS,0.0,meteobot
2026-08-11T13:49,CSA BONTANG SIS,0.0,meteobot
2026-08-11 14:39:48,ITABAL8,0.0,weather
2026-08-11T14:40,VP SABANG TIMUR SIS,0.0,meteobot
2026-08-11T14:39,VP OB 1 SIS,0.0,meteobot
2026-08-11T14:40,PITSTOP AMBON SIS,0.0,meteobot
2026-08-11T14:40,CSA BONTANG SIS,0.0,meteobot
2026-08-11 15:51:55,ITABAL8,0.0,weather
2026-08-11T15:52,VP SABANG TIMUR SIS,0.0,meteobot
2026-08-11T15:51,VP OB 1 SIS,0.0,meteobot
2026-08-11T15:52,PITSTOP AMBON SIS,0.0,meteobot
2026-08-11T15:52,CSA BONTANG SIS,0.0,meteobot
2026-08-11 16:39:50,ITABAL8,0.0,weather
2026-08-11T16:40,VP SABANG TIMUR SIS,0.0,meteobot
2026-08-11T16:39,VP OB 1 SIS,0.0,meteobot
2026-08-11T16:40,PITSTOP AMBON SIS,0.0,meteobot
2026-08-11T16:40,CSA BONTANG SIS,0.0,meteobot
2026-08-11 17:39:09,ITABAL8,0.0,weather
2026-08-11T17:39,VP SABANG TIMUR SIS,0.0,meteobot
2026-08-11T17:38,VP OB 1 SIS,0.0,meteobot
2026-08-11T17:39,PITSTOP AMBON SIS,0.0,meteobot
2026-08-11T17:39,CSA BONTANG SIS,0.0,meteobot
2026-08-11 18:31:19,ITABAL8,0.0,weather
2026-08-11T18:31,VP SABANG TIMUR SIS,0.0,meteobot
2026-08-11T18:31,VP OB 1 SIS,0.0,meteobot
2026-08-11T18:31,PITSTOP AMBON SIS,0.0,meteobot
2026-08-11T18:31,CSA BONTANG SIS,0.0,meteobot
2026-08-11 19:23:29,ITABAL8,0.0,weather
2026-08-11T19:23,VP SABANG TIMUR SIS,0.0,meteobot
2026-08-11T19:23,VP OB 1 SIS,0.0,meteobot
2026-08-11T19:23,PITSTOP AMBON SIS,0.0,meteobot
2026-08-11T19:24,CSA BONTANG SIS,0.0,meteobot
2026-08-11 20:03:53,ITABAL8,0.0,weather
2026-08-11T20:04,VP SABANG TIMUR SIS,0.0,meteobot
2026-08-11T20:03,VP OB 1 SIS,0.0,meteobot
2026-08-11T20:04,PITSTOP AMBON SIS,0.0,meteobot
2026-08-11T20:04,CSA BONTANG SIS,0.0,meteobot
2026-08-11 21:34:00,ITABAL8,0.0,weather
2026-08-11T21:34,VP SABANG TIMUR SIS,0.0,meteobot
2026-08-11T21:33,VP OB 1 SIS,0.0,meteobot
2026-08-11T21:34,PITSTOP AMBON SIS,0.0,meteobot
2026-08-11T21:34,CSA BONTANG SIS,0.0,meteobot
2026-08-11 22:38:42,ITABAL8,0.0,weather
2026-08-11T22:39,VP SABANG TIMUR SIS,0.0,meteobot
2026-08-11T22:38,VP OB 1 SIS,0.0,meteobot
2026-08-11T22:39,PITSTOP AMBON SIS,0.0,meteobot
2026-08-11T22:39,CSA BONTANG SIS,0.0,meteobot
2026-08-11 23:34:20,ITABAL8,0.0,weather
2026-08-11T23:34,VP SABANG TIMUR SIS,0.0,meteobot
2026-08-11T23:34,VP OB 1 SIS,0.0,meteobot
2026-08-11T23:34,PITSTOP AMBON SIS,0.0,meteobot
2026-08-11T23:34,CSA BONTANG SIS,0.0,meteobot
2026-08-12 00:28:23,ITABAL8,0.0,weather
2026-08-11T23:59,VP SABANG TIMUR SIS,0.0,meteobot
2026-08-11T23:59,VP OB 1 SIS,0.0,meteobot
2026-08-11T23:59,PITSTOP AMBON SIS,0.0,meteobot
2026-08-11T23:59,CSA BONTANG SIS,0.0,meteobot
2026-08-12 01:27:51,ITABAL8,0.0,weather
2026-08-11T23:59,VP SABANG TIMUR SIS,0.0,meteobot
2026-08-11T23:59,VP OB 1 SIS,0.0,meteobot
2026-08-11T23:59,PITSTOP AMBON SIS,0.0,meteobot
2026-08-11T23:59,CSA BONTANG SIS,0.0,meteobot
2026-08-12 02:24:57,ITABAL8,0.0,weather
2026-08-11T23:59,VP SABANG TIMUR SIS,0.0,meteobot
2026-08-11T23:59,VP OB 1 SIS,0.0,meteobot
2026-08-11T23:59,PITSTOP AMBON SIS,0.0,meteobot
2026-08-11T23:59,CSA BONTANG SIS,0.0,meteobot
2026-08-12 03:31:46,ITABAL8,0.0,weather
2026-08-11T23:59,VP SABANG TIMUR SIS,0.0,meteobot
2026-08-11T23:59,VP OB 1 SIS,0.0,meteobot
2026-08-11T23:59,PITSTOP AMBON SIS,0.0,meteobot
2026-08-11T23:59,CSA BONTANG SIS,0.0,meteobot
2026-08-12 04:11:17,ITABAL8,0.0,weather
2026-08-11T23:59,VP SABANG TIMUR SIS,0.0,meteobot
2026-08-11T23:59,VP OB 1 SIS,0.0,meteobot
2026-08-11T23:59,PITSTOP AMBON SIS,0.0,meteobot
2026-08-11T23:59,CSA BONTANG SIS,0.0,meteobot
2026-08-12 05:02:26,ITABAL8,0.0,weather
2026-08-11T23:59,VP SABANG TIMUR SIS,0.0,meteobot
2026-08-11T23:59,VP OB 1 SIS,0.0,meteobot
2026-08-11T23:59,PITSTOP AMBON SIS,0.0,meteobot
2026-08-11T23:59,CSA BONTANG SIS,0.0,meteobot
2026-08-12 05:57:24,ITABAL8,0.0,weather
2026-08-11T23:59,VP SABANG TIMUR SIS,0.0,meteobot
2026-08-11T23:59,VP OB 1 SIS,0.0,meteobot
2026-08-11T23:59,PITSTOP AMBON SIS,0.0,meteobot
2026-08-11T23:59,CSA BONTANG SIS,0.0,meteobot
2026-08-12 06:39:50,ITABAL8,0.0,weather
2026-08-11T23:59,VP SABANG TIMUR SIS,0.0,meteobot
2026-08-11T23:59,VP OB 1 SIS,0.0,meteobot
2026-08-11T23:59,PITSTOP AMBON SIS,0.0,meteobot
2026-08-11T23:59,CSA BONTANG SIS,0.0,meteobot
2026-08-12 07:22:13,ITABAL8,0.0,weather
2026-08-11T23:59,VP SABANG TIMUR SIS,0.0,meteobot
2026-08-11T23:59,VP OB 1 SIS,0.0,meteobot
2026-08-11T23:59,PITSTOP AMBON SIS,0.0,meteobot
2026-08-11T23:59,CSA BONTANG SIS,0.0,meteobot
2026-08-12 08:03:29,ITABAL8,0.0,weather
2026-08-12T08:03,VP SABANG TIMUR SIS,0.0,meteobot
2026-08-12T08:03,VP OB 1 SIS,0.0,meteobot
2026-08-12T08:03,PITSTOP AMBON SIS,0.0,meteobot
2026-08-12T08:04,CSA BONTANG SIS,0.0,meteobot
2026-08-12 10:36:47,ITABAL8,0.0,weather
2026-08-12T10:37,VP SABANG TIMUR SIS,0.0,meteobot
2026-08-12T10:36,VP OB 1 SIS,0.0,meteobot
2026-08-12T10:37,PITSTOP AMBON SIS,0.0,meteobot
2026-08-12T10:37,CSA BONTANG SIS,0.0,meteobot
2026-08-12 12:24:47,ITABAL8,0.0,weather
2026-08-12T12:25,VP SABANG TIMUR SIS,0.0,meteobot
2026-08-12T12:24,VP OB 1 SIS,0.0,meteobot
2026-08-12T12:25,PITSTOP AMBON SIS,0.0,meteobot
2026-08-12T12:25,CSA BONTANG SIS,0.0,meteobot
2026-08-12 13:51:59,ITABAL8,0.0,weather
2026-08-12T13:52,VP SABANG TIMUR SIS,0.0,meteobot
2026-08-12T13:51,VP OB 1 SIS,0.0,meteobot
2026-08-12T13:52,PITSTOP AMBON SIS,0.0,meteobot
2026-08-12T13:52,CSA BONTANG SIS,0.0,meteobot
2026-08-12 14:59:47,ITABAL8,0.0,weather
2026-08-12T15:00,VP SABANG TIMUR SIS,0.0,meteobot
2026-08-12T14:59,VP OB 1 SIS,0.0,meteobot
2026-08-12T15:00,PITSTOP AMBON SIS,0.0,meteobot
2026-08-12T15:00,CSA BONTANG SIS,0.0,meteobot
2026-08-12 16:22:12,ITABAL8,0.0,weather
2026-08-12T16:22,VP SABANG TIMUR SIS,0.0,meteobot
2026-08-12T16:21,VP OB 1 SIS,0.0,meteobot
2026-08-12T16:22,PITSTOP AMBON SIS,0.0,meteobot
2026-08-12T16:22,CSA BONTANG SIS,0.0,meteobot
2026-08-12 17:34:59,ITABAL8,0.0,weather
2026-08-12T17:35,VP SABANG TIMUR SIS,0.0,meteobot
2026-08-12T17:34,VP OB 1 SIS,0.0,meteobot
2026-08-12T17:35,PITSTOP AMBON SIS,0.0,meteobot
2026-08-12T17:35,CSA BONTANG SIS,0.0,meteobot
2026-08-12 18:39:04,ITABAL8,0.0,weather
2026-08-12T18:39,VP SABANG TIMUR SIS,0.0,meteobot
2026-08-12T18:38,VP OB 1 SIS,0.0,meteobot
2026-08-12T18:39,PITSTOP AMBON SIS,0.0,meteobot
2026-08-12T18:39,CSA BONTANG SIS,0.0,meteobot
2026-08-12 19:26:56,ITABAL8,0.0,weather
2026-08-12T19:27,VP SABANG TIMUR SIS,0.0,meteobot
2026-08-12T19:26,VP OB 1 SIS,0.0,meteobot
2026-08-12T19:27,PITSTOP AMBON SIS,0.0,meteobot
2026-08-12T19:27,CSA BONTANG SIS,0.0,meteobot
2026-08-12 20:08:25,ITABAL8,0.0,weather
2026-08-12T20:08,VP SABANG TIMUR SIS,0.0,meteobot
2026-08-12T20:08,VP OB 1 SIS,0.0,meteobot
2026-08-12T20:08,PITSTOP AMBON SIS,0.0,meteobot
2026-08-12T20:09,CSA BONTANG SIS,0.0,meteobot
2026-08-12 21:41:12,ITABAL8,0.0,weather
2026-08-12T21:41,VP SABANG TIMUR SIS,0.0,meteobot
2026-08-12T21:40,VP OB 1 SIS,0.0,meteobot
2026-08-12T21:41,PITSTOP AMBON SIS,0.0,meteobot
2026-08-12T21:41,CSA BONTANG SIS,0.0,meteobot
2026-08-12 22:42:44,ITABAL8,0.0,weather
2026-08-12T22:43,VP SABANG TIMUR SIS,0.0,meteobot
2026-08-12T22:42,VP OB 1 SIS,0.0,meteobot
2026-08-12T22:43,PITSTOP AMBON SIS,0.0,meteobot
2026-08-12T22:43,CSA BONTANG SIS,0.0,meteobot
2026-08-12 23:38:17,ITABAL8,0.0,weather
2026-08-12T23:38,VP SABANG TIMUR SIS,0.0,meteobot
2026-08-12T23:38,VP OB 1 SIS,0.0,meteobot
2026-08-12T23:38,PITSTOP AMBON SIS,0.0,meteobot
2026-08-12T23:38,CSA BONTANG SIS,0.0,meteobot
2026-08-13 00:32:03,ITABAL8,0.0,weather
2026-08-12T23:59,VP SABANG TIMUR SIS,0.0,meteobot
2026-08-12T23:59,VP OB 1 SIS,0.0,meteobot
2026-08-12T23:59,PITSTOP AMBON SIS,0.0,meteobot
2026-08-12T23:59,CSA BONTANG SIS,0.0,meteobot
2026-08-13 01:32:15,ITABAL8,0.0,weather
2026-08-12T23:59,VP SABANG TIMUR SIS,0.0,meteobot
2026-08-12T23:59,VP OB 1 SIS,0.0,meteobot
2026-08-12T23:59,PITSTOP AMBON SIS,0.0,meteobot
2026-08-12T23:59,CSA BONTANG SIS,0.0,meteobot
2026-08-13 02:28:58,ITABAL8,0.0,weather
2026-08-12T23:59,VP SABANG TIMUR SIS,0.0,meteobot
2026-08-12T23:59,VP OB 1 SIS,0.0,meteobot
2026-08-12T23:59,PITSTOP AMBON SIS,0.0,meteobot
2026-08-12T23:59,CSA BONTANG SIS,0.0,meteobot
2026-08-13 03:37:45,ITABAL8,0.0,weather
2026-08-12T23:59,VP SABANG TIMUR SIS,0.0,meteobot
2026-08-12T23:59,VP OB 1 SIS,0.0,meteobot
2026-08-12T23:59,PITSTOP AMBON SIS,0.0,meteobot
2026-08-12T23:59,CSA BONTANG SIS,0.0,meteobot
2026-08-13 04:20:02,ITABAL8,0.0,weather
2026-08-12T23:59,VP SABANG TIMUR SIS,0.0,meteobot
2026-08-12T23:59,VP OB 1 SIS,0.0,meteobot
2026-08-12T23:59,PITSTOP AMBON SIS,0.0,meteobot
2026-08-12T23:59,CSA BONTANG SIS,0.0,meteobot
2026-08-13 05:07:36,ITABAL8,0.0,weather
2026-08-12T23:59,VP SABANG TIMUR SIS,0.0,meteobot
2026-08-12T23:59,VP OB 1 SIS,0.0,meteobot
2026-08-12T23:59,PITSTOP AMBON SIS,0.0,meteobot
2026-08-12T23:59,CSA BONTANG SIS,0.0,meteobot
2026-08-13 05:58:22,ITABAL8,0.0,weather
2026-08-12T23:59,VP SABANG TIMUR SIS,0.0,meteobot
2026-08-12T23:59,VP OB 1 SIS,0.0,meteobot
2026-08-12T23:59,PITSTOP AMBON SIS,0.0,meteobot
2026-08-12T23:59,CSA BONTANG SIS,0.0,meteobot
2026-08-13 06:42:10,ITABAL8,0.0,weather
2026-08-12T23:59,VP SABANG TIMUR SIS,0.0,meteobot
2026-08-12T23:59,VP OB 1 SIS,0.0,meteobot
2026-08-12T23:59,PITSTOP AMBON SIS,0.0,meteobot
2026-08-12T23:59,CSA BONTANG SIS,0.0,meteobot
2026-08-13 07:22:34,ITABAL8,0.0,weather
2026-08-12T23:59,VP SABANG TIMUR SIS,0.0,meteobot
2026-08-12T23:59,VP OB 1 SIS,0.0,meteobot
2026-08-12T23:59,PITSTOP AMBON SIS,0.0,meteobot
2026-08-12T23:59,CSA BONTANG SIS,0.0,meteobot
2026-08-13 08:02:57,ITABAL8,0.0,weather
2026-08-13T08:03,VP SABANG TIMUR SIS,0.0,meteobot
2026-08-13T08:02,VP OB 1 SIS,0.0,meteobot
2026-08-13T08:03,PITSTOP AMBON SIS,0.0,meteobot
2026-08-13T08:03,CSA BONTANG SIS,0.0,meteobot
2026-08-13 10:38:05,ITABAL8,0.0,weather
2026-08-13T10:38,VP SABANG TIMUR SIS,0.0,meteobot
2026-08-13T10:37,VP OB 1 SIS,0.0,meteobot
2026-08-13T10:38,PITSTOP AMBON SIS,0.0,meteobot
2026-08-13T10:38,CSA BONTANG SIS,0.0,meteobot
2026-08-13 12:28:18,ITABAL8,0.0,weather
2026-08-13T12:28,VP SABANG TIMUR SIS,0.0,meteobot
2026-08-13T12:28,VP OB 1 SIS,0.0,meteobot
2026-08-13T12:28,PITSTOP AMBON SIS,0.0,meteobot
2026-08-13T12:28,CSA BONTANG SIS,0.0,meteobot
2026-08-13 13:57:11,ITABAL8,0.0,weather
2026-08-13T13:57,VP SABANG TIMUR SIS,0.0,meteobot
2026-08-13T13:56,VP OB 1 SIS,0.0,meteobot
2026-08-13T13:57,PITSTOP AMBON SIS,0.0,meteobot
2026-08-13T13:57,CSA BONTANG SIS,0.0,meteobot
2026-08-13 15:23:53,ITABAL8,0.0,weather
2026-08-13T15:24,VP SABANG TIMUR SIS,0.0,meteobot
2026-08-13T15:23,VP OB 1 SIS,0.0,meteobot
2026-08-13T15:24,PITSTOP AMBON SIS,0.0,meteobot
2026-08-13T15:24,CSA BONTANG SIS,0.0,meteobot
2026-08-13 16:48:18,ITABAL8,0.0,weather
2026-08-13T16:48,VP SABANG TIMUR SIS,0.0,meteobot
2026-08-13T16:48,VP OB 1 SIS,0.0,meteobot
2026-08-13T16:48,PITSTOP AMBON SIS,0.0,meteobot
2026-08-13T16:48,CSA BONTANG SIS,0.0,meteobot
2026-08-13 17:49:05,ITABAL8,0.0,weather
2026-08-13T17:49,VP SABANG TIMUR SIS,0.0,meteobot
2026-08-13T17:48,VP OB 1 SIS,0.0,meteobot
2026-08-13T17:49,PITSTOP AMBON SIS,0.0,meteobot
2026-08-13T17:49,CSA BONTANG SIS,0.0,meteobot
2026-08-13 18:46:13,ITABAL8,0.0,weather
2026-08-13 18:46:13,ITABAL9,0.0,weather
2026-08-13T18:46,VP SABANG TIMUR SIS,0.0,meteobot
2026-08-13T18:45,VP OB 1 SIS,0.0,meteobot
2026-08-13T18:46,PITSTOP AMBON SIS,0.0,meteobot
2026-08-13T18:46,CSA BONTANG SIS,0.0,meteobot
2026-08-13 19:33:11,ITABAL8,0.0,weather
2026-08-13T19:33,VP SABANG TIMUR SIS,0.0,meteobot
2026-08-13T19:32,VP OB 1 SIS,0.0,meteobot
2026-08-13T19:33,PITSTOP AMBON SIS,0.0,meteobot
2026-08-13T19:33,CSA BONTANG SIS,0.0,meteobot
2026-08-13 20:27:19,ITABAL8,0.0,weather
2026-08-13T20:27,VP SABANG TIMUR SIS,0.0,meteobot
2026-08-13T20:27,VP OB 1 SIS,0.0,meteobot
2026-08-13T20:27,PITSTOP AMBON SIS,0.0,meteobot
2026-08-13T20:27,CSA BONTANG SIS,0.0,meteobot
2026-08-13 21:56:39,ITABAL8,0.0,weather
2026-08-13T21:57,VP SABANG TIMUR SIS,0.0,meteobot
2026-08-13T21:56,VP OB 1 SIS,0.0,meteobot
2026-08-13T21:57,PITSTOP AMBON SIS,0.0,meteobot
2026-08-13T21:57,CSA BONTANG SIS,0.0,meteobot
2026-08-13 22:53:56,ITABAL8,0.0,weather
2026-08-13 22:53:56,ITABAL9,0.0,weather
2026-08-13T22:54,VP SABANG TIMUR SIS,0.0,meteobot
2026-08-13T22:53,VP OB 1 SIS,0.0,meteobot
2026-08-13T22:54,PITSTOP AMBON SIS,0.0,meteobot
2026-08-13T22:54,CSA BONTANG SIS,0.0,meteobot
2026-08-13 23:48:43,ITABAL8,0.0,weather
2026-08-13T23:49,VP SABANG TIMUR SIS,0.0,meteobot
2026-08-13T23:48,VP OB 1 SIS,0.0,meteobot
2026-08-13T23:49,PITSTOP AMBON SIS,0.0,meteobot
2026-08-13T23:49,CSA BONTANG SIS,0.0,meteobot
2026-08-14 00:39:29,ITABAL8,0.0,weather
2026-08-13T23:59,VP SABANG TIMUR SIS,0.0,meteobot
2026-08-13T23:59,VP OB 1 SIS,0.0,meteobot
2026-08-13T23:59,PITSTOP AMBON SIS,0.0,meteobot
2026-08-13T23:59,CSA BONTANG SIS,0.0,meteobot
2026-08-14 01:39:01,ITABAL8,0.0,weather
2026-08-13T23:59,VP SABANG TIMUR SIS,0.0,meteobot
2026-08-13T23:59,VP OB 1 SIS,0.0,meteobot
2026-08-13T23:59,PITSTOP AMBON SIS,0.0,meteobot
2026-08-13T23:59,CSA BONTANG SIS,0.0,meteobot
2026-08-14 02:34:42,ITABAL8,0.0,weather
2026-08-13T23:59,VP SABANG TIMUR SIS,0.0,meteobot
2026-08-13T23:59,VP OB 1 SIS,0.0,meteobot
2026-08-13T23:59,PITSTOP AMBON SIS,0.0,meteobot
2026-08-13T23:59,CSA BONTANG SIS,0.0,meteobot
2026-08-14 03:38:59,ITABAL8,0.0,weather
2026-08-13T23:59,VP SABANG TIMUR SIS,0.0,meteobot
2026-08-13T23:59,VP OB 1 SIS,0.0,meteobot
2026-08-13T23:59,PITSTOP AMBON SIS,0.0,meteobot
2026-08-13T23:59,CSA BONTANG SIS,0.0,meteobot
2026-08-14 04:17:49,ITABAL8,0.0,weather
2026-08-13T23:59,VP SABANG TIMUR SIS,0.0,meteobot
2026-08-13T23:59,VP OB 1 SIS,0.0,meteobot
2026-08-13T23:59,PITSTOP AMBON SIS,0.0,meteobot
2026-08-13T23:59,CSA BONTANG SIS,0.0,meteobot
2026-08-14 05:06:46,ITABAL8,0.0,weather
2026-08-14 05:06:46,ITABAL9,0.0,weather
2026-08-13T23:59,VP SABANG TIMUR SIS,0.0,meteobot
2026-08-13T23:59,VP OB 1 SIS,0.0,meteobot
2026-08-13T23:59,PITSTOP AMBON SIS,0.0,meteobot
2026-08-13T23:59,CSA BONTANG SIS,0.0,meteobot
2026-08-14 05:57:36,ITABAL8,0.0,weather
2026-08-14 05:57:36,ITABAL9,0.0,weather
2026-08-13T23:59,VP SABANG TIMUR SIS,0.0,meteobot
2026-08-13T23:59,VP OB 1 SIS,0.0,meteobot
2026-08-13T23:59,PITSTOP AMBON SIS,0.0,meteobot
2026-08-13T23:59,CSA BONTANG SIS,0.0,meteobot
2026-08-14 06:40:29,ITABAL8,0.0,weather
2026-08-13T23:59,VP SABANG TIMUR SIS,0.0,meteobot
2026-08-13T23:59,VP OB 1 SIS,0.0,meteobot
2026-08-13T23:59,PITSTOP AMBON SIS,0.0,meteobot
2026-08-13T23:59,CSA BONTANG SIS,0.0,meteobot
2026-08-14 07:23:27,ITABAL8,0.0,weather
2026-08-13T23:59,VP SABANG TIMUR SIS,0.0,meteobot
2026-08-13T23:59,VP OB 1 SIS,0.0,meteobot
2026-08-13T23:59,PITSTOP AMBON SIS,0.0,meteobot
2026-08-13T23:59,CSA BONTANG SIS,0.0,meteobot
2026-08-14 08:04:06,ITABAL8,0.0,weather
2026-08-14T08:04,VP SABANG TIMUR SIS,0.0,meteobot
2026-08-14T08:03,VP OB 1 SIS,0.0,meteobot
2026-08-14T08:04,PITSTOP AMBON SIS,0.0,meteobot
2026-08-14T08:04,CSA BONTANG SIS,0.0,meteobot
2026-08-14 10:37:38,ITABAL8,0.0,weather
2026-08-14T10:38,VP SABANG TIMUR SIS,0.0,meteobot
2026-08-14T10:37,VP OB 1 SIS,0.0,meteobot
2026-08-14T10:38,PITSTOP AMBON SIS,0.0,meteobot
2026-08-14T10:38,CSA BONTANG SIS,0.0,meteobot
2026-08-14 12:25:24,ITABAL8,0.0,weather
2026-08-14T12:25,VP SABANG TIMUR SIS,0.0,meteobot
2026-08-14T12:25,VP OB 1 SIS,0.0,meteobot
2026-08-14T12:25,PITSTOP AMBON SIS,0.0,meteobot
2026-08-14T12:26,CSA BONTANG SIS,0.0,meteobot
2026-08-14 13:52:28,ITABAL8,0.0,weather
2026-08-14T13:52,VP SABANG TIMUR SIS,0.0,meteobot
2026-08-14T13:52,VP OB 1 SIS,0.0,meteobot
2026-08-14T13:52,PITSTOP AMBON SIS,0.0,meteobot
2026-08-14T13:53,CSA BONTANG SIS,0.0,meteobot
2026-08-14 15:00:18,ITABAL8,0.0,weather
2026-08-14T15:00,VP SABANG TIMUR SIS,0.0,meteobot
2026-08-14T15:00,VP OB 1 SIS,0.0,meteobot
2026-08-14T15:00,PITSTOP AMBON SIS,0.0,meteobot
2026-08-14T15:00,CSA BONTANG SIS,0.0,meteobot
2026-08-14 16:21:30,ITABAL8,0.0,weather
2026-08-14T16:22,VP SABANG TIMUR SIS,0.0,meteobot
2026-08-14T16:21,VP OB 1 SIS,0.0,meteobot
2026-08-14T16:21,PITSTOP AMBON SIS,0.0,meteobot
2026-08-14T16:22,CSA BONTANG SIS,0.0,meteobot
2026-08-14 17:30:42,ITABAL8,0.0,weather
2026-08-14T17:31,VP SABANG TIMUR SIS,0.0,meteobot
2026-08-14T17:30,VP OB 1 SIS,0.0,meteobot
2026-08-14T17:31,PITSTOP AMBON SIS,0.0,meteobot
2026-08-14T17:31,CSA BONTANG SIS,0.0,meteobot
2026-08-14 18:34:03,ITABAL8,0.0,weather
2026-08-14T18:34,VP SABANG TIMUR SIS,0.0,meteobot
2026-08-14T18:33,VP OB 1 SIS,0.0,meteobot
2026-08-14T18:34,PITSTOP AMBON SIS,0.0,meteobot
2026-08-14T18:34,CSA BONTANG SIS,0.0,meteobot
2026-08-14 19:22:36,ITABAL8,0.0,weather
2026-08-14T19:23,VP SABANG TIMUR SIS,0.0,meteobot
2026-08-14T19:22,VP OB 1 SIS,0.0,meteobot
2026-08-14T19:23,PITSTOP AMBON SIS,0.0,meteobot
2026-08-14T19:23,CSA BONTANG SIS,0.0,meteobot
2026-08-14 20:02:13,ITABAL8,0.0,weather
2026-08-14T20:02,VP SABANG TIMUR SIS,0.0,meteobot
2026-08-14T20:01,VP OB 1 SIS,0.0,meteobot
2026-08-14T20:02,PITSTOP AMBON SIS,0.0,meteobot
2026-08-14T20:02,CSA BONTANG SIS,0.0,meteobot
2026-08-14 21:24:20,ITABAL8,0.0,weather
2026-08-14T21:24,VP SABANG TIMUR SIS,0.0,meteobot
2026-08-14T21:24,VP OB 1 SIS,0.0,meteobot
2026-08-14T21:24,PITSTOP AMBON SIS,0.0,meteobot
2026-08-14T21:24,CSA BONTANG SIS,0.0,meteobot
2026-08-14 22:28:52,ITABAL8,0.0,weather
2026-08-14T22:29,VP SABANG TIMUR SIS,0.0,meteobot
2026-08-14T22:28,VP OB 1 SIS,0.0,meteobot
2026-08-14T22:29,PITSTOP AMBON SIS,0.0,meteobot
2026-08-14T22:29,CSA BONTANG SIS,0.0,meteobot
2026-08-14 23:21:57,ITABAL8,0.0,weather
2026-08-14T23:22,VP SABANG TIMUR SIS,0.0,meteobot
2026-08-14T23:21,VP OB 1 SIS,0.0,meteobot
2026-08-14T23:22,PITSTOP AMBON SIS,0.0,meteobot
2026-08-14T23:22,CSA BONTANG SIS,0.0,meteobot
2026-08-15 00:09:17,ITABAL8,0.0,weather
2026-08-14T23:59,VP SABANG TIMUR SIS,0.0,meteobot
2026-08-14T23:59,VP OB 1 SIS,0.0,meteobot
2026-08-14T23:59,PITSTOP AMBON SIS,0.0,meteobot
2026-08-14T23:59,CSA BONTANG SIS,0.0,meteobot
2026-08-15 01:08:27,ITABAL8,0.0,weather
2026-08-14T23:59,VP SABANG TIMUR SIS,0.0,meteobot
2026-08-14T23:59,VP OB 1 SIS,0.0,meteobot
2026-08-14T23:59,PITSTOP AMBON SIS,0.0,meteobot
2026-08-14T23:59,CSA BONTANG SIS,0.0,meteobot
2026-08-15 02:03:16,ITABAL8,0.0,weather
2026-08-14T23:59,VP SABANG TIMUR SIS,0.0,meteobot
2026-08-14T23:59,VP OB 1 SIS,0.0,meteobot
2026-08-14T23:59,PITSTOP AMBON SIS,0.0,meteobot
2026-08-14T23:59,CSA BONTANG SIS,0.0,meteobot
2026-08-15 03:06:28,ITABAL8,0.0,weather
2026-08-14T23:59,VP SABANG TIMUR SIS,0.0,meteobot
2026-08-14T23:59,VP OB 1 SIS,0.0,meteobot
2026-08-14T23:59,PITSTOP AMBON SIS,0.0,meteobot
2026-08-14T23:59,CSA BONTANG SIS,0.0,meteobot
2026-08-15 03:52:15,ITABAL8,0.0,weather
2026-08-14T23:59,VP SABANG TIMUR SIS,0.0,meteobot
2026-08-14T23:59,VP OB 1 SIS,0.0,meteobot
2026-08-14T23:59,PITSTOP AMBON SIS,0.0,meteobot
2026-08-14T23:59,CSA BONTANG SIS,0.0,meteobot
2026-08-15 04:17:42,ITABAL8,0.0,weather
2026-08-14T23:59,VP SABANG TIMUR SIS,0.0,meteobot
2026-08-14T23:59,VP OB 1 SIS,0.0,meteobot
2026-08-14T23:59,PITSTOP AMBON SIS,0.0,meteobot
2026-08-14T23:59,CSA BONTANG SIS,0.0,meteobot
2026-08-15 04:48:41,ITABAL8,0.0,weather
2026-08-14T23:59,VP SABANG TIMUR SIS,0.0,meteobot
2026-08-14T23:59,VP OB 1 SIS,0.0,meteobot
2026-08-14T23:59,PITSTOP AMBON SIS,0.0,meteobot
2026-08-14T23:59,CSA BONTANG SIS,0.0,meteobot
2026-08-15 05:10:19,ITABAL8,0.0,weather
2026-08-14T23:59,VP SABANG TIMUR SIS,0.0,meteobot
2026-08-14T23:59,VP OB 1 SIS,0.0,meteobot
2026-08-14T23:59,PITSTOP AMBON SIS,0.0,meteobot
2026-08-14T23:59,CSA BONTANG SIS,0.0,meteobot
2026-08-15 05:37:40,ITABAL8,0.0,weather
2026-08-14T23:59,VP SABANG TIMUR SIS,0.0,meteobot
2026-08-14T23:59,VP OB 1 SIS,0.0,meteobot
2026-08-14T23:59,PITSTOP AMBON SIS,0.0,meteobot
2026-08-14T23:59,CSA BONTANG SIS,0.0,meteobot
2026-08-15 05:55:12,ITABAL8,0.0,weather
2026-08-14T23:59,VP SABANG TIMUR SIS,0.0,meteobot
2026-08-14T23:59,VP OB 1 SIS,0.0,meteobot
2026-08-14T23:59,PITSTOP AMBON SIS,0.0,meteobot
2026-08-14T23:59,CSA BONTANG SIS,0.0,meteobot
2026-08-15 06:15:03,ITABAL8,0.0,weather
2026-08-14T23:59,VP SABANG TIMUR SIS,0.0,meteobot
2026-08-14T23:59,VP OB 1 SIS,0.0,meteobot
2026-08-14T23:59,PITSTOP AMBON SIS,0.0,meteobot
2026-08-14T23:59,CSA BONTANG SIS,0.0,meteobot
2026-08-15 06:41:52,ITABAL8,0.0,weather
2026-08-14T23:59,VP SABANG TIMUR SIS,0.0,meteobot
2026-08-14T23:59,VP OB 1 SIS,0.0,meteobot
2026-08-14T23:59,PITSTOP AMBON SIS,0.0,meteobot
2026-08-14T23:59,CSA BONTANG SIS,0.0,meteobot
2026-08-15 06:59:15,ITABAL8,0.0,weather
2026-08-14T23:59,VP SABANG TIMUR SIS,0.0,meteobot
2026-08-14T23:59,VP OB 1 SIS,0.0,meteobot
2026-08-14T23:59,PITSTOP AMBON SIS,0.0,meteobot
2026-08-14T23:59,CSA BONTANG SIS,0.0,meteobot
2026-08-15 07:25:07,ITABAL8,0.0,weather
2026-08-14T23:59,VP SABANG TIMUR SIS,0.0,meteobot
2026-08-14T23:59,VP OB 1 SIS,0.0,meteobot
2026-08-14T23:59,PITSTOP AMBON SIS,0.0,meteobot
2026-08-14T23:59,CSA BONTANG SIS,0.0,meteobot
2026-08-15 07:45:19,ITABAL8,0.0,weather
2026-08-14T23:59,VP SABANG TIMUR SIS,0.0,meteobot
2026-08-14T23:59,VP OB 1 SIS,0.0,meteobot
2026-08-14T23:59,PITSTOP AMBON SIS,0.0,meteobot
2026-08-14T23:59,CSA BONTANG SIS,0.0,meteobot
2026-08-15 08:01:16,ITABAL8,0.0,weather
2026-08-15T08:01,VP SABANG TIMUR SIS,0.0,meteobot
2026-08-15T08:01,VP OB 1 SIS,0.0,meteobot
2026-08-15T08:01,PITSTOP AMBON SIS,0.0,meteobot
2026-08-15T08:01,CSA BONTANG SIS,0.0,meteobot
2026-08-15 09:43:11,ITABAL8,0.0,weather
2026-08-15T09:43,VP SABANG TIMUR SIS,0.0,meteobot
2026-08-15T09:42,VP OB 1 SIS,0.0,meteobot
2026-08-15T09:43,PITSTOP AMBON SIS,0.0,meteobot
2026-08-15T09:43,CSA BONTANG SIS,0.0,meteobot
2026-08-15 10:38:15,ITABAL8,0.0,weather
2026-08-15T10:38,VP SABANG TIMUR SIS,0.0,meteobot
2026-08-15T10:38,VP OB 1 SIS,0.0,meteobot
2026-08-15T10:38,PITSTOP AMBON SIS,0.0,meteobot
2026-08-15T10:38,CSA BONTANG SIS,0.0,meteobot
2026-08-15 11:20:44,ITABAL8,0.0,weather
2026-08-15T11:21,VP SABANG TIMUR SIS,0.0,meteobot
2026-08-15T11:20,VP OB 1 SIS,0.0,meteobot
2026-08-15T11:21,PITSTOP AMBON SIS,0.0,meteobot
2026-08-15T11:21,CSA BONTANG SIS,0.0,meteobot
2026-08-15 11:57:54,ITABAL8,0.0,weather
2026-08-15T11:58,VP SABANG TIMUR SIS,0.0,meteobot
2026-08-15T11:57,VP OB 1 SIS,0.0,meteobot
2026-08-15T11:58,PITSTOP AMBON SIS,0.0,meteobot
2026-08-15T11:58,CSA BONTANG SIS,0.0,meteobot
2026-08-15 12:31:12,ITABAL8,0.0,weather
2026-08-15T12:31,VP SABANG TIMUR SIS,0.0,meteobot
2026-08-15T12:30,VP OB 1 SIS,0.0,meteobot
2026-08-15T12:31,PITSTOP AMBON SIS,0.0,meteobot
2026-08-15T12:31,CSA BONTANG SIS,0.0,meteobot
2026-08-15 12:58:22,ITABAL8,0.0,weather
2026-08-15T12:58,VP SABANG TIMUR SIS,0.0,meteobot
2026-08-15T12:58,VP OB 1 SIS,0.0,meteobot
2026-08-15T12:58,PITSTOP AMBON SIS,0.0,meteobot
2026-08-15T12:59,CSA BONTANG SIS,0.0,meteobot
2026-08-15 13:25:36,ITABAL8,0.0,weather
2026-08-15T13:26,VP SABANG TIMUR SIS,0.0,meteobot
2026-08-15T13:25,VP OB 1 SIS,0.0,meteobot
2026-08-15T13:26,PITSTOP AMBON SIS,0.0,meteobot
2026-08-15T13:26,CSA BONTANG SIS,0.0,meteobot
2026-08-15 13:48:52,ITABAL8,0.0,weather
2026-08-15T13:49,VP SABANG TIMUR SIS,0.0,meteobot
2026-08-15T13:48,VP OB 1 SIS,0.0,meteobot
2026-08-15T13:49,PITSTOP AMBON SIS,0.0,meteobot
2026-08-15T13:49,CSA BONTANG SIS,0.0,meteobot
2026-08-15 14:12:45,ITABAL8,0.0,weather
2026-08-15T14:13,VP SABANG TIMUR SIS,0.0,meteobot
2026-08-15T14:12,VP OB 1 SIS,0.0,meteobot
2026-08-15T14:13,PITSTOP AMBON SIS,0.0,meteobot
2026-08-15T14:13,CSA BONTANG SIS,0.0,meteobot
2026-08-15 14:57:42,ITABAL8,0.0,weather
2026-08-15T14:58,VP SABANG TIMUR SIS,0.0,meteobot
2026-08-15T14:57,VP OB 1 SIS,0.0,meteobot
2026-08-15T14:58,PITSTOP AMBON SIS,0.0,meteobot
2026-08-15T14:58,CSA BONTANG SIS,0.0,meteobot
2026-08-15 15:30:19,ITABAL8,0.0,weather
2026-08-15T15:30,VP SABANG TIMUR SIS,0.0,meteobot
2026-08-15T15:30,VP OB 1 SIS,0.0,meteobot
2026-08-15T15:30,PITSTOP AMBON SIS,0.0,meteobot
2026-08-15T15:31,CSA BONTANG SIS,0.0,meteobot
2026-08-15 15:53:36,ITABAL8,0.0,weather
2026-08-15T15:54,VP SABANG TIMUR SIS,0.0,meteobot
2026-08-15T15:53,VP OB 1 SIS,0.0,meteobot
2026-08-15T15:54,PITSTOP AMBON SIS,0.0,meteobot
2026-08-15T15:54,CSA BONTANG SIS,0.0,meteobot
2026-08-15 16:14:00,ITABAL8,0.0,weather
2026-08-15T16:14,VP SABANG TIMUR SIS,0.0,meteobot
2026-08-15T16:13,VP OB 1 SIS,0.0,meteobot
2026-08-15T16:14,PITSTOP AMBON SIS,0.0,meteobot
2026-08-15T16:14,CSA BONTANG SIS,0.0,meteobot
2026-08-15 16:45:41,ITABAL8,0.0,weather
2026-08-15T16:46,VP SABANG TIMUR SIS,0.0,meteobot
2026-08-15T16:45,VP OB 1 SIS,0.0,meteobot
2026-08-15T16:46,PITSTOP AMBON SIS,0.0,meteobot
2026-08-15T16:46,CSA BONTANG SIS,0.0,meteobot
2026-08-15 17:03:39,ITABAL8,0.0,weather
2026-08-15T17:04,VP SABANG TIMUR SIS,0.0,meteobot
2026-08-15T17:03,VP OB 1 SIS,0.0,meteobot
2026-08-15T17:04,PITSTOP AMBON SIS,0.0,meteobot
2026-08-15T17:04,CSA BONTANG SIS,0.0,meteobot
2026-08-15 17:34:31,ITABAL8,0.0,weather
2026-08-15T17:35,VP SABANG TIMUR SIS,0.0,meteobot
2026-08-15T17:34,VP OB 1 SIS,0.0,meteobot
2026-08-15T17:34,PITSTOP AMBON SIS,0.0,meteobot
2026-08-15T17:35,CSA BONTANG SIS,0.0,meteobot
2026-08-15 17:53:33,ITABAL8,0.0,weather
2026-08-15T17:54,VP SABANG TIMUR SIS,0.0,meteobot
2026-08-15T17:53,VP OB 1 SIS,0.0,meteobot
2026-08-15T17:53,PITSTOP AMBON SIS,0.0,meteobot
2026-08-15T17:54,CSA BONTANG SIS,0.0,meteobot
2026-08-15 18:11:03,ITABAL8,0.0,weather
2026-08-15T18:11,VP SABANG TIMUR SIS,0.0,meteobot
2026-08-15T18:10,VP OB 1 SIS,0.0,meteobot
2026-08-15T18:11,PITSTOP AMBON SIS,0.0,meteobot
2026-08-15T18:11,CSA BONTANG SIS,0.0,meteobot
2026-08-15 18:37:10,ITABAL8,0.0,weather
2026-08-15T18:37,VP SABANG TIMUR SIS,0.0,meteobot
2026-08-15T18:36,VP OB 1 SIS,0.0,meteobot
2026-08-15T18:37,PITSTOP AMBON SIS,0.0,meteobot
2026-08-15T18:37,CSA BONTANG SIS,0.0,meteobot
2026-08-15 18:54:31,ITABAL8,0.0,weather
2026-08-15T18:55,VP SABANG TIMUR SIS,0.0,meteobot
2026-08-15T18:54,VP OB 1 SIS,0.0,meteobot
2026-08-15T18:54,PITSTOP AMBON SIS,0.0,meteobot
2026-08-15T18:55,CSA BONTANG SIS,0.0,meteobot
2026-08-15 19:11:27,ITABAL8,0.0,weather
2026-08-15T19:12,VP SABANG TIMUR SIS,0.0,meteobot
2026-08-15T19:11,VP OB 1 SIS,0.0,meteobot
2026-08-15T19:11,PITSTOP AMBON SIS,0.0,meteobot
2026-08-15T19:12,CSA BONTANG SIS,0.0,meteobot
2026-08-15 19:32:53,ITABAL8,0.0,weather
2026-08-15T19:33,VP SABANG TIMUR SIS,0.0,meteobot
2026-08-15T19:32,VP OB 1 SIS,0.0,meteobot
2026-08-15T19:33,PITSTOP AMBON SIS,0.0,meteobot
2026-08-15T19:33,CSA BONTANG SIS,0.0,meteobot
2026-08-15 19:49:34,ITABAL8,0.0,weather
2026-08-15T19:50,VP SABANG TIMUR SIS,0.0,meteobot
2026-08-15T19:49,VP OB 1 SIS,0.0,meteobot
2026-08-15T19:50,PITSTOP AMBON SIS,0.0,meteobot
2026-08-15T19:50,CSA BONTANG SIS,0.0,meteobot
2026-08-15 20:00:10,ITABAL8,0.0,weather
2026-08-15T20:00,VP SABANG TIMUR SIS,0.0,meteobot
2026-08-15T19:59,VP OB 1 SIS,0.0,meteobot
2026-08-15T20:00,PITSTOP AMBON SIS,0.0,meteobot
2026-08-15T20:00,CSA BONTANG SIS,0.0,meteobot
2026-08-15 20:50:03,ITABAL8,0.0,weather
2026-08-15T20:50,VP SABANG TIMUR SIS,0.0,meteobot
2026-08-15T20:49,VP OB 1 SIS,0.0,meteobot
2026-08-15T20:50,PITSTOP AMBON SIS,0.0,meteobot
2026-08-15T20:50,CSA BONTANG SIS,0.0,meteobot
2026-08-15 21:19:16,ITABAL8,0.0,weather
2026-08-15T21:19,VP SABANG TIMUR SIS,0.0,meteobot
2026-08-15T21:19,VP OB 1 SIS,0.0,meteobot
2026-08-15T21:19,PITSTOP AMBON SIS,0.0,meteobot
2026-08-15T21:20,CSA BONTANG SIS,0.0,meteobot
2026-08-15 21:46:16,ITABAL8,0.0,weather
2026-08-15T21:46,VP SABANG TIMUR SIS,0.0,meteobot
2026-08-15T21:46,VP OB 1 SIS,0.0,meteobot
2026-08-15T21:46,PITSTOP AMBON SIS,0.0,meteobot
2026-08-15T21:46,CSA BONTANG SIS,0.0,meteobot
2026-08-15 22:00:59,ITABAL8,0.0,weather
2026-08-15T22:01,VP SABANG TIMUR SIS,0.0,meteobot
2026-08-15T22:00,VP OB 1 SIS,0.0,meteobot
2026-08-15T22:01,PITSTOP AMBON SIS,0.0,meteobot
2026-08-15T22:01,CSA BONTANG SIS,0.0,meteobot
2026-08-15 22:30:44,ITABAL8,0.0,weather
2026-08-15T22:31,VP SABANG TIMUR SIS,0.0,meteobot
2026-08-15T22:30,VP OB 1 SIS,0.0,meteobot
2026-08-15T22:31,PITSTOP AMBON SIS,0.0,meteobot
2026-08-15T22:31,CSA BONTANG SIS,0.0,meteobot
2026-08-15 22:51:03,ITABAL8,0.0,weather
2026-08-15T22:51,VP SABANG TIMUR SIS,0.0,meteobot
2026-08-15T22:50,VP OB 1 SIS,0.0,meteobot
2026-08-15T22:51,PITSTOP AMBON SIS,0.0,meteobot
2026-08-15T22:51,CSA BONTANG SIS,0.0,meteobot
2026-08-15 23:04:02,ITABAL8,0.0,weather
2026-08-15T23:04,VP SABANG TIMUR SIS,0.0,meteobot
2026-08-15T23:03,VP OB 1 SIS,0.0,meteobot
2026-08-15T23:04,PITSTOP AMBON SIS,0.0,meteobot
2026-08-15T23:04,CSA BONTANG SIS,0.0,meteobot
2026-08-15 23:30:20,ITABAL8,0.0,weather
2026-08-15T23:30,VP SABANG TIMUR SIS,0.0,meteobot
2026-08-15T23:30,VP OB 1 SIS,0.0,meteobot
2026-08-15T23:30,PITSTOP AMBON SIS,0.0,meteobot
2026-08-15T23:31,CSA BONTANG SIS,0.0,meteobot
2026-08-15 23:48:23,ITABAL8,0.0,weather
2026-08-15T23:48,VP SABANG TIMUR SIS,0.0,meteobot
2026-08-15T23:48,VP OB 1 SIS,0.0,meteobot
2026-08-15T23:48,PITSTOP AMBON SIS,0.0,meteobot
2026-08-15T23:49,CSA BONTANG SIS,0.0,meteobot
2026-08-16 00:00:07,ITABAL8,0.0,weather
2026-08-15T23:59,VP SABANG TIMUR SIS,0.0,meteobot
2026-08-15T23:59,VP OB 1 SIS,0.0,meteobot
2026-08-15T23:59,PITSTOP AMBON SIS,0.0,meteobot
2026-08-15T23:59,CSA BONTANG SIS,0.0,meteobot
2026-08-16 00:31:49,ITABAL8,0.0,weather
2026-08-15T23:59,VP SABANG TIMUR SIS,0.0,meteobot
2026-08-15T23:59,VP OB 1 SIS,0.0,meteobot
2026-08-15T23:59,PITSTOP AMBON SIS,0.0,meteobot
2026-08-15T23:59,CSA BONTANG SIS,0.0,meteobot
2026-08-16 00:52:44,ITABAL8,0.0,weather
2026-08-15T23:59,VP SABANG TIMUR SIS,0.0,meteobot
2026-08-15T23:59,VP OB 1 SIS,0.0,meteobot
2026-08-15T23:59,PITSTOP AMBON SIS,0.0,meteobot
2026-08-15T23:59,CSA BONTANG SIS,0.0,meteobot
2026-08-16 01:09:33,ITABAL8,0.0,weather
2026-08-15T23:59,VP SABANG TIMUR SIS,0.0,meteobot
2026-08-15T23:59,VP OB 1 SIS,0.0,meteobot
2026-08-15T23:59,PITSTOP AMBON SIS,0.0,meteobot
2026-08-15T23:59,CSA BONTANG SIS,0.0,meteobot
2026-08-16 01:33:01,ITABAL8,0.0,weather
2026-08-15T23:59,VP SABANG TIMUR SIS,0.0,meteobot
2026-08-15T23:59,VP OB 1 SIS,0.0,meteobot
2026-08-15T23:59,PITSTOP AMBON SIS,0.0,meteobot
2026-08-15T23:59,CSA BONTANG SIS,0.0,meteobot
2026-08-16 01:51:13,ITABAL8,0.0,weather
2026-08-15T23:59,VP SABANG TIMUR SIS,0.0,meteobot
2026-08-15T23:59,VP OB 1 SIS,0.0,meteobot
2026-08-15T23:59,PITSTOP AMBON SIS,0.0,meteobot
2026-08-15T23:59,CSA BONTANG SIS,0.0,meteobot
2026-08-16 02:00:41,ITABAL8,0.0,weather
2026-08-15T23:59,VP SABANG TIMUR SIS,0.0,meteobot
2026-08-15T23:59,VP OB 1 SIS,0.0,meteobot
2026-08-15T23:59,PITSTOP AMBON SIS,0.0,meteobot
2026-08-15T23:59,CSA BONTANG SIS,0.0,meteobot
2026-08-16 02:39:15,ITABAL8,0.0,weather
2026-08-15T23:59,VP SABANG TIMUR SIS,0.0,meteobot
2026-08-15T23:59,VP OB 1 SIS,0.0,meteobot
2026-08-15T23:59,PITSTOP AMBON SIS,0.0,meteobot
2026-08-15T23:59,CSA BONTANG SIS,0.0,meteobot
2026-08-16 03:00:51,ITABAL8,0.0,weather
2026-08-15T23:59,VP SABANG TIMUR SIS,0.0,meteobot
2026-08-15T23:59,VP OB 1 SIS,0.0,meteobot
2026-08-15T23:59,PITSTOP AMBON SIS,0.0,meteobot
2026-08-15T23:59,CSA BONTANG SIS,0.0,meteobot
2026-08-16 03:26:38,ITABAL8,0.0,weather
2026-08-15T23:59,VP SABANG TIMUR SIS,0.0,meteobot
2026-08-15T23:59,VP OB 1 SIS,0.0,meteobot
2026-08-15T23:59,PITSTOP AMBON SIS,0.0,meteobot
2026-08-15T23:59,CSA BONTANG SIS,0.0,meteobot
2026-08-16 03:43:54,ITABAL8,0.0,weather
2026-08-15T23:59,VP SABANG TIMUR SIS,0.0,meteobot
2026-08-15T23:59,VP OB 1 SIS,0.0,meteobot
2026-08-15T23:59,PITSTOP AMBON SIS,0.0,meteobot
2026-08-15T23:59,CSA BONTANG SIS,0.0,meteobot
2026-08-16 03:56:56,ITABAL8,0.0,weather
2026-08-15T23:59,VP SABANG TIMUR SIS,0.0,meteobot
2026-08-15T23:59,VP OB 1 SIS,0.0,meteobot
2026-08-15T23:59,PITSTOP AMBON SIS,0.0,meteobot
2026-08-15T23:59,CSA BONTANG SIS,0.0,meteobot
2026-08-16 04:19:36,ITABAL8,0.0,weather
2026-08-15T23:59,VP SABANG TIMUR SIS,0.0,meteobot
2026-08-15T23:59,VP OB 1 SIS,0.0,meteobot
2026-08-15T23:59,PITSTOP AMBON SIS,0.0,meteobot
2026-08-15T23:59,CSA BONTANG SIS,0.0,meteobot
2026-08-16 04:43:00,ITABAL8,0.0,weather
2026-08-15T23:59,VP SABANG TIMUR SIS,0.0,meteobot
2026-08-15T23:59,VP OB 1 SIS,0.0,meteobot
2026-08-15T23:59,PITSTOP AMBON SIS,0.0,meteobot
2026-08-15T23:59,CSA BONTANG SIS,0.0,meteobot
2026-08-16 04:59:07,ITABAL8,0.0,weather
2026-08-15T23:59,VP SABANG TIMUR SIS,0.0,meteobot
2026-08-15T23:59,VP OB 1 SIS,0.0,meteobot
2026-08-15T23:59,PITSTOP AMBON SIS,0.0,meteobot
2026-08-15T23:59,CSA BONTANG SIS,0.0,meteobot
2026-08-16 05:24:02,ITABAL8,0.0,weather
2026-08-15T23:59,VP SABANG TIMUR SIS,0.0,meteobot
2026-08-15T23:59,VP OB 1 SIS,0.0,meteobot
2026-08-15T23:59,PITSTOP AMBON SIS,0.0,meteobot
2026-08-15T23:59,CSA BONTANG SIS,0.0,meteobot
2026-08-16 05:41:18,ITABAL8,0.0,weather
2026-08-15T23:59,VP SABANG TIMUR SIS,0.0,meteobot
2026-08-15T23:59,VP OB 1 SIS,0.0,meteobot
2026-08-15T23:59,PITSTOP AMBON SIS,0.0,meteobot
2026-08-15T23:59,CSA BONTANG SIS,0.0,meteobot
2026-08-16 05:56:01,ITABAL8,0.0,weather
2026-08-15T23:59,VP SABANG TIMUR SIS,0.0,meteobot
2026-08-15T23:59,VP OB 1 SIS,0.0,meteobot
2026-08-15T23:59,PITSTOP AMBON SIS,0.0,meteobot
2026-08-15T23:59,CSA BONTANG SIS,0.0,meteobot
2026-08-16 06:15:58,ITABAL8,0.0,weather
2026-08-15T23:59,VP SABANG TIMUR SIS,0.0,meteobot
2026-08-15T23:59,VP OB 1 SIS,0.0,meteobot
2026-08-15T23:59,PITSTOP AMBON SIS,0.0,meteobot
2026-08-15T23:59,CSA BONTANG SIS,0.0,meteobot
2026-08-16 06:40:38,ITABAL8,0.0,weather
2026-08-15T23:59,VP SABANG TIMUR SIS,0.0,meteobot
2026-08-15T23:59,VP OB 1 SIS,0.0,meteobot
2026-08-15T23:59,PITSTOP AMBON SIS,0.0,meteobot
2026-08-15T23:59,CSA BONTANG SIS,0.0,meteobot
2026-08-16 06:57:25,ITABAL8,0.0,weather
2026-08-15T23:59,VP SABANG TIMUR SIS,0.0,meteobot
2026-08-15T23:59,VP OB 1 SIS,0.0,meteobot
2026-08-15T23:59,PITSTOP AMBON SIS,0.0,meteobot
2026-08-15T23:59,CSA BONTANG SIS,0.0,meteobot
2026-08-16 07:19:17,ITABAL8,0.0,weather
2026-08-15T23:59,VP SABANG TIMUR SIS,0.0,meteobot
2026-08-15T23:59,VP OB 1 SIS,0.0,meteobot
2026-08-15T23:59,PITSTOP AMBON SIS,0.0,meteobot
2026-08-15T23:59,CSA BONTANG SIS,0.0,meteobot
2026-08-16 07:38:44,ITABAL8,0.0,weather
2026-08-15T23:59,VP SABANG TIMUR SIS,0.0,meteobot
2026-08-15T23:59,VP OB 1 SIS,0.0,meteobot
2026-08-15T23:59,PITSTOP AMBON SIS,0.0,meteobot
2026-08-15T23:59,CSA BONTANG SIS,0.0,meteobot
2026-08-16 07:54:07,ITABAL8,0.0,weather
2026-08-15T23:59,VP SABANG TIMUR SIS,0.0,meteobot
2026-08-15T23:59,VP OB 1 SIS,0.0,meteobot
2026-08-15T23:59,PITSTOP AMBON SIS,0.0,meteobot
2026-08-15T23:59,CSA BONTANG SIS,0.0,meteobot
2026-08-16 08:42:31,ITABAL8,0.0,weather
2026-08-16 08:42:31,ITABAL9,0.0,weather
2026-08-16T08:43,VP SABANG TIMUR SIS,0.0,meteobot
2026-08-16T08:42,VP OB 1 SIS,0.0,meteobot
2026-08-16T08:42,PITSTOP AMBON SIS,0.0,meteobot
2026-08-16T08:43,CSA BONTANG SIS,0.0,meteobot
2026-08-16 10:10:14,ITABAL8,0.0,weather
2026-08-16T10:10,VP SABANG TIMUR SIS,0.0,meteobot
2026-08-16T10:10,VP OB 1 SIS,0.0,meteobot
2026-08-16T10:10,PITSTOP AMBON SIS,0.0,meteobot
2026-08-16T10:10,CSA BONTANG SIS,0.0,meteobot
2026-08-16 11:11:17,ITABAL8,0.0,weather
2026-08-16T11:11,VP SABANG TIMUR SIS,0.0,meteobot
2026-08-16T11:11,VP OB 1 SIS,0.0,meteobot
2026-08-16T11:11,PITSTOP AMBON SIS,0.0,meteobot
2026-08-16T11:12,CSA BONTANG SIS,0.0,meteobot
2026-08-16 11:58:02,ITABAL8,0.0,weather
2026-08-16T11:58,VP SABANG TIMUR SIS,0.0,meteobot
2026-08-16T11:57,VP OB 1 SIS,0.0,meteobot
2026-08-16T11:58,PITSTOP AMBON SIS,0.0,meteobot
2026-08-16T11:58,CSA BONTANG SIS,0.0,meteobot
2026-08-16 12:35:45,ITABAL8,0.0,weather
2026-08-16T12:36,VP SABANG TIMUR SIS,0.0,meteobot
2026-08-16T12:35,VP OB 1 SIS,0.0,meteobot
2026-08-16T12:36,PITSTOP AMBON SIS,0.0,meteobot
2026-08-16T12:36,CSA BONTANG SIS,0.0,meteobot
2026-08-16 13:03:34,ITABAL8,0.0,weather
2026-08-16T13:04,VP SABANG TIMUR SIS,0.0,meteobot
2026-08-16T13:03,VP OB 1 SIS,0.0,meteobot
2026-08-16T13:04,PITSTOP AMBON SIS,0.0,meteobot
2026-08-16T13:04,CSA BONTANG SIS,0.0,meteobot
2026-08-16 13:36:44,ITABAL8,0.0,weather
2026-08-16T13:37,VP SABANG TIMUR SIS,0.0,meteobot
2026-08-16T13:36,VP OB 1 SIS,0.0,meteobot
2026-08-16T13:37,PITSTOP AMBON SIS,0.0,meteobot
2026-08-16T13:37,CSA BONTANG SIS,0.0,meteobot
2026-08-16 13:58:01,ITABAL8,0.0,weather
2026-08-16T13:58,VP SABANG TIMUR SIS,0.0,meteobot
2026-08-16T13:57,VP OB 1 SIS,0.0,meteobot
2026-08-16T13:58,PITSTOP AMBON SIS,0.0,meteobot
2026-08-16T13:58,CSA BONTANG SIS,0.0,meteobot
2026-08-16 14:39:52,ITABAL8,0.0,weather
2026-08-16T14:40,VP SABANG TIMUR SIS,0.0,meteobot
2026-08-16T14:39,VP OB 1 SIS,0.0,meteobot
2026-08-16T14:40,PITSTOP AMBON SIS,0.0,meteobot
2026-08-16T14:40,CSA BONTANG SIS,0.0,meteobot
2026-08-16 15:17:21,ITABAL8,0.0,weather
2026-08-16T15:17,VP SABANG TIMUR SIS,0.0,meteobot
2026-08-16T15:17,VP OB 1 SIS,0.0,meteobot
2026-08-16T15:17,PITSTOP AMBON SIS,0.0,meteobot
2026-08-16T15:18,CSA BONTANG SIS,0.0,meteobot
2026-08-16 15:47:49,ITABAL8,0.0,weather
2026-08-16T15:48,VP SABANG TIMUR SIS,0.0,meteobot
2026-08-16T15:47,VP OB 1 SIS,0.0,meteobot
2026-08-16T15:48,PITSTOP AMBON SIS,0.0,meteobot
2026-08-16T15:48,CSA BONTANG SIS,0.0,meteobot
2026-08-16 16:03:41,ITABAL8,0.0,weather
2026-08-16T16:04,VP SABANG TIMUR SIS,0.0,meteobot
2026-08-16T16:03,VP OB 1 SIS,0.0,meteobot
2026-08-16T16:04,PITSTOP AMBON SIS,0.0,meteobot
2026-08-16T16:04,CSA BONTANG SIS,0.0,meteobot
2026-08-16 16:40:33,ITABAL8,0.0,weather
2026-08-16T16:41,VP SABANG TIMUR SIS,0.0,meteobot
2026-08-16T16:40,VP OB 1 SIS,0.0,meteobot
2026-08-16T16:41,PITSTOP AMBON SIS,0.0,meteobot
2026-08-16T16:41,CSA BONTANG SIS,0.0,meteobot
2026-08-16 17:01:54,ITABAL8,0.0,weather
2026-08-16T17:02,VP SABANG TIMUR SIS,0.0,meteobot
2026-08-16T17:01,VP OB 1 SIS,0.0,meteobot
2026-08-16T17:02,PITSTOP AMBON SIS,0.0,meteobot
2026-08-16T17:02,CSA BONTANG SIS,0.0,meteobot
2026-08-16 17:35:08,ITABAL8,0.0,weather
2026-08-16T17:35,VP SABANG TIMUR SIS,0.0,meteobot
2026-08-16T17:34,VP OB 1 SIS,0.0,meteobot
2026-08-16T17:35,PITSTOP AMBON SIS,0.0,meteobot
2026-08-16T17:35,CSA BONTANG SIS,0.0,meteobot
2026-08-16 17:54:30,ITABAL8,0.0,weather
2026-08-16T17:55,VP SABANG TIMUR SIS,0.0,meteobot
2026-08-16T17:54,VP OB 1 SIS,0.0,meteobot
2026-08-16T17:54,PITSTOP AMBON SIS,0.0,meteobot
2026-08-16T17:55,CSA BONTANG SIS,0.0,meteobot
2026-08-16 18:13:58,ITABAL8,0.0,weather
2026-08-16T18:14,VP SABANG TIMUR SIS,0.0,meteobot
2026-08-16T18:13,VP OB 1 SIS,0.0,meteobot
2026-08-16T18:14,PITSTOP AMBON SIS,0.0,meteobot
2026-08-16T18:14,CSA BONTANG SIS,0.0,meteobot
2026-08-16 18:41:03,ITABAL8,0.0,weather
2026-08-16T18:41,VP SABANG TIMUR SIS,0.0,meteobot
2026-08-16T18:40,VP OB 1 SIS,0.0,meteobot
2026-08-16T18:41,PITSTOP AMBON SIS,0.0,meteobot
2026-08-16T18:41,CSA BONTANG SIS,0.0,meteobot
2026-08-16 18:58:10,ITABAL8,0.0,weather
2026-08-16T18:58,VP SABANG TIMUR SIS,0.0,meteobot
2026-08-16T18:57,VP OB 1 SIS,0.0,meteobot
2026-08-16T18:58,PITSTOP AMBON SIS,0.0,meteobot
2026-08-16T18:58,CSA BONTANG SIS,0.0,meteobot
2026-08-16 19:20:34,ITABAL8,0.0,weather
2026-08-16T19:21,VP SABANG TIMUR SIS,0.0,meteobot
2026-08-16T19:20,VP OB 1 SIS,0.0,meteobot
2026-08-16T19:21,PITSTOP AMBON SIS,0.0,meteobot
2026-08-16T19:21,CSA BONTANG SIS,0.0,meteobot
2026-08-16 19:39:29,ITABAL8,0.0,weather
2026-08-16T19:40,VP SABANG TIMUR SIS,0.0,meteobot
2026-08-16T19:39,VP OB 1 SIS,0.0,meteobot
2026-08-16T19:39,PITSTOP AMBON SIS,0.0,meteobot
2026-08-16T19:40,CSA BONTANG SIS,0.0,meteobot
2026-08-16 19:54:39,ITABAL8,0.0,weather
2026-08-16T19:55,VP SABANG TIMUR SIS,0.0,meteobot
2026-08-16T19:54,VP OB 1 SIS,0.0,meteobot
2026-08-16T19:55,PITSTOP AMBON SIS,0.0,meteobot
2026-08-16T19:55,CSA BONTANG SIS,0.0,meteobot
2026-08-16 20:21:28,ITABAL8,0.0,weather
2026-08-16T20:22,VP SABANG TIMUR SIS,0.0,meteobot
2026-08-16T20:21,VP OB 1 SIS,0.0,meteobot
2026-08-16T20:21,PITSTOP AMBON SIS,0.0,meteobot
2026-08-16T20:22,CSA BONTANG SIS,0.0,meteobot
2026-08-16 21:05:00,ITABAL8,0.0,weather
2026-08-16T21:05,VP SABANG TIMUR SIS,0.0,meteobot
2026-08-16T21:04,VP OB 1 SIS,0.0,meteobot
2026-08-16T21:05,PITSTOP AMBON SIS,0.0,meteobot
2026-08-16T21:05,CSA BONTANG SIS,0.0,meteobot
2026-08-16 21:39:06,ITABAL8,0.0,weather
2026-08-16T21:39,VP SABANG TIMUR SIS,0.0,meteobot
2026-08-16T21:38,VP OB 1 SIS,0.0,meteobot
2026-08-16T21:39,PITSTOP AMBON SIS,0.0,meteobot
2026-08-16T21:39,CSA BONTANG SIS,0.0,meteobot
2026-08-16 21:57:19,ITABAL8,0.0,weather
2026-08-16T21:57,VP SABANG TIMUR SIS,0.0,meteobot
2026-08-16T21:57,VP OB 1 SIS,0.0,meteobot
2026-08-16T21:57,PITSTOP AMBON SIS,0.0,meteobot
2026-08-16T21:58,CSA BONTANG SIS,0.0,meteobot
2026-08-16 22:20:54,ITABAL8,0.0,weather
2026-08-16T22:21,VP SABANG TIMUR SIS,0.0,meteobot
2026-08-16T22:20,VP OB 1 SIS,0.0,meteobot
2026-08-16T22:21,PITSTOP AMBON SIS,0.0,meteobot
2026-08-16T22:21,CSA BONTANG SIS,0.0,meteobot
2026-08-16 22:43:15,ITABAL8,0.0,weather
2026-08-16T22:43,VP SABANG TIMUR SIS,0.0,meteobot
2026-08-16T22:43,VP OB 1 SIS,0.0,meteobot
2026-08-16T22:43,PITSTOP AMBON SIS,0.0,meteobot
2026-08-16T22:44,CSA BONTANG SIS,0.0,meteobot
2026-08-16 22:59:20,ITABAL8,0.0,weather
2026-08-16T22:59,VP SABANG TIMUR SIS,0.0,meteobot
2026-08-16T22:59,VP OB 1 SIS,0.0,meteobot
2026-08-16T22:59,PITSTOP AMBON SIS,0.0,meteobot
2026-08-16T23:00,CSA BONTANG SIS,0.0,meteobot
2026-08-16 23:25:53,ITABAL8,0.0,weather
2026-08-16T23:26,VP SABANG TIMUR SIS,0.0,meteobot
2026-08-16T23:25,VP OB 1 SIS,0.0,meteobot
2026-08-16T23:26,PITSTOP AMBON SIS,0.0,meteobot
2026-08-16T23:26,CSA BONTANG SIS,0.0,meteobot
2026-08-16 23:44:15,ITABAL8,0.0,weather
2026-08-16T23:44,VP SABANG TIMUR SIS,0.0,meteobot
2026-08-16T23:44,VP OB 1 SIS,0.0,meteobot
2026-08-16T23:44,PITSTOP AMBON SIS,0.0,meteobot
2026-08-16T23:44,CSA BONTANG SIS,0.0,meteobot
2026-08-16 23:58:12,ITABAL8,0.0,weather
2026-08-16T23:58,VP SABANG TIMUR SIS,0.0,meteobot
2026-08-16T23:57,VP OB 1 SIS,0.0,meteobot
2026-08-16T23:58,PITSTOP AMBON SIS,0.0,meteobot
2026-08-16T23:58,CSA BONTANG SIS,0.0,meteobot
2026-08-17 00:26:25,ITABAL8,0.0,weather
2026-08-16T23:59,VP SABANG TIMUR SIS,0.0,meteobot
2026-08-16T23:59,VP OB 1 SIS,0.0,meteobot
2026-08-16T23:59,PITSTOP AMBON SIS,0.0,meteobot
2026-08-16T23:59,CSA BONTANG SIS,0.0,meteobot
2026-08-17 00:49:38,ITABAL8,0.0,weather
2026-08-16T23:59,VP SABANG TIMUR SIS,0.0,meteobot
2026-08-16T23:59,VP OB 1 SIS,0.0,meteobot
2026-08-16T23:59,PITSTOP AMBON SIS,0.0,meteobot
2026-08-16T23:59,CSA BONTANG SIS,0.0,meteobot
2026-08-17 01:06:22,ITABAL8,0.0,weather
2026-08-16T23:59,VP SABANG TIMUR SIS,0.0,meteobot
2026-08-16T23:59,VP OB 1 SIS,0.0,meteobot
2026-08-16T23:59,PITSTOP AMBON SIS,0.0,meteobot
2026-08-16T23:59,CSA BONTANG SIS,0.0,meteobot
2026-08-17 01:30:25,ITABAL8,0.0,weather
2026-08-16T23:59,VP SABANG TIMUR SIS,0.0,meteobot
2026-08-16T23:59,VP OB 1 SIS,0.0,meteobot
2026-08-16T23:59,PITSTOP AMBON SIS,0.0,meteobot
2026-08-16T23:59,CSA BONTANG SIS,0.0,meteobot
2026-08-17 01:47:58,ITABAL8,0.0,weather
2026-08-16T23:59,VP SABANG TIMUR SIS,0.0,meteobot
2026-08-16T23:59,VP OB 1 SIS,0.0,meteobot
2026-08-16T23:59,PITSTOP AMBON SIS,0.0,meteobot
2026-08-16T23:59,CSA BONTANG SIS,0.0,meteobot
2026-08-17 01:59:31,ITABAL8,0.0,weather
2026-08-16T23:59,VP SABANG TIMUR SIS,0.0,meteobot
2026-08-16T23:59,VP OB 1 SIS,0.0,meteobot
2026-08-16T23:59,PITSTOP AMBON SIS,0.0,meteobot
2026-08-16T23:59,CSA BONTANG SIS,0.0,meteobot
2026-08-17 02:35:12,ITABAL8,0.0,weather
2026-08-16T23:59,VP SABANG TIMUR SIS,0.0,meteobot
2026-08-16T23:59,VP OB 1 SIS,0.0,meteobot
2026-08-16T23:59,PITSTOP AMBON SIS,0.0,meteobot
2026-08-16T23:59,CSA BONTANG SIS,0.0,meteobot
2026-08-17 02:59:01,ITABAL8,0.0,weather
2026-08-16T23:59,VP SABANG TIMUR SIS,0.0,meteobot
2026-08-16T23:59,VP OB 1 SIS,0.0,meteobot
2026-08-16T23:59,PITSTOP AMBON SIS,0.0,meteobot
2026-08-16T23:59,CSA BONTANG SIS,0.0,meteobot
2026-08-17 03:23:15,ITABAL8,0.0,weather
2026-08-16T23:59,VP SABANG TIMUR SIS,0.0,meteobot
2026-08-16T23:59,VP OB 1 SIS,0.0,meteobot
2026-08-16T23:59,PITSTOP AMBON SIS,0.0,meteobot
2026-08-16T23:59,CSA BONTANG SIS,0.0,meteobot
2026-08-17 03:40:00,ITABAL8,0.0,weather
2026-08-16T23:59,VP SABANG TIMUR SIS,0.0,meteobot
2026-08-16T23:59,VP OB 1 SIS,0.0,meteobot
2026-08-16T23:59,PITSTOP AMBON SIS,0.0,meteobot
2026-08-16T23:59,CSA BONTANG SIS,0.0,meteobot
2026-08-17 03:52:54,ITABAL8,0.0,weather
2026-08-16T23:59,VP SABANG TIMUR SIS,0.0,meteobot
2026-08-16T23:59,VP OB 1 SIS,0.0,meteobot
2026-08-16T23:59,PITSTOP AMBON SIS,0.0,meteobot
2026-08-16T23:59,CSA BONTANG SIS,0.0,meteobot
2026-08-17 04:07:01,ITABAL8,0.0,weather
2026-08-16T23:59,VP SABANG TIMUR SIS,0.0,meteobot
2026-08-16T23:59,VP OB 1 SIS,0.0,meteobot
2026-08-16T23:59,PITSTOP AMBON SIS,0.0,meteobot
2026-08-16T23:59,CSA BONTANG SIS,0.0,meteobot
2026-08-17 04:33:55,ITABAL8,0.0,weather
2026-08-16T23:59,VP SABANG TIMUR SIS,0.0,meteobot
2026-08-16T23:59,VP OB 1 SIS,0.0,meteobot
2026-08-16T23:59,PITSTOP AMBON SIS,0.0,meteobot
2026-08-16T23:59,CSA BONTANG SIS,0.0,meteobot
2026-08-17 04:52:32,ITABAL8,0.0,weather
2026-08-16T23:59,VP SABANG TIMUR SIS,0.0,meteobot
2026-08-16T23:59,VP OB 1 SIS,0.0,meteobot
2026-08-16T23:59,PITSTOP AMBON SIS,0.0,meteobot
2026-08-16T23:59,CSA BONTANG SIS,0.0,meteobot
2026-08-17 05:06:56,ITABAL8,0.0,weather
2026-08-16T23:59,VP SABANG TIMUR SIS,0.0,meteobot
2026-08-16T23:59,VP OB 1 SIS,0.0,meteobot
2026-08-16T23:59,PITSTOP AMBON SIS,0.0,meteobot
2026-08-16T23:59,CSA BONTANG SIS,0.0,meteobot
2026-08-17 05:31:14,ITABAL8,0.0,weather
2026-08-16T23:59,VP SABANG TIMUR SIS,0.0,meteobot
2026-08-16T23:59,VP OB 1 SIS,0.0,meteobot
2026-08-16T23:59,PITSTOP AMBON SIS,0.0,meteobot
2026-08-16T23:59,CSA BONTANG SIS,0.0,meteobot
2026-08-17 05:47:49,ITABAL8,0.0,weather
2026-08-16T23:59,VP SABANG TIMUR SIS,0.0,meteobot
2026-08-16T23:59,VP OB 1 SIS,0.0,meteobot
2026-08-16T23:59,PITSTOP AMBON SIS,0.0,meteobot
2026-08-16T23:59,CSA BONTANG SIS,0.0,meteobot
2026-08-17 05:59:12,ITABAL8,0.0,weather
2026-08-16T23:59,VP SABANG TIMUR SIS,0.0,meteobot
2026-08-16T23:59,VP OB 1 SIS,0.0,meteobot
2026-08-16T23:59,PITSTOP AMBON SIS,0.0,meteobot
2026-08-16T23:59,CSA BONTANG SIS,0.0,meteobot
2026-08-17 06:24:58,ITABAL8,0.0,weather
2026-08-16T23:59,VP SABANG TIMUR SIS,0.0,meteobot
2026-08-16T23:59,VP OB 1 SIS,0.0,meteobot
2026-08-16T23:59,PITSTOP AMBON SIS,0.0,meteobot
2026-08-16T23:59,CSA BONTANG SIS,0.0,meteobot
2026-08-17 06:43:51,ITABAL8,0.0,weather
2026-08-16T23:59,VP SABANG TIMUR SIS,0.0,meteobot
2026-08-16T23:59,VP OB 1 SIS,0.0,meteobot
2026-08-16T23:59,PITSTOP AMBON SIS,0.0,meteobot
2026-08-16T23:59,CSA BONTANG SIS,0.0,meteobot
2026-08-17 06:58:01,ITABAL8,0.0,weather
2026-08-16T23:59,VP SABANG TIMUR SIS,0.0,meteobot
2026-08-16T23:59,VP OB 1 SIS,0.0,meteobot
2026-08-16T23:59,PITSTOP AMBON SIS,0.0,meteobot
2026-08-16T23:59,CSA BONTANG SIS,0.0,meteobot
2026-08-17 07:19:42,ITABAL8,0.0,weather
2026-08-16T23:59,VP SABANG TIMUR SIS,0.0,meteobot
2026-08-16T23:59,VP OB 1 SIS,0.0,meteobot
2026-08-16T23:59,PITSTOP AMBON SIS,0.0,meteobot
2026-08-16T23:59,CSA BONTANG SIS,0.0,meteobot
2026-08-17 07:38:21,ITABAL8,0.0,weather
2026-08-16T23:59,VP SABANG TIMUR SIS,0.0,meteobot
2026-08-16T23:59,VP OB 1 SIS,0.0,meteobot
2026-08-16T23:59,PITSTOP AMBON SIS,0.0,meteobot
2026-08-16T23:59,CSA BONTANG SIS,0.0,meteobot
2026-08-17 07:53:05,ITABAL8,0.0,weather
2026-08-16T23:59,VP SABANG TIMUR SIS,0.0,meteobot
2026-08-16T23:59,VP OB 1 SIS,0.0,meteobot
2026-08-16T23:59,PITSTOP AMBON SIS,0.0,meteobot
2026-08-16T23:59,CSA BONTANG SIS,0.0,meteobot
2026-08-17 08:31:02,ITABAL8,0.0,weather
2026-08-17T08:31,VP SABANG TIMUR SIS,0.0,meteobot
2026-08-17T08:30,VP OB 1 SIS,0.0,meteobot
2026-08-17T08:31,PITSTOP AMBON SIS,0.0,meteobot
2026-08-17T08:31,CSA BONTANG SIS,0.0,meteobot
2026-08-17 10:05:34,ITABAL8,0.0,weather
2026-08-17T10:06,VP SABANG TIMUR SIS,0.0,meteobot
2026-08-17T10:05,VP OB 1 SIS,0.0,meteobot
2026-08-17T10:06,PITSTOP AMBON SIS,0.0,meteobot
2026-08-17T10:06,CSA BONTANG SIS,0.0,meteobot
2026-08-17 11:08:39,ITABAL8,0.0,weather
2026-08-17T11:09,VP SABANG TIMUR SIS,0.0,meteobot
2026-08-17T11:08,VP OB 1 SIS,0.0,meteobot
2026-08-17T11:09,PITSTOP AMBON SIS,0.0,meteobot
2026-08-17T11:09,CSA BONTANG SIS,0.0,meteobot
2026-08-17 11:58:54,ITABAL8,0.0,weather
2026-08-17T11:59,VP SABANG TIMUR SIS,0.0,meteobot
2026-08-17T11:58,VP OB 1 SIS,0.0,meteobot
2026-08-17T11:59,PITSTOP AMBON SIS,0.0,meteobot
2026-08-17T11:59,CSA BONTANG SIS,0.0,meteobot
2026-08-17 12:45:12,ITABAL8,0.0,weather
2026-08-17T12:45,VP SABANG TIMUR SIS,0.0,meteobot
2026-08-17T12:44,VP OB 1 SIS,0.0,meteobot
2026-08-17T12:45,PITSTOP AMBON SIS,0.0,meteobot
2026-08-17T12:45,CSA BONTANG SIS,0.0,meteobot
2026-08-17 13:21:34,ITABAL8,0.0,weather
2026-08-17T13:22,VP SABANG TIMUR SIS,0.0,meteobot
2026-08-17T13:21,VP OB 1 SIS,0.0,meteobot
2026-08-17T13:22,PITSTOP AMBON SIS,0.0,meteobot
2026-08-17T13:22,CSA BONTANG SIS,0.0,meteobot
2026-08-17 13:54:33,ITABAL8,0.0,weather
2026-08-17T13:55,VP SABANG TIMUR SIS,0.0,meteobot
2026-08-17T13:54,VP OB 1 SIS,0.0,meteobot
2026-08-17T13:55,PITSTOP AMBON SIS,0.0,meteobot
2026-08-17T13:55,CSA BONTANG SIS,0.0,meteobot
2026-08-17T14:36,VP SABANG TIMUR SIS,0.0,meteobot
2026-08-17T14:35,VP OB 1 SIS,0.0,meteobot
2026-08-17T14:35,PITSTOP AMBON SIS,0.0,meteobot
2026-08-17T14:36,CSA BONTANG SIS,0.0,meteobot
2026-08-17T15:36,VP SABANG TIMUR SIS,0.0,meteobot
2026-08-17T15:35,VP OB 1 SIS,0.0,meteobot
2026-08-17T15:36,PITSTOP AMBON SIS,0.0,meteobot
2026-08-17T15:36,CSA BONTANG SIS,0.0,meteobot
2026-08-17T16:21,VP SABANG TIMUR SIS,0.0,meteobot
2026-08-17T16:20,VP OB 1 SIS,0.0,meteobot
2026-08-17T16:20,PITSTOP AMBON SIS,0.0,meteobot
2026-08-17T16:21,CSA BONTANG SIS,0.0,meteobot
2026-08-17T17:04,VP SABANG TIMUR SIS,0.0,meteobot
2026-08-17T17:03,VP OB 1 SIS,0.0,meteobot
2026-08-17T17:04,PITSTOP AMBON SIS,0.0,meteobot
2026-08-17T17:04,CSA BONTANG SIS,0.0,meteobot
2026-08-17 17:52:45,ITABAL8,0.0,weather
2026-08-17T17:53,VP SABANG TIMUR SIS,0.0,meteobot
2026-08-17T17:52,VP OB 1 SIS,0.0,meteobot
2026-08-17T17:53,PITSTOP AMBON SIS,0.0,meteobot
2026-08-17T17:53,CSA BONTANG SIS,0.0,meteobot
2026-08-17 18:17:41,ITABAL8,0.0,weather
2026-08-17T18:18,VP SABANG TIMUR SIS,0.0,meteobot
2026-08-17T18:17,VP OB 1 SIS,0.0,meteobot
2026-08-17T18:18,PITSTOP AMBON SIS,0.0,meteobot
2026-08-17T18:18,CSA BONTANG SIS,0.0,meteobot
2026-08-17 18:50:43,ITABAL8,0.0,weather
2026-08-17T18:51,VP SABANG TIMUR SIS,0.0,meteobot
2026-08-17T18:50,VP OB 1 SIS,0.0,meteobot
2026-08-17T18:51,PITSTOP AMBON SIS,0.0,meteobot
2026-08-17T18:51,CSA BONTANG SIS,0.0,meteobot
2026-08-17 19:11:51,ITABAL8,0.0,weather
2026-08-17T19:12,VP SABANG TIMUR SIS,0.0,meteobot
2026-08-17T19:11,VP OB 1 SIS,0.0,meteobot
2026-08-17T19:12,PITSTOP AMBON SIS,0.0,meteobot
2026-08-17T19:12,CSA BONTANG SIS,0.0,meteobot
2026-08-17 19:38:43,ITABAL8,0.0,weather
2026-08-17T19:39,VP SABANG TIMUR SIS,0.0,meteobot
2026-08-17T19:38,VP OB 1 SIS,0.0,meteobot
2026-08-17T19:39,PITSTOP AMBON SIS,0.0,meteobot
2026-08-17T19:39,CSA BONTANG SIS,0.0,meteobot
2026-08-17 19:56:33,ITABAL8,0.0,weather
2026-08-17T19:57,VP SABANG TIMUR SIS,0.0,meteobot
2026-08-17T19:56,VP OB 1 SIS,0.0,meteobot
2026-08-17T19:57,PITSTOP AMBON SIS,0.0,meteobot
2026-08-17T19:57,CSA BONTANG SIS,0.0,meteobot
2026-08-17 20:37:09,ITABAL8,0.0,weather
2026-08-17T20:37,VP SABANG TIMUR SIS,0.0,meteobot
2026-08-17T20:36,VP OB 1 SIS,0.0,meteobot
2026-08-17T20:37,PITSTOP AMBON SIS,0.0,meteobot
2026-08-17T20:37,CSA BONTANG SIS,0.0,meteobot
2026-08-17 21:23:57,ITABAL8,0.0,weather
2026-08-17T21:24,VP SABANG TIMUR SIS,0.0,meteobot
2026-08-17T21:23,VP OB 1 SIS,0.0,meteobot
2026-08-17T21:24,PITSTOP AMBON SIS,0.0,meteobot
2026-08-17T21:24,CSA BONTANG SIS,0.0,meteobot
2026-08-17 21:58:05,ITABAL8,0.0,weather
2026-08-17T21:58,VP SABANG TIMUR SIS,0.0,meteobot
2026-08-17T21:57,VP OB 1 SIS,0.0,meteobot
2026-08-17T21:58,PITSTOP AMBON SIS,0.0,meteobot
2026-08-17T21:58,CSA BONTANG SIS,0.0,meteobot
2026-08-17 22:28:15,ITABAL8,0.0,weather
2026-08-17T22:28,VP SABANG TIMUR SIS,0.0,meteobot
2026-08-17T22:28,VP OB 1 SIS,0.0,meteobot
2026-08-17T22:28,PITSTOP AMBON SIS,0.0,meteobot
2026-08-17T22:29,CSA BONTANG SIS,0.0,meteobot
2026-08-17 22:54:00,ITABAL8,0.0,weather
2026-08-17T22:54,VP SABANG TIMUR SIS,0.0,meteobot
2026-08-17T22:53,VP OB 1 SIS,0.0,meteobot
2026-08-17T22:54,PITSTOP AMBON SIS,0.0,meteobot
2026-08-17T22:54,CSA BONTANG SIS,0.0,meteobot
2026-08-17 23:15:44,ITABAL8,0.0,weather
2026-08-17T23:16,VP SABANG TIMUR SIS,0.0,meteobot
2026-08-17T23:15,VP OB 1 SIS,0.0,meteobot
2026-08-17T23:16,PITSTOP AMBON SIS,0.0,meteobot
2026-08-17T23:16,CSA BONTANG SIS,0.0,meteobot
2026-08-17 23:42:45,ITABAL8,0.0,weather
2026-08-17T23:43,VP SABANG TIMUR SIS,0.0,meteobot
2026-08-17T23:42,VP OB 1 SIS,0.0,meteobot
2026-08-17T23:43,PITSTOP AMBON SIS,0.0,meteobot
2026-08-17T23:43,CSA BONTANG SIS,0.0,meteobot
2026-08-17 23:59:30,ITABAL8,0.0,weather
2026-08-17T23:59,VP SABANG TIMUR SIS,0.0,meteobot
2026-08-17T23:59,VP OB 1 SIS,0.0,meteobot
2026-08-17T23:59,PITSTOP AMBON SIS,0.0,meteobot
2026-08-17T23:59,CSA BONTANG SIS,0.0,meteobot
2026-08-18 00:32:42,ITABAL8,0.0,weather
2026-08-17T23:59,VP SABANG TIMUR SIS,0.0,meteobot
2026-08-17T23:59,VP OB 1 SIS,0.0,meteobot
2026-08-17T23:59,PITSTOP AMBON SIS,0.0,meteobot
2026-08-17T23:59,CSA BONTANG SIS,0.0,meteobot
2026-08-18 00:57:48,ITABAL8,0.0,weather
2026-08-17T23:59,VP SABANG TIMUR SIS,0.0,meteobot
2026-08-17T23:59,VP OB 1 SIS,0.0,meteobot
2026-08-17T23:59,PITSTOP AMBON SIS,0.0,meteobot
2026-08-17T23:59,CSA BONTANG SIS,0.0,meteobot
2026-08-18 01:26:09,ITABAL8,0.0,weather
2026-08-17T23:59,VP SABANG TIMUR SIS,0.0,meteobot
2026-08-17T23:59,VP OB 1 SIS,0.0,meteobot
2026-08-17T23:59,PITSTOP AMBON SIS,0.0,meteobot
2026-08-17T23:59,CSA BONTANG SIS,0.0,meteobot
2026-08-18 01:53:45,ITABAL8,0.0,weather
2026-08-17T23:59,VP SABANG TIMUR SIS,0.0,meteobot
2026-08-17T23:59,VP OB 1 SIS,0.0,meteobot
2026-08-17T23:59,PITSTOP AMBON SIS,0.0,meteobot
2026-08-17T23:59,CSA BONTANG SIS,0.0,meteobot
2026-08-18 02:21:55,ITABAL8,0.0,weather
2026-08-17T23:59,VP SABANG TIMUR SIS,0.0,meteobot
2026-08-17T23:59,VP OB 1 SIS,0.0,meteobot
2026-08-17T23:59,PITSTOP AMBON SIS,0.0,meteobot
2026-08-17T23:59,CSA BONTANG SIS,0.0,meteobot
2026-08-18 03:03:44,ITABAL8,0.0,weather
2026-08-17T23:59,VP SABANG TIMUR SIS,0.0,meteobot
2026-08-17T23:59,VP OB 1 SIS,0.0,meteobot
2026-08-17T23:59,PITSTOP AMBON SIS,0.0,meteobot
2026-08-17T23:59,CSA BONTANG SIS,0.0,meteobot
2026-08-18 03:35:31,ITABAL8,0.0,weather
2026-08-17T23:59,VP SABANG TIMUR SIS,0.0,meteobot
2026-08-17T23:59,VP OB 1 SIS,0.0,meteobot
2026-08-17T23:59,PITSTOP AMBON SIS,0.0,meteobot
2026-08-17T23:59,CSA BONTANG SIS,0.0,meteobot
2026-08-18 03:55:13,ITABAL8,0.0,weather
2026-08-17T23:59,VP SABANG TIMUR SIS,0.0,meteobot
2026-08-17T23:59,VP OB 1 SIS,0.0,meteobot
2026-08-17T23:59,PITSTOP AMBON SIS,0.0,meteobot
2026-08-17T23:59,CSA BONTANG SIS,0.0,meteobot
2026-08-18 04:17:58,ITABAL8,0.0,weather
2026-08-17T23:59,VP SABANG TIMUR SIS,0.0,meteobot
2026-08-17T23:59,VP OB 1 SIS,0.0,meteobot
2026-08-17T23:59,PITSTOP AMBON SIS,0.0,meteobot
2026-08-17T23:59,CSA BONTANG SIS,0.0,meteobot
2026-08-18 04:47:09,ITABAL8,0.0,weather
2026-08-17T23:59,VP SABANG TIMUR SIS,0.0,meteobot
2026-08-17T23:59,VP OB 1 SIS,0.0,meteobot
2026-08-17T23:59,PITSTOP AMBON SIS,0.0,meteobot
2026-08-17T23:59,CSA BONTANG SIS,0.0,meteobot
2026-08-18 05:09:44,ITABAL8,0.0,weather
2026-08-17T23:59,VP SABANG TIMUR SIS,0.0,meteobot
2026-08-17T23:59,VP OB 1 SIS,0.0,meteobot
2026-08-17T23:59,PITSTOP AMBON SIS,0.0,meteobot
2026-08-17T23:59,CSA BONTANG SIS,0.0,meteobot
2026-08-18 05:37:32,ITABAL8,0.0,weather
2026-08-17T23:59,VP SABANG TIMUR SIS,0.0,meteobot
2026-08-17T23:59,VP OB 1 SIS,0.0,meteobot
2026-08-17T23:59,PITSTOP AMBON SIS,0.0,meteobot
2026-08-17T23:59,CSA BONTANG SIS,0.0,meteobot
2026-08-18 05:56:01,ITABAL8,0.0,weather
2026-08-17T23:59,VP SABANG TIMUR SIS,0.0,meteobot
2026-08-17T23:59,VP OB 1 SIS,0.0,meteobot
2026-08-17T23:59,PITSTOP AMBON SIS,0.0,meteobot
2026-08-17T23:59,CSA BONTANG SIS,0.0,meteobot
2026-08-18 06:19:04,ITABAL8,0.0,weather
2026-08-17T23:59,VP SABANG TIMUR SIS,0.0,meteobot
2026-08-17T23:59,VP OB 1 SIS,0.0,meteobot
2026-08-17T23:59,PITSTOP AMBON SIS,0.0,meteobot
2026-08-17T23:59,CSA BONTANG SIS,0.0,meteobot
2026-08-18 06:44:21,ITABAL8,0.0,weather
2026-08-17T23:59,VP SABANG TIMUR SIS,0.0,meteobot
2026-08-17T23:59,VP OB 1 SIS,0.0,meteobot
2026-08-17T23:59,PITSTOP AMBON SIS,0.0,meteobot
2026-08-17T23:59,CSA BONTANG SIS,0.0,meteobot
2026-08-18 07:00:33,ITABAL8,0.0,weather
2026-08-17T23:59,VP SABANG TIMUR SIS,0.0,meteobot
2026-08-17T23:59,VP OB 1 SIS,0.0,meteobot
2026-08-17T23:59,PITSTOP AMBON SIS,0.0,meteobot
2026-08-17T23:59,CSA BONTANG SIS,0.0,meteobot
2026-08-18 07:28:55,ITABAL8,0.0,weather
2026-08-17T23:59,VP SABANG TIMUR SIS,0.0,meteobot
2026-08-17T23:59,VP OB 1 SIS,0.0,meteobot
2026-08-17T23:59,PITSTOP AMBON SIS,0.0,meteobot
2026-08-17T23:59,CSA BONTANG SIS,0.0,meteobot
2026-08-18 07:48:25,ITABAL8,0.0,weather
2026-08-17T23:59,VP SABANG TIMUR SIS,0.0,meteobot
2026-08-17T23:59,VP OB 1 SIS,0.0,meteobot
2026-08-17T23:59,PITSTOP AMBON SIS,0.0,meteobot
2026-08-17T23:59,CSA BONTANG SIS,0.0,meteobot
2026-08-18 08:01:31,ITABAL8,0.0,weather
2026-08-18T08:02,VP SABANG TIMUR SIS,0.0,meteobot
2026-08-18T08:01,VP OB 1 SIS,0.0,meteobot
2026-08-18T08:02,PITSTOP AMBON SIS,0.0,meteobot
2026-08-18T08:02,CSA BONTANG SIS,0.0,meteobot
2026-08-18 09:43:46,ITABAL8,0.0,weather
2026-08-18T09:44,VP SABANG TIMUR SIS,0.0,meteobot
2026-08-18T09:43,VP OB 1 SIS,0.0,meteobot
2026-08-18T09:44,PITSTOP AMBON SIS,0.0,meteobot
2026-08-18T09:44,CSA BONTANG SIS,0.0,meteobot
2026-08-18 10:41:38,ITABAL8,0.0,weather
2026-08-18T10:42,VP SABANG TIMUR SIS,0.0,meteobot
2026-08-18T10:41,VP OB 1 SIS,0.0,meteobot
2026-08-18T10:42,PITSTOP AMBON SIS,0.0,meteobot
2026-08-18T10:42,CSA BONTANG SIS,0.0,meteobot
2026-08-18 11:27:03,ITABAL8,0.0,weather
2026-08-18T11:27,VP SABANG TIMUR SIS,0.0,meteobot
2026-08-18T11:26,VP OB 1 SIS,0.0,meteobot
2026-08-18T11:27,PITSTOP AMBON SIS,0.0,meteobot
2026-08-18T11:27,CSA BONTANG SIS,0.0,meteobot
2026-08-18 12:06:24,ITABAL8,0.0,weather
2026-08-18T12:07,VP SABANG TIMUR SIS,0.0,meteobot
2026-08-18T12:06,VP OB 1 SIS,0.0,meteobot
2026-08-18T12:06,PITSTOP AMBON SIS,0.0,meteobot
2026-08-18T12:07,CSA BONTANG SIS,0.0,meteobot
2026-08-18 12:47:03,ITABAL8,0.0,weather
2026-08-18T12:47,VP SABANG TIMUR SIS,0.0,meteobot
2026-08-18T12:46,VP OB 1 SIS,0.0,meteobot
2026-08-18T12:47,PITSTOP AMBON SIS,0.0,meteobot
2026-08-18T12:47,CSA BONTANG SIS,0.0,meteobot
2026-08-18 13:14:41,ITABAL8,0.0,weather
2026-08-18T13:15,VP SABANG TIMUR SIS,0.0,meteobot
2026-08-18T13:14,VP OB 1 SIS,0.0,meteobot
2026-08-18T13:15,PITSTOP AMBON SIS,0.0,meteobot
2026-08-18T13:15,CSA BONTANG SIS,0.0,meteobot
2026-08-18 13:46:15,ITABAL8,0.0,weather
2026-08-18T13:46,VP SABANG TIMUR SIS,0.0,meteobot
2026-08-18T13:46,VP OB 1 SIS,0.0,meteobot
2026-08-18T13:46,PITSTOP AMBON SIS,0.0,meteobot
2026-08-18T13:47,CSA BONTANG SIS,0.0,meteobot
2026-08-18 14:15:33,ITABAL8,0.0,weather
2026-08-18T14:16,VP SABANG TIMUR SIS,0.0,meteobot
2026-08-18T14:15,VP OB 1 SIS,0.0,meteobot
2026-08-18T14:16,PITSTOP AMBON SIS,0.0,meteobot
2026-08-18T14:16,CSA BONTANG SIS,0.0,meteobot
2026-08-18 15:06:28,ITABAL8,0.0,weather
2026-08-18T15:07,VP SABANG TIMUR SIS,0.0,meteobot
2026-08-18T15:06,VP OB 1 SIS,0.0,meteobot
2026-08-18T15:06,PITSTOP AMBON SIS,0.0,meteobot
2026-08-18T15:07,CSA BONTANG SIS,0.0,meteobot
2026-08-18 15:48:53,ITABAL8,0.0,weather
2026-08-18T15:49,VP SABANG TIMUR SIS,0.0,meteobot
2026-08-18T15:48,VP OB 1 SIS,0.0,meteobot
2026-08-18T15:49,PITSTOP AMBON SIS,0.0,meteobot
2026-08-18T15:49,CSA BONTANG SIS,0.0,meteobot
2026-08-18 16:16:54,ITABAL8,0.0,weather
2026-08-18T16:17,VP SABANG TIMUR SIS,0.0,meteobot
2026-08-18T16:16,VP OB 1 SIS,0.0,meteobot
2026-08-18T16:17,PITSTOP AMBON SIS,0.0,meteobot
2026-08-18T16:17,CSA BONTANG SIS,0.0,meteobot
2026-08-18 16:55:39,ITABAL8,0.0,weather
2026-08-18T16:56,VP SABANG TIMUR SIS,0.0,meteobot
2026-08-18T16:55,VP OB 1 SIS,0.0,meteobot
2026-08-18T16:56,PITSTOP AMBON SIS,0.0,meteobot
2026-08-18T16:56,CSA BONTANG SIS,0.0,meteobot
2026-08-18 17:26:09,ITABAL8,0.0,weather
2026-08-18T17:26,VP SABANG TIMUR SIS,0.0,meteobot
2026-08-18T17:25,VP OB 1 SIS,0.0,meteobot
2026-08-18T17:26,PITSTOP AMBON SIS,0.0,meteobot
2026-08-18T17:26,CSA BONTANG SIS,0.0,meteobot
2026-08-18 17:57:19,ITABAL8,0.0,weather
2026-08-18T17:57,VP SABANG TIMUR SIS,0.0,meteobot
2026-08-18T17:57,VP OB 1 SIS,0.0,meteobot
2026-08-18T17:57,PITSTOP AMBON SIS,0.0,meteobot
2026-08-18T17:58,CSA BONTANG SIS,0.0,meteobot
2026-08-18 18:26:24,ITABAL8,0.0,weather
2026-08-18T18:27,VP SABANG TIMUR SIS,0.0,meteobot
2026-08-18T18:26,VP OB 1 SIS,0.0,meteobot
2026-08-18T18:26,PITSTOP AMBON SIS,0.0,meteobot
2026-08-18T18:27,CSA BONTANG SIS,0.0,meteobot
2026-08-18 18:54:59,ITABAL8,0.0,weather
2026-08-18T18:55,VP SABANG TIMUR SIS,0.0,meteobot
2026-08-18T18:54,VP OB 1 SIS,0.0,meteobot
2026-08-18T18:55,PITSTOP AMBON SIS,0.0,meteobot
2026-08-18T18:55,CSA BONTANG SIS,0.0,meteobot
2026-08-18 19:17:44,ITABAL8,0.0,weather
2026-08-18T19:18,VP SABANG TIMUR SIS,0.0,meteobot
2026-08-18T19:17,VP OB 1 SIS,0.0,meteobot
2026-08-18T19:18,PITSTOP AMBON SIS,0.0,meteobot
2026-08-18T19:18,CSA BONTANG SIS,0.0,meteobot
2026-08-18 19:44:18,ITABAL8,0.0,weather
2026-08-18T19:44,VP SABANG TIMUR SIS,0.0,meteobot
2026-08-18T19:44,VP OB 1 SIS,0.0,meteobot
2026-08-18T19:44,PITSTOP AMBON SIS,0.0,meteobot
2026-08-18T19:45,CSA BONTANG SIS,0.0,meteobot
2026-08-18 20:01:26,ITABAL8,0.0,weather
2026-08-18T20:02,VP SABANG TIMUR SIS,0.0,meteobot
2026-08-18T20:01,VP OB 1 SIS,0.0,meteobot
2026-08-18T20:01,PITSTOP AMBON SIS,0.0,meteobot
2026-08-18T20:02,CSA BONTANG SIS,0.0,meteobot
2026-08-18 21:00:32,ITABAL8,0.0,weather
2026-08-18T21:01,VP SABANG TIMUR SIS,0.0,meteobot
2026-08-18T21:00,VP OB 1 SIS,0.0,meteobot
2026-08-18T21:01,PITSTOP AMBON SIS,0.0,meteobot
2026-08-18T21:01,CSA BONTANG SIS,0.0,meteobot
2026-08-18 21:48:14,ITABAL8,0.0,weather
2026-08-18T21:48,VP SABANG TIMUR SIS,0.0,meteobot
2026-08-18T21:47,VP OB 1 SIS,0.0,meteobot
2026-08-18T21:48,PITSTOP AMBON SIS,0.0,meteobot
2026-08-18T21:49,CSA BONTANG SIS,0.0,meteobot
2026-08-18 22:17:20,ITABAL8,0.0,weather
2026-08-18T22:18,VP SABANG TIMUR SIS,0.0,meteobot
2026-08-18T22:17,VP OB 1 SIS,0.0,meteobot
2026-08-18T22:17,PITSTOP AMBON SIS,0.0,meteobot
2026-08-18T22:18,CSA BONTANG SIS,0.0,meteobot
2026-08-18 22:55:02,ITABAL8,0.0,weather
2026-08-18T22:55,VP SABANG TIMUR SIS,0.0,meteobot
2026-08-18T22:54,VP OB 1 SIS,0.0,meteobot
2026-08-18T22:55,PITSTOP AMBON SIS,0.0,meteobot
2026-08-18T22:55,CSA BONTANG SIS,0.0,meteobot
2026-08-18 23:23:22,ITABAL8,0.0,weather
2026-08-18T23:24,VP SABANG TIMUR SIS,0.0,meteobot
2026-08-18T23:23,VP OB 1 SIS,0.0,meteobot
2026-08-18T23:23,PITSTOP AMBON SIS,0.0,meteobot
2026-08-18T23:24,CSA BONTANG SIS,0.0,meteobot
2026-08-18 23:53:25,ITABAL8,0.0,weather
2026-08-18T23:54,VP SABANG TIMUR SIS,0.0,meteobot
2026-08-18T23:53,VP OB 1 SIS,0.0,meteobot
2026-08-18T23:53,PITSTOP AMBON SIS,0.0,meteobot
2026-08-18T23:54,CSA BONTANG SIS,0.0,meteobot
2026-08-19 00:17:13,ITABAL8,0.0,weather
2026-08-18T23:59,VP SABANG TIMUR SIS,0.0,meteobot
2026-08-18T23:59,VP OB 1 SIS,0.0,meteobot
2026-08-18T23:59,PITSTOP AMBON SIS,0.0,meteobot
2026-08-18T23:59,CSA BONTANG SIS,0.0,meteobot
2026-08-19 00:51:36,ITABAL8,0.0,weather
2026-08-18T23:59,VP SABANG TIMUR SIS,0.0,meteobot
2026-08-18T23:59,VP OB 1 SIS,0.0,meteobot
2026-08-18T23:59,PITSTOP AMBON SIS,0.0,meteobot
2026-08-18T23:59,CSA BONTANG SIS,0.0,meteobot
2026-08-19 01:14:01,ITABAL8,0.0,weather
2026-08-18T23:59,VP SABANG TIMUR SIS,0.0,meteobot
2026-08-18T23:59,VP OB 1 SIS,0.0,meteobot
2026-08-18T23:59,PITSTOP AMBON SIS,0.0,meteobot
2026-08-18T23:59,CSA BONTANG SIS,0.0,meteobot
2026-08-19 01:44:12,ITABAL8,0.0,weather
2026-08-18T23:59,VP SABANG TIMUR SIS,0.0,meteobot
2026-08-18T23:59,VP OB 1 SIS,0.0,meteobot
2026-08-18T23:59,PITSTOP AMBON SIS,0.0,meteobot
2026-08-18T23:59,CSA BONTANG SIS,0.0,meteobot
2026-08-19 02:03:00,ITABAL8,0.0,weather
2026-08-18T23:59,VP SABANG TIMUR SIS,0.0,meteobot
2026-08-18T23:59,VP OB 1 SIS,0.0,meteobot
2026-08-18T23:59,PITSTOP AMBON SIS,0.0,meteobot
2026-08-18T23:59,CSA BONTANG SIS,0.0,meteobot
2026-08-19 02:50:40,ITABAL8,0.0,weather
2026-08-18T23:59,VP SABANG TIMUR SIS,0.0,meteobot
2026-08-18T23:59,VP OB 1 SIS,0.0,meteobot
2026-08-18T23:59,PITSTOP AMBON SIS,0.0,meteobot
2026-08-18T23:59,CSA BONTANG SIS,0.0,meteobot
2026-08-19 03:17:25,ITABAL8,0.0,weather
2026-08-18T23:59,VP SABANG TIMUR SIS,0.0,meteobot
2026-08-18T23:59,VP OB 1 SIS,0.0,meteobot
2026-08-18T23:59,PITSTOP AMBON SIS,0.0,meteobot
2026-08-18T23:59,CSA BONTANG SIS,0.0,meteobot
2026-08-19 03:43:27,ITABAL8,0.0,weather
2026-08-18T23:59,VP SABANG TIMUR SIS,0.0,meteobot
2026-08-18T23:59,VP OB 1 SIS,0.0,meteobot
2026-08-18T23:59,PITSTOP AMBON SIS,0.0,meteobot
2026-08-18T23:59,CSA BONTANG SIS,0.0,meteobot
2026-08-19 03:57:54,ITABAL8,0.0,weather
2026-08-18T23:59,VP SABANG TIMUR SIS,0.0,meteobot
2026-08-18T23:59,VP OB 1 SIS,0.0,meteobot
2026-08-18T23:59,PITSTOP AMBON SIS,0.0,meteobot
2026-08-18T23:59,CSA BONTANG SIS,0.0,meteobot
2026-08-19 04:23:40,ITABAL8,0.0,weather
2026-08-18T23:59,VP SABANG TIMUR SIS,0.0,meteobot
2026-08-18T23:59,VP OB 1 SIS,0.0,meteobot
2026-08-18T23:59,PITSTOP AMBON SIS,0.0,meteobot
2026-08-18T23:59,CSA BONTANG SIS,0.0,meteobot
2026-08-19 04:45:00,ITABAL8,0.0,weather
2026-08-18T23:59,VP SABANG TIMUR SIS,0.0,meteobot
2026-08-18T23:59,VP OB 1 SIS,0.0,meteobot
2026-08-18T23:59,PITSTOP AMBON SIS,0.0,meteobot
2026-08-18T23:59,CSA BONTANG SIS,0.0,meteobot
2026-08-19 05:01:56,ITABAL8,0.0,weather
2026-08-18T23:59,VP SABANG TIMUR SIS,0.0,meteobot
2026-08-18T23:59,VP OB 1 SIS,0.0,meteobot
2026-08-18T23:59,PITSTOP AMBON SIS,0.0,meteobot
2026-08-18T23:59,CSA BONTANG SIS,0.0,meteobot
2026-08-19 05:31:28,ITABAL8,0.0,weather
2026-08-18T23:59,VP SABANG TIMUR SIS,0.0,meteobot
2026-08-18T23:59,VP OB 1 SIS,0.0,meteobot
2026-08-18T23:59,PITSTOP AMBON SIS,0.0,meteobot
2026-08-18T23:59,CSA BONTANG SIS,0.0,meteobot
2026-08-19 05:50:13,ITABAL8,0.0,weather
2026-08-18T23:59,VP SABANG TIMUR SIS,0.0,meteobot
2026-08-18T23:59,VP OB 1 SIS,0.0,meteobot
2026-08-18T23:59,PITSTOP AMBON SIS,0.0,meteobot
2026-08-18T23:59,CSA BONTANG SIS,0.0,meteobot
2026-08-19 06:01:27,ITABAL8,0.0,weather
2026-08-18T23:59,VP SABANG TIMUR SIS,0.0,meteobot
2026-08-18T23:59,VP OB 1 SIS,0.0,meteobot
2026-08-18T23:59,PITSTOP AMBON SIS,0.0,meteobot
2026-08-18T23:59,CSA BONTANG SIS,0.0,meteobot
2026-08-19 06:32:38,ITABAL8,0.0,weather
2026-08-18T23:59,VP SABANG TIMUR SIS,0.0,meteobot
2026-08-18T23:59,VP OB 1 SIS,0.0,meteobot
2026-08-18T23:59,PITSTOP AMBON SIS,0.0,meteobot
2026-08-18T23:59,CSA BONTANG SIS,0.0,meteobot
2026-08-19 06:54:13,ITABAL8,0.0,weather
2026-08-18T23:59,VP SABANG TIMUR SIS,0.0,meteobot
2026-08-18T23:59,VP OB 1 SIS,0.0,meteobot
2026-08-18T23:59,PITSTOP AMBON SIS,0.0,meteobot
2026-08-18T23:59,CSA BONTANG SIS,0.0,meteobot
2026-08-19 07:12:50,ITABAL8,0.0,weather
2026-08-18T23:59,VP SABANG TIMUR SIS,0.0,meteobot
2026-08-18T23:59,VP OB 1 SIS,0.0,meteobot
2026-08-18T23:59,PITSTOP AMBON SIS,0.0,meteobot
2026-08-18T23:59,CSA BONTANG SIS,0.0,meteobot
2026-08-19 07:35:42,ITABAL8,0.0,weather
2026-08-18T23:59,VP SABANG TIMUR SIS,0.0,meteobot
2026-08-18T23:59,VP OB 1 SIS,0.0,meteobot
2026-08-18T23:59,PITSTOP AMBON SIS,0.0,meteobot
2026-08-18T23:59,CSA BONTANG SIS,0.0,meteobot
2026-08-19 07:53:52,ITABAL8,0.0,weather
2026-08-18T23:59,VP SABANG TIMUR SIS,0.0,meteobot
2026-08-18T23:59,VP OB 1 SIS,0.0,meteobot
2026-08-18T23:59,PITSTOP AMBON SIS,0.0,meteobot
2026-08-18T23:59,CSA BONTANG SIS,0.0,meteobot
2026-08-19 08:37:29,ITABAL8,0.0,weather
2026-08-19T08:38,VP SABANG TIMUR SIS,0.0,meteobot
2026-08-19T08:37,VP OB 1 SIS,0.0,meteobot
2026-08-19T08:37,PITSTOP AMBON SIS,0.0,meteobot
2026-08-19T08:38,CSA BONTANG SIS,0.0,meteobot
2026-08-19 10:05:54,ITABAL8,0.0,weather
2026-08-19T10:06,VP SABANG TIMUR SIS,0.0,meteobot
2026-08-19T10:05,VP OB 1 SIS,0.0,meteobot
2026-08-19T10:06,PITSTOP AMBON SIS,0.0,meteobot
2026-08-19T10:06,CSA BONTANG SIS,0.0,meteobot
2026-08-19 11:07:10,ITABAL8,0.0,weather
2026-08-19T11:07,VP SABANG TIMUR SIS,0.0,meteobot
2026-08-19T11:06,VP OB 1 SIS,0.0,meteobot
2026-08-19T11:07,PITSTOP AMBON SIS,0.0,meteobot
2026-08-19T11:08,CSA BONTANG SIS,0.0,meteobot
2026-08-19 11:55:06,ITABAL8,0.0,weather
2026-08-19T11:55,VP SABANG TIMUR SIS,0.0,meteobot
2026-08-19T11:54,VP OB 1 SIS,0.0,meteobot
2026-08-19T11:55,PITSTOP AMBON SIS,0.0,meteobot
2026-08-19T11:55,CSA BONTANG SIS,0.0,meteobot
2026-08-19 12:29:44,ITABAL8,0.0,weather
2026-08-19T12:30,VP SABANG TIMUR SIS,0.0,meteobot
2026-08-19T12:29,VP OB 1 SIS,0.0,meteobot
2026-08-19T12:30,PITSTOP AMBON SIS,0.0,meteobot
2026-08-19T12:30,CSA BONTANG SIS,0.0,meteobot
2026-08-19 13:03:09,ITABAL8,0.0,weather
2026-08-19T13:03,VP SABANG TIMUR SIS,0.0,meteobot
2026-08-19T13:02,VP OB 1 SIS,0.0,meteobot
2026-08-19T13:03,PITSTOP AMBON SIS,0.0,meteobot
2026-08-19T13:04,CSA BONTANG SIS,0.0,meteobot
2026-08-19 13:39:55,ITABAL8,0.0,weather
2026-08-19T13:40,VP SABANG TIMUR SIS,0.0,meteobot
2026-08-19T13:39,VP OB 1 SIS,0.0,meteobot
2026-08-19T13:40,PITSTOP AMBON SIS,0.0,meteobot
2026-08-19T13:40,CSA BONTANG SIS,0.0,meteobot
2026-08-19 14:00:32,ITABAL8,0.0,weather
2026-08-19T14:01,VP SABANG TIMUR SIS,0.0,meteobot
2026-08-19T14:00,VP OB 1 SIS,0.0,meteobot
2026-08-19T14:01,PITSTOP AMBON SIS,0.0,meteobot
2026-08-19T14:01,CSA BONTANG SIS,0.0,meteobot
2026-08-19 14:56:33,ITABAL8,0.0,weather
2026-08-19T14:57,VP SABANG TIMUR SIS,0.0,meteobot
2026-08-19T14:56,VP OB 1 SIS,0.0,meteobot
2026-08-19T14:57,PITSTOP AMBON SIS,0.0,meteobot
2026-08-19T14:57,CSA BONTANG SIS,0.0,meteobot
2026-08-19 15:34:55,ITABAL8,0.0,weather
2026-08-19T15:35,VP SABANG TIMUR SIS,0.0,meteobot
2026-08-19T15:34,VP OB 1 SIS,0.0,meteobot
2026-08-19T15:35,PITSTOP AMBON SIS,0.0,meteobot
2026-08-19T15:35,CSA BONTANG SIS,0.0,meteobot
2026-08-19 16:05:38,ITABAL8,0.0,weather
2026-08-19T16:06,VP SABANG TIMUR SIS,0.0,meteobot
2026-08-19T16:05,VP OB 1 SIS,0.0,meteobot
2026-08-19T16:06,PITSTOP AMBON SIS,0.0,meteobot
2026-08-19T16:06,CSA BONTANG SIS,0.0,meteobot
2026-08-19 16:50:17,ITABAL8,0.0,weather
2026-08-19T16:50,VP SABANG TIMUR SIS,0.0,meteobot
2026-08-19T16:50,VP OB 1 SIS,0.0,meteobot
2026-08-19T16:50,PITSTOP AMBON SIS,0.0,meteobot
2026-08-19T16:51,CSA BONTANG SIS,0.0,meteobot
2026-08-19 17:18:15,ITABAL8,0.0,weather
2026-08-19T17:18,VP SABANG TIMUR SIS,0.0,meteobot
2026-08-19T17:18,VP OB 1 SIS,0.0,meteobot
2026-08-19T17:18,PITSTOP AMBON SIS,0.0,meteobot
2026-08-19T17:19,CSA BONTANG SIS,0.0,meteobot
2026-08-19 17:52:24,ITABAL8,0.0,weather
2026-08-19T17:53,VP SABANG TIMUR SIS,0.0,meteobot
2026-08-19T17:52,VP OB 1 SIS,0.0,meteobot
2026-08-19T17:52,PITSTOP AMBON SIS,0.0,meteobot
2026-08-19T17:53,CSA BONTANG SIS,0.0,meteobot
2026-08-19 18:13:48,ITABAL8,0.0,weather
2026-08-19T18:14,VP SABANG TIMUR SIS,0.0,meteobot
2026-08-19T18:13,VP OB 1 SIS,0.0,meteobot
2026-08-19T18:14,PITSTOP AMBON SIS,0.0,meteobot
2026-08-19T18:14,CSA BONTANG SIS,0.0,meteobot
2026-08-19 18:46:27,ITABAL8,0.0,weather
2026-08-19T18:47,VP SABANG TIMUR SIS,0.0,meteobot
2026-08-19T18:46,VP OB 1 SIS,0.0,meteobot
2026-08-19T18:46,PITSTOP AMBON SIS,0.0,meteobot
2026-08-19T18:47,CSA BONTANG SIS,0.0,meteobot
2026-08-19 19:05:14,ITABAL8,0.0,weather
2026-08-19T19:05,VP SABANG TIMUR SIS,0.0,meteobot
2026-08-19T19:04,VP OB 1 SIS,0.0,meteobot
2026-08-19T19:05,PITSTOP AMBON SIS,0.0,meteobot
2026-08-19T19:06,CSA BONTANG SIS,0.0,meteobot
2026-08-19 19:34:59,ITABAL8,0.0,weather
2026-08-19T19:35,VP SABANG TIMUR SIS,0.0,meteobot
2026-08-19T19:34,VP OB 1 SIS,0.0,meteobot
2026-08-19T19:35,PITSTOP AMBON SIS,0.0,meteobot
2026-08-19T19:35,CSA BONTANG SIS,0.0,meteobot
2026-08-19 19:55:15,ITABAL8,0.0,weather
2026-08-19T19:55,VP SABANG TIMUR SIS,0.0,meteobot
2026-08-19T19:54,VP OB 1 SIS,0.0,meteobot
2026-08-19T19:55,PITSTOP AMBON SIS,0.0,meteobot
2026-08-19T19:56,CSA BONTANG SIS,0.0,meteobot
2026-08-19 20:32:27,ITABAL8,0.0,weather
2026-08-19T20:33,VP SABANG TIMUR SIS,0.0,meteobot
2026-08-19T20:32,VP OB 1 SIS,0.0,meteobot
2026-08-19T20:33,PITSTOP AMBON SIS,0.0,meteobot
2026-08-19T20:33,CSA BONTANG SIS,0.0,meteobot
2026-08-19 21:26:29,ITABAL8,0.0,weather
2026-08-19T21:27,VP SABANG TIMUR SIS,0.0,meteobot
2026-08-19T21:26,VP OB 1 SIS,0.0,meteobot
2026-08-19T21:27,PITSTOP AMBON SIS,0.0,meteobot
2026-08-19T21:27,CSA BONTANG SIS,0.0,meteobot
2026-08-19 22:05:04,ITABAL8,0.0,weather
2026-08-19T22:05,VP SABANG TIMUR SIS,0.0,meteobot
2026-08-19T22:04,VP OB 1 SIS,0.0,meteobot
2026-08-19T22:05,PITSTOP AMBON SIS,0.0,meteobot
2026-08-19T22:05,CSA BONTANG SIS,0.0,meteobot
2026-08-19 22:47:13,ITABAL8,0.0,weather
2026-08-19T22:47,VP SABANG TIMUR SIS,0.0,meteobot
2026-08-19T22:46,VP OB 1 SIS,0.0,meteobot
2026-08-19T22:47,PITSTOP AMBON SIS,0.0,meteobot
2026-08-19T22:48,CSA BONTANG SIS,0.0,meteobot
2026-08-19 23:14:28,ITABAL8,0.0,weather
2026-08-19T23:15,VP SABANG TIMUR SIS,0.0,meteobot
2026-08-19T23:14,VP OB 1 SIS,0.0,meteobot
2026-08-19T23:14,PITSTOP AMBON SIS,0.0,meteobot
2026-08-19T23:15,CSA BONTANG SIS,0.0,meteobot
2026-08-19 23:46:55,ITABAL8,0.0,weather
2026-08-19T23:47,VP SABANG TIMUR SIS,0.0,meteobot
2026-08-19T23:46,VP OB 1 SIS,0.0,meteobot
2026-08-19T23:47,PITSTOP AMBON SIS,0.0,meteobot
2026-08-19T23:47,CSA BONTANG SIS,0.0,meteobot
2026-08-20 00:11:42,ITABAL8,0.0,weather
2026-08-19T23:59,VP SABANG TIMUR SIS,0.0,meteobot
2026-08-19T23:59,VP OB 1 SIS,0.0,meteobot
2026-08-19T23:59,PITSTOP AMBON SIS,0.0,meteobot
2026-08-19T23:59,CSA BONTANG SIS,0.0,meteobot
2026-08-20 00:45:35,ITABAL8,0.0,weather
2026-08-19T23:59,VP SABANG TIMUR SIS,0.0,meteobot
2026-08-19T23:59,VP OB 1 SIS,0.0,meteobot
2026-08-19T23:59,PITSTOP AMBON SIS,0.0,meteobot
2026-08-19T23:59,CSA BONTANG SIS,0.0,meteobot
2026-08-20 01:09:59,ITABAL8,0.0,weather
2026-08-19T23:59,VP SABANG TIMUR SIS,0.0,meteobot
2026-08-19T23:59,VP OB 1 SIS,0.0,meteobot
2026-08-19T23:59,PITSTOP AMBON SIS,0.0,meteobot
2026-08-19T23:59,CSA BONTANG SIS,0.0,meteobot
2026-08-20 01:37:43,ITABAL8,0.0,weather
2026-08-19T23:59,VP SABANG TIMUR SIS,0.0,meteobot
2026-08-19T23:59,VP OB 1 SIS,0.0,meteobot
2026-08-19T23:59,PITSTOP AMBON SIS,0.0,meteobot
2026-08-19T23:59,CSA BONTANG SIS,0.0,meteobot
2026-08-20 01:56:09,ITABAL8,0.0,weather
2026-08-19T23:59,VP SABANG TIMUR SIS,0.0,meteobot
2026-08-19T23:59,VP OB 1 SIS,0.0,meteobot
2026-08-19T23:59,PITSTOP AMBON SIS,0.0,meteobot
2026-08-19T23:59,CSA BONTANG SIS,0.0,meteobot
2026-08-20 02:27:27,ITABAL8,0.0,weather
2026-08-19T23:59,VP SABANG TIMUR SIS,0.0,meteobot
2026-08-19T23:59,VP OB 1 SIS,0.0,meteobot
2026-08-19T23:59,PITSTOP AMBON SIS,0.0,meteobot
2026-08-19T23:59,CSA BONTANG SIS,0.0,meteobot
2026-08-20 03:02:13,ITABAL8,0.0,weather
2026-08-19T23:59,VP SABANG TIMUR SIS,0.0,meteobot
2026-08-19T23:59,VP OB 1 SIS,0.0,meteobot
2026-08-19T23:59,PITSTOP AMBON SIS,0.0,meteobot
2026-08-19T23:59,CSA BONTANG SIS,0.0,meteobot
2026-08-20 03:32:58,ITABAL8,0.0,weather
2026-08-19T23:59,VP SABANG TIMUR SIS,0.0,meteobot
2026-08-19T23:59,VP OB 1 SIS,0.0,meteobot
2026-08-19T23:59,PITSTOP AMBON SIS,0.0,meteobot
2026-08-19T23:59,CSA BONTANG SIS,0.0,meteobot
2026-08-20 03:53:00,ITABAL8,0.0,weather
2026-08-19T23:59,VP SABANG TIMUR SIS,0.0,meteobot
2026-08-19T23:59,VP OB 1 SIS,0.0,meteobot
2026-08-19T23:59,PITSTOP AMBON SIS,0.0,meteobot
2026-08-19T23:59,CSA BONTANG SIS,0.0,meteobot
2026-08-20 04:11:56,ITABAL8,0.0,weather
2026-08-19T23:59,VP SABANG TIMUR SIS,0.0,meteobot
2026-08-19T23:59,VP OB 1 SIS,0.0,meteobot
2026-08-19T23:59,PITSTOP AMBON SIS,0.0,meteobot
2026-08-19T23:59,CSA BONTANG SIS,0.0,meteobot
2026-08-20 04:44:35,ITABAL8,0.0,weather
2026-08-19T23:59,VP SABANG TIMUR SIS,0.0,meteobot
2026-08-19T23:59,VP OB 1 SIS,0.0,meteobot
2026-08-19T23:59,PITSTOP AMBON SIS,0.0,meteobot
2026-08-19T23:59,CSA BONTANG SIS,0.0,meteobot
2026-08-20 05:04:28,ITABAL8,0.0,weather
2026-08-19T23:59,VP SABANG TIMUR SIS,0.0,meteobot
2026-08-19T23:59,VP OB 1 SIS,0.0,meteobot
2026-08-19T23:59,PITSTOP AMBON SIS,0.0,meteobot
2026-08-19T23:59,CSA BONTANG SIS,0.0,meteobot
2026-08-20 05:34:43,ITABAL8,0.0,weather
2026-08-19T23:59,VP SABANG TIMUR SIS,0.0,meteobot
2026-08-19T23:59,VP OB 1 SIS,0.0,meteobot
2026-08-19T23:59,PITSTOP AMBON SIS,0.0,meteobot
2026-08-19T23:59,CSA BONTANG SIS,0.0,meteobot
2026-08-20 05:55:00,ITABAL8,0.0,weather
2026-08-19T23:59,VP SABANG TIMUR SIS,0.0,meteobot
2026-08-19T23:59,VP OB 1 SIS,0.0,meteobot
2026-08-19T23:59,PITSTOP AMBON SIS,0.0,meteobot
2026-08-19T23:59,CSA BONTANG SIS,0.0,meteobot
2026-08-20 06:16:15,ITABAL8,0.0,weather
2026-08-19T23:59,VP SABANG TIMUR SIS,0.0,meteobot
2026-08-19T23:59,VP OB 1 SIS,0.0,meteobot
2026-08-19T23:59,PITSTOP AMBON SIS,0.0,meteobot
2026-08-19T23:59,CSA BONTANG SIS,0.0,meteobot
2026-08-20 06:44:12,ITABAL8,0.0,weather
2026-08-19T23:59,VP SABANG TIMUR SIS,0.0,meteobot
2026-08-19T23:59,VP OB 1 SIS,0.0,meteobot
2026-08-19T23:59,PITSTOP AMBON SIS,0.0,meteobot
2026-08-19T23:59,CSA BONTANG SIS,0.0,meteobot
2026-08-20 07:01:43,ITABAL8,0.0,weather
2026-08-19T23:59,VP SABANG TIMUR SIS,0.0,meteobot
2026-08-19T23:59,VP OB 1 SIS,0.0,meteobot
2026-08-19T23:59,PITSTOP AMBON SIS,0.0,meteobot
2026-08-19T23:59,CSA BONTANG SIS,0.0,meteobot
2026-08-20 07:30:18,ITABAL8,0.0,weather
2026-08-19T23:59,VP SABANG TIMUR SIS,0.0,meteobot
2026-08-19T23:59,VP OB 1 SIS,0.0,meteobot
2026-08-19T23:59,PITSTOP AMBON SIS,0.0,meteobot
2026-08-19T23:59,CSA BONTANG SIS,0.0,meteobot
2026-08-20 07:49:19,ITABAL8,0.0,weather
2026-08-19T23:59,VP SABANG TIMUR SIS,0.0,meteobot
2026-08-19T23:59,VP OB 1 SIS,0.0,meteobot
2026-08-19T23:59,PITSTOP AMBON SIS,0.0,meteobot
2026-08-19T23:59,CSA BONTANG SIS,0.0,meteobot
2026-08-20 08:23:17,ITABAL8,0.0,weather
2026-08-20T08:23,VP SABANG TIMUR SIS,0.0,meteobot
2026-08-20T08:23,VP OB 1 SIS,0.0,meteobot
2026-08-20T08:23,PITSTOP AMBON SIS,0.0,meteobot
2026-08-20T08:24,CSA BONTANG SIS,0.0,meteobot
2026-08-20 09:56:10,ITABAL8,0.0,weather
2026-08-20T09:56,VP SABANG TIMUR SIS,0.0,meteobot
2026-08-20T09:55,VP OB 1 SIS,0.0,meteobot
2026-08-20T09:56,PITSTOP AMBON SIS,0.0,meteobot
2026-08-20T09:57,CSA BONTANG SIS,0.0,meteobot
2026-08-20 10:52:09,ITABAL8,0.0,weather
2026-08-20T10:52,VP SABANG TIMUR SIS,0.0,meteobot
2026-08-20T10:51,VP OB 1 SIS,0.0,meteobot
2026-08-20T10:52,PITSTOP AMBON SIS,0.0,meteobot
2026-08-20T10:53,CSA BONTANG SIS,0.0,meteobot
2026-08-20 11:34:08,ITABAL8,0.0,weather
2026-08-20T11:34,VP SABANG TIMUR SIS,0.0,meteobot
2026-08-20T11:33,VP OB 1 SIS,0.0,meteobot
2026-08-20T11:34,PITSTOP AMBON SIS,0.0,meteobot
2026-08-20T11:35,CSA BONTANG SIS,0.0,meteobot
2026-08-20 12:18:03,ITABAL8,0.0,weather
2026-08-20T12:18,VP SABANG TIMUR SIS,0.0,meteobot
2026-08-20T12:17,VP OB 1 SIS,0.0,meteobot
2026-08-20T12:18,PITSTOP AMBON SIS,0.0,meteobot
2026-08-20T12:18,CSA BONTANG SIS,0.0,meteobot
2026-08-20 12:56:05,ITABAL8,0.0,weather
2026-08-20T12:56,VP SABANG TIMUR SIS,0.0,meteobot
2026-08-20T12:55,VP OB 1 SIS,0.0,meteobot
2026-08-20T12:56,PITSTOP AMBON SIS,0.0,meteobot
2026-08-20T12:56,CSA BONTANG SIS,0.0,meteobot
2026-08-20 13:25:18,ITABAL8,0.0,weather
2026-08-20T13:26,VP SABANG TIMUR SIS,0.0,meteobot
2026-08-20T13:25,VP OB 1 SIS,0.0,meteobot
2026-08-20T13:25,PITSTOP AMBON SIS,0.0,meteobot
2026-08-20T13:26,CSA BONTANG SIS,0.0,meteobot
2026-08-20 13:54:13,ITABAL8,0.0,weather
2026-08-20T13:54,VP SABANG TIMUR SIS,0.0,meteobot
2026-08-20T13:53,VP OB 1 SIS,0.0,meteobot
2026-08-20T13:54,PITSTOP AMBON SIS,0.0,meteobot
2026-08-20T13:55,CSA BONTANG SIS,0.0,meteobot
2026-08-20 14:27:49,ITABAL8,0.0,weather
2026-08-20T14:28,VP SABANG TIMUR SIS,0.0,meteobot
2026-08-20T14:27,VP OB 1 SIS,0.0,meteobot
2026-08-20T14:28,PITSTOP AMBON SIS,0.0,meteobot
2026-08-20T14:28,CSA BONTANG SIS,0.0,meteobot
2026-08-20 15:22:31,ITABAL8,0.0,weather
2026-08-20T15:23,VP SABANG TIMUR SIS,0.0,meteobot
2026-08-20T15:22,VP OB 1 SIS,0.0,meteobot
2026-08-20T15:23,PITSTOP AMBON SIS,0.0,meteobot
2026-08-20T15:23,CSA BONTANG SIS,0.0,meteobot
2026-08-20 16:01:06,ITABAL8,0.0,weather
2026-08-20T16:01,VP SABANG TIMUR SIS,0.0,meteobot
2026-08-20T16:00,VP OB 1 SIS,0.0,meteobot
2026-08-20T16:01,PITSTOP AMBON SIS,0.0,meteobot
2026-08-20T16:02,CSA BONTANG SIS,0.0,meteobot
2026-08-20 16:49:17,ITABAL8,0.0,weather
2026-08-20T16:50,VP SABANG TIMUR SIS,0.0,meteobot
2026-08-20T16:49,VP OB 1 SIS,0.0,meteobot
2026-08-20T16:49,PITSTOP AMBON SIS,0.0,meteobot
2026-08-20T16:50,CSA BONTANG SIS,0.0,meteobot
2026-08-20 17:19:13,ITABAL8,0.0,weather
2026-08-20T17:19,VP SABANG TIMUR SIS,0.0,meteobot
2026-08-20T17:18,VP OB 1 SIS,0.0,meteobot
2026-08-20T17:19,PITSTOP AMBON SIS,0.0,meteobot
2026-08-20T17:20,CSA BONTANG SIS,0.0,meteobot
2026-08-20 17:53:24,ITABAL8,0.0,weather
2026-08-20T17:54,VP SABANG TIMUR SIS,0.0,meteobot
2026-08-20T17:53,VP OB 1 SIS,0.0,meteobot
2026-08-20T17:53,PITSTOP AMBON SIS,0.0,meteobot
2026-08-20T17:54,CSA BONTANG SIS,0.0,meteobot
2026-08-20 18:17:56,ITABAL8,0.0,weather
2026-08-20T18:18,VP SABANG TIMUR SIS,0.0,meteobot
2026-08-20T18:17,VP OB 1 SIS,0.0,meteobot
2026-08-20T18:18,PITSTOP AMBON SIS,0.0,meteobot
2026-08-20T18:18,CSA BONTANG SIS,0.0,meteobot
2026-08-20 18:50:44,ITABAL8,0.0,weather
2026-08-20T18:51,VP SABANG TIMUR SIS,0.0,meteobot
2026-08-20T18:50,VP OB 1 SIS,0.0,meteobot
2026-08-20T18:51,PITSTOP AMBON SIS,0.0,meteobot
2026-08-20T18:51,CSA BONTANG SIS,0.0,meteobot
2026-08-20 19:13:00,ITABAL8,0.0,weather
2026-08-20T19:13,VP SABANG TIMUR SIS,0.0,meteobot
2026-08-20T19:12,VP OB 1 SIS,0.0,meteobot
2026-08-20T19:13,PITSTOP AMBON SIS,0.0,meteobot
2026-08-20T19:13,CSA BONTANG SIS,0.0,meteobot
2026-08-20 19:42:45,ITABAL8,0.0,weather
2026-08-20T19:43,VP SABANG TIMUR SIS,0.0,meteobot
2026-08-20T19:42,VP OB 1 SIS,0.0,meteobot
2026-08-20T19:43,PITSTOP AMBON SIS,0.0,meteobot
2026-08-20T19:43,CSA BONTANG SIS,0.0,meteobot
2026-08-20 20:02:05,ITABAL8,0.0,weather
2026-08-20T20:02,VP SABANG TIMUR SIS,0.0,meteobot
2026-08-20T20:01,VP OB 1 SIS,0.0,meteobot
2026-08-20T20:02,PITSTOP AMBON SIS,0.0,meteobot
2026-08-20T20:02,CSA BONTANG SIS,0.0,meteobot
2026-08-20 21:04:16,ITABAL8,0.0,weather
2026-08-20T21:05,VP SABANG TIMUR SIS,0.0,meteobot
2026-08-20T21:04,VP OB 1 SIS,0.0,meteobot
2026-08-20T21:04,PITSTOP AMBON SIS,0.0,meteobot
2026-08-20T21:05,CSA BONTANG SIS,0.0,meteobot
2026-08-20 21:53:47,ITABAL8,0.0,weather
2026-08-20T21:54,VP SABANG TIMUR SIS,0.0,meteobot
2026-08-20T21:53,VP OB 1 SIS,0.0,meteobot
2026-08-20T21:54,PITSTOP AMBON SIS,0.0,meteobot
2026-08-20T21:54,CSA BONTANG SIS,0.0,meteobot
2026-08-20 22:24:29,ITABAL8,0.0,weather
2026-08-20T22:25,VP SABANG TIMUR SIS,0.0,meteobot
2026-08-20T22:24,VP OB 1 SIS,0.0,meteobot
2026-08-20T22:25,PITSTOP AMBON SIS,0.0,meteobot
2026-08-20T22:25,CSA BONTANG SIS,0.0,meteobot
2026-08-20 23:02:10,ITABAL8,0.0,weather
2026-08-20T23:02,VP SABANG TIMUR SIS,0.0,meteobot
2026-08-20T23:01,VP OB 1 SIS,0.0,meteobot
2026-08-20T23:02,PITSTOP AMBON SIS,0.0,meteobot
2026-08-20T23:03,CSA BONTANG SIS,0.0,meteobot
2026-08-20 23:41:24,ITABAL8,0.0,weather
2026-08-20T23:42,VP SABANG TIMUR SIS,0.0,meteobot
2026-08-20T23:41,VP OB 1 SIS,0.0,meteobot
2026-08-20T23:41,PITSTOP AMBON SIS,0.0,meteobot
2026-08-20T23:42,CSA BONTANG SIS,0.0,meteobot
2026-08-21 00:03:47,ITABAL8,0.0,weather
2026-08-20T23:59,VP SABANG TIMUR SIS,0.0,meteobot
2026-08-20T23:59,VP OB 1 SIS,0.0,meteobot
2026-08-20T23:59,PITSTOP AMBON SIS,0.0,meteobot
2026-08-20T23:59,CSA BONTANG SIS,0.0,meteobot
2026-08-21 00:46:03,ITABAL8,0.0,weather
2026-08-20T23:59,VP SABANG TIMUR SIS,0.0,meteobot
2026-08-20T23:59,VP OB 1 SIS,0.0,meteobot
2026-08-20T23:59,PITSTOP AMBON SIS,0.0,meteobot
2026-08-20T23:59,CSA BONTANG SIS,0.0,meteobot
2026-08-21 01:12:36,ITABAL8,0.0,weather
2026-08-20T23:59,VP SABANG TIMUR SIS,0.0,meteobot
2026-08-20T23:59,VP OB 1 SIS,0.0,meteobot
2026-08-20T23:59,PITSTOP AMBON SIS,0.0,meteobot
2026-08-20T23:59,CSA BONTANG SIS,0.0,meteobot
2026-08-21 01:44:59,ITABAL8,0.0,weather
2026-08-20T23:59,VP SABANG TIMUR SIS,0.0,meteobot
2026-08-20T23:59,VP OB 1 SIS,0.0,meteobot
2026-08-20T23:59,PITSTOP AMBON SIS,0.0,meteobot
2026-08-20T23:59,CSA BONTANG SIS,0.0,meteobot
2026-08-21 02:04:15,ITABAL8,0.0,weather
2026-08-20T23:59,VP SABANG TIMUR SIS,0.0,meteobot
2026-08-20T23:59,VP OB 1 SIS,0.0,meteobot
2026-08-20T23:59,PITSTOP AMBON SIS,0.0,meteobot
2026-08-20T23:59,CSA BONTANG SIS,0.0,meteobot
2026-08-21 02:54:04,ITABAL8,0.0,weather
2026-08-20T23:59,VP SABANG TIMUR SIS,0.0,meteobot
2026-08-20T23:59,VP OB 1 SIS,0.0,meteobot
2026-08-20T23:59,PITSTOP AMBON SIS,0.0,meteobot
2026-08-20T23:59,CSA BONTANG SIS,0.0,meteobot
2026-08-21 03:22:56,ITABAL8,0.0,weather
2026-08-20T23:59,VP SABANG TIMUR SIS,0.0,meteobot
2026-08-20T23:59,VP OB 1 SIS,0.0,meteobot
2026-08-20T23:59,PITSTOP AMBON SIS,0.0,meteobot
2026-08-20T23:59,CSA BONTANG SIS,0.0,meteobot
2026-08-21 03:51:12,ITABAL8,0.0,weather
2026-08-20T23:59,VP SABANG TIMUR SIS,0.0,meteobot
2026-08-20T23:59,VP OB 1 SIS,0.0,meteobot
2026-08-20T23:59,PITSTOP AMBON SIS,0.0,meteobot
2026-08-20T23:59,CSA BONTANG SIS,0.0,meteobot
2026-08-21 04:12:36,ITABAL8,0.0,weather
2026-08-20T23:59,VP SABANG TIMUR SIS,0.0,meteobot
2026-08-20T23:59,VP OB 1 SIS,0.0,meteobot
2026-08-20T23:59,PITSTOP AMBON SIS,0.0,meteobot
2026-08-20T23:59,CSA BONTANG SIS,0.0,meteobot
2026-08-21 04:45:52,ITABAL8,0.0,weather
2026-08-20T23:59,VP SABANG TIMUR SIS,0.0,meteobot
2026-08-20T23:59,VP OB 1 SIS,0.0,meteobot
2026-08-20T23:59,PITSTOP AMBON SIS,0.0,meteobot
2026-08-20T23:59,CSA BONTANG SIS,0.0,meteobot
2026-08-21 05:11:13,ITABAL8,0.0,weather
2026-08-21 05:11:13,ITABAL9,0.0,weather
2026-08-20T23:59,VP SABANG TIMUR SIS,0.0,meteobot
2026-08-20T23:59,VP OB 1 SIS,0.0,meteobot
2026-08-20T23:59,PITSTOP AMBON SIS,0.0,meteobot
2026-08-20T23:59,CSA BONTANG SIS,0.0,meteobot
2026-08-21 05:41:47,ITABAL8,0.0,weather
2026-08-21 05:41:47,ITABAL9,0.0,weather
2026-08-20T23:59,VP SABANG TIMUR SIS,0.0,meteobot
2026-08-20T23:59,VP OB 1 SIS,0.0,meteobot
2026-08-20T23:59,PITSTOP AMBON SIS,0.0,meteobot
2026-08-20T23:59,CSA BONTANG SIS,0.0,meteobot
2026-08-21 06:00:53,ITABAL8,0.0,weather
2026-08-21 06:00:53,ITABAL9,0.0,weather
2026-08-20T23:59,VP SABANG TIMUR SIS,0.0,meteobot
2026-08-20T23:59,VP OB 1 SIS,0.0,meteobot
2026-08-20T23:59,PITSTOP AMBON SIS,0.0,meteobot
2026-08-20T23:59,CSA BONTANG SIS,0.0,meteobot
2026-08-21 06:35:43,ITABAL8,0.0,weather
2026-08-20T23:59,VP SABANG TIMUR SIS,0.0,meteobot
2026-08-20T23:59,VP OB 1 SIS,0.0,meteobot
2026-08-20T23:59,PITSTOP AMBON SIS,0.0,meteobot
2026-08-20T23:59,CSA BONTANG SIS,0.0,meteobot
2026-08-21 06:58:53,ITABAL8,0.0,weather
2026-08-20T23:59,VP SABANG TIMUR SIS,0.0,meteobot
2026-08-20T23:59,VP OB 1 SIS,0.0,meteobot
2026-08-20T23:59,PITSTOP AMBON SIS,0.0,meteobot
2026-08-20T23:59,CSA BONTANG SIS,0.0,meteobot
2026-08-21 07:27:42,ITABAL8,0.0,weather
2026-08-20T23:59,VP SABANG TIMUR SIS,0.0,meteobot
2026-08-20T23:59,VP OB 1 SIS,0.0,meteobot
2026-08-20T23:59,PITSTOP AMBON SIS,0.0,meteobot
2026-08-20T23:59,CSA BONTANG SIS,0.0,meteobot
2026-08-21 07:50:36,ITABAL8,0.0,weather
2026-08-20T23:59,VP SABANG TIMUR SIS,0.0,meteobot
2026-08-20T23:59,VP OB 1 SIS,0.0,meteobot
2026-08-20T23:59,PITSTOP AMBON SIS,0.0,meteobot
2026-08-20T23:59,CSA BONTANG SIS,0.0,meteobot
2026-08-21 08:26:17,ITABAL8,0.0,weather
2026-08-21T08:27,VP SABANG TIMUR SIS,0.0,meteobot
2026-08-21T08:26,VP OB 1 SIS,0.0,meteobot
2026-08-21T08:26,PITSTOP AMBON SIS,0.0,meteobot
2026-08-21T08:27,CSA BONTANG SIS,0.0,meteobot
2026-08-21 10:06:17,ITABAL8,0.0,weather
2026-08-21T10:07,VP SABANG TIMUR SIS,0.0,meteobot
2026-08-21T10:06,VP OB 1 SIS,0.0,meteobot
2026-08-21T10:06,PITSTOP AMBON SIS,0.0,meteobot
2026-08-21T10:07,CSA BONTANG SIS,0.0,meteobot
2026-08-21 11:12:36,ITABAL8,0.0,weather
2026-08-21T11:13,VP SABANG TIMUR SIS,0.0,meteobot
2026-08-21T11:12,VP OB 1 SIS,0.0,meteobot
2026-08-21T11:13,PITSTOP AMBON SIS,0.0,meteobot
2026-08-21T11:13,CSA BONTANG SIS,0.0,meteobot
2026-08-21 12:00:19,ITABAL8,0.0,weather
2026-08-21T12:01,VP SABANG TIMUR SIS,0.0,meteobot
2026-08-21T12:00,VP OB 1 SIS,0.0,meteobot
2026-08-21T12:00,PITSTOP AMBON SIS,0.0,meteobot
2026-08-21T12:01,CSA BONTANG SIS,0.0,meteobot
2026-08-21 12:46:55,ITABAL8,0.0,weather
2026-08-21T12:47,VP SABANG TIMUR SIS,0.0,meteobot
2026-08-21T12:46,VP OB 1 SIS,0.0,meteobot
2026-08-21T12:47,PITSTOP AMBON SIS,0.0,meteobot
2026-08-21T12:47,CSA BONTANG SIS,0.0,meteobot
2026-08-21 13:17:28,ITABAL8,0.0,weather
2026-08-21T13:18,VP SABANG TIMUR SIS,0.0,meteobot
2026-08-21T13:17,VP OB 1 SIS,0.0,meteobot
2026-08-21T13:18,PITSTOP AMBON SIS,0.0,meteobot
2026-08-21T13:18,CSA BONTANG SIS,0.0,meteobot
2026-08-21 13:50:34,ITABAL8,0.0,weather
2026-08-21T13:51,VP SABANG TIMUR SIS,0.0,meteobot
2026-08-21T13:50,VP OB 1 SIS,0.0,meteobot
2026-08-21T13:51,PITSTOP AMBON SIS,0.0,meteobot
2026-08-21T13:51,CSA BONTANG SIS,0.0,meteobot
2026-08-21 14:19:44,ITABAL8,0.0,weather
2026-08-21T14:20,VP SABANG TIMUR SIS,0.0,meteobot
2026-08-21T14:19,VP OB 1 SIS,0.0,meteobot
2026-08-21T14:20,PITSTOP AMBON SIS,0.0,meteobot
2026-08-21T14:20,CSA BONTANG SIS,0.0,meteobot
2026-08-21 15:12:05,ITABAL8,0.0,weather
2026-08-21T15:12,VP SABANG TIMUR SIS,0.0,meteobot
2026-08-21T15:11,VP OB 1 SIS,0.0,meteobot
2026-08-21T15:12,PITSTOP AMBON SIS,0.0,meteobot
2026-08-21T15:13,CSA BONTANG SIS,0.0,meteobot
2026-08-21 15:56:24,ITABAL8,0.0,weather
2026-08-21T15:57,VP SABANG TIMUR SIS,0.0,meteobot
2026-08-21T15:56,VP OB 1 SIS,0.0,meteobot
2026-08-21T15:56,PITSTOP AMBON SIS,0.0,meteobot
2026-08-21T15:57,CSA BONTANG SIS,0.0,meteobot
2026-08-21 16:35:24,ITABAL8,0.0,weather
2026-08-21T16:36,VP SABANG TIMUR SIS,0.0,meteobot
2026-08-21T16:35,VP OB 1 SIS,0.0,meteobot
2026-08-21T16:36,PITSTOP AMBON SIS,0.0,meteobot
2026-08-21T16:36,CSA BONTANG SIS,0.0,meteobot
2026-08-21 17:17:13,ITABAL8,0.0,weather
2026-08-21T17:17,VP SABANG TIMUR SIS,0.0,meteobot
2026-08-21T17:16,VP OB 1 SIS,0.0,meteobot
2026-08-21T17:17,PITSTOP AMBON SIS,0.0,meteobot
2026-08-21T17:18,CSA BONTANG SIS,0.0,meteobot
2026-08-21 17:53:49,ITABAL8,0.0,weather
2026-08-21T17:54,VP SABANG TIMUR SIS,0.0,meteobot
2026-08-21T17:53,VP OB 1 SIS,0.0,meteobot
2026-08-21T17:54,PITSTOP AMBON SIS,0.0,meteobot
2026-08-21T17:54,CSA BONTANG SIS,0.0,meteobot
2026-08-21 18:18:52,ITABAL8,0.0,weather
2026-08-21T18:19,VP SABANG TIMUR SIS,0.0,meteobot
2026-08-21T18:18,VP OB 1 SIS,0.0,meteobot
2026-08-21T18:19,PITSTOP AMBON SIS,0.0,meteobot
2026-08-21T18:19,CSA BONTANG SIS,0.0,meteobot
2026-08-21 18:51:42,ITABAL8,0.0,weather
2026-08-21T18:52,VP SABANG TIMUR SIS,0.0,meteobot
2026-08-21T18:51,VP OB 1 SIS,0.0,meteobot
2026-08-21T18:52,PITSTOP AMBON SIS,0.0,meteobot
2026-08-21T18:52,CSA BONTANG SIS,0.0,meteobot
2026-08-21 19:13:09,ITABAL8,0.0,weather
2026-08-21T19:13,VP SABANG TIMUR SIS,0.0,meteobot
2026-08-21T19:12,VP OB 1 SIS,0.0,meteobot
2026-08-21T19:13,PITSTOP AMBON SIS,0.0,meteobot
2026-08-21T19:14,CSA BONTANG SIS,0.0,meteobot
2026-08-21 19:42:32,ITABAL8,0.0,weather
2026-08-21T19:43,VP SABANG TIMUR SIS,0.0,meteobot
2026-08-21T19:42,VP OB 1 SIS,0.0,meteobot
2026-08-21T19:43,PITSTOP AMBON SIS,0.0,meteobot
2026-08-21T19:43,CSA BONTANG SIS,0.0,meteobot
2026-08-21 20:02:03,ITABAL8,0.0,weather
2026-08-21T20:02,VP SABANG TIMUR SIS,0.0,meteobot
2026-08-21T20:01,VP OB 1 SIS,0.0,meteobot
2026-08-21T20:02,PITSTOP AMBON SIS,0.0,meteobot
2026-08-21T20:02,CSA BONTANG SIS,0.0,meteobot
2026-08-21 21:03:09,ITABAL8,0.0,weather
2026-08-21T21:03,VP SABANG TIMUR SIS,0.0,meteobot
2026-08-21T21:02,VP OB 1 SIS,0.0,meteobot
2026-08-21T21:03,PITSTOP AMBON SIS,0.0,meteobot
2026-08-21T21:04,CSA BONTANG SIS,0.0,meteobot
2026-08-21 21:52:17,ITABAL8,0.0,weather
2026-08-21T21:53,VP SABANG TIMUR SIS,0.0,meteobot
2026-08-21T21:52,VP OB 1 SIS,0.0,meteobot
2026-08-21T21:52,PITSTOP AMBON SIS,0.0,meteobot
2026-08-21T21:53,CSA BONTANG SIS,0.0,meteobot
2026-08-21 22:20:40,ITABAL8,0.0,weather
2026-08-21T22:21,VP SABANG TIMUR SIS,0.0,meteobot
2026-08-21T22:20,VP OB 1 SIS,0.0,meteobot
2026-08-21T22:21,PITSTOP AMBON SIS,0.0,meteobot
2026-08-21T22:21,CSA BONTANG SIS,0.0,meteobot
2026-08-21 22:57:30,ITABAL8,0.0,weather
2026-08-21T22:58,VP SABANG TIMUR SIS,0.0,meteobot
2026-08-21T22:57,VP OB 1 SIS,0.0,meteobot
2026-08-21T22:58,PITSTOP AMBON SIS,0.0,meteobot
2026-08-21T22:58,CSA BONTANG SIS,0.0,meteobot
2026-08-21 23:31:58,ITABAL8,0.0,weather
2026-08-21T23:32,VP SABANG TIMUR SIS,0.0,meteobot
2026-08-21T23:31,VP OB 1 SIS,0.0,meteobot
2026-08-21T23:32,PITSTOP AMBON SIS,0.0,meteobot
2026-08-21T23:32,CSA BONTANG SIS,0.0,meteobot
2026-08-22 00:00:45,ITABAL8,0.0,weather
2026-08-21T23:59,VP SABANG TIMUR SIS,0.0,meteobot
2026-08-21T23:59,VP OB 1 SIS,0.0,meteobot
2026-08-21T23:59,PITSTOP AMBON SIS,0.0,meteobot
2026-08-21T23:59,CSA BONTANG SIS,0.0,meteobot
2026-08-22 00:42:05,ITABAL8,0.0,weather
2026-08-21T23:59,VP SABANG TIMUR SIS,0.0,meteobot
2026-08-21T23:59,VP OB 1 SIS,0.0,meteobot
2026-08-21T23:59,PITSTOP AMBON SIS,0.0,meteobot
2026-08-21T23:59,CSA BONTANG SIS,0.0,meteobot
2026-08-22 01:05:44,ITABAL8,0.0,weather
2026-08-21T23:59,VP SABANG TIMUR SIS,0.0,meteobot
2026-08-21T23:59,VP OB 1 SIS,0.0,meteobot
2026-08-21T23:59,PITSTOP AMBON SIS,0.0,meteobot
2026-08-21T23:59,CSA BONTANG SIS,0.0,meteobot
2026-08-22 01:38:51,ITABAL8,0.0,weather
2026-08-21T23:59,VP SABANG TIMUR SIS,0.0,meteobot
2026-08-21T23:59,VP OB 1 SIS,0.0,meteobot
2026-08-21T23:59,PITSTOP AMBON SIS,0.0,meteobot
2026-08-21T23:59,CSA BONTANG SIS,0.0,meteobot
2026-08-22 02:00:52,ITABAL8,0.0,weather
2026-08-21T23:59,VP SABANG TIMUR SIS,0.0,meteobot
2026-08-21T23:59,VP OB 1 SIS,0.0,meteobot
2026-08-21T23:59,PITSTOP AMBON SIS,0.0,meteobot
2026-08-21T23:59,CSA BONTANG SIS,0.0,meteobot
2026-08-22 02:48:42,ITABAL8,0.0,weather
2026-08-21T23:59,VP SABANG TIMUR SIS,0.0,meteobot
2026-08-21T23:59,VP OB 1 SIS,0.0,meteobot
2026-08-21T23:59,PITSTOP AMBON SIS,0.0,meteobot
2026-08-21T23:59,CSA BONTANG SIS,0.0,meteobot
2026-08-22 03:15:29,ITABAL8,0.0,weather
2026-08-21T23:59,VP SABANG TIMUR SIS,0.0,meteobot
2026-08-21T23:59,VP OB 1 SIS,0.0,meteobot
2026-08-21T23:59,PITSTOP AMBON SIS,0.0,meteobot
2026-08-21T23:59,CSA BONTANG SIS,0.0,meteobot
