timestamp,culvert_id,station,rainfall_mm,capacity,status
2026-09-01 09:27:00,AMB.01,PITSTOP AMBON SIS,0.0,7.46,SAFE
2026-09-01 09:26:00,BDG.02,VP OB 1 SIS,0.0,19.31,SAFE
2026-09-01 09:26:00,BDG.03,VP OB 1 SIS,0.0,5.73,SAFE
2026-09-01 09:26:00,BDG.04,VP OB 1 SIS,0.0,1.07,SAFE
,BDG.05,ITABAL9,0.0,2.1,SAFE
2026-09-01 09:27:00,BGK.01,VP SABANG TIMUR SIS,0.0,1.59,SAFE
2026-09-01 09:27:00,BGK.02,VP SABANG TIMUR SIS,0.0,18.92,SAFE
,BGR.01,ITABAL9,0.0,1.34,SAFE
2026-09-01 09:28:00,BJB.03,CSA BONTANG SIS,0.0,1.34,SAFE
2026-09-01 09:27:00,BJM.01,PITSTOP AMBON SIS,0.0,3.86,SAFE
2026-09-01 09:28:00,BJM.02,CSA BONTANG SIS,0.0,1.68,SAFE
2026-09-01 09:26:45,BKL.01,ITABAL8,0.0,58.33,SAFE
2026-09-01 09:26:45,BKL.02,ITABAL8,0.0,0.72,SAFE
2026-09-01 09:26:45,BNE.02,ITABAL8,0.0,1.52,SAFE
2026-09-01 09:26:45,BNE.03,ITABAL8,0.0,0.63,SAFE
2026-09-01 09:26:45,BNE.04,ITABAL8,0.0,0.55,SAFE
2026-09-01 09:28:00,BNY.03,CSA BONTANG SIS,0.0,0.97,SAFE
2026-09-01 09:28:00,BTG.03,CSA BONTANG SIS,0.0,9.36,SAFE
2026-09-01 09:28:00,BTG.04,CSA BONTANG SIS,0.0,175.0,SAFE
2026-09-01 09:28:00,FLR.02,CSA BONTANG SIS,0.0,0.75,SAFE
,JKT.01,ITABAL9,0.0,25.36,SAFE
,JKT.02,ITABAL9,0.0,7.78,SAFE
,JKT.03,ITABAL9,0.0,4.16,SAFE
,JKT.04,ITABAL9,0.0,1.17,SAFE
,JKT.05,ITABAL9,0.0,5.68,SAFE
,JKT.06,ITABAL9,0.0,7.45,SAFE
,JKT.07,ITABAL9,0.0,11.55,SAFE
,JKT.08,ITABAL9,0.0,4.26,SAFE
2026-09-01 09:26:45,JMB.01,ITABAL8,0.0,3.07,SAFE
2026-09-01 09:26:45,JMB.03,ITABAL8,0.0,1.02,SAFE
,JMB.04,ITABAL9,0.0,0.77,SAFE
2026-09-01 09:27:00,KRC.02,VP SABANG TIMUR SIS,0.0,1.04,SAFE
2026-09-01 09:26:45,KRC.03,ITABAL8,0.0,1.31,SAFE
2026-09-01 09:27:00,KRC.05,VP SABANG TIMUR SIS,0.0,1.93,SAFE
2026-09-01 09:27:00,KRC.07,VP SABANG TIMUR SIS,0.0,2.15,SAFE
2026-09-01 09:26:45,LHT.01,ITABAL8,0.0,5.84,SAFE
2026-09-01 09:26:45,LPG.01,ITABAL8,0.0,2.05,SAFE
2026-09-01 09:26:45,LPG.02,ITABAL8,0.0,12.03,SAFE
2026-09-01 09:26:45,LPG.03,ITABAL8,0.0,6.96,SAFE
2026-09-01 09:26:45,LPG.06,ITABAL8,0.0,6.69,SAFE
2026-09-01 09:26:45,LPG.07,ITABAL8,0.0,12.92,SAFE
2026-09-01 09:26:45,MDN.01,ITABAL8,0.0,3.37,SAFE
2026-09-01 09:26:45,MDN.02,ITABAL8,0.0,2.53,SAFE
2026-09-01 09:26:45,MDN.03,ITABAL8,0.0,7.25,SAFE
2026-09-01 09:26:45,MDN.04,ITABAL8,0.0,1.95,SAFE
,MIA.01,ITABAL9,0.0,1.22,SAFE
,MIA.02,ITABAL9,0.0,17.59,SAFE
,MIA.03,ITABAL9,0.0,4.28,SAFE
2026-09-01 09:27:00,MIA.04,PITSTOP AMBON SIS,0.0,2.31,SAFE
,MIA.05,ITABAL9,0.0,20.96,SAFE
,MIA.06,ITABAL9,0.0,1.16,SAFE
2026-09-01 09:28:00,MKS.01,CSA BONTANG SIS,0.0,0.72,SAFE
2026-09-01 09:27:00,MKS.02,PITSTOP AMBON SIS,0.0,1.06,SAFE
,MKS.03,ROM 13,0.0,8.2,SAFE
,MKS.04,ROM 13,0.0,3.08,SAFE
2026-09-01 09:28:00,MND.02,CSA BONTANG SIS,0.0,2.49,SAFE
2026-09-01 09:27:00,MRK.01,VP SABANG TIMUR SIS,0.0,1.65,SAFE
2026-09-01 09:27:00,MTM.01,PITSTOP AMBON SIS,0.0,1.64,SAFE
2026-09-01 09:27:00,MTP.01,PITSTOP AMBON SIS,0.0,1.01,SAFE
2026-09-01 09:27:00,MTR.01,VP SABANG TIMUR SIS,0.0,1.67,SAFE
2026-09-01 09:26:45,NIS.01,ITABAL8,0.0,0.57,SAFE
2026-09-01 09:26:45,NIS.02,ITABAL8,0.0,0.86,SAFE
2026-09-01 09:26:45,NIS.03,ITABAL8,0.0,1.03,SAFE
,PDG.01,ITABAL9,0.0,0.52,SAFE
2026-09-01 09:26:45,PLB.01,ITABAL8,0.0,1.87,SAFE
2026-09-01 09:26:45,PLB.02,ITABAL8,0.0,0.84,SAFE
2026-09-01 09:26:45,PLB.03,ITABAL8,0.0,2.0,SAFE
2026-09-01 09:26:45,PLB.04,ITABAL8,0.0,13.62,SAFE
2026-09-01 09:28:00,PLU.04,CSA BONTANG SIS,0.0,2.36,SAFE
2026-09-01 09:27:00,RIU.02,VP SABANG TIMUR SIS,0.0,0.61,SAFE
2026-09-01 09:27:00,RIU.04,VP SABANG TIMUR SIS,0.0,0.51,SAFE
2026-09-01 09:27:00,SBG.02,VP SABANG TIMUR SIS,0.0,1.91,SAFE
2026-09-01 09:27:00,SBG.03,VP SABANG TIMUR SIS,0.0,5.65,SAFE
2026-09-01 09:27:00,SBG.04,VP SABANG TIMUR SIS,0.0,0.63,SAFE
2026-09-01 09:27:00,SBG.05,VP SABANG TIMUR SIS,0.0,21.21,SAFE
2026-09-01 09:26:45,SBG.06,ITABAL8,0.0,14.52,SAFE
2026-09-01 09:27:00,SBG.08,VP SABANG TIMUR SIS,0.0,1.35,SAFE
2026-09-01 09:27:00,SBG.10,VP SABANG TIMUR SIS,0.0,2.05,SAFE
2026-09-01 09:27:00,SBG.11,VP SABANG TIMUR SIS,0.0,0.75,SAFE
2026-09-01 09:28:00,SGT.02,CSA BONTANG SIS,0.0,0.19,SAFE
2026-09-01 09:28:00,SMB.02,CSA BONTANG SIS,0.0,2.63,SAFE
2026-09-01 09:28:00,SMB.03,CSA BONTANG SIS,0.0,4.72,SAFE
2026-09-01 09:27:00,SNT.01,PITSTOP AMBON SIS,0.0,1.34,SAFE
2026-09-01 09:28:00,TJG.01,CSA BONTANG SIS,0.0,1.99,SAFE
2026-09-01 09:28:00,TJG.02,CSA BONTANG SIS,0.0,5.65,SAFE
2026-09-01 14:32:00,AMB.01,PITSTOP AMBON SIS,0.0,7.46,SAFE
2026-09-01 14:31:00,BDG.02,VP OB 1 SIS,0.0,19.31,SAFE
2026-09-01 14:31:00,BDG.03,VP OB 1 SIS,0.0,5.73,SAFE
2026-09-01 14:31:00,BDG.04,VP OB 1 SIS,0.0,1.07,SAFE
,BDG.05,ITABAL9,0.0,2.1,SAFE
2026-09-01 14:32:00,BGK.01,VP SABANG TIMUR SIS,0.0,1.59,SAFE
2026-09-01 14:32:00,BGK.02,VP SABANG TIMUR SIS,0.0,18.92,SAFE
,BGR.01,ITABAL9,0.0,1.34,SAFE
2026-09-01 14:33:00,BJB.03,CSA BONTANG SIS,0.0,1.34,SAFE
2026-09-01 14:32:00,BJM.01,PITSTOP AMBON SIS,0.0,3.86,SAFE
2026-09-01 14:33:00,BJM.02,CSA BONTANG SIS,0.0,1.68,SAFE
2026-09-01 14:31:43,BKL.01,ITABAL8,0.0,58.33,SAFE
2026-09-01 14:31:43,BKL.02,ITABAL8,0.0,0.72,SAFE
2026-09-01 14:31:43,BNE.02,ITABAL8,0.0,1.52,SAFE
2026-09-01 14:31:43,BNE.03,ITABAL8,0.0,0.63,SAFE
2026-09-01 14:31:43,BNE.04,ITABAL8,0.0,0.55,SAFE
2026-09-01 14:33:00,BNY.03,CSA BONTANG SIS,0.0,0.97,SAFE
2026-09-01 14:33:00,BTG.03,CSA BONTANG SIS,0.0,9.36,SAFE
2026-09-01 14:33:00,BTG.04,CSA BONTANG SIS,0.0,175.0,SAFE
2026-09-01 14:33:00,FLR.02,CSA BONTANG SIS,0.0,0.75,SAFE
,JKT.01,ITABAL9,0.0,25.36,SAFE
,JKT.02,ITABAL9,0.0,7.78,SAFE
,JKT.03,ITABAL9,0.0,4.16,SAFE
,JKT.04,ITABAL9,0.0,1.17,SAFE
,JKT.05,ITABAL9,0.0,5.68,SAFE
,JKT.06,ITABAL9,0.0,7.45,SAFE
,JKT.07,ITABAL9,0.0,11.55,SAFE
,JKT.08,ITABAL9,0.0,4.26,SAFE
2026-09-01 14:31:43,JMB.01,ITABAL8,0.0,3.07,SAFE
2026-09-01 14:31:43,JMB.03,ITABAL8,0.0,1.02,SAFE
,JMB.04,ITABAL9,0.0,0.77,SAFE
2026-09-01 14:32:00,KRC.02,VP SABANG TIMUR SIS,0.0,1.04,SAFE
2026-09-01 14:31:43,KRC.03,ITABAL8,0.0,1.31,SAFE
2026-09-01 14:32:00,KRC.05,VP SABANG TIMUR SIS,0.0,1.93,SAFE
2026-09-01 14:32:00,KRC.07,VP SABANG TIMUR SIS,0.0,2.15,SAFE
2026-09-01 14:31:43,LHT.01,ITABAL8,0.0,5.84,SAFE
2026-09-01 14:31:43,LPG.01,ITABAL8,0.0,2.05,SAFE
2026-09-01 14:31:43,LPG.02,ITABAL8,0.0,12.03,SAFE
2026-09-01 14:31:43,LPG.03,ITABAL8,0.0,6.96,SAFE
2026-09-01 14:31:43,LPG.06,ITABAL8,0.0,6.69,SAFE
2026-09-01 14:31:43,LPG.07,ITABAL8,0.0,12.92,SAFE
2026-09-01 14:31:43,MDN.01,ITABAL8,0.0,3.37,SAFE
2026-09-01 14:31:43,MDN.02,ITABAL8,0.0,2.53,SAFE
2026-09-01 14:31:43,MDN.03,ITABAL8,0.0,7.25,SAFE
2026-09-01 14:31:43,MDN.04,ITABAL8,0.0,1.95,SAFE
,MIA.01,ITABAL9,0.0,1.22,SAFE
,MIA.02,ITABAL9,0.0,17.59,SAFE
,MIA.03,ITABAL9,0.0,4.28,SAFE
2026-09-01 14:32:00,MIA.04,PITSTOP AMBON SIS,0.0,2.31,SAFE
,MIA.05,ITABAL9,0.0,20.96,SAFE
,MIA.06,ITABAL9,0.0,1.16,SAFE
2026-09-01 14:33:00,MKS.01,CSA BONTANG SIS,0.0,0.72,SAFE
2026-09-01 14:32:00,MKS.02,PITSTOP AMBON SIS,0.0,1.06,SAFE
,MKS.03,ROM 13,0.0,8.2,SAFE
,MKS.04,ROM 13,0.0,3.08,SAFE
2026-09-01 14:33:00,MND.02,CSA BONTANG SIS,0.0,2.49,SAFE
2026-09-01 14:32:00,MRK.01,VP SABANG TIMUR SIS,0.0,1.65,SAFE
2026-09-01 14:32:00,MTM.01,PITSTOP AMBON SIS,0.0,1.64,SAFE
2026-09-01 14:32:00,MTP.01,PITSTOP AMBON SIS,0.0,1.01,SAFE
2026-09-01 14:32:00,MTR.01,VP SABANG TIMUR SIS,0.0,1.67,SAFE
2026-09-01 14:31:43,NIS.01,ITABAL8,0.0,0.57,SAFE
2026-09-01 14:31:43,NIS.02,ITABAL8,0.0,0.86,SAFE
2026-09-01 14:31:43,NIS.03,ITABAL8,0.0,1.03,SAFE
,PDG.01,ITABAL9,0.0,0.52,SAFE
2026-09-01 14:31:43,PLB.01,ITABAL8,0.0,1.87,SAFE
2026-09-01 14:31:43,PLB.02,ITABAL8,0.0,0.84,SAFE
2026-09-01 14:31:43,PLB.03,ITABAL8,0.0,2.0,SAFE
2026-09-01 14:31:43,PLB.04,ITABAL8,0.0,13.62,SAFE
2026-09-01 14:33:00,PLU.04,CSA BONTANG SIS,0.0,2.36,SAFE
2026-09-01 14:32:00,RIU.02,VP SABANG TIMUR SIS,0.0,0.61,SAFE
2026-09-01 14:32:00,RIU.04,VP SABANG TIMUR SIS,0.0,0.51,SAFE
2026-09-01 14:32:00,SBG.02,VP SABANG TIMUR SIS,0.0,1.91,SAFE
2026-09-01 14:32:00,SBG.03,VP SABANG TIMUR SIS,0.0,5.65,SAFE
2026-09-01 14:32:00,SBG.04,VP SABANG TIMUR SIS,0.0,0.63,SAFE
2026-09-01 14:32:00,SBG.05,VP SABANG TIMUR SIS,0.0,21.21,SAFE
2026-09-01 14:31:43,SBG.06,ITABAL8,0.0,14.52,SAFE
2026-09-01 14:32:00,SBG.08,VP SABANG TIMUR SIS,0.0,1.35,SAFE
2026-09-01 14:32:00,SBG.10,VP SABANG TIMUR SIS,0.0,2.05,SAFE
2026-09-01 14:32:00,SBG.11,VP SABANG TIMUR SIS,0.0,0.75,SAFE
2026-09-01 14:33:00,SGT.02,CSA BONTANG SIS,0.0,0.19,SAFE
2026-09-01 14:33:00,SMB.02,CSA BONTANG SIS,0.0,2.63,SAFE
2026-09-01 14:33:00,SMB.03,CSA BONTANG SIS,0.0,4.72,SAFE
2026-09-01 14:32:00,SNT.01,PITSTOP AMBON SIS,0.0,1.34,SAFE
2026-09-01 14:33:00,TJG.01,CSA BONTANG SIS,0.0,1.99,SAFE
2026-09-01 14:33:00,TJG.02,CSA BONTANG SIS,0.0,5.65,SAFE
2026-09-01 19:58:00,AMB.01,PITSTOP AMBON SIS,0.0,7.46,SAFE
2026-09-01 19:57:00,BDG.02,VP OB 1 SIS,0.0,19.31,SAFE
2026-09-01 19:57:00,BDG.03,VP OB 1 SIS,0.0,5.73,SAFE
2026-09-01 19:57:00,BDG.04,VP OB 1 SIS,0.0,1.07,SAFE
,BDG.05,ITABAL9,0.0,2.1,SAFE
2026-09-01 19:58:00,BGK.01,VP SABANG TIMUR SIS,0.0,1.59,SAFE
2026-09-01 19:58:00,BGK.02,VP SABANG TIMUR SIS,0.0,18.92,SAFE
,BGR.01,ITABAL9,0.0,1.34,SAFE
2026-09-01 19:58:00,BJB.03,CSA BONTANG SIS,0.0,1.34,SAFE
2026-09-01 19:58:00,BJM.01,PITSTOP AMBON SIS,0.0,3.86,SAFE
2026-09-01 19:58:00,BJM.02,CSA BONTANG SIS,0.0,1.68,SAFE
2026-09-01 19:57:34,BKL.01,ITABAL8,0.0,58.33,SAFE
2026-09-01 19:57:34,BKL.02,ITABAL8,0.0,0.72,SAFE
2026-09-01 19:57:34,BNE.02,ITABAL8,0.0,1.52,SAFE
2026-09-01 19:57:34,BNE.03,ITABAL8,0.0,0.63,SAFE
2026-09-01 19:57:34,BNE.04,ITABAL8,0.0,0.55,SAFE
2026-09-01 19:58:00,BNY.03,CSA BONTANG SIS,0.0,0.97,SAFE
2026-09-01 19:58:00,BTG.03,CSA BONTANG SIS,0.0,9.36,SAFE
2026-09-01 19:58:00,BTG.04,CSA BONTANG SIS,0.0,175.0,SAFE
2026-09-01 19:58:00,FLR.02,CSA BONTANG SIS,0.0,0.75,SAFE
,JKT.01,ITABAL9,0.0,25.36,SAFE
,JKT.02,ITABAL9,0.0,7.78,SAFE
,JKT.03,ITABAL9,0.0,4.16,SAFE
,JKT.04,ITABAL9,0.0,1.17,SAFE
,JKT.05,ITABAL9,0.0,5.68,SAFE
,JKT.06,ITABAL9,0.0,7.45,SAFE
,JKT.07,ITABAL9,0.0,11.55,SAFE
,JKT.08,ITABAL9,0.0,4.26,SAFE
2026-09-01 19:57:34,JMB.01,ITABAL8,0.0,3.07,SAFE
2026-09-01 19:57:34,JMB.03,ITABAL8,0.0,1.02,SAFE
,JMB.04,ITABAL9,0.0,0.77,SAFE
2026-09-01 19:58:00,KRC.02,VP SABANG TIMUR SIS,0.0,1.04,SAFE
2026-09-01 19:57:34,KRC.03,ITABAL8,0.0,1.31,SAFE
2026-09-01 19:58:00,KRC.05,VP SABANG TIMUR SIS,0.0,1.93,SAFE
2026-09-01 19:58:00,KRC.07,VP SABANG TIMUR SIS,0.0,2.15,SAFE
2026-09-01 19:57:34,LHT.01,ITABAL8,0.0,5.84,SAFE
2026-09-01 19:57:34,LPG.01,ITABAL8,0.0,2.05,SAFE
2026-09-01 19:57:34,LPG.02,ITABAL8,0.0,12.03,SAFE
2026-09-01 19:57:34,LPG.03,ITABAL8,0.0,6.96,SAFE
2026-09-01 19:57:34,LPG.06,ITABAL8,0.0,6.69,SAFE
2026-09-01 19:57:34,LPG.07,ITABAL8,0.0,12.92,SAFE
2026-09-01 19:57:34,MDN.01,ITABAL8,0.0,3.37,SAFE
2026-09-01 19:57:34,MDN.02,ITABAL8,0.0,2.53,SAFE
2026-09-01 19:57:34,MDN.03,ITABAL8,0.0,7.25,SAFE
2026-09-01 19:57:34,MDN.04,ITABAL8,0.0,1.95,SAFE
,MIA.01,ITABAL9,0.0,1.22,SAFE
,MIA.02,ITABAL9,0.0,17.59,SAFE
,MIA.03,ITABAL9,0.0,4.28,SAFE
2026-09-01 19:58:00,MIA.04,PITSTOP AMBON SIS,0.0,2.31,SAFE
,MIA.05,ITABAL9,0.0,20.96,SAFE
,MIA.06,ITABAL9,0.0,1.16,SAFE
2026-09-01 19:58:00,MKS.01,CSA BONTANG SIS,0.0,0.72,SAFE
2026-09-01 19:58:00,MKS.02,PITSTOP AMBON SIS,0.0,1.06,SAFE
,MKS.03,ROM 13,0.0,8.2,SAFE
,MKS.04,ROM 13,0.0,3.08,SAFE
2026-09-01 19:58:00,MND.02,CSA BONTANG SIS,0.0,2.49,SAFE
2026-09-01 19:58:00,MRK.01,VP SABANG TIMUR SIS,0.0,1.65,SAFE
2026-09-01 19:58:00,MTM.01,PITSTOP AMBON SIS,0.0,1.64,SAFE
2026-09-01 19:58:00,MTP.01,PITSTOP AMBON SIS,0.0,1.01,SAFE
2026-09-01 19:58:00,MTR.01,VP SABANG TIMUR SIS,0.0,1.67,SAFE
2026-09-01 19:57:34,NIS.01,ITABAL8,0.0,0.57,SAFE
2026-09-01 19:57:34,NIS.02,ITABAL8,0.0,0.86,SAFE
2026-09-01 19:57:34,NIS.03,ITABAL8,0.0,1.03,SAFE
,PDG.01,ITABAL9,0.0,0.52,SAFE
2026-09-01 19:57:34,PLB.01,ITABAL8,0.0,1.87,SAFE
2026-09-01 19:57:34,PLB.02,ITABAL8,0.0,0.84,SAFE
2026-09-01 19:57:34,PLB.03,ITABAL8,0.0,2.0,SAFE
2026-09-01 19:57:34,PLB.04,ITABAL8,0.0,13.62,SAFE
2026-09-01 19:58:00,PLU.04,CSA BONTANG SIS,0.0,2.36,SAFE
2026-09-01 19:58:00,RIU.02,VP SABANG TIMUR SIS,0.0,0.61,SAFE
2026-09-01 19:58:00,RIU.04,VP SABANG TIMUR SIS,0.0,0.51,SAFE
2026-09-01 19:58:00,SBG.02,VP SABANG TIMUR SIS,0.0,1.91,SAFE
2026-09-01 19:58:00,SBG.03,VP SABANG TIMUR SIS,0.0,5.65,SAFE
2026-09-01 19:58:00,SBG.04,VP SABANG TIMUR SIS,0.0,0.63,SAFE
2026-09-01 19:58:00,SBG.05,VP SABANG TIMUR SIS,0.0,21.21,SAFE
2026-09-01 19:57:34,SBG.06,ITABAL8,0.0,14.52,SAFE
2026-09-01 19:58:00,SBG.08,VP SABANG TIMUR SIS,0.0,1.35,SAFE
2026-09-01 19:58:00,SBG.10,VP SABANG TIMUR SIS,0.0,2.05,SAFE
2026-09-01 19:58:00,SBG.11,VP SABANG TIMUR SIS,0.0,0.75,SAFE
2026-09-01 19:58:00,SGT.02,CSA BONTANG SIS,0.0,0.19,SAFE
2026-09-01 19:58:00,SMB.02,CSA BONTANG SIS,0.0,2.63,SAFE
2026-09-01 19:58:00,SMB.03,CSA BONTANG SIS,0.0,4.72,SAFE
2026-09-01 19:58:00,SNT.01,PITSTOP AMBON SIS,0.0,1.34,SAFE
2026-09-01 19:58:00,TJG.01,CSA BONTANG SIS,0.0,1.99,SAFE
2026-09-01 19:58:00,TJG.02,CSA BONTANG SIS,0.0,5.65,SAFE
2026-09-01 23:59:00,AMB.01,PITSTOP AMBON SIS,0.0,7.46,SAFE
2026-09-01 23:59:00,BDG.02,VP OB 1 SIS,0.0,19.31,SAFE
2026-09-01 23:59:00,BDG.03,VP OB 1 SIS,0.0,5.73,SAFE
2026-09-01 23:59:00,BDG.04,VP OB 1 SIS,0.0,1.07,SAFE
,BDG.05,ITABAL9,0.0,2.1,SAFE
2026-09-01 23:59:00,BGK.01,VP SABANG TIMUR SIS,0.0,1.59,SAFE
2026-09-01 23:59:00,BGK.02,VP SABANG TIMUR SIS,0.0,18.92,SAFE
,BGR.01,ITABAL9,0.0,1.34,SAFE
2026-09-01 23:59:00,BJB.03,CSA BONTANG SIS,0.0,1.34,SAFE
2026-09-01 23:59:00,BJM.01,PITSTOP AMBON SIS,0.0,3.86,SAFE
2026-09-01 23:59:00,BJM.02,CSA BONTANG SIS,0.0,1.68,SAFE
2026-09-02 00:08:20,BKL.01,ITABAL8,0.0,58.33,SAFE
2026-09-02 00:08:20,BKL.02,ITABAL8,0.0,0.72,SAFE
2026-09-02 00:08:20,BNE.02,ITABAL8,0.0,1.52,SAFE
2026-09-02 00:08:20,BNE.03,ITABAL8,0.0,0.63,SAFE
2026-09-02 00:08:20,BNE.04,ITABAL8,0.0,0.55,SAFE
2026-09-01 23:59:00,BNY.03,CSA BONTANG SIS,0.0,0.97,SAFE
2026-09-01 23:59:00,BTG.03,CSA BONTANG SIS,0.0,9.36,SAFE
2026-09-01 23:59:00,BTG.04,CSA BONTANG SIS,0.0,175.0,SAFE
2026-09-01 23:59:00,FLR.02,CSA BONTANG SIS,0.0,0.75,SAFE
,JKT.01,ITABAL9,0.0,25.36,SAFE
,JKT.02,ITABAL9,0.0,7.78,SAFE
,JKT.03,ITABAL9,0.0,4.16,SAFE
,JKT.04,ITABAL9,0.0,1.17,SAFE
,JKT.05,ITABAL9,0.0,5.68,SAFE
,JKT.06,ITABAL9,0.0,7.45,SAFE
,JKT.07,ITABAL9,0.0,11.55,SAFE
,JKT.08,ITABAL9,0.0,4.26,SAFE
2026-09-02 00:08:20,JMB.01,ITABAL8,0.0,3.07,SAFE
2026-09-02 00:08:20,JMB.03,ITABAL8,0.0,1.02,SAFE
,JMB.04,ITABAL9,0.0,0.77,SAFE
2026-09-01 23:59:00,KRC.02,VP SABANG TIMUR SIS,0.0,1.04,SAFE
2026-09-02 00:08:20,KRC.03,ITABAL8,0.0,1.31,SAFE
2026-09-01 23:59:00,KRC.05,VP SABANG TIMUR SIS,0.0,1.93,SAFE
2026-09-01 23:59:00,KRC.07,VP SABANG TIMUR SIS,0.0,2.15,SAFE
2026-09-02 00:08:20,LHT.01,ITABAL8,0.0,5.84,SAFE
2026-09-02 00:08:20,LPG.01,ITABAL8,0.0,2.05,SAFE
2026-09-02 00:08:20,LPG.02,ITABAL8,0.0,12.03,SAFE
2026-09-02 00:08:20,LPG.03,ITABAL8,0.0,6.96,SAFE
2026-09-02 00:08:20,LPG.06,ITABAL8,0.0,6.69,SAFE
2026-09-02 00:08:20,LPG.07,ITABAL8,0.0,12.92,SAFE
2026-09-02 00:08:20,MDN.01,ITABAL8,0.0,3.37,SAFE
2026-09-02 00:08:20,MDN.02,ITABAL8,0.0,2.53,SAFE
2026-09-02 00:08:20,MDN.03,ITABAL8,0.0,7.25,SAFE
2026-09-02 00:08:20,MDN.04,ITABAL8,0.0,1.95,SAFE
,MIA.01,ITABAL9,0.0,1.22,SAFE
,MIA.02,ITABAL9,0.0,17.59,SAFE
,MIA.03,ITABAL9,0.0,4.28,SAFE
2026-09-01 23:59:00,MIA.04,PITSTOP AMBON SIS,0.0,2.31,SAFE
,MIA.05,ITABAL9,0.0,20.96,SAFE
,MIA.06,ITABAL9,0.0,1.16,SAFE
2026-09-01 23:59:00,MKS.01,CSA BONTANG SIS,0.0,0.72,SAFE
2026-09-01 23:59:00,MKS.02,PITSTOP AMBON SIS,0.0,1.06,SAFE
,MKS.03,ROM 13,0.0,8.2,SAFE
,MKS.04,ROM 13,0.0,3.08,SAFE
2026-09-01 23:59:00,MND.02,CSA BONTANG SIS,0.0,2.49,SAFE
2026-09-01 23:59:00,MRK.01,VP SABANG TIMUR SIS,0.0,1.65,SAFE
2026-09-01 23:59:00,MTM.01,PITSTOP AMBON SIS,0.0,1.64,SAFE
2026-09-01 23:59:00,MTP.01,PITSTOP AMBON SIS,0.0,1.01,SAFE
2026-09-01 23:59:00,MTR.01,VP SABANG TIMUR SIS,0.0,1.67,SAFE
2026-09-02 00:08:20,NIS.01,ITABAL8,0.0,0.57,SAFE
2026-09-02 00:08:20,NIS.02,ITABAL8,0.0,0.86,SAFE
2026-09-02 00:08:20,NIS.03,ITABAL8,0.0,1.03,SAFE
,PDG.01,ITABAL9,0.0,0.52,SAFE
2026-09-02 00:08:20,PLB.01,ITABAL8,0.0,1.87,SAFE
2026-09-02 00:08:20,PLB.02,ITABAL8,0.0,0.84,SAFE
2026-09-02 00:08:20,PLB.03,ITABAL8,0.0,2.0,SAFE
2026-09-02 00:08:20,PLB.04,ITABAL8,0.0,13.62,SAFE
2026-09-01 23:59:00,PLU.04,CSA BONTANG SIS,0.0,2.36,SAFE
2026-09-01 23:59:00,RIU.02,VP SABANG TIMUR SIS,0.0,0.61,SAFE
2026-09-01 23:59:00,RIU.04,VP SABANG TIMUR SIS,0.0,0.51,SAFE
2026-09-01 23:59:00,SBG.02,VP SABANG TIMUR SIS,0.0,1.91,SAFE
2026-09-01 23:59:00,SBG.03,VP SABANG TIMUR SIS,0.0,5.65,SAFE
2026-09-01 23:59:00,SBG.04,VP SABANG TIMUR SIS,0.0,0.63,SAFE
2026-09-01 23:59:00,SBG.05,VP SABANG TIMUR SIS,0.0,21.21,SAFE
2026-09-02 00:08:20,SBG.06,ITABAL8,0.0,14.52,SAFE
2026-09-01 23:59:00,SBG.08,VP SABANG TIMUR SIS,0.0,1.35,SAFE
2026-09-01 23:59:00,SBG.10,VP SABANG TIMUR SIS,0.0,2.05,SAFE
2026-09-01 23:59:00,SBG.11,VP SABANG TIMUR SIS,0.0,0.75,SAFE
2026-09-01 23:59:00,SGT.02,CSA BONTANG SIS,0.0,0.19,SAFE
2026-09-01 23:59:00,SMB.02,CSA BONTANG SIS,0.0,2.63,SAFE
2026-09-01 23:59:00,SMB.03,CSA BONTANG SIS,0.0,4.72,SAFE
2026-09-01 23:59:00,SNT.01,PITSTOP AMBON SIS,0.0,1.34,SAFE
2026-09-01 23:59:00,TJG.01,CSA BONTANG SIS,0.0,1.99,SAFE
2026-09-01 23:59:00,TJG.02,CSA BONTANG SIS,0.0,5.65,SAFE
2026-09-01 23:59:00,AMB.01,PITSTOP AMBON SIS,0.0,7.46,SAFE
2026-09-01 23:59:00,BDG.02,VP OB 1 SIS,0.0,19.31,SAFE
2026-09-01 23:59:00,BDG.03,VP OB 1 SIS,0.0,5.73,SAFE
2026-09-01 23:59:00,BDG.04,VP OB 1 SIS,0.0,1.07,SAFE
,BDG.05,ITABAL9,0.0,2.1,SAFE
2026-09-01 23:59:00,BGK.01,VP SABANG TIMUR SIS,0.0,1.59,SAFE
2026-09-01 23:59:00,BGK.02,VP SABANG TIMUR SIS,0.0,18.92,SAFE
,BGR.01,ITABAL9,0.0,1.34,SAFE
2026-09-01 23:59:00,BJB.03,CSA BONTANG SIS,0.0,1.34,SAFE
2026-09-01 23:59:00,BJM.01,PITSTOP AMBON SIS,0.0,3.86,SAFE
2026-09-01 23:59:00,BJM.02,CSA BONTANG SIS,0.0,1.68,SAFE
2026-09-02 03:22:05,BKL.01,ITABAL8,0.0,58.33,SAFE
2026-09-02 03:22:05,BKL.02,ITABAL8,0.0,0.72,SAFE
2026-09-02 03:22:05,BNE.02,ITABAL8,0.0,1.52,SAFE
2026-09-02 03:22:05,BNE.03,ITABAL8,0.0,0.63,SAFE
2026-09-02 03:22:05,BNE.04,ITABAL8,0.0,0.55,SAFE
2026-09-01 23:59:00,BNY.03,CSA BONTANG SIS,0.0,0.97,SAFE
2026-09-01 23:59:00,BTG.03,CSA BONTANG SIS,0.0,9.36,SAFE
2026-09-01 23:59:00,BTG.04,CSA BONTANG SIS,0.0,175.0,SAFE
2026-09-01 23:59:00,FLR.02,CSA BONTANG SIS,0.0,0.75,SAFE
,JKT.01,ITABAL9,0.0,25.36,SAFE
,JKT.02,ITABAL9,0.0,7.78,SAFE
,JKT.03,ITABAL9,0.0,4.16,SAFE
,JKT.04,ITABAL9,0.0,1.17,SAFE
,JKT.05,ITABAL9,0.0,5.68,SAFE
,JKT.06,ITABAL9,0.0,7.45,SAFE
,JKT.07,ITABAL9,0.0,11.55,SAFE
,JKT.08,ITABAL9,0.0,4.26,SAFE
2026-09-02 03:22:05,JMB.01,ITABAL8,0.0,3.07,SAFE
2026-09-02 03:22:05,JMB.03,ITABAL8,0.0,1.02,SAFE
,JMB.04,ITABAL9,0.0,0.77,SAFE
2026-09-01 23:59:00,KRC.02,VP SABANG TIMUR SIS,0.0,1.04,SAFE
2026-09-02 03:22:05,KRC.03,ITABAL8,0.0,1.31,SAFE
2026-09-01 23:59:00,KRC.05,VP SABANG TIMUR SIS,0.0,1.93,SAFE
2026-09-01 23:59:00,KRC.07,VP SABANG TIMUR SIS,0.0,2.15,SAFE
2026-09-02 03:22:05,LHT.01,ITABAL8,0.0,5.84,SAFE
2026-09-02 03:22:05,LPG.01,ITABAL8,0.0,2.05,SAFE
2026-09-02 03:22:05,LPG.02,ITABAL8,0.0,12.03,SAFE
2026-09-02 03:22:05,LPG.03,ITABAL8,0.0,6.96,SAFE
2026-09-02 03:22:05,LPG.06,ITABAL8,0.0,6.69,SAFE
2026-09-02 03:22:05,LPG.07,ITABAL8,0.0,12.92,SAFE
2026-09-02 03:22:05,MDN.01,ITABAL8,0.0,3.37,SAFE
2026-09-02 03:22:05,MDN.02,ITABAL8,0.0,2.53,SAFE
2026-09-02 03:22:05,MDN.03,ITABAL8,0.0,7.25,SAFE
2026-09-02 03:22:05,MDN.04,ITABAL8,0.0,1.95,SAFE
,MIA.01,ITABAL9,0.0,1.22,SAFE
,MIA.02,ITABAL9,0.0,17.59,SAFE
,MIA.03,ITABAL9,0.0,4.28,SAFE
2026-09-01 23:59:00,MIA.04,PITSTOP AMBON SIS,0.0,2.31,SAFE
,MIA.05,ITABAL9,0.0,20.96,SAFE
,MIA.06,ITABAL9,0.0,1.16,SAFE
2026-09-01 23:59:00,MKS.01,CSA BONTANG SIS,0.0,0.72,SAFE
2026-09-01 23:59:00,MKS.02,PITSTOP AMBON SIS,0.0,1.06,SAFE
,MKS.03,ROM 13,0.0,8.2,SAFE
,MKS.04,ROM 13,0.0,3.08,SAFE
2026-09-01 23:59:00,MND.02,CSA BONTANG SIS,0.0,2.49,SAFE
2026-09-01 23:59:00,MRK.01,VP SABANG TIMUR SIS,0.0,1.65,SAFE
2026-09-01 23:59:00,MTM.01,PITSTOP AMBON SIS,0.0,1.64,SAFE
2026-09-01 23:59:00,MTP.01,PITSTOP AMBON SIS,0.0,1.01,SAFE
2026-09-01 23:59:00,MTR.01,VP SABANG TIMUR SIS,0.0,1.67,SAFE
2026-09-02 03:22:05,NIS.01,ITABAL8,0.0,0.57,SAFE
2026-09-02 03:22:05,NIS.02,ITABAL8,0.0,0.86,SAFE
2026-09-02 03:22:05,NIS.03,ITABAL8,0.0,1.03,SAFE
,PDG.01,ITABAL9,0.0,0.52,SAFE
2026-09-02 03:22:05,PLB.01,ITABAL8,0.0,1.87,SAFE
2026-09-02 03:22:05,PLB.02,ITABAL8,0.0,0.84,SAFE
2026-09-02 03:22:05,PLB.03,ITABAL8,0.0,2.0,SAFE
2026-09-02 03:22:05,PLB.04,ITABAL8,0.0,13.62,SAFE
2026-09-01 23:59:00,PLU.04,CSA BONTANG SIS,0.0,2.36,SAFE
2026-09-01 23:59:00,RIU.02,VP SABANG TIMUR SIS,0.0,0.61,SAFE
2026-09-01 23:59:00,RIU.04,VP SABANG TIMUR SIS,0.0,0.51,SAFE
2026-09-01 23:59:00,SBG.02,VP SABANG TIMUR SIS,0.0,1.91,SAFE
2026-09-01 23:59:00,SBG.03,VP SABANG TIMUR SIS,0.0,5.65,SAFE
2026-09-01 23:59:00,SBG.04,VP SABANG TIMUR SIS,0.0,0.63,SAFE
2026-09-01 23:59:00,SBG.05,VP SABANG TIMUR SIS,0.0,21.21,SAFE
2026-09-02 03:22:05,SBG.06,ITABAL8,0.0,14.52,SAFE
2026-09-01 23:59:00,SBG.08,VP SABANG TIMUR SIS,0.0,1.35,SAFE
2026-09-01 23:59:00,SBG.10,VP SABANG TIMUR SIS,0.0,2.05,SAFE
2026-09-01 23:59:00,SBG.11,VP SABANG TIMUR SIS,0.0,0.75,SAFE
2026-09-01 23:59:00,SGT.02,CSA BONTANG SIS,0.0,0.19,SAFE
2026-09-01 23:59:00,SMB.02,CSA BONTANG SIS,0.0,2.63,SAFE
2026-09-01 23:59:00,SMB.03,CSA BONTANG SIS,0.0,4.72,SAFE
2026-09-01 23:59:00,SNT.01,PITSTOP AMBON SIS,0.0,1.34,SAFE
2026-09-01 23:59:00,TJG.01,CSA BONTANG SIS,0.0,1.99,SAFE
2026-09-01 23:59:00,TJG.02,CSA BONTANG SIS,0.0,5.65,SAFE
2026-09-01 23:59:00,AMB.01,PITSTOP AMBON SIS,0.0,7.46,SAFE
2026-09-01 23:59:00,BDG.02,VP OB 1 SIS,0.0,19.31,SAFE
2026-09-01 23:59:00,BDG.03,VP OB 1 SIS,0.0,5.73,SAFE
2026-09-01 23:59:00,BDG.04,VP OB 1 SIS,0.0,1.07,SAFE
,BDG.05,ITABAL9,0.0,2.1,SAFE
2026-09-01 23:59:00,BGK.01,VP SABANG TIMUR SIS,0.0,1.59,SAFE
2026-09-01 23:59:00,BGK.02,VP SABANG TIMUR SIS,0.0,18.92,SAFE
,BGR.01,ITABAL9,0.0,1.34,SAFE
2026-09-01 23:59:00,BJB.03,CSA BONTANG SIS,0.0,1.34,SAFE
2026-09-01 23:59:00,BJM.01,PITSTOP AMBON SIS,0.0,3.86,SAFE
2026-09-01 23:59:00,BJM.02,CSA BONTANG SIS,0.0,1.68,SAFE
2026-09-02 05:51:44,BKL.01,ITABAL8,0.0,58.33,SAFE
2026-09-02 05:51:44,BKL.02,ITABAL8,0.0,0.72,SAFE
2026-09-02 05:51:44,BNE.02,ITABAL8,0.0,1.52,SAFE
2026-09-02 05:51:44,BNE.03,ITABAL8,0.0,0.63,SAFE
2026-09-02 05:51:44,BNE.04,ITABAL8,0.0,0.55,SAFE
2026-09-01 23:59:00,BNY.03,CSA BONTANG SIS,0.0,0.97,SAFE
2026-09-01 23:59:00,BTG.03,CSA BONTANG SIS,0.0,9.36,SAFE
2026-09-01 23:59:00,BTG.04,CSA BONTANG SIS,0.0,175.0,SAFE
2026-09-01 23:59:00,FLR.02,CSA BONTANG SIS,0.0,0.75,SAFE
,JKT.01,ITABAL9,0.0,25.36,SAFE
,JKT.02,ITABAL9,0.0,7.78,SAFE
,JKT.03,ITABAL9,0.0,4.16,SAFE
,JKT.04,ITABAL9,0.0,1.17,SAFE
,JKT.05,ITABAL9,0.0,5.68,SAFE
,JKT.06,ITABAL9,0.0,7.45,SAFE
,JKT.07,ITABAL9,0.0,11.55,SAFE
,JKT.08,ITABAL9,0.0,4.26,SAFE
2026-09-02 05:51:44,JMB.01,ITABAL8,0.0,3.07,SAFE
2026-09-02 05:51:44,JMB.03,ITABAL8,0.0,1.02,SAFE
,JMB.04,ITABAL9,0.0,0.77,SAFE
2026-09-01 23:59:00,KRC.02,VP SABANG TIMUR SIS,0.0,1.04,SAFE
2026-09-02 05:51:44,KRC.03,ITABAL8,0.0,1.31,SAFE
2026-09-01 23:59:00,KRC.05,VP SABANG TIMUR SIS,0.0,1.93,SAFE
2026-09-01 23:59:00,KRC.07,VP SABANG TIMUR SIS,0.0,2.15,SAFE
2026-09-02 05:51:44,LHT.01,ITABAL8,0.0,5.84,SAFE
2026-09-02 05:51:44,LPG.01,ITABAL8,0.0,2.05,SAFE
2026-09-02 05:51:44,LPG.02,ITABAL8,0.0,12.03,SAFE
2026-09-02 05:51:44,LPG.03,ITABAL8,0.0,6.96,SAFE
2026-09-02 05:51:44,LPG.06,ITABAL8,0.0,6.69,SAFE
2026-09-02 05:51:44,LPG.07,ITABAL8,0.0,12.92,SAFE
2026-09-02 05:51:44,MDN.01,ITABAL8,0.0,3.37,SAFE
2026-09-02 05:51:44,MDN.02,ITABAL8,0.0,2.53,SAFE
2026-09-02 05:51:44,MDN.03,ITABAL8,0.0,7.25,SAFE
2026-09-02 05:51:44,MDN.04,ITABAL8,0.0,1.95,SAFE
,MIA.01,ITABAL9,0.0,1.22,SAFE
,MIA.02,ITABAL9,0.0,17.59,SAFE
,MIA.03,ITABAL9,0.0,4.28,SAFE
2026-09-01 23:59:00,MIA.04,PITSTOP AMBON SIS,0.0,2.31,SAFE
,MIA.05,ITABAL9,0.0,20.96,SAFE
,MIA.06,ITABAL9,0.0,1.16,SAFE
2026-09-01 23:59:00,MKS.01,CSA BONTANG SIS,0.0,0.72,SAFE
2026-09-01 23:59:00,MKS.02,PITSTOP AMBON SIS,0.0,1.06,SAFE
,MKS.03,ROM 13,0.0,8.2,SAFE
,MKS.04,ROM 13,0.0,3.08,SAFE
2026-09-01 23:59:00,MND.02,CSA BONTANG SIS,0.0,2.49,SAFE
2026-09-01 23:59:00,MRK.01,VP SABANG TIMUR SIS,0.0,1.65,SAFE
2026-09-01 23:59:00,MTM.01,PITSTOP AMBON SIS,0.0,1.64,SAFE
2026-09-01 23:59:00,MTP.01,PITSTOP AMBON SIS,0.0,1.01,SAFE
2026-09-01 23:59:00,MTR.01,VP SABANG TIMUR SIS,0.0,1.67,SAFE
2026-09-02 05:51:44,NIS.01,ITABAL8,0.0,0.57,SAFE
2026-09-02 05:51:44,NIS.02,ITABAL8,0.0,0.86,SAFE
2026-09-02 05:51:44,NIS.03,ITABAL8,0.0,1.03,SAFE
,PDG.01,ITABAL9,0.0,0.52,SAFE
2026-09-02 05:51:44,PLB.01,ITABAL8,0.0,1.87,SAFE
2026-09-02 05:51:44,PLB.02,ITABAL8,0.0,0.84,SAFE
2026-09-02 05:51:44,PLB.03,ITABAL8,0.0,2.0,SAFE
2026-09-02 05:51:44,PLB.04,ITABAL8,0.0,13.62,SAFE
2026-09-01 23:59:00,PLU.04,CSA BONTANG SIS,0.0,2.36,SAFE
2026-09-01 23:59:00,RIU.02,VP SABANG TIMUR SIS,0.0,0.61,SAFE
2026-09-01 23:59:00,RIU.04,VP SABANG TIMUR SIS,0.0,0.51,SAFE
2026-09-01 23:59:00,SBG.02,VP SABANG TIMUR SIS,0.0,1.91,SAFE
2026-09-01 23:59:00,SBG.03,VP SABANG TIMUR SIS,0.0,5.65,SAFE
2026-09-01 23:59:00,SBG.04,VP SABANG TIMUR SIS,0.0,0.63,SAFE
2026-09-01 23:59:00,SBG.05,VP SABANG TIMUR SIS,0.0,21.21,SAFE
2026-09-02 05:51:44,SBG.06,ITABAL8,0.0,14.52,SAFE
2026-09-01 23:59:00,SBG.08,VP SABANG TIMUR SIS,0.0,1.35,SAFE
2026-09-01 23:59:00,SBG.10,VP SABANG TIMUR SIS,0.0,2.05,SAFE
2026-09-01 23:59:00,SBG.11,VP SABANG TIMUR SIS,0.0,0.75,SAFE
2026-09-01 23:59:00,SGT.02,CSA BONTANG SIS,0.0,0.19,SAFE
2026-09-01 23:59:00,SMB.02,CSA BONTANG SIS,0.0,2.63,SAFE
2026-09-01 23:59:00,SMB.03,CSA BONTANG SIS,0.0,4.72,SAFE
2026-09-01 23:59:00,SNT.01,PITSTOP AMBON SIS,0.0,1.34,SAFE
2026-09-01 23:59:00,TJG.01,CSA BONTANG SIS,0.0,1.99,SAFE
2026-09-01 23:59:00,TJG.02,CSA BONTANG SIS,0.0,5.65,SAFE
2026-09-01 23:59:00,AMB.01,PITSTOP AMBON SIS,0.0,7.46,SAFE
2026-09-01 23:59:00,BDG.02,VP OB 1 SIS,0.0,19.31,SAFE
2026-09-01 23:59:00,BDG.03,VP OB 1 SIS,0.0,5.73,SAFE
2026-09-01 23:59:00,BDG.04,VP OB 1 SIS,0.0,1.07,SAFE
,BDG.05,ITABAL9,0.0,2.1,SAFE
2026-09-01 23:59:00,BGK.01,VP SABANG TIMUR SIS,0.0,1.59,SAFE
2026-09-01 23:59:00,BGK.02,VP SABANG TIMUR SIS,0.0,18.92,SAFE
,BGR.01,ITABAL9,0.0,1.34,SAFE
2026-09-01 23:59:00,BJB.03,CSA BONTANG SIS,0.0,1.34,SAFE
2026-09-01 23:59:00,BJM.01,PITSTOP AMBON SIS,0.0,3.86,SAFE
2026-09-01 23:59:00,BJM.02,CSA BONTANG SIS,0.0,1.68,SAFE
2026-09-02 07:35:33,BKL.01,ITABAL8,0.0,58.33,SAFE
2026-09-02 07:35:33,BKL.02,ITABAL8,0.0,0.72,SAFE
2026-09-02 07:35:33,BNE.02,ITABAL8,0.0,1.52,SAFE
2026-09-02 07:35:33,BNE.03,ITABAL8,0.0,0.63,SAFE
2026-09-02 07:35:33,BNE.04,ITABAL8,0.0,0.55,SAFE
2026-09-01 23:59:00,BNY.03,CSA BONTANG SIS,0.0,0.97,SAFE
2026-09-01 23:59:00,BTG.03,CSA BONTANG SIS,0.0,9.36,SAFE
2026-09-01 23:59:00,BTG.04,CSA BONTANG SIS,0.0,175.0,SAFE
2026-09-01 23:59:00,FLR.02,CSA BONTANG SIS,0.0,0.75,SAFE
,JKT.01,ITABAL9,0.0,25.36,SAFE
,JKT.02,ITABAL9,0.0,7.78,SAFE
,JKT.03,ITABAL9,0.0,4.16,SAFE
,JKT.04,ITABAL9,0.0,1.17,SAFE
,JKT.05,ITABAL9,0.0,5.68,SAFE
,JKT.06,ITABAL9,0.0,7.45,SAFE
,JKT.07,ITABAL9,0.0,11.55,SAFE
,JKT.08,ITABAL9,0.0,4.26,SAFE
2026-09-02 07:35:33,JMB.01,ITABAL8,0.0,3.07,SAFE
2026-09-02 07:35:33,JMB.03,ITABAL8,0.0,1.02,SAFE
,JMB.04,ITABAL9,0.0,0.77,SAFE
2026-09-01 23:59:00,KRC.02,VP SABANG TIMUR SIS,0.0,1.04,SAFE
2026-09-02 07:35:33,KRC.03,ITABAL8,0.0,1.31,SAFE
2026-09-01 23:59:00,KRC.05,VP SABANG TIMUR SIS,0.0,1.93,SAFE
2026-09-01 23:59:00,KRC.07,VP SABANG TIMUR SIS,0.0,2.15,SAFE
2026-09-02 07:35:33,LHT.01,ITABAL8,0.0,5.84,SAFE
2026-09-02 07:35:33,LPG.01,ITABAL8,0.0,2.05,SAFE
2026-09-02 07:35:33,LPG.02,ITABAL8,0.0,12.03,SAFE
2026-09-02 07:35:33,LPG.03,ITABAL8,0.0,6.96,SAFE
2026-09-02 07:35:33,LPG.06,ITABAL8,0.0,6.69,SAFE
2026-09-02 07:35:33,LPG.07,ITABAL8,0.0,12.92,SAFE
2026-09-02 07:35:33,MDN.01,ITABAL8,0.0,3.37,SAFE
2026-09-02 07:35:33,MDN.02,ITABAL8,0.0,2.53,SAFE
2026-09-02 07:35:33,MDN.03,ITABAL8,0.0,7.25,SAFE
2026-09-02 07:35:33,MDN.04,ITABAL8,0.0,1.95,SAFE
,MIA.01,ITABAL9,0.0,1.22,SAFE
,MIA.02,ITABAL9,0.0,17.59,SAFE
,MIA.03,ITABAL9,0.0,4.28,SAFE
2026-09-01 23:59:00,MIA.04,PITSTOP AMBON SIS,0.0,2.31,SAFE
,MIA.05,ITABAL9,0.0,20.96,SAFE
,MIA.06,ITABAL9,0.0,1.16,SAFE
2026-09-01 23:59:00,MKS.01,CSA BONTANG SIS,0.0,0.72,SAFE
2026-09-01 23:59:00,MKS.02,PITSTOP AMBON SIS,0.0,1.06,SAFE
,MKS.03,ROM 13,0.0,8.2,SAFE
,MKS.04,ROM 13,0.0,3.08,SAFE
2026-09-01 23:59:00,MND.02,CSA BONTANG SIS,0.0,2.49,SAFE
2026-09-01 23:59:00,MRK.01,VP SABANG TIMUR SIS,0.0,1.65,SAFE
2026-09-01 23:59:00,MTM.01,PITSTOP AMBON SIS,0.0,1.64,SAFE
2026-09-01 23:59:00,MTP.01,PITSTOP AMBON SIS,0.0,1.01,SAFE
2026-09-01 23:59:00,MTR.01,VP SABANG TIMUR SIS,0.0,1.67,SAFE
2026-09-02 07:35:33,NIS.01,ITABAL8,0.0,0.57,SAFE
2026-09-02 07:35:33,NIS.02,ITABAL8,0.0,0.86,SAFE
2026-09-02 07:35:33,NIS.03,ITABAL8,0.0,1.03,SAFE
,PDG.01,ITABAL9,0.0,0.52,SAFE
2026-09-02 07:35:33,PLB.01,ITABAL8,0.0,1.87,SAFE
2026-09-02 07:35:33,PLB.02,ITABAL8,0.0,0.84,SAFE
2026-09-02 07:35:33,PLB.03,ITABAL8,0.0,2.0,SAFE
2026-09-02 07:35:33,PLB.04,ITABAL8,0.0,13.62,SAFE
2026-09-01 23:59:00,PLU.04,CSA BONTANG SIS,0.0,2.36,SAFE
2026-09-01 23:59:00,RIU.02,VP SABANG TIMUR SIS,0.0,0.61,SAFE
2026-09-01 23:59:00,RIU.04,VP SABANG TIMUR SIS,0.0,0.51,SAFE
2026-09-01 23:59:00,SBG.02,VP SABANG TIMUR SIS,0.0,1.91,SAFE
2026-09-01 23:59:00,SBG.03,VP SABANG TIMUR SIS,0.0,5.65,SAFE
2026-09-01 23:59:00,SBG.04,VP SABANG TIMUR SIS,0.0,0.63,SAFE
2026-09-01 23:59:00,SBG.05,VP SABANG TIMUR SIS,0.0,21.21,SAFE
2026-09-02 07:35:33,SBG.06,ITABAL8,0.0,14.52,SAFE
2026-09-01 23:59:00,SBG.08,VP SABANG TIMUR SIS,0.0,1.35,SAFE
2026-09-01 23:59:00,SBG.10,VP SABANG TIMUR SIS,0.0,2.05,SAFE
2026-09-01 23:59:00,SBG.11,VP SABANG TIMUR SIS,0.0,0.75,SAFE
2026-09-01 23:59:00,SGT.02,CSA BONTANG SIS,0.0,0.19,SAFE
2026-09-01 23:59:00,SMB.02,CSA BONTANG SIS,0.0,2.63,SAFE
2026-09-01 23:59:00,SMB.03,CSA BONTANG SIS,0.0,4.72,SAFE
2026-09-01 23:59:00,SNT.01,PITSTOP AMBON SIS,0.0,1.34,SAFE
2026-09-01 23:59:00,TJG.01,CSA BONTANG SIS,0.0,1.99,SAFE
2026-09-01 23:59:00,TJG.02,CSA BONTANG SIS,0.0,5.65,SAFE
2026-09-02 09:21:00,AMB.01,PITSTOP AMBON SIS,0.0,7.46,SAFE
2026-09-02 09:20:00,BDG.02,VP OB 1 SIS,0.0,19.31,SAFE
2026-09-02 09:20:00,BDG.03,VP OB 1 SIS,0.0,5.73,SAFE
2026-09-02 09:20:00,BDG.04,VP OB 1 SIS,0.0,1.07,SAFE
,BDG.05,ITABAL9,0.0,2.1,SAFE
2026-09-02 09:22:00,BGK.01,VP SABANG TIMUR SIS,0.0,1.59,SAFE
2026-09-02 09:22:00,BGK.02,VP SABANG TIMUR SIS,0.0,18.92,SAFE
,BGR.01,ITABAL9,0.0,1.34,SAFE
2026-09-02 09:22:00,BJB.03,CSA BONTANG SIS,0.0,1.34,SAFE
2026-09-02 09:21:00,BJM.01,PITSTOP AMBON SIS,0.0,3.86,SAFE
2026-09-02 09:22:00,BJM.02,CSA BONTANG SIS,0.0,1.68,SAFE
2026-09-02 09:21:08,BKL.01,ITABAL8,0.0,58.33,SAFE
2026-09-02 09:21:08,BKL.02,ITABAL8,0.0,0.72,SAFE
2026-09-02 09:21:08,BNE.02,ITABAL8,0.0,1.52,SAFE
2026-09-02 09:21:08,BNE.03,ITABAL8,0.0,0.63,SAFE
2026-09-02 09:21:08,BNE.04,ITABAL8,0.0,0.55,SAFE
2026-09-02 09:22:00,BNY.03,CSA BONTANG SIS,0.0,0.97,SAFE
2026-09-02 09:22:00,BTG.03,CSA BONTANG SIS,0.0,9.36,SAFE
2026-09-02 09:22:00,BTG.04,CSA BONTANG SIS,0.0,175.0,SAFE
2026-09-02 09:22:00,FLR.02,CSA BONTANG SIS,0.0,0.75,SAFE
,JKT.01,ITABAL9,0.0,25.36,SAFE
,JKT.02,ITABAL9,0.0,7.78,SAFE
,JKT.03,ITABAL9,0.0,4.16,SAFE
,JKT.04,ITABAL9,0.0,1.17,SAFE
,JKT.05,ITABAL9,0.0,5.68,SAFE
,JKT.06,ITABAL9,0.0,7.45,SAFE
,JKT.07,ITABAL9,0.0,11.55,SAFE
,JKT.08,ITABAL9,0.0,4.26,SAFE
2026-09-02 09:21:08,JMB.01,ITABAL8,0.0,3.07,SAFE
2026-09-02 09:21:08,JMB.03,ITABAL8,0.0,1.02,SAFE
,JMB.04,ITABAL9,0.0,0.77,SAFE
2026-09-02 09:22:00,KRC.02,VP SABANG TIMUR SIS,0.0,1.04,SAFE
2026-09-02 09:21:08,KRC.03,ITABAL8,0.0,1.31,SAFE
2026-09-02 09:22:00,KRC.05,VP SABANG TIMUR SIS,0.0,1.93,SAFE
2026-09-02 09:22:00,KRC.07,VP SABANG TIMUR SIS,0.0,2.15,SAFE
2026-09-02 09:21:08,LHT.01,ITABAL8,0.0,5.84,SAFE
2026-09-02 09:21:08,LPG.01,ITABAL8,0.0,2.05,SAFE
2026-09-02 09:21:08,LPG.02,ITABAL8,0.0,12.03,SAFE
2026-09-02 09:21:08,LPG.03,ITABAL8,0.0,6.96,SAFE
2026-09-02 09:21:08,LPG.06,ITABAL8,0.0,6.69,SAFE
2026-09-02 09:21:08,LPG.07,ITABAL8,0.0,12.92,SAFE
2026-09-02 09:21:08,MDN.01,ITABAL8,0.0,3.37,SAFE
2026-09-02 09:21:08,MDN.02,ITABAL8,0.0,2.53,SAFE
2026-09-02 09:21:08,MDN.03,ITABAL8,0.0,7.25,SAFE
2026-09-02 09:21:08,MDN.04,ITABAL8,0.0,1.95,SAFE
,MIA.01,ITABAL9,0.0,1.22,SAFE
,MIA.02,ITABAL9,0.0,17.59,SAFE
,MIA.03,ITABAL9,0.0,4.28,SAFE
2026-09-02 09:21:00,MIA.04,PITSTOP AMBON SIS,0.0,2.31,SAFE
,MIA.05,ITABAL9,0.0,20.96,SAFE
,MIA.06,ITABAL9,0.0,1.16,SAFE
2026-09-02 09:22:00,MKS.01,CSA BONTANG SIS,0.0,0.72,SAFE
2026-09-02 09:21:00,MKS.02,PITSTOP AMBON SIS,0.0,1.06,SAFE
,MKS.03,ROM 13,0.0,8.2,SAFE
,MKS.04,ROM 13,0.0,3.08,SAFE
2026-09-02 09:22:00,MND.02,CSA BONTANG SIS,0.0,2.49,SAFE
2026-09-02 09:22:00,MRK.01,VP SABANG TIMUR SIS,0.0,1.65,SAFE
2026-09-02 09:21:00,MTM.01,PITSTOP AMBON SIS,0.0,1.64,SAFE
2026-09-02 09:21:00,MTP.01,PITSTOP AMBON SIS,0.0,1.01,SAFE
2026-09-02 09:22:00,MTR.01,VP SABANG TIMUR SIS,0.0,1.67,SAFE
2026-09-02 09:21:08,NIS.01,ITABAL8,0.0,0.57,SAFE
2026-09-02 09:21:08,NIS.02,ITABAL8,0.0,0.86,SAFE
2026-09-02 09:21:08,NIS.03,ITABAL8,0.0,1.03,SAFE
,PDG.01,ITABAL9,0.0,0.52,SAFE
2026-09-02 09:21:08,PLB.01,ITABAL8,0.0,1.87,SAFE
2026-09-02 09:21:08,PLB.02,ITABAL8,0.0,0.84,SAFE
2026-09-02 09:21:08,PLB.03,ITABAL8,0.0,2.0,SAFE
2026-09-02 09:21:08,PLB.04,ITABAL8,0.0,13.62,SAFE
2026-09-02 09:22:00,PLU.04,CSA BONTANG SIS,0.0,2.36,SAFE
2026-09-02 09:22:00,RIU.02,VP SABANG TIMUR SIS,0.0,0.61,SAFE
2026-09-02 09:22:00,RIU.04,VP SABANG TIMUR SIS,0.0,0.51,SAFE
2026-09-02 09:22:00,SBG.02,VP SABANG TIMUR SIS,0.0,1.91,SAFE
2026-09-02 09:22:00,SBG.03,VP SABANG TIMUR SIS,0.0,5.65,SAFE
2026-09-02 09:22:00,SBG.04,VP SABANG TIMUR SIS,0.0,0.63,SAFE
2026-09-02 09:22:00,SBG.05,VP SABANG TIMUR SIS,0.0,21.21,SAFE
2026-09-02 09:21:08,SBG.06,ITABAL8,0.0,14.52,SAFE
2026-09-02 09:22:00,SBG.08,VP SABANG TIMUR SIS,0.0,1.35,SAFE
2026-09-02 09:22:00,SBG.10,VP SABANG TIMUR SIS,0.0,2.05,SAFE
2026-09-02 09:22:00,SBG.11,VP SABANG TIMUR SIS,0.0,0.75,SAFE
2026-09-02 09:22:00,SGT.02,CSA BONTANG SIS,0.0,0.19,SAFE
2026-09-02 09:22:00,SMB.02,CSA BONTANG SIS,0.0,2.63,SAFE
2026-09-02 09:22:00,SMB.03,CSA BONTANG SIS,0.0,4.72,SAFE
2026-09-02 09:21:00,SNT.01,PITSTOP AMBON SIS,0.0,1.34,SAFE
2026-09-02 09:22:00,TJG.01,CSA BONTANG SIS,0.0,1.99,SAFE
2026-09-02 09:22:00,TJG.02,CSA BONTANG SIS,0.0,5.65,SAFE
2026-09-02 13:57:00,AMB.01,PITSTOP AMBON SIS,0.0,7.46,SAFE
2026-09-02 13:56:00,BDG.02,VP OB 1 SIS,0.0,19.31,SAFE
2026-09-02 13:56:00,BDG.03,VP OB 1 SIS,0.0,5.73,SAFE
2026-09-02 13:56:00,BDG.04,VP OB 1 SIS,0.0,1.07,SAFE
,BDG.05,ITABAL9,0.0,2.1,SAFE
2026-09-02 13:58:00,BGK.01,VP SABANG TIMUR SIS,0.0,1.59,SAFE
2026-09-02 13:58:00,BGK.02,VP SABANG TIMUR SIS,0.0,18.92,SAFE
,BGR.01,ITABAL9,0.0,1.34,SAFE
2026-09-02 13:58:00,BJB.03,CSA BONTANG SIS,0.0,1.34,SAFE
2026-09-02 13:57:00,BJM.01,PITSTOP AMBON SIS,0.0,3.86,SAFE
2026-09-02 13:58:00,BJM.02,CSA BONTANG SIS,0.0,1.68,SAFE
2026-09-02 13:56:58,BKL.01,ITABAL8,0.0,58.33,SAFE
2026-09-02 13:56:58,BKL.02,ITABAL8,0.0,0.72,SAFE
2026-09-02 13:56:58,BNE.02,ITABAL8,0.0,1.52,SAFE
2026-09-02 13:56:58,BNE.03,ITABAL8,0.0,0.63,SAFE
2026-09-02 13:56:58,BNE.04,ITABAL8,0.0,0.55,SAFE
2026-09-02 13:58:00,BNY.03,CSA BONTANG SIS,0.0,0.97,SAFE
2026-09-02 13:58:00,BTG.03,CSA BONTANG SIS,0.0,9.36,SAFE
2026-09-02 13:58:00,BTG.04,CSA BONTANG SIS,0.0,175.0,SAFE
2026-09-02 13:58:00,FLR.02,CSA BONTANG SIS,0.0,0.75,SAFE
,JKT.01,ITABAL9,0.0,25.36,SAFE
,JKT.02,ITABAL9,0.0,7.78,SAFE
,JKT.03,ITABAL9,0.0,4.16,SAFE
,JKT.04,ITABAL9,0.0,1.17,SAFE
,JKT.05,ITABAL9,0.0,5.68,SAFE
,JKT.06,ITABAL9,0.0,7.45,SAFE
,JKT.07,ITABAL9,0.0,11.55,SAFE
,JKT.08,ITABAL9,0.0,4.26,SAFE
2026-09-02 13:56:58,JMB.01,ITABAL8,0.0,3.07,SAFE
2026-09-02 13:56:58,JMB.03,ITABAL8,0.0,1.02,SAFE
,JMB.04,ITABAL9,0.0,0.77,SAFE
2026-09-02 13:58:00,KRC.02,VP SABANG TIMUR SIS,0.0,1.04,SAFE
2026-09-02 13:56:58,KRC.03,ITABAL8,0.0,1.31,SAFE
2026-09-02 13:58:00,KRC.05,VP SABANG TIMUR SIS,0.0,1.93,SAFE
2026-09-02 13:58:00,KRC.07,VP SABANG TIMUR SIS,0.0,2.15,SAFE
2026-09-02 13:56:58,LHT.01,ITABAL8,0.0,5.84,SAFE
2026-09-02 13:56:58,LPG.01,ITABAL8,0.0,2.05,SAFE
2026-09-02 13:56:58,LPG.02,ITABAL8,0.0,12.03,SAFE
2026-09-02 13:56:58,LPG.03,ITABAL8,0.0,6.96,SAFE
2026-09-02 13:56:58,LPG.06,ITABAL8,0.0,6.69,SAFE
2026-09-02 13:56:58,LPG.07,ITABAL8,0.0,12.92,SAFE
2026-09-02 13:56:58,MDN.01,ITABAL8,0.0,3.37,SAFE
2026-09-02 13:56:58,MDN.02,ITABAL8,0.0,2.53,SAFE
2026-09-02 13:56:58,MDN.03,ITABAL8,0.0,7.25,SAFE
2026-09-02 13:56:58,MDN.04,ITABAL8,0.0,1.95,SAFE
,MIA.01,ITABAL9,0.0,1.22,SAFE
,MIA.02,ITABAL9,0.0,17.59,SAFE
,MIA.03,ITABAL9,0.0,4.28,SAFE
2026-09-02 13:57:00,MIA.04,PITSTOP AMBON SIS,0.0,2.31,SAFE
,MIA.05,ITABAL9,0.0,20.96,SAFE
,MIA.06,ITABAL9,0.0,1.16,SAFE
2026-09-02 13:58:00,MKS.01,CSA BONTANG SIS,0.0,0.72,SAFE
2026-09-02 13:57:00,MKS.02,PITSTOP AMBON SIS,0.0,1.06,SAFE
,MKS.03,ROM 13,0.0,8.2,SAFE
,MKS.04,ROM 13,0.0,3.08,SAFE
2026-09-02 13:58:00,MND.02,CSA BONTANG SIS,0.0,2.49,SAFE
2026-09-02 13:58:00,MRK.01,VP SABANG TIMUR SIS,0.0,1.65,SAFE
2026-09-02 13:57:00,MTM.01,PITSTOP AMBON SIS,0.0,1.64,SAFE
2026-09-02 13:57:00,MTP.01,PITSTOP AMBON SIS,0.0,1.01,SAFE
2026-09-02 13:58:00,MTR.01,VP SABANG TIMUR SIS,0.0,1.67,SAFE
2026-09-02 13:56:58,NIS.01,ITABAL8,0.0,0.57,SAFE
2026-09-02 13:56:58,NIS.02,ITABAL8,0.0,0.86,SAFE
2026-09-02 13:56:58,NIS.03,ITABAL8,0.0,1.03,SAFE
,PDG.01,ITABAL9,0.0,0.52,SAFE
2026-09-02 13:56:58,PLB.01,ITABAL8,0.0,1.87,SAFE
2026-09-02 13:56:58,PLB.02,ITABAL8,0.0,0.84,SAFE
2026-09-02 13:56:58,PLB.03,ITABAL8,0.0,2.0,SAFE
2026-09-02 13:56:58,PLB.04,ITABAL8,0.0,13.62,SAFE
2026-09-02 13:58:00,PLU.04,CSA BONTANG SIS,0.0,2.36,SAFE
2026-09-02 13:58:00,RIU.02,VP SABANG TIMUR SIS,0.0,0.61,SAFE
2026-09-02 13:58:00,RIU.04,VP SABANG TIMUR SIS,0.0,0.51,SAFE
2026-09-02 13:58:00,SBG.02,VP SABANG TIMUR SIS,0.0,1.91,SAFE
2026-09-02 13:58:00,SBG.03,VP SABANG TIMUR SIS,0.0,5.65,SAFE
2026-09-02 13:58:00,SBG.04,VP SABANG TIMUR SIS,0.0,0.63,SAFE
2026-09-02 13:58:00,SBG.05,VP SABANG TIMUR SIS,0.0,21.21,SAFE
2026-09-02 13:56:58,SBG.06,ITABAL8,0.0,14.52,SAFE
2026-09-02 13:58:00,SBG.08,VP SABANG TIMUR SIS,0.0,1.35,SAFE
2026-09-02 13:58:00,SBG.10,VP SABANG TIMUR SIS,0.0,2.05,SAFE
2026-09-02 13:58:00,SBG.11,VP SABANG TIMUR SIS,0.0,0.75,SAFE
2026-09-02 13:58:00,SGT.02,CSA BONTANG SIS,0.0,0.19,SAFE
2026-09-02 13:58:00,SMB.02,CSA BONTANG SIS,0.0,2.63,SAFE
2026-09-02 13:58:00,SMB.03,CSA BONTANG SIS,0.0,4.72,SAFE
2026-09-02 13:57:00,SNT.01,PITSTOP AMBON SIS,0.0,1.34,SAFE
2026-09-02 13:58:00,TJG.01,CSA BONTANG SIS,0.0,1.99,SAFE
2026-09-02 13:58:00,TJG.02,CSA BONTANG SIS,0.0,5.65,SAFE
2026-09-02 18:39:00,AMB.01,PITSTOP AMBON SIS,0.0,7.46,SAFE
2026-09-02 18:38:00,BDG.02,VP OB 1 SIS,0.0,19.31,SAFE
2026-09-02 18:38:00,BDG.03,VP OB 1 SIS,0.0,5.73,SAFE
2026-09-02 18:38:00,BDG.04,VP OB 1 SIS,0.0,1.07,SAFE
,BDG.05,ITABAL9,0.0,2.1,SAFE
2026-09-02 18:40:00,BGK.01,VP SABANG TIMUR SIS,0.0,1.59,SAFE
2026-09-02 18:40:00,BGK.02,VP SABANG TIMUR SIS,0.0,18.92,SAFE
,BGR.01,ITABAL9,0.0,1.34,SAFE
2026-09-02 18:40:00,BJB.03,CSA BONTANG SIS,0.0,1.34,SAFE
2026-09-02 18:39:00,BJM.01,PITSTOP AMBON SIS,0.0,3.86,SAFE
2026-09-02 18:40:00,BJM.02,CSA BONTANG SIS,0.0,1.68,SAFE
2026-09-02 18:39:02,BKL.01,ITABAL8,0.0,58.33,SAFE
2026-09-02 18:39:02,BKL.02,ITABAL8,0.0,0.72,SAFE
2026-09-02 18:39:02,BNE.02,ITABAL8,0.0,1.52,SAFE
2026-09-02 18:39:02,BNE.03,ITABAL8,0.0,0.63,SAFE
2026-09-02 18:39:02,BNE.04,ITABAL8,0.0,0.55,SAFE
2026-09-02 18:40:00,BNY.03,CSA BONTANG SIS,0.0,0.97,SAFE
2026-09-02 18:40:00,BTG.03,CSA BONTANG SIS,0.0,9.36,SAFE
2026-09-02 18:40:00,BTG.04,CSA BONTANG SIS,0.0,175.0,SAFE
2026-09-02 18:40:00,FLR.02,CSA BONTANG SIS,0.0,0.75,SAFE
,JKT.01,ITABAL9,0.0,25.36,SAFE
,JKT.02,ITABAL9,0.0,7.78,SAFE
,JKT.03,ITABAL9,0.0,4.16,SAFE
,JKT.04,ITABAL9,0.0,1.17,SAFE
,JKT.05,ITABAL9,0.0,5.68,SAFE
,JKT.06,ITABAL9,0.0,7.45,SAFE
,JKT.07,ITABAL9,0.0,11.55,SAFE
,JKT.08,ITABAL9,0.0,4.26,SAFE
2026-09-02 18:39:02,JMB.01,ITABAL8,0.0,3.07,SAFE
2026-09-02 18:39:02,JMB.03,ITABAL8,0.0,1.02,SAFE
,JMB.04,ITABAL9,0.0,0.77,SAFE
2026-09-02 18:40:00,KRC.02,VP SABANG TIMUR SIS,0.0,1.04,SAFE
2026-09-02 18:39:02,KRC.03,ITABAL8,0.0,1.31,SAFE
2026-09-02 18:40:00,KRC.05,VP SABANG TIMUR SIS,0.0,1.93,SAFE
2026-09-02 18:40:00,KRC.07,VP SABANG TIMUR SIS,0.0,2.15,SAFE
2026-09-02 18:39:02,LHT.01,ITABAL8,0.0,5.84,SAFE
2026-09-02 18:39:02,LPG.01,ITABAL8,0.0,2.05,SAFE
2026-09-02 18:39:02,LPG.02,ITABAL8,0.0,12.03,SAFE
2026-09-02 18:39:02,LPG.03,ITABAL8,0.0,6.96,SAFE
2026-09-02 18:39:02,LPG.06,ITABAL8,0.0,6.69,SAFE
2026-09-02 18:39:02,LPG.07,ITABAL8,0.0,12.92,SAFE
2026-09-02 18:39:02,MDN.01,ITABAL8,0.0,3.37,SAFE
2026-09-02 18:39:02,MDN.02,ITABAL8,0.0,2.53,SAFE
2026-09-02 18:39:02,MDN.03,ITABAL8,0.0,7.25,SAFE
2026-09-02 18:39:02,MDN.04,ITABAL8,0.0,1.95,SAFE
,MIA.01,ITABAL9,0.0,1.22,SAFE
,MIA.02,ITABAL9,0.0,17.59,SAFE
,MIA.03,ITABAL9,0.0,4.28,SAFE
2026-09-02 18:39:00,MIA.04,PITSTOP AMBON SIS,0.0,2.31,SAFE
,MIA.05,ITABAL9,0.0,20.96,SAFE
,MIA.06,ITABAL9,0.0,1.16,SAFE
2026-09-02 18:40:00,MKS.01,CSA BONTANG SIS,0.0,0.72,SAFE
2026-09-02 18:39:00,MKS.02,PITSTOP AMBON SIS,0.0,1.06,SAFE
,MKS.03,ROM 13,0.0,8.2,SAFE
,MKS.04,ROM 13,0.0,3.08,SAFE
2026-09-02 18:40:00,MND.02,CSA BONTANG SIS,0.0,2.49,SAFE
2026-09-02 18:40:00,MRK.01,VP SABANG TIMUR SIS,0.0,1.65,SAFE
2026-09-02 18:39:00,MTM.01,PITSTOP AMBON SIS,0.0,1.64,SAFE
2026-09-02 18:39:00,MTP.01,PITSTOP AMBON SIS,0.0,1.01,SAFE
2026-09-02 18:40:00,MTR.01,VP SABANG TIMUR SIS,0.0,1.67,SAFE
2026-09-02 18:39:02,NIS.01,ITABAL8,0.0,0.57,SAFE
2026-09-02 18:39:02,NIS.02,ITABAL8,0.0,0.86,SAFE
2026-09-02 18:39:02,NIS.03,ITABAL8,0.0,1.03,SAFE
,PDG.01,ITABAL9,0.0,0.52,SAFE
2026-09-02 18:39:02,PLB.01,ITABAL8,0.0,1.87,SAFE
2026-09-02 18:39:02,PLB.02,ITABAL8,0.0,0.84,SAFE
2026-09-02 18:39:02,PLB.03,ITABAL8,0.0,2.0,SAFE
2026-09-02 18:39:02,PLB.04,ITABAL8,0.0,13.62,SAFE
2026-09-02 18:40:00,PLU.04,CSA BONTANG SIS,0.0,2.36,SAFE
2026-09-02 18:40:00,RIU.02,VP SABANG TIMUR SIS,0.0,0.61,SAFE
2026-09-02 18:40:00,RIU.04,VP SABANG TIMUR SIS,0.0,0.51,SAFE
2026-09-02 18:40:00,SBG.02,VP SABANG TIMUR SIS,0.0,1.91,SAFE
2026-09-02 18:40:00,SBG.03,VP SABANG TIMUR SIS,0.0,5.65,SAFE
2026-09-02 18:40:00,SBG.04,VP SABANG TIMUR SIS,0.0,0.63,SAFE
2026-09-02 18:40:00,SBG.05,VP SABANG TIMUR SIS,0.0,21.21,SAFE
2026-09-02 18:39:02,SBG.06,ITABAL8,0.0,14.52,SAFE
2026-09-02 18:40:00,SBG.08,VP SABANG TIMUR SIS,0.0,1.35,SAFE
2026-09-02 18:40:00,SBG.10,VP SABANG TIMUR SIS,0.0,2.05,SAFE
2026-09-02 18:40:00,SBG.11,VP SABANG TIMUR SIS,0.0,0.75,SAFE
2026-09-02 18:40:00,SGT.02,CSA BONTANG SIS,0.0,0.19,SAFE
2026-09-02 18:40:00,SMB.02,CSA BONTANG SIS,0.0,2.63,SAFE
2026-09-02 18:40:00,SMB.03,CSA BONTANG SIS,0.0,4.72,SAFE
2026-09-02 18:39:00,SNT.01,PITSTOP AMBON SIS,0.0,1.34,SAFE
2026-09-02 18:40:00,TJG.01,CSA BONTANG SIS,0.0,1.99,SAFE
2026-09-02 18:40:00,TJG.02,CSA BONTANG SIS,0.0,5.65,SAFE
2026-09-02 22:42:00,AMB.01,PITSTOP AMBON SIS,0.0,7.46,SAFE
2026-09-02 22:41:00,BDG.02,VP OB 1 SIS,0.0,19.31,SAFE
2026-09-02 22:41:00,BDG.03,VP OB 1 SIS,0.0,5.73,SAFE
2026-09-02 22:41:00,BDG.04,VP OB 1 SIS,0.0,1.07,SAFE
,BDG.05,ITABAL9,0.0,2.1,SAFE
2026-09-02 22:42:00,BGK.01,VP SABANG TIMUR SIS,0.0,1.59,SAFE
2026-09-02 22:42:00,BGK.02,VP SABANG TIMUR SIS,0.0,18.92,SAFE
,BGR.01,ITABAL9,0.0,1.34,SAFE
2026-09-02 22:42:00,BJB.03,CSA BONTANG SIS,0.0,1.34,SAFE
2026-09-02 22:42:00,BJM.01,PITSTOP AMBON SIS,0.0,3.86,SAFE
2026-09-02 22:42:00,BJM.02,CSA BONTANG SIS,0.0,1.68,SAFE
2026-09-02 22:41:21,BKL.01,ITABAL8,0.0,58.33,SAFE
2026-09-02 22:41:21,BKL.02,ITABAL8,0.0,0.72,SAFE
2026-09-02 22:41:21,BNE.02,ITABAL8,0.0,1.52,SAFE
2026-09-02 22:41:21,BNE.03,ITABAL8,0.0,0.63,SAFE
2026-09-02 22:41:21,BNE.04,ITABAL8,0.0,0.55,SAFE
2026-09-02 22:42:00,BNY.03,CSA BONTANG SIS,0.0,0.97,SAFE
2026-09-02 22:42:00,BTG.03,CSA BONTANG SIS,0.0,9.36,SAFE
2026-09-02 22:42:00,BTG.04,CSA BONTANG SIS,0.0,175.0,SAFE
2026-09-02 22:42:00,FLR.02,CSA BONTANG SIS,0.0,0.75,SAFE
,JKT.01,ITABAL9,0.0,25.36,SAFE
,JKT.02,ITABAL9,0.0,7.78,SAFE
,JKT.03,ITABAL9,0.0,4.16,SAFE
,JKT.04,ITABAL9,0.0,1.17,SAFE
,JKT.05,ITABAL9,0.0,5.68,SAFE
,JKT.06,ITABAL9,0.0,7.45,SAFE
,JKT.07,ITABAL9,0.0,11.55,SAFE
,JKT.08,ITABAL9,0.0,4.26,SAFE
2026-09-02 22:41:21,JMB.01,ITABAL8,0.0,3.07,SAFE
2026-09-02 22:41:21,JMB.03,ITABAL8,0.0,1.02,SAFE
,JMB.04,ITABAL9,0.0,0.77,SAFE
2026-09-02 22:42:00,KRC.02,VP SABANG TIMUR SIS,0.0,1.04,SAFE
2026-09-02 22:41:21,KRC.03,ITABAL8,0.0,1.31,SAFE
2026-09-02 22:42:00,KRC.05,VP SABANG TIMUR SIS,0.0,1.93,SAFE
2026-09-02 22:42:00,KRC.07,VP SABANG TIMUR SIS,0.0,2.15,SAFE
2026-09-02 22:41:21,LHT.01,ITABAL8,0.0,5.84,SAFE
2026-09-02 22:41:21,LPG.01,ITABAL8,0.0,2.05,SAFE
2026-09-02 22:41:21,LPG.02,ITABAL8,0.0,12.03,SAFE
2026-09-02 22:41:21,LPG.03,ITABAL8,0.0,6.96,SAFE
2026-09-02 22:41:21,LPG.06,ITABAL8,0.0,6.69,SAFE
2026-09-02 22:41:21,LPG.07,ITABAL8,0.0,12.92,SAFE
2026-09-02 22:41:21,MDN.01,ITABAL8,0.0,3.37,SAFE
2026-09-02 22:41:21,MDN.02,ITABAL8,0.0,2.53,SAFE
2026-09-02 22:41:21,MDN.03,ITABAL8,0.0,7.25,SAFE
2026-09-02 22:41:21,MDN.04,ITABAL8,0.0,1.95,SAFE
,MIA.01,ITABAL9,0.0,1.22,SAFE
,MIA.02,ITABAL9,0.0,17.59,SAFE
,MIA.03,ITABAL9,0.0,4.28,SAFE
2026-09-02 22:42:00,MIA.04,PITSTOP AMBON SIS,0.0,2.31,SAFE
,MIA.05,ITABAL9,0.0,20.96,SAFE
,MIA.06,ITABAL9,0.0,1.16,SAFE
2026-09-02 22:42:00,MKS.01,CSA BONTANG SIS,0.0,0.72,SAFE
2026-09-02 22:42:00,MKS.02,PITSTOP AMBON SIS,0.0,1.06,SAFE
,MKS.03,ROM 13,0.0,8.2,SAFE
,MKS.04,ROM 13,0.0,3.08,SAFE
2026-09-02 22:42:00,MND.02,CSA BONTANG SIS,0.0,2.49,SAFE
2026-09-02 22:42:00,MRK.01,VP SABANG TIMUR SIS,0.0,1.65,SAFE
2026-09-02 22:42:00,MTM.01,PITSTOP AMBON SIS,0.0,1.64,SAFE
2026-09-02 22:42:00,MTP.01,PITSTOP AMBON SIS,0.0,1.01,SAFE
2026-09-02 22:42:00,MTR.01,VP SABANG TIMUR SIS,0.0,1.67,SAFE
2026-09-02 22:41:21,NIS.01,ITABAL8,0.0,0.57,SAFE
2026-09-02 22:41:21,NIS.02,ITABAL8,0.0,0.86,SAFE
2026-09-02 22:41:21,NIS.03,ITABAL8,0.0,1.03,SAFE
,PDG.01,ITABAL9,0.0,0.52,SAFE
2026-09-02 22:41:21,PLB.01,ITABAL8,0.0,1.87,SAFE
2026-09-02 22:41:21,PLB.02,ITABAL8,0.0,0.84,SAFE
2026-09-02 22:41:21,PLB.03,ITABAL8,0.0,2.0,SAFE
2026-09-02 22:41:21,PLB.04,ITABAL8,0.0,13.62,SAFE
2026-09-02 22:42:00,PLU.04,CSA BONTANG SIS,0.0,2.36,SAFE
2026-09-02 22:42:00,RIU.02,VP SABANG TIMUR SIS,0.0,0.61,SAFE
2026-09-02 22:42:00,RIU.04,VP SABANG TIMUR SIS,0.0,0.51,SAFE
2026-09-02 22:42:00,SBG.02,VP SABANG TIMUR SIS,0.0,1.91,SAFE
2026-09-02 22:42:00,SBG.03,VP SABANG TIMUR SIS,0.0,5.65,SAFE
2026-09-02 22:42:00,SBG.04,VP SABANG TIMUR SIS,0.0,0.63,SAFE
2026-09-02 22:42:00,SBG.05,VP SABANG TIMUR SIS,0.0,21.21,SAFE
2026-09-02 22:41:21,SBG.06,ITABAL8,0.0,14.52,SAFE
2026-09-02 22:42:00,SBG.08,VP SABANG TIMUR SIS,0.0,1.35,SAFE
2026-09-02 22:42:00,SBG.10,VP SABANG TIMUR SIS,0.0,2.05,SAFE
2026-09-02 22:42:00,SBG.11,VP SABANG TIMUR SIS,0.0,0.75,SAFE
2026-09-02 22:42:00,SGT.02,CSA BONTANG SIS,0.0,0.19,SAFE
2026-09-02 22:42:00,SMB.02,CSA BONTANG SIS,0.0,2.63,SAFE
2026-09-02 22:42:00,SMB.03,CSA BONTANG SIS,0.0,4.72,SAFE
2026-09-02 22:42:00,SNT.01,PITSTOP AMBON SIS,0.0,1.34,SAFE
2026-09-02 22:42:00,TJG.01,CSA BONTANG SIS,0.0,1.99,SAFE
2026-09-02 22:42:00,TJG.02,CSA BONTANG SIS,0.0,5.65,SAFE
2026-09-02 23:59:00,AMB.01,PITSTOP AMBON SIS,0.0,7.46,SAFE
2026-09-02 23:59:00,BDG.02,VP OB 1 SIS,0.0,19.31,SAFE
2026-09-02 23:59:00,BDG.03,VP OB 1 SIS,0.0,5.73,SAFE
2026-09-02 23:59:00,BDG.04,VP OB 1 SIS,0.0,1.07,SAFE
,BDG.05,ITABAL9,0.0,2.1,SAFE
2026-09-02 23:59:00,BGK.01,VP SABANG TIMUR SIS,0.0,1.59,SAFE
2026-09-02 23:59:00,BGK.02,VP SABANG TIMUR SIS,0.0,18.92,SAFE
,BGR.01,ITABAL9,0.0,1.34,SAFE
2026-09-02 23:59:00,BJB.03,CSA BONTANG SIS,0.0,1.34,SAFE
2026-09-02 23:59:00,BJM.01,PITSTOP AMBON SIS,0.0,3.86,SAFE
2026-09-02 23:59:00,BJM.02,CSA BONTANG SIS,0.0,1.68,SAFE
2026-09-03 02:04:01,BKL.01,ITABAL8,0.0,58.33,SAFE
2026-09-03 02:04:01,BKL.02,ITABAL8,0.0,0.72,SAFE
2026-09-03 02:04:01,BNE.02,ITABAL8,0.0,1.52,SAFE
2026-09-03 02:04:01,BNE.03,ITABAL8,0.0,0.63,SAFE
2026-09-03 02:04:01,BNE.04,ITABAL8,0.0,0.55,SAFE
2026-09-02 23:59:00,BNY.03,CSA BONTANG SIS,0.0,0.97,SAFE
2026-09-02 23:59:00,BTG.03,CSA BONTANG SIS,0.0,9.36,SAFE
2026-09-02 23:59:00,BTG.04,CSA BONTANG SIS,0.0,175.0,SAFE
2026-09-02 23:59:00,FLR.02,CSA BONTANG SIS,0.0,0.75,SAFE
,JKT.01,ITABAL9,0.0,25.36,SAFE
,JKT.02,ITABAL9,0.0,7.78,SAFE
,JKT.03,ITABAL9,0.0,4.16,SAFE
,JKT.04,ITABAL9,0.0,1.17,SAFE
,JKT.05,ITABAL9,0.0,5.68,SAFE
,JKT.06,ITABAL9,0.0,7.45,SAFE
,JKT.07,ITABAL9,0.0,11.55,SAFE
,JKT.08,ITABAL9,0.0,4.26,SAFE
2026-09-03 02:04:01,JMB.01,ITABAL8,0.0,3.07,SAFE
2026-09-03 02:04:01,JMB.03,ITABAL8,0.0,1.02,SAFE
,JMB.04,ITABAL9,0.0,0.77,SAFE
2026-09-02 23:59:00,KRC.02,VP SABANG TIMUR SIS,0.0,1.04,SAFE
2026-09-03 02:04:01,KRC.03,ITABAL8,0.0,1.31,SAFE
2026-09-02 23:59:00,KRC.05,VP SABANG TIMUR SIS,0.0,1.93,SAFE
2026-09-02 23:59:00,KRC.07,VP SABANG TIMUR SIS,0.0,2.15,SAFE
2026-09-03 02:04:01,LHT.01,ITABAL8,0.0,5.84,SAFE
2026-09-03 02:04:01,LPG.01,ITABAL8,0.0,2.05,SAFE
2026-09-03 02:04:01,LPG.02,ITABAL8,0.0,12.03,SAFE
2026-09-03 02:04:01,LPG.03,ITABAL8,0.0,6.96,SAFE
2026-09-03 02:04:01,LPG.06,ITABAL8,0.0,6.69,SAFE
2026-09-03 02:04:01,LPG.07,ITABAL8,0.0,12.92,SAFE
2026-09-03 02:04:01,MDN.01,ITABAL8,0.0,3.37,SAFE
2026-09-03 02:04:01,MDN.02,ITABAL8,0.0,2.53,SAFE
2026-09-03 02:04:01,MDN.03,ITABAL8,0.0,7.25,SAFE
2026-09-03 02:04:01,MDN.04,ITABAL8,0.0,1.95,SAFE
,MIA.01,ITABAL9,0.0,1.22,SAFE
,MIA.02,ITABAL9,0.0,17.59,SAFE
,MIA.03,ITABAL9,0.0,4.28,SAFE
2026-09-02 23:59:00,MIA.04,PITSTOP AMBON SIS,0.0,2.31,SAFE
,MIA.05,ITABAL9,0.0,20.96,SAFE
,MIA.06,ITABAL9,0.0,1.16,SAFE
2026-09-02 23:59:00,MKS.01,CSA BONTANG SIS,0.0,0.72,SAFE
2026-09-02 23:59:00,MKS.02,PITSTOP AMBON SIS,0.0,1.06,SAFE
,MKS.03,ROM 13,0.0,8.2,SAFE
,MKS.04,ROM 13,0.0,3.08,SAFE
2026-09-02 23:59:00,MND.02,CSA BONTANG SIS,0.0,2.49,SAFE
2026-09-02 23:59:00,MRK.01,VP SABANG TIMUR SIS,0.0,1.65,SAFE
2026-09-02 23:59:00,MTM.01,PITSTOP AMBON SIS,0.0,1.64,SAFE
2026-09-02 23:59:00,MTP.01,PITSTOP AMBON SIS,0.0,1.01,SAFE
2026-09-02 23:59:00,MTR.01,VP SABANG TIMUR SIS,0.0,1.67,SAFE
2026-09-03 02:04:01,NIS.01,ITABAL8,0.0,0.57,SAFE
2026-09-03 02:04:01,NIS.02,ITABAL8,0.0,0.86,SAFE
2026-09-03 02:04:01,NIS.03,ITABAL8,0.0,1.03,SAFE
,PDG.01,ITABAL9,0.0,0.52,SAFE
2026-09-03 02:04:01,PLB.01,ITABAL8,0.0,1.87,SAFE
2026-09-03 02:04:01,PLB.02,ITABAL8,0.0,0.84,SAFE
2026-09-03 02:04:01,PLB.03,ITABAL8,0.0,2.0,SAFE
2026-09-03 02:04:01,PLB.04,ITABAL8,0.0,13.62,SAFE
2026-09-02 23:59:00,PLU.04,CSA BONTANG SIS,0.0,2.36,SAFE
2026-09-02 23:59:00,RIU.02,VP SABANG TIMUR SIS,0.0,0.61,SAFE
2026-09-02 23:59:00,RIU.04,VP SABANG TIMUR SIS,0.0,0.51,SAFE
2026-09-02 23:59:00,SBG.02,VP SABANG TIMUR SIS,0.0,1.91,SAFE
2026-09-02 23:59:00,SBG.03,VP SABANG TIMUR SIS,0.0,5.65,SAFE
2026-09-02 23:59:00,SBG.04,VP SABANG TIMUR SIS,0.0,0.63,SAFE
2026-09-02 23:59:00,SBG.05,VP SABANG TIMUR SIS,0.0,21.21,SAFE
2026-09-03 02:04:01,SBG.06,ITABAL8,0.0,14.52,SAFE
2026-09-02 23:59:00,SBG.08,VP SABANG TIMUR SIS,0.0,1.35,SAFE
2026-09-02 23:59:00,SBG.10,VP SABANG TIMUR SIS,0.0,2.05,SAFE
2026-09-02 23:59:00,SBG.11,VP SABANG TIMUR SIS,0.0,0.75,SAFE
2026-09-02 23:59:00,SGT.02,CSA BONTANG SIS,0.0,0.19,SAFE
2026-09-02 23:59:00,SMB.02,CSA BONTANG SIS,0.0,2.63,SAFE
2026-09-02 23:59:00,SMB.03,CSA BONTANG SIS,0.0,4.72,SAFE
2026-09-02 23:59:00,SNT.01,PITSTOP AMBON SIS,0.0,1.34,SAFE
2026-09-02 23:59:00,TJG.01,CSA BONTANG SIS,0.0,1.99,SAFE
2026-09-02 23:59:00,TJG.02,CSA BONTANG SIS,0.0,5.65,SAFE
2026-09-02 23:59:00,AMB.01,PITSTOP AMBON SIS,0.0,7.46,SAFE
2026-09-02 23:59:00,BDG.02,VP OB 1 SIS,0.0,19.31,SAFE
2026-09-02 23:59:00,BDG.03,VP OB 1 SIS,0.0,5.73,SAFE
2026-09-02 23:59:00,BDG.04,VP OB 1 SIS,0.0,1.07,SAFE
,BDG.05,ITABAL9,0.0,2.1,SAFE
2026-09-02 23:59:00,BGK.01,VP SABANG TIMUR SIS,0.0,1.59,SAFE
2026-09-02 23:59:00,BGK.02,VP SABANG TIMUR SIS,0.0,18.92,SAFE
,BGR.01,ITABAL9,0.0,1.34,SAFE
2026-09-02 23:59:00,BJB.03,CSA BONTANG SIS,0.0,1.34,SAFE
2026-09-02 23:59:00,BJM.01,PITSTOP AMBON SIS,0.0,3.86,SAFE
2026-09-02 23:59:00,BJM.02,CSA BONTANG SIS,0.0,1.68,SAFE
2026-09-03 04:57:55,BKL.01,ITABAL8,0.0,58.33,SAFE
2026-09-03 04:57:55,BKL.02,ITABAL8,0.0,0.72,SAFE
2026-09-03 04:57:55,BNE.02,ITABAL8,0.0,1.52,SAFE
2026-09-03 04:57:55,BNE.03,ITABAL8,0.0,0.63,SAFE
2026-09-03 04:57:55,BNE.04,ITABAL8,0.0,0.55,SAFE
2026-09-02 23:59:00,BNY.03,CSA BONTANG SIS,0.0,0.97,SAFE
2026-09-02 23:59:00,BTG.03,CSA BONTANG SIS,0.0,9.36,SAFE
2026-09-02 23:59:00,BTG.04,CSA BONTANG SIS,0.0,175.0,SAFE
2026-09-02 23:59:00,FLR.02,CSA BONTANG SIS,0.0,0.75,SAFE
,JKT.01,ITABAL9,0.0,25.36,SAFE
,JKT.02,ITABAL9,0.0,7.78,SAFE
,JKT.03,ITABAL9,0.0,4.16,SAFE
,JKT.04,ITABAL9,0.0,1.17,SAFE
,JKT.05,ITABAL9,0.0,5.68,SAFE
,JKT.06,ITABAL9,0.0,7.45,SAFE
,JKT.07,ITABAL9,0.0,11.55,SAFE
,JKT.08,ITABAL9,0.0,4.26,SAFE
2026-09-03 04:57:55,JMB.01,ITABAL8,0.0,3.07,SAFE
2026-09-03 04:57:55,JMB.03,ITABAL8,0.0,1.02,SAFE
,JMB.04,ITABAL9,0.0,0.77,SAFE
2026-09-02 23:59:00,KRC.02,VP SABANG TIMUR SIS,0.0,1.04,SAFE
2026-09-03 04:57:55,KRC.03,ITABAL8,0.0,1.31,SAFE
2026-09-02 23:59:00,KRC.05,VP SABANG TIMUR SIS,0.0,1.93,SAFE
2026-09-02 23:59:00,KRC.07,VP SABANG TIMUR SIS,0.0,2.15,SAFE
2026-09-03 04:57:55,LHT.01,ITABAL8,0.0,5.84,SAFE
2026-09-03 04:57:55,LPG.01,ITABAL8,0.0,2.05,SAFE
2026-09-03 04:57:55,LPG.02,ITABAL8,0.0,12.03,SAFE
2026-09-03 04:57:55,LPG.03,ITABAL8,0.0,6.96,SAFE
2026-09-03 04:57:55,LPG.06,ITABAL8,0.0,6.69,SAFE
2026-09-03 04:57:55,LPG.07,ITABAL8,0.0,12.92,SAFE
2026-09-03 04:57:55,MDN.01,ITABAL8,0.0,3.37,SAFE
2026-09-03 04:57:55,MDN.02,ITABAL8,0.0,2.53,SAFE
2026-09-03 04:57:55,MDN.03,ITABAL8,0.0,7.25,SAFE
2026-09-03 04:57:55,MDN.04,ITABAL8,0.0,1.95,SAFE
,MIA.01,ITABAL9,0.0,1.22,SAFE
,MIA.02,ITABAL9,0.0,17.59,SAFE
,MIA.03,ITABAL9,0.0,4.28,SAFE
2026-09-02 23:59:00,MIA.04,PITSTOP AMBON SIS,0.0,2.31,SAFE
,MIA.05,ITABAL9,0.0,20.96,SAFE
,MIA.06,ITABAL9,0.0,1.16,SAFE
2026-09-02 23:59:00,MKS.01,CSA BONTANG SIS,0.0,0.72,SAFE
2026-09-02 23:59:00,MKS.02,PITSTOP AMBON SIS,0.0,1.06,SAFE
,MKS.03,ROM 13,0.0,8.2,SAFE
,MKS.04,ROM 13,0.0,3.08,SAFE
2026-09-02 23:59:00,MND.02,CSA BONTANG SIS,0.0,2.49,SAFE
2026-09-02 23:59:00,MRK.01,VP SABANG TIMUR SIS,0.0,1.65,SAFE
2026-09-02 23:59:00,MTM.01,PITSTOP AMBON SIS,0.0,1.64,SAFE
2026-09-02 23:59:00,MTP.01,PITSTOP AMBON SIS,0.0,1.01,SAFE
2026-09-02 23:59:00,MTR.01,VP SABANG TIMUR SIS,0.0,1.67,SAFE
2026-09-03 04:57:55,NIS.01,ITABAL8,0.0,0.57,SAFE
2026-09-03 04:57:55,NIS.02,ITABAL8,0.0,0.86,SAFE
2026-09-03 04:57:55,NIS.03,ITABAL8,0.0,1.03,SAFE
,PDG.01,ITABAL9,0.0,0.52,SAFE
2026-09-03 04:57:55,PLB.01,ITABAL8,0.0,1.87,SAFE
2026-09-03 04:57:55,PLB.02,ITABAL8,0.0,0.84,SAFE
2026-09-03 04:57:55,PLB.03,ITABAL8,0.0,2.0,SAFE
2026-09-03 04:57:55,PLB.04,ITABAL8,0.0,13.62,SAFE
2026-09-02 23:59:00,PLU.04,CSA BONTANG SIS,0.0,2.36,SAFE
2026-09-02 23:59:00,RIU.02,VP SABANG TIMUR SIS,0.0,0.61,SAFE
2026-09-02 23:59:00,RIU.04,VP SABANG TIMUR SIS,0.0,0.51,SAFE
2026-09-02 23:59:00,SBG.02,VP SABANG TIMUR SIS,0.0,1.91,SAFE
2026-09-02 23:59:00,SBG.03,VP SABANG TIMUR SIS,0.0,5.65,SAFE
2026-09-02 23:59:00,SBG.04,VP SABANG TIMUR SIS,0.0,0.63,SAFE
2026-09-02 23:59:00,SBG.05,VP SABANG TIMUR SIS,0.0,21.21,SAFE
2026-09-03 04:57:55,SBG.06,ITABAL8,0.0,14.52,SAFE
2026-09-02 23:59:00,SBG.08,VP SABANG TIMUR SIS,0.0,1.35,SAFE
2026-09-02 23:59:00,SBG.10,VP SABANG TIMUR SIS,0.0,2.05,SAFE
2026-09-02 23:59:00,SBG.11,VP SABANG TIMUR SIS,0.0,0.75,SAFE
2026-09-02 23:59:00,SGT.02,CSA BONTANG SIS,0.0,0.19,SAFE
2026-09-02 23:59:00,SMB.02,CSA BONTANG SIS,0.0,2.63,SAFE
2026-09-02 23:59:00,SMB.03,CSA BONTANG SIS,0.0,4.72,SAFE
2026-09-02 23:59:00,SNT.01,PITSTOP AMBON SIS,0.0,1.34,SAFE
2026-09-02 23:59:00,TJG.01,CSA BONTANG SIS,0.0,1.99,SAFE
2026-09-02 23:59:00,TJG.02,CSA BONTANG SIS,0.0,5.65,SAFE
2026-09-02 23:59:00,AMB.01,PITSTOP AMBON SIS,0.0,7.46,SAFE
2026-09-02 23:59:00,BDG.02,VP OB 1 SIS,0.0,19.31,SAFE
2026-09-02 23:59:00,BDG.03,VP OB 1 SIS,0.0,5.73,SAFE
2026-09-02 23:59:00,BDG.04,VP OB 1 SIS,0.0,1.07,SAFE
,BDG.05,ITABAL9,0.0,2.1,SAFE
2026-09-02 23:59:00,BGK.01,VP SABANG TIMUR SIS,0.0,1.59,SAFE
2026-09-02 23:59:00,BGK.02,VP SABANG TIMUR SIS,0.0,18.92,SAFE
,BGR.01,ITABAL9,0.0,1.34,SAFE
2026-09-02 23:59:00,BJB.03,CSA BONTANG SIS,0.0,1.34,SAFE
2026-09-02 23:59:00,BJM.01,PITSTOP AMBON SIS,0.0,3.86,SAFE
2026-09-02 23:59:00,BJM.02,CSA BONTANG SIS,0.0,1.68,SAFE
2026-09-03 07:01:49,BKL.01,ITABAL8,0.0,58.33,SAFE
2026-09-03 07:01:49,BKL.02,ITABAL8,0.0,0.72,SAFE
2026-09-03 07:01:49,BNE.02,ITABAL8,0.0,1.52,SAFE
2026-09-03 07:01:49,BNE.03,ITABAL8,0.0,0.63,SAFE
2026-09-03 07:01:49,BNE.04,ITABAL8,0.0,0.55,SAFE
2026-09-02 23:59:00,BNY.03,CSA BONTANG SIS,0.0,0.97,SAFE
2026-09-02 23:59:00,BTG.03,CSA BONTANG SIS,0.0,9.36,SAFE
2026-09-02 23:59:00,BTG.04,CSA BONTANG SIS,0.0,175.0,SAFE
2026-09-02 23:59:00,FLR.02,CSA BONTANG SIS,0.0,0.75,SAFE
,JKT.01,ITABAL9,0.0,25.36,SAFE
,JKT.02,ITABAL9,0.0,7.78,SAFE
,JKT.03,ITABAL9,0.0,4.16,SAFE
,JKT.04,ITABAL9,0.0,1.17,SAFE
,JKT.05,ITABAL9,0.0,5.68,SAFE
,JKT.06,ITABAL9,0.0,7.45,SAFE
,JKT.07,ITABAL9,0.0,11.55,SAFE
,JKT.08,ITABAL9,0.0,4.26,SAFE
2026-09-03 07:01:49,JMB.01,ITABAL8,0.0,3.07,SAFE
2026-09-03 07:01:49,JMB.03,ITABAL8,0.0,1.02,SAFE
,JMB.04,ITABAL9,0.0,0.77,SAFE
2026-09-02 23:59:00,KRC.02,VP SABANG TIMUR SIS,0.0,1.04,SAFE
2026-09-03 07:01:49,KRC.03,ITABAL8,0.0,1.31,SAFE
2026-09-02 23:59:00,KRC.05,VP SABANG TIMUR SIS,0.0,1.93,SAFE
2026-09-02 23:59:00,KRC.07,VP SABANG TIMUR SIS,0.0,2.15,SAFE
2026-09-03 07:01:49,LHT.01,ITABAL8,0.0,5.84,SAFE
2026-09-03 07:01:49,LPG.01,ITABAL8,0.0,2.05,SAFE
2026-09-03 07:01:49,LPG.02,ITABAL8,0.0,12.03,SAFE
2026-09-03 07:01:49,LPG.03,ITABAL8,0.0,6.96,SAFE
2026-09-03 07:01:49,LPG.06,ITABAL8,0.0,6.69,SAFE
2026-09-03 07:01:49,LPG.07,ITABAL8,0.0,12.92,SAFE
2026-09-03 07:01:49,MDN.01,ITABAL8,0.0,3.37,SAFE
2026-09-03 07:01:49,MDN.02,ITABAL8,0.0,2.53,SAFE
2026-09-03 07:01:49,MDN.03,ITABAL8,0.0,7.25,SAFE
2026-09-03 07:01:49,MDN.04,ITABAL8,0.0,1.95,SAFE
,MIA.01,ITABAL9,0.0,1.22,SAFE
,MIA.02,ITABAL9,0.0,17.59,SAFE
,MIA.03,ITABAL9,0.0,4.28,SAFE
2026-09-02 23:59:00,MIA.04,PITSTOP AMBON SIS,0.0,2.31,SAFE
,MIA.05,ITABAL9,0.0,20.96,SAFE
,MIA.06,ITABAL9,0.0,1.16,SAFE
2026-09-02 23:59:00,MKS.01,CSA BONTANG SIS,0.0,0.72,SAFE
2026-09-02 23:59:00,MKS.02,PITSTOP AMBON SIS,0.0,1.06,SAFE
,MKS.03,ROM 13,0.0,8.2,SAFE
,MKS.04,ROM 13,0.0,3.08,SAFE
2026-09-02 23:59:00,MND.02,CSA BONTANG SIS,0.0,2.49,SAFE
2026-09-02 23:59:00,MRK.01,VP SABANG TIMUR SIS,0.0,1.65,SAFE
2026-09-02 23:59:00,MTM.01,PITSTOP AMBON SIS,0.0,1.64,SAFE
2026-09-02 23:59:00,MTP.01,PITSTOP AMBON SIS,0.0,1.01,SAFE
2026-09-02 23:59:00,MTR.01,VP SABANG TIMUR SIS,0.0,1.67,SAFE
2026-09-03 07:01:49,NIS.01,ITABAL8,0.0,0.57,SAFE
2026-09-03 07:01:49,NIS.02,ITABAL8,0.0,0.86,SAFE
2026-09-03 07:01:49,NIS.03,ITABAL8,0.0,1.03,SAFE
,PDG.01,ITABAL9,0.0,0.52,SAFE
2026-09-03 07:01:49,PLB.01,ITABAL8,0.0,1.87,SAFE
2026-09-03 07:01:49,PLB.02,ITABAL8,0.0,0.84,SAFE
2026-09-03 07:01:49,PLB.03,ITABAL8,0.0,2.0,SAFE
2026-09-03 07:01:49,PLB.04,ITABAL8,0.0,13.62,SAFE
2026-09-02 23:59:00,PLU.04,CSA BONTANG SIS,0.0,2.36,SAFE
2026-09-02 23:59:00,RIU.02,VP SABANG TIMUR SIS,0.0,0.61,SAFE
2026-09-02 23:59:00,RIU.04,VP SABANG TIMUR SIS,0.0,0.51,SAFE
2026-09-02 23:59:00,SBG.02,VP SABANG TIMUR SIS,0.0,1.91,SAFE
2026-09-02 23:59:00,SBG.03,VP SABANG TIMUR SIS,0.0,5.65,SAFE
2026-09-02 23:59:00,SBG.04,VP SABANG TIMUR SIS,0.0,0.63,SAFE
2026-09-02 23:59:00,SBG.05,VP SABANG TIMUR SIS,0.0,21.21,SAFE
2026-09-03 07:01:49,SBG.06,ITABAL8,0.0,14.52,SAFE
2026-09-02 23:59:00,SBG.08,VP SABANG TIMUR SIS,0.0,1.35,SAFE
2026-09-02 23:59:00,SBG.10,VP SABANG TIMUR SIS,0.0,2.05,SAFE
2026-09-02 23:59:00,SBG.11,VP SABANG TIMUR SIS,0.0,0.75,SAFE
2026-09-02 23:59:00,SGT.02,CSA BONTANG SIS,0.0,0.19,SAFE
2026-09-02 23:59:00,SMB.02,CSA BONTANG SIS,0.0,2.63,SAFE
2026-09-02 23:59:00,SMB.03,CSA BONTANG SIS,0.0,4.72,SAFE
2026-09-02 23:59:00,SNT.01,PITSTOP AMBON SIS,0.0,1.34,SAFE
2026-09-02 23:59:00,TJG.01,CSA BONTANG SIS,0.0,1.99,SAFE
2026-09-02 23:59:00,TJG.02,CSA BONTANG SIS,0.0,5.65,SAFE
2026-09-03 09:04:00,AMB.01,PITSTOP AMBON SIS,0.0,7.46,SAFE
2026-09-03 09:03:00,BDG.02,VP OB 1 SIS,0.0,19.31,SAFE
2026-09-03 09:03:00,BDG.03,VP OB 1 SIS,0.0,5.73,SAFE
2026-09-03 09:03:00,BDG.04,VP OB 1 SIS,0.0,1.07,SAFE
,BDG.05,ITABAL9,0.0,2.1,SAFE
2026-09-03 09:05:00,BGK.01,VP SABANG TIMUR SIS,0.0,1.59,SAFE
2026-09-03 09:05:00,BGK.02,VP SABANG TIMUR SIS,0.0,18.92,SAFE
,BGR.01,ITABAL9,0.0,1.34,SAFE
2026-09-03 09:05:00,BJB.03,CSA BONTANG SIS,0.0,1.34,SAFE
2026-09-03 09:04:00,BJM.01,PITSTOP AMBON SIS,0.0,3.86,SAFE
2026-09-03 09:05:00,BJM.02,CSA BONTANG SIS,0.0,1.68,SAFE
2026-09-03 09:03:56,BKL.01,ITABAL8,0.0,58.33,SAFE
2026-09-03 09:03:56,BKL.02,ITABAL8,0.0,0.72,SAFE
2026-09-03 09:03:56,BNE.02,ITABAL8,0.0,1.52,SAFE
2026-09-03 09:03:56,BNE.03,ITABAL8,0.0,0.63,SAFE
2026-09-03 09:03:56,BNE.04,ITABAL8,0.0,0.55,SAFE
2026-09-03 09:05:00,BNY.03,CSA BONTANG SIS,0.0,0.97,SAFE
2026-09-03 09:05:00,BTG.03,CSA BONTANG SIS,0.0,9.36,SAFE
2026-09-03 09:05:00,BTG.04,CSA BONTANG SIS,0.0,175.0,SAFE
2026-09-03 09:05:00,FLR.02,CSA BONTANG SIS,0.0,0.75,SAFE
,JKT.01,ITABAL9,0.0,25.36,SAFE
,JKT.02,ITABAL9,0.0,7.78,SAFE
,JKT.03,ITABAL9,0.0,4.16,SAFE
,JKT.04,ITABAL9,0.0,1.17,SAFE
,JKT.05,ITABAL9,0.0,5.68,SAFE
,JKT.06,ITABAL9,0.0,7.45,SAFE
,JKT.07,ITABAL9,0.0,11.55,SAFE
,JKT.08,ITABAL9,0.0,4.26,SAFE
2026-09-03 09:03:56,JMB.01,ITABAL8,0.0,3.07,SAFE
2026-09-03 09:03:56,JMB.03,ITABAL8,0.0,1.02,SAFE
,JMB.04,ITABAL9,0.0,0.77,SAFE
2026-09-03 09:05:00,KRC.02,VP SABANG TIMUR SIS,0.0,1.04,SAFE
2026-09-03 09:03:56,KRC.03,ITABAL8,0.0,1.31,SAFE
2026-09-03 09:05:00,KRC.05,VP SABANG TIMUR SIS,0.0,1.93,SAFE
2026-09-03 09:05:00,KRC.07,VP SABANG TIMUR SIS,0.0,2.15,SAFE
2026-09-03 09:03:56,LHT.01,ITABAL8,0.0,5.84,SAFE
2026-09-03 09:03:56,LPG.01,ITABAL8,0.0,2.05,SAFE
2026-09-03 09:03:56,LPG.02,ITABAL8,0.0,12.03,SAFE
2026-09-03 09:03:56,LPG.03,ITABAL8,0.0,6.96,SAFE
2026-09-03 09:03:56,LPG.06,ITABAL8,0.0,6.69,SAFE
2026-09-03 09:03:56,LPG.07,ITABAL8,0.0,12.92,SAFE
2026-09-03 09:03:56,MDN.01,ITABAL8,0.0,3.37,SAFE
2026-09-03 09:03:56,MDN.02,ITABAL8,0.0,2.53,SAFE
2026-09-03 09:03:56,MDN.03,ITABAL8,0.0,7.25,SAFE
2026-09-03 09:03:56,MDN.04,ITABAL8,0.0,1.95,SAFE
,MIA.01,ITABAL9,0.0,1.22,SAFE
,MIA.02,ITABAL9,0.0,17.59,SAFE
,MIA.03,ITABAL9,0.0,4.28,SAFE
2026-09-03 09:04:00,MIA.04,PITSTOP AMBON SIS,0.0,2.31,SAFE
,MIA.05,ITABAL9,0.0,20.96,SAFE
,MIA.06,ITABAL9,0.0,1.16,SAFE
2026-09-03 09:05:00,MKS.01,CSA BONTANG SIS,0.0,0.72,SAFE
2026-09-03 09:04:00,MKS.02,PITSTOP AMBON SIS,0.0,1.06,SAFE
,MKS.03,ROM 13,0.0,8.2,SAFE
,MKS.04,ROM 13,0.0,3.08,SAFE
2026-09-03 09:05:00,MND.02,CSA BONTANG SIS,0.0,2.49,SAFE
2026-09-03 09:05:00,MRK.01,VP SABANG TIMUR SIS,0.0,1.65,SAFE
2026-09-03 09:04:00,MTM.01,PITSTOP AMBON SIS,0.0,1.64,SAFE
2026-09-03 09:04:00,MTP.01,PITSTOP AMBON SIS,0.0,1.01,SAFE
2026-09-03 09:05:00,MTR.01,VP SABANG TIMUR SIS,0.0,1.67,SAFE
2026-09-03 09:03:56,NIS.01,ITABAL8,0.0,0.57,SAFE
2026-09-03 09:03:56,NIS.02,ITABAL8,0.0,0.86,SAFE
2026-09-03 09:03:56,NIS.03,ITABAL8,0.0,1.03,SAFE
,PDG.01,ITABAL9,0.0,0.52,SAFE
2026-09-03 09:03:56,PLB.01,ITABAL8,0.0,1.87,SAFE
2026-09-03 09:03:56,PLB.02,ITABAL8,0.0,0.84,SAFE
2026-09-03 09:03:56,PLB.03,ITABAL8,0.0,2.0,SAFE
2026-09-03 09:03:56,PLB.04,ITABAL8,0.0,13.62,SAFE
2026-09-03 09:05:00,PLU.04,CSA BONTANG SIS,0.0,2.36,SAFE
2026-09-03 09:05:00,RIU.02,VP SABANG TIMUR SIS,0.0,0.61,SAFE
2026-09-03 09:05:00,RIU.04,VP SABANG TIMUR SIS,0.0,0.51,SAFE
2026-09-03 09:05:00,SBG.02,VP SABANG TIMUR SIS,0.0,1.91,SAFE
2026-09-03 09:05:00,SBG.03,VP SABANG TIMUR SIS,0.0,5.65,SAFE
2026-09-03 09:05:00,SBG.04,VP SABANG TIMUR SIS,0.0,0.63,SAFE
2026-09-03 09:05:00,SBG.05,VP SABANG TIMUR SIS,0.0,21.21,SAFE
2026-09-03 09:03:56,SBG.06,ITABAL8,0.0,14.52,SAFE
2026-09-03 09:05:00,SBG.08,VP SABANG TIMUR SIS,0.0,1.35,SAFE
2026-09-03 09:05:00,SBG.10,VP SABANG TIMUR SIS,0.0,2.05,SAFE
2026-09-03 09:05:00,SBG.11,VP SABANG TIMUR SIS,0.0,0.75,SAFE
2026-09-03 09:05:00,SGT.02,CSA BONTANG SIS,0.0,0.19,SAFE
2026-09-03 09:05:00,SMB.02,CSA BONTANG SIS,0.0,2.63,SAFE
2026-09-03 09:05:00,SMB.03,CSA BONTANG SIS,0.0,4.72,SAFE
2026-09-03 09:04:00,SNT.01,PITSTOP AMBON SIS,0.0,1.34,SAFE
2026-09-03 09:05:00,TJG.01,CSA BONTANG SIS,0.0,1.99,SAFE
2026-09-03 09:05:00,TJG.02,CSA BONTANG SIS,0.0,5.65,SAFE
2026-09-03 13:41:00,AMB.01,PITSTOP AMBON SIS,0.0,7.46,SAFE
2026-09-03 13:40:00,BDG.02,VP OB 1 SIS,0.0,19.31,SAFE
2026-09-03 13:40:00,BDG.03,VP OB 1 SIS,0.0,5.73,SAFE
2026-09-03 13:40:00,BDG.04,VP OB 1 SIS,0.0,1.07,SAFE
,BDG.05,ITABAL9,0.0,2.1,SAFE
2026-09-03 13:42:00,BGK.01,VP SABANG TIMUR SIS,0.0,1.59,SAFE
2026-09-03 13:42:00,BGK.02,VP SABANG TIMUR SIS,0.0,18.92,SAFE
,BGR.01,ITABAL9,0.0,1.34,SAFE
2026-09-03 13:42:00,BJB.03,CSA BONTANG SIS,0.0,1.34,SAFE
2026-09-03 13:41:00,BJM.01,PITSTOP AMBON SIS,0.0,3.86,SAFE
2026-09-03 13:42:00,BJM.02,CSA BONTANG SIS,0.0,1.68,SAFE
2026-09-03 13:41:11,BKL.01,ITABAL8,0.0,58.33,SAFE
2026-09-03 13:41:11,BKL.02,ITABAL8,0.0,0.72,SAFE
2026-09-03 13:41:11,BNE.02,ITABAL8,0.0,1.52,SAFE
2026-09-03 13:41:11,BNE.03,ITABAL8,0.0,0.63,SAFE
2026-09-03 13:41:11,BNE.04,ITABAL8,0.0,0.55,SAFE
2026-09-03 13:42:00,BNY.03,CSA BONTANG SIS,0.0,0.97,SAFE
2026-09-03 13:42:00,BTG.03,CSA BONTANG SIS,0.0,9.36,SAFE
2026-09-03 13:42:00,BTG.04,CSA BONTANG SIS,0.0,175.0,SAFE
2026-09-03 13:42:00,FLR.02,CSA BONTANG SIS,0.0,0.75,SAFE
,JKT.01,ITABAL9,0.0,25.36,SAFE
,JKT.02,ITABAL9,0.0,7.78,SAFE
,JKT.03,ITABAL9,0.0,4.16,SAFE
,JKT.04,ITABAL9,0.0,1.17,SAFE
,JKT.05,ITABAL9,0.0,5.68,SAFE
,JKT.06,ITABAL9,0.0,7.45,SAFE
,JKT.07,ITABAL9,0.0,11.55,SAFE
,JKT.08,ITABAL9,0.0,4.26,SAFE
2026-09-03 13:41:11,JMB.01,ITABAL8,0.0,3.07,SAFE
2026-09-03 13:41:11,JMB.03,ITABAL8,0.0,1.02,SAFE
,JMB.04,ITABAL9,0.0,0.77,SAFE
2026-09-03 13:42:00,KRC.02,VP SABANG TIMUR SIS,0.0,1.04,SAFE
2026-09-03 13:41:11,KRC.03,ITABAL8,0.0,1.31,SAFE
2026-09-03 13:42:00,KRC.05,VP SABANG TIMUR SIS,0.0,1.93,SAFE
2026-09-03 13:42:00,KRC.07,VP SABANG TIMUR SIS,0.0,2.15,SAFE
2026-09-03 13:41:11,LHT.01,ITABAL8,0.0,5.84,SAFE
2026-09-03 13:41:11,LPG.01,ITABAL8,0.0,2.05,SAFE
2026-09-03 13:41:11,LPG.02,ITABAL8,0.0,12.03,SAFE
2026-09-03 13:41:11,LPG.03,ITABAL8,0.0,6.96,SAFE
2026-09-03 13:41:11,LPG.06,ITABAL8,0.0,6.69,SAFE
2026-09-03 13:41:11,LPG.07,ITABAL8,0.0,12.92,SAFE
2026-09-03 13:41:11,MDN.01,ITABAL8,0.0,3.37,SAFE
2026-09-03 13:41:11,MDN.02,ITABAL8,0.0,2.53,SAFE
2026-09-03 13:41:11,MDN.03,ITABAL8,0.0,7.25,SAFE
2026-09-03 13:41:11,MDN.04,ITABAL8,0.0,1.95,SAFE
,MIA.01,ITABAL9,0.0,1.22,SAFE
,MIA.02,ITABAL9,0.0,17.59,SAFE
,MIA.03,ITABAL9,0.0,4.28,SAFE
2026-09-03 13:41:00,MIA.04,PITSTOP AMBON SIS,0.0,2.31,SAFE
,MIA.05,ITABAL9,0.0,20.96,SAFE
,MIA.06,ITABAL9,0.0,1.16,SAFE
2026-09-03 13:42:00,MKS.01,CSA BONTANG SIS,0.0,0.72,SAFE
2026-09-03 13:41:00,MKS.02,PITSTOP AMBON SIS,0.0,1.06,SAFE
,MKS.03,ROM 13,0.0,8.2,SAFE
,MKS.04,ROM 13,0.0,3.08,SAFE
2026-09-03 13:42:00,MND.02,CSA BONTANG SIS,0.0,2.49,SAFE
2026-09-03 13:42:00,MRK.01,VP SABANG TIMUR SIS,0.0,1.65,SAFE
2026-09-03 13:41:00,MTM.01,PITSTOP AMBON SIS,0.0,1.64,SAFE
2026-09-03 13:41:00,MTP.01,PITSTOP AMBON SIS,0.0,1.01,SAFE
2026-09-03 13:42:00,MTR.01,VP SABANG TIMUR SIS,0.0,1.67,SAFE
2026-09-03 13:41:11,NIS.01,ITABAL8,0.0,0.57,SAFE
2026-09-03 13:41:11,NIS.02,ITABAL8,0.0,0.86,SAFE
2026-09-03 13:41:11,NIS.03,ITABAL8,0.0,1.03,SAFE
,PDG.01,ITABAL9,0.0,0.52,SAFE
2026-09-03 13:41:11,PLB.01,ITABAL8,0.0,1.87,SAFE
2026-09-03 13:41:11,PLB.02,ITABAL8,0.0,0.84,SAFE
2026-09-03 13:41:11,PLB.03,ITABAL8,0.0,2.0,SAFE
2026-09-03 13:41:11,PLB.04,ITABAL8,0.0,13.62,SAFE
2026-09-03 13:42:00,PLU.04,CSA BONTANG SIS,0.0,2.36,SAFE
2026-09-03 13:42:00,RIU.02,VP SABANG TIMUR SIS,0.0,0.61,SAFE
2026-09-03 13:42:00,RIU.04,VP SABANG TIMUR SIS,0.0,0.51,SAFE
2026-09-03 13:42:00,SBG.02,VP SABANG TIMUR SIS,0.0,1.91,SAFE
2026-09-03 13:42:00,SBG.03,VP SABANG TIMUR SIS,0.0,5.65,SAFE
2026-09-03 13:42:00,SBG.04,VP SABANG TIMUR SIS,0.0,0.63,SAFE
2026-09-03 13:42:00,SBG.05,VP SABANG TIMUR SIS,0.0,21.21,SAFE
2026-09-03 13:41:11,SBG.06,ITABAL8,0.0,14.52,SAFE
2026-09-03 13:42:00,SBG.08,VP SABANG TIMUR SIS,0.0,1.35,SAFE
2026-09-03 13:42:00,SBG.10,VP SABANG TIMUR SIS,0.0,2.05,SAFE
2026-09-03 13:42:00,SBG.11,VP SABANG TIMUR SIS,0.0,0.75,SAFE
2026-09-03 13:42:00,SGT.02,CSA BONTANG SIS,0.0,0.19,SAFE
2026-09-03 13:42:00,SMB.02,CSA BONTANG SIS,0.0,2.63,SAFE
2026-09-03 13:42:00,SMB.03,CSA BONTANG SIS,0.0,4.72,SAFE
2026-09-03 13:41:00,SNT.01,PITSTOP AMBON SIS,0.0,1.34,SAFE
2026-09-03 13:42:00,TJG.01,CSA BONTANG SIS,0.0,1.99,SAFE
2026-09-03 13:42:00,TJG.02,CSA BONTANG SIS,0.0,5.65,SAFE
2026-09-03 18:05:00,AMB.01,PITSTOP AMBON SIS,0.0,7.46,SAFE
2026-09-03 18:04:00,BDG.02,VP OB 1 SIS,0.0,19.31,SAFE
2026-09-03 18:04:00,BDG.03,VP OB 1 SIS,0.0,5.73,SAFE
2026-09-03 18:04:00,BDG.04,VP OB 1 SIS,0.0,1.07,SAFE
,BDG.05,ITABAL9,0.0,2.1,SAFE
2026-09-03 18:06:00,BGK.01,VP SABANG TIMUR SIS,0.0,1.59,SAFE
2026-09-03 18:06:00,BGK.02,VP SABANG TIMUR SIS,0.0,18.92,SAFE
,BGR.01,ITABAL9,0.0,1.34,SAFE
2026-09-03 18:06:00,BJB.03,CSA BONTANG SIS,0.0,1.34,SAFE
2026-09-03 18:05:00,BJM.01,PITSTOP AMBON SIS,0.0,3.86,SAFE
2026-09-03 18:06:00,BJM.02,CSA BONTANG SIS,0.0,1.68,SAFE
2026-09-03 18:04:47,BKL.01,ITABAL8,0.0,58.33,SAFE
2026-09-03 18:04:47,BKL.02,ITABAL8,0.0,0.72,SAFE
2026-09-03 18:04:47,BNE.02,ITABAL8,0.0,1.52,SAFE
2026-09-03 18:04:47,BNE.03,ITABAL8,0.0,0.63,SAFE
2026-09-03 18:04:47,BNE.04,ITABAL8,0.0,0.55,SAFE
2026-09-03 18:06:00,BNY.03,CSA BONTANG SIS,0.0,0.97,SAFE
2026-09-03 18:06:00,BTG.03,CSA BONTANG SIS,0.0,9.36,SAFE
2026-09-03 18:06:00,BTG.04,CSA BONTANG SIS,0.0,175.0,SAFE
2026-09-03 18:06:00,FLR.02,CSA BONTANG SIS,0.0,0.75,SAFE
,JKT.01,ITABAL9,0.0,25.36,SAFE
,JKT.02,ITABAL9,0.0,7.78,SAFE
,JKT.03,ITABAL9,0.0,4.16,SAFE
,JKT.04,ITABAL9,0.0,1.17,SAFE
,JKT.05,ITABAL9,0.0,5.68,SAFE
,JKT.06,ITABAL9,0.0,7.45,SAFE
,JKT.07,ITABAL9,0.0,11.55,SAFE
,JKT.08,ITABAL9,0.0,4.26,SAFE
2026-09-03 18:04:47,JMB.01,ITABAL8,0.0,3.07,SAFE
2026-09-03 18:04:47,JMB.03,ITABAL8,0.0,1.02,SAFE
,JMB.04,ITABAL9,0.0,0.77,SAFE
2026-09-03 18:06:00,KRC.02,VP SABANG TIMUR SIS,0.0,1.04,SAFE
2026-09-03 18:04:47,KRC.03,ITABAL8,0.0,1.31,SAFE
2026-09-03 18:06:00,KRC.05,VP SABANG TIMUR SIS,0.0,1.93,SAFE
2026-09-03 18:06:00,KRC.07,VP SABANG TIMUR SIS,0.0,2.15,SAFE
2026-09-03 18:04:47,LHT.01,ITABAL8,0.0,5.84,SAFE
2026-09-03 18:04:47,LPG.01,ITABAL8,0.0,2.05,SAFE
2026-09-03 18:04:47,LPG.02,ITABAL8,0.0,12.03,SAFE
2026-09-03 18:04:47,LPG.03,ITABAL8,0.0,6.96,SAFE
2026-09-03 18:04:47,LPG.06,ITABAL8,0.0,6.69,SAFE
2026-09-03 18:04:47,LPG.07,ITABAL8,0.0,12.92,SAFE
2026-09-03 18:04:47,MDN.01,ITABAL8,0.0,3.37,SAFE
2026-09-03 18:04:47,MDN.02,ITABAL8,0.0,2.53,SAFE
2026-09-03 18:04:47,MDN.03,ITABAL8,0.0,7.25,SAFE
2026-09-03 18:04:47,MDN.04,ITABAL8,0.0,1.95,SAFE
,MIA.01,ITABAL9,0.0,1.22,SAFE
,MIA.02,ITABAL9,0.0,17.59,SAFE
,MIA.03,ITABAL9,0.0,4.28,SAFE
2026-09-03 18:05:00,MIA.04,PITSTOP AMBON SIS,0.0,2.31,SAFE
,MIA.05,ITABAL9,0.0,20.96,SAFE
,MIA.06,ITABAL9,0.0,1.16,SAFE
2026-09-03 18:06:00,MKS.01,CSA BONTANG SIS,0.0,0.72,SAFE
2026-09-03 18:05:00,MKS.02,PITSTOP AMBON SIS,0.0,1.06,SAFE
,MKS.03,ROM 13,0.0,8.2,SAFE
,MKS.04,ROM 13,0.0,3.08,SAFE
2026-09-03 18:06:00,MND.02,CSA BONTANG SIS,0.0,2.49,SAFE
2026-09-03 18:06:00,MRK.01,VP SABANG TIMUR SIS,0.0,1.65,SAFE
2026-09-03 18:05:00,MTM.01,PITSTOP AMBON SIS,0.0,1.64,SAFE
2026-09-03 18:05:00,MTP.01,PITSTOP AMBON SIS,0.0,1.01,SAFE
2026-09-03 18:06:00,MTR.01,VP SABANG TIMUR SIS,0.0,1.67,SAFE
2026-09-03 18:04:47,NIS.01,ITABAL8,0.0,0.57,SAFE
2026-09-03 18:04:47,NIS.02,ITABAL8,0.0,0.86,SAFE
2026-09-03 18:04:47,NIS.03,ITABAL8,0.0,1.03,SAFE
,PDG.01,ITABAL9,0.0,0.52,SAFE
2026-09-03 18:04:47,PLB.01,ITABAL8,0.0,1.87,SAFE
2026-09-03 18:04:47,PLB.02,ITABAL8,0.0,0.84,SAFE
2026-09-03 18:04:47,PLB.03,ITABAL8,0.0,2.0,SAFE
2026-09-03 18:04:47,PLB.04,ITABAL8,0.0,13.62,SAFE
2026-09-03 18:06:00,PLU.04,CSA BONTANG SIS,0.0,2.36,SAFE
2026-09-03 18:06:00,RIU.02,VP SABANG TIMUR SIS,0.0,0.61,SAFE
2026-09-03 18:06:00,RIU.04,VP SABANG TIMUR SIS,0.0,0.51,SAFE
2026-09-03 18:06:00,SBG.02,VP SABANG TIMUR SIS,0.0,1.91,SAFE
2026-09-03 18:06:00,SBG.03,VP SABANG TIMUR SIS,0.0,5.65,SAFE
2026-09-03 18:06:00,SBG.04,VP SABANG TIMUR SIS,0.0,0.63,SAFE
2026-09-03 18:06:00,SBG.05,VP SABANG TIMUR SIS,0.0,21.21,SAFE
2026-09-03 18:04:47,SBG.06,ITABAL8,0.0,14.52,SAFE
2026-09-03 18:06:00,SBG.08,VP SABANG TIMUR SIS,0.0,1.35,SAFE
2026-09-03 18:06:00,SBG.10,VP SABANG TIMUR SIS,0.0,2.05,SAFE
2026-09-03 18:06:00,SBG.11,VP SABANG TIMUR SIS,0.0,0.75,SAFE
2026-09-03 18:06:00,SGT.02,CSA BONTANG SIS,0.0,0.19,SAFE
2026-09-03 18:06:00,SMB.02,CSA BONTANG SIS,0.0,2.63,SAFE
2026-09-03 18:06:00,SMB.03,CSA BONTANG SIS,0.0,4.72,SAFE
2026-09-03 18:05:00,SNT.01,PITSTOP AMBON SIS,0.0,1.34,SAFE
2026-09-03 18:06:00,TJG.01,CSA BONTANG SIS,0.0,1.99,SAFE
2026-09-03 18:06:00,TJG.02,CSA BONTANG SIS,0.0,5.65,SAFE
2026-09-03 22:24:00,AMB.01,PITSTOP AMBON SIS,0.0,7.46,SAFE
2026-09-03 22:23:00,BDG.02,VP OB 1 SIS,0.0,19.31,SAFE
2026-09-03 22:23:00,BDG.03,VP OB 1 SIS,0.0,5.73,SAFE
2026-09-03 22:23:00,BDG.04,VP OB 1 SIS,0.0,1.07,SAFE
,BDG.05,ITABAL9,0.0,2.1,SAFE
2026-09-03 22:25:00,BGK.01,VP SABANG TIMUR SIS,0.0,1.59,SAFE
2026-09-03 22:25:00,BGK.02,VP SABANG TIMUR SIS,0.0,18.92,SAFE
,BGR.01,ITABAL9,0.0,1.34,SAFE
2026-09-03 22:25:00,BJB.03,CSA BONTANG SIS,0.0,1.34,SAFE
2026-09-03 22:24:00,BJM.01,PITSTOP AMBON SIS,0.0,3.86,SAFE
2026-09-03 22:25:00,BJM.02,CSA BONTANG SIS,0.0,1.68,SAFE
2026-09-03 22:26:30,BKL.01,ITABAL8,0.0,58.33,SAFE
2026-09-03 22:26:30,BKL.02,ITABAL8,0.0,0.72,SAFE
2026-09-03 22:26:30,BNE.02,ITABAL8,0.0,1.52,SAFE
2026-09-03 22:26:30,BNE.03,ITABAL8,0.0,0.63,SAFE
2026-09-03 22:26:30,BNE.04,ITABAL8,0.0,0.55,SAFE
2026-09-03 22:25:00,BNY.03,CSA BONTANG SIS,0.0,0.97,SAFE
2026-09-03 22:25:00,BTG.03,CSA BONTANG SIS,0.0,9.36,SAFE
2026-09-03 22:25:00,BTG.04,CSA BONTANG SIS,0.0,175.0,SAFE
2026-09-03 22:25:00,FLR.02,CSA BONTANG SIS,0.0,0.75,SAFE
,JKT.01,ITABAL9,0.0,25.36,SAFE
,JKT.02,ITABAL9,0.0,7.78,SAFE
,JKT.03,ITABAL9,0.0,4.16,SAFE
,JKT.04,ITABAL9,0.0,1.17,SAFE
,JKT.05,ITABAL9,0.0,5.68,SAFE
,JKT.06,ITABAL9,0.0,7.45,SAFE
,JKT.07,ITABAL9,0.0,11.55,SAFE
,JKT.08,ITABAL9,0.0,4.26,SAFE
2026-09-03 22:26:30,JMB.01,ITABAL8,0.0,3.07,SAFE
2026-09-03 22:26:30,JMB.03,ITABAL8,0.0,1.02,SAFE
,JMB.04,ITABAL9,0.0,0.77,SAFE
2026-09-03 22:25:00,KRC.02,VP SABANG TIMUR SIS,0.0,1.04,SAFE
2026-09-03 22:26:30,KRC.03,ITABAL8,0.0,1.31,SAFE
2026-09-03 22:25:00,KRC.05,VP SABANG TIMUR SIS,0.0,1.93,SAFE
2026-09-03 22:25:00,KRC.07,VP SABANG TIMUR SIS,0.0,2.15,SAFE
2026-09-03 22:26:30,LHT.01,ITABAL8,0.0,5.84,SAFE
2026-09-03 22:26:30,LPG.01,ITABAL8,0.0,2.05,SAFE
2026-09-03 22:26:30,LPG.02,ITABAL8,0.0,12.03,SAFE
2026-09-03 22:26:30,LPG.03,ITABAL8,0.0,6.96,SAFE
2026-09-03 22:26:30,LPG.06,ITABAL8,0.0,6.69,SAFE
2026-09-03 22:26:30,LPG.07,ITABAL8,0.0,12.92,SAFE
2026-09-03 22:26:30,MDN.01,ITABAL8,0.0,3.37,SAFE
2026-09-03 22:26:30,MDN.02,ITABAL8,0.0,2.53,SAFE
2026-09-03 22:26:30,MDN.03,ITABAL8,0.0,7.25,SAFE
2026-09-03 22:26:30,MDN.04,ITABAL8,0.0,1.95,SAFE
,MIA.01,ITABAL9,0.0,1.22,SAFE
,MIA.02,ITABAL9,0.0,17.59,SAFE
,MIA.03,ITABAL9,0.0,4.28,SAFE
2026-09-03 22:24:00,MIA.04,PITSTOP AMBON SIS,0.0,2.31,SAFE
,MIA.05,ITABAL9,0.0,20.96,SAFE
,MIA.06,ITABAL9,0.0,1.16,SAFE
2026-09-03 22:25:00,MKS.01,CSA BONTANG SIS,0.0,0.72,SAFE
2026-09-03 22:24:00,MKS.02,PITSTOP AMBON SIS,0.0,1.06,SAFE
,MKS.03,ROM 13,0.0,8.2,SAFE
,MKS.04,ROM 13,0.0,3.08,SAFE
2026-09-03 22:25:00,MND.02,CSA BONTANG SIS,0.0,2.49,SAFE
2026-09-03 22:25:00,MRK.01,VP SABANG TIMUR SIS,0.0,1.65,SAFE
2026-09-03 22:24:00,MTM.01,PITSTOP AMBON SIS,0.0,1.64,SAFE
2026-09-03 22:24:00,MTP.01,PITSTOP AMBON SIS,0.0,1.01,SAFE
2026-09-03 22:25:00,MTR.01,VP SABANG TIMUR SIS,0.0,1.67,SAFE
2026-09-03 22:26:30,NIS.01,ITABAL8,0.0,0.57,SAFE
2026-09-03 22:26:30,NIS.02,ITABAL8,0.0,0.86,SAFE
2026-09-03 22:26:30,NIS.03,ITABAL8,0.0,1.03,SAFE
,PDG.01,ITABAL9,0.0,0.52,SAFE
2026-09-03 22:26:30,PLB.01,ITABAL8,0.0,1.87,SAFE
2026-09-03 22:26:30,PLB.02,ITABAL8,0.0,0.84,SAFE
2026-09-03 22:26:30,PLB.03,ITABAL8,0.0,2.0,SAFE
2026-09-03 22:26:30,PLB.04,ITABAL8,0.0,13.62,SAFE
2026-09-03 22:25:00,PLU.04,CSA BONTANG SIS,0.0,2.36,SAFE
2026-09-03 22:25:00,RIU.02,VP SABANG TIMUR SIS,0.0,0.61,SAFE
2026-09-03 22:25:00,RIU.04,VP SABANG TIMUR SIS,0.0,0.51,SAFE
2026-09-03 22:25:00,SBG.02,VP SABANG TIMUR SIS,0.0,1.91,SAFE
2026-09-03 22:25:00,SBG.03,VP SABANG TIMUR SIS,0.0,5.65,SAFE
2026-09-03 22:25:00,SBG.04,VP SABANG TIMUR SIS,0.0,0.63,SAFE
2026-09-03 22:25:00,SBG.05,VP SABANG TIMUR SIS,0.0,21.21,SAFE
2026-09-03 22:26:30,SBG.06,ITABAL8,0.0,14.52,SAFE
2026-09-03 22:25:00,SBG.08,VP SABANG TIMUR SIS,0.0,1.35,SAFE
2026-09-03 22:25:00,SBG.10,VP SABANG TIMUR SIS,0.0,2.05,SAFE
2026-09-03 22:25:00,SBG.11,VP SABANG TIMUR SIS,0.0,0.75,SAFE
2026-09-03 22:25:00,SGT.02,CSA BONTANG SIS,0.0,0.19,SAFE
2026-09-03 22:25:00,SMB.02,CSA BONTANG SIS,0.0,2.63,SAFE
2026-09-03 22:25:00,SMB.03,CSA BONTANG SIS,0.0,4.72,SAFE
2026-09-03 22:24:00,SNT.01,PITSTOP AMBON SIS,0.0,1.34,SAFE
2026-09-03 22:25:00,TJG.01,CSA BONTANG SIS,0.0,1.99,SAFE
2026-09-03 22:25:00,TJG.02,CSA BONTANG SIS,0.0,5.65,SAFE
2026-09-03 23:59:00,AMB.01,PITSTOP AMBON SIS,0.0,7.46,SAFE
2026-09-03 23:59:00,BDG.02,VP OB 1 SIS,0.0,19.31,SAFE
2026-09-03 23:59:00,BDG.03,VP OB 1 SIS,0.0,5.73,SAFE
2026-09-03 23:59:00,BDG.04,VP OB 1 SIS,0.0,1.07,SAFE
,BDG.05,ITABAL9,0.0,2.1,SAFE
2026-09-03 23:59:00,BGK.01,VP SABANG TIMUR SIS,0.0,1.59,SAFE
2026-09-03 23:59:00,BGK.02,VP SABANG TIMUR SIS,0.0,18.92,SAFE
,BGR.01,ITABAL9,0.0,1.34,SAFE
2026-09-03 23:59:00,BJB.03,CSA BONTANG SIS,0.0,1.34,SAFE
2026-09-03 23:59:00,BJM.01,PITSTOP AMBON SIS,0.0,3.86,SAFE
2026-09-03 23:59:00,BJM.02,CSA BONTANG SIS,0.0,1.68,SAFE
2026-09-04 01:56:33,BKL.01,ITABAL8,0.0,58.33,SAFE
2026-09-04 01:56:33,BKL.02,ITABAL8,0.0,0.72,SAFE
2026-09-04 01:56:33,BNE.02,ITABAL8,0.0,1.52,SAFE
2026-09-04 01:56:33,BNE.03,ITABAL8,0.0,0.63,SAFE
2026-09-04 01:56:33,BNE.04,ITABAL8,0.0,0.55,SAFE
2026-09-03 23:59:00,BNY.03,CSA BONTANG SIS,0.0,0.97,SAFE
2026-09-03 23:59:00,BTG.03,CSA BONTANG SIS,0.0,9.36,SAFE
2026-09-03 23:59:00,BTG.04,CSA BONTANG SIS,0.0,175.0,SAFE
2026-09-03 23:59:00,FLR.02,CSA BONTANG SIS,0.0,0.75,SAFE
,JKT.01,ITABAL9,0.0,25.36,SAFE
,JKT.02,ITABAL9,0.0,7.78,SAFE
,JKT.03,ITABAL9,0.0,4.16,SAFE
,JKT.04,ITABAL9,0.0,1.17,SAFE
,JKT.05,ITABAL9,0.0,5.68,SAFE
,JKT.06,ITABAL9,0.0,7.45,SAFE
,JKT.07,ITABAL9,0.0,11.55,SAFE
,JKT.08,ITABAL9,0.0,4.26,SAFE
2026-09-04 01:56:33,JMB.01,ITABAL8,0.0,3.07,SAFE
2026-09-04 01:56:33,JMB.03,ITABAL8,0.0,1.02,SAFE
,JMB.04,ITABAL9,0.0,0.77,SAFE
2026-09-03 23:59:00,KRC.02,VP SABANG TIMUR SIS,0.0,1.04,SAFE
2026-09-04 01:56:33,KRC.03,ITABAL8,0.0,1.31,SAFE
2026-09-03 23:59:00,KRC.05,VP SABANG TIMUR SIS,0.0,1.93,SAFE
2026-09-03 23:59:00,KRC.07,VP SABANG TIMUR SIS,0.0,2.15,SAFE
2026-09-04 01:56:33,LHT.01,ITABAL8,0.0,5.84,SAFE
2026-09-04 01:56:33,LPG.01,ITABAL8,0.0,2.05,SAFE
2026-09-04 01:56:33,LPG.02,ITABAL8,0.0,12.03,SAFE
2026-09-04 01:56:33,LPG.03,ITABAL8,0.0,6.96,SAFE
2026-09-04 01:56:33,LPG.06,ITABAL8,0.0,6.69,SAFE
2026-09-04 01:56:33,LPG.07,ITABAL8,0.0,12.92,SAFE
2026-09-04 01:56:33,MDN.01,ITABAL8,0.0,3.37,SAFE
2026-09-04 01:56:33,MDN.02,ITABAL8,0.0,2.53,SAFE
2026-09-04 01:56:33,MDN.03,ITABAL8,0.0,7.25,SAFE
2026-09-04 01:56:33,MDN.04,ITABAL8,0.0,1.95,SAFE
,MIA.01,ITABAL9,0.0,1.22,SAFE
,MIA.02,ITABAL9,0.0,17.59,SAFE
,MIA.03,ITABAL9,0.0,4.28,SAFE
2026-09-03 23:59:00,MIA.04,PITSTOP AMBON SIS,0.0,2.31,SAFE
,MIA.05,ITABAL9,0.0,20.96,SAFE
,MIA.06,ITABAL9,0.0,1.16,SAFE
2026-09-03 23:59:00,MKS.01,CSA BONTANG SIS,0.0,0.72,SAFE
2026-09-03 23:59:00,MKS.02,PITSTOP AMBON SIS,0.0,1.06,SAFE
,MKS.03,ROM 13,0.0,8.2,SAFE
,MKS.04,ROM 13,0.0,3.08,SAFE
2026-09-03 23:59:00,MND.02,CSA BONTANG SIS,0.0,2.49,SAFE
2026-09-03 23:59:00,MRK.01,VP SABANG TIMUR SIS,0.0,1.65,SAFE
2026-09-03 23:59:00,MTM.01,PITSTOP AMBON SIS,0.0,1.64,SAFE
2026-09-03 23:59:00,MTP.01,PITSTOP AMBON SIS,0.0,1.01,SAFE
2026-09-03 23:59:00,MTR.01,VP SABANG TIMUR SIS,0.0,1.67,SAFE
2026-09-04 01:56:33,NIS.01,ITABAL8,0.0,0.57,SAFE
2026-09-04 01:56:33,NIS.02,ITABAL8,0.0,0.86,SAFE
2026-09-04 01:56:33,NIS.03,ITABAL8,0.0,1.03,SAFE
,PDG.01,ITABAL9,0.0,0.52,SAFE
2026-09-04 01:56:33,PLB.01,ITABAL8,0.0,1.87,SAFE
2026-09-04 01:56:33,PLB.02,ITABAL8,0.0,0.84,SAFE
2026-09-04 01:56:33,PLB.03,ITABAL8,0.0,2.0,SAFE
2026-09-04 01:56:33,PLB.04,ITABAL8,0.0,13.62,SAFE
2026-09-03 23:59:00,PLU.04,CSA BONTANG SIS,0.0,2.36,SAFE
2026-09-03 23:59:00,RIU.02,VP SABANG TIMUR SIS,0.0,0.61,SAFE
2026-09-03 23:59:00,RIU.04,VP SABANG TIMUR SIS,0.0,0.51,SAFE
2026-09-03 23:59:00,SBG.02,VP SABANG TIMUR SIS,0.0,1.91,SAFE
2026-09-03 23:59:00,SBG.03,VP SABANG TIMUR SIS,0.0,5.65,SAFE
2026-09-03 23:59:00,SBG.04,VP SABANG TIMUR SIS,0.0,0.63,SAFE
2026-09-03 23:59:00,SBG.05,VP SABANG TIMUR SIS,0.0,21.21,SAFE
2026-09-04 01:56:33,SBG.06,ITABAL8,0.0,14.52,SAFE
2026-09-03 23:59:00,SBG.08,VP SABANG TIMUR SIS,0.0,1.35,SAFE
2026-09-03 23:59:00,SBG.10,VP SABANG TIMUR SIS,0.0,2.05,SAFE
2026-09-03 23:59:00,SBG.11,VP SABANG TIMUR SIS,0.0,0.75,SAFE
2026-09-03 23:59:00,SGT.02,CSA BONTANG SIS,0.0,0.19,SAFE
2026-09-03 23:59:00,SMB.02,CSA BONTANG SIS,0.0,2.63,SAFE
2026-09-03 23:59:00,SMB.03,CSA BONTANG SIS,0.0,4.72,SAFE
2026-09-03 23:59:00,SNT.01,PITSTOP AMBON SIS,0.0,1.34,SAFE
2026-09-03 23:59:00,TJG.01,CSA BONTANG SIS,0.0,1.99,SAFE
2026-09-03 23:59:00,TJG.02,CSA BONTANG SIS,0.0,5.65,SAFE
2026-09-03 23:59:00,AMB.01,PITSTOP AMBON SIS,0.0,7.46,SAFE
2026-09-03 23:59:00,BDG.02,VP OB 1 SIS,0.0,19.31,SAFE
2026-09-03 23:59:00,BDG.03,VP OB 1 SIS,0.0,5.73,SAFE
2026-09-03 23:59:00,BDG.04,VP OB 1 SIS,0.0,1.07,SAFE
,BDG.05,ITABAL9,0.0,2.1,SAFE
2026-09-03 23:59:00,BGK.01,VP SABANG TIMUR SIS,0.0,1.59,SAFE
2026-09-03 23:59:00,BGK.02,VP SABANG TIMUR SIS,0.0,18.92,SAFE
,BGR.01,ITABAL9,0.0,1.34,SAFE
2026-09-03 23:59:00,BJB.03,CSA BONTANG SIS,0.0,1.34,SAFE
2026-09-03 23:59:00,BJM.01,PITSTOP AMBON SIS,0.0,3.86,SAFE
2026-09-03 23:59:00,BJM.02,CSA BONTANG SIS,0.0,1.68,SAFE
2026-09-04 04:27:59,BKL.01,ITABAL8,0.0,58.33,SAFE
2026-09-04 04:27:59,BKL.02,ITABAL8,0.0,0.72,SAFE
2026-09-04 04:27:59,BNE.02,ITABAL8,0.0,1.52,SAFE
2026-09-04 04:27:59,BNE.03,ITABAL8,0.0,0.63,SAFE
2026-09-04 04:27:59,BNE.04,ITABAL8,0.0,0.55,SAFE
2026-09-03 23:59:00,BNY.03,CSA BONTANG SIS,0.0,0.97,SAFE
2026-09-03 23:59:00,BTG.03,CSA BONTANG SIS,0.0,9.36,SAFE
2026-09-03 23:59:00,BTG.04,CSA BONTANG SIS,0.0,175.0,SAFE
2026-09-03 23:59:00,FLR.02,CSA BONTANG SIS,0.0,0.75,SAFE
,JKT.01,ITABAL9,0.0,25.36,SAFE
,JKT.02,ITABAL9,0.0,7.78,SAFE
,JKT.03,ITABAL9,0.0,4.16,SAFE
,JKT.04,ITABAL9,0.0,1.17,SAFE
,JKT.05,ITABAL9,0.0,5.68,SAFE
,JKT.06,ITABAL9,0.0,7.45,SAFE
,JKT.07,ITABAL9,0.0,11.55,SAFE
,JKT.08,ITABAL9,0.0,4.26,SAFE
2026-09-04 04:27:59,JMB.01,ITABAL8,0.0,3.07,SAFE
2026-09-04 04:27:59,JMB.03,ITABAL8,0.0,1.02,SAFE
,JMB.04,ITABAL9,0.0,0.77,SAFE
2026-09-03 23:59:00,KRC.02,VP SABANG TIMUR SIS,0.0,1.04,SAFE
2026-09-04 04:27:59,KRC.03,ITABAL8,0.0,1.31,SAFE
2026-09-03 23:59:00,KRC.05,VP SABANG TIMUR SIS,0.0,1.93,SAFE
2026-09-03 23:59:00,KRC.07,VP SABANG TIMUR SIS,0.0,2.15,SAFE
2026-09-04 04:27:59,LHT.01,ITABAL8,0.0,5.84,SAFE
2026-09-04 04:27:59,LPG.01,ITABAL8,0.0,2.05,SAFE
2026-09-04 04:27:59,LPG.02,ITABAL8,0.0,12.03,SAFE
2026-09-04 04:27:59,LPG.03,ITABAL8,0.0,6.96,SAFE
2026-09-04 04:27:59,LPG.06,ITABAL8,0.0,6.69,SAFE
2026-09-04 04:27:59,LPG.07,ITABAL8,0.0,12.92,SAFE
2026-09-04 04:27:59,MDN.01,ITABAL8,0.0,3.37,SAFE
2026-09-04 04:27:59,MDN.02,ITABAL8,0.0,2.53,SAFE
2026-09-04 04:27:59,MDN.03,ITABAL8,0.0,7.25,SAFE
2026-09-04 04:27:59,MDN.04,ITABAL8,0.0,1.95,SAFE
,MIA.01,ITABAL9,0.0,1.22,SAFE
,MIA.02,ITABAL9,0.0,17.59,SAFE
,MIA.03,ITABAL9,0.0,4.28,SAFE
2026-09-03 23:59:00,MIA.04,PITSTOP AMBON SIS,0.0,2.31,SAFE
,MIA.05,ITABAL9,0.0,20.96,SAFE
,MIA.06,ITABAL9,0.0,1.16,SAFE
2026-09-03 23:59:00,MKS.01,CSA BONTANG SIS,0.0,0.72,SAFE
2026-09-03 23:59:00,MKS.02,PITSTOP AMBON SIS,0.0,1.06,SAFE
,MKS.03,ROM 13,0.0,8.2,SAFE
,MKS.04,ROM 13,0.0,3.08,SAFE
2026-09-03 23:59:00,MND.02,CSA BONTANG SIS,0.0,2.49,SAFE
2026-09-03 23:59:00,MRK.01,VP SABANG TIMUR SIS,0.0,1.65,SAFE
2026-09-03 23:59:00,MTM.01,PITSTOP AMBON SIS,0.0,1.64,SAFE
2026-09-03 23:59:00,MTP.01,PITSTOP AMBON SIS,0.0,1.01,SAFE
2026-09-03 23:59:00,MTR.01,VP SABANG TIMUR SIS,0.0,1.67,SAFE
2026-09-04 04:27:59,NIS.01,ITABAL8,0.0,0.57,SAFE
2026-09-04 04:27:59,NIS.02,ITABAL8,0.0,0.86,SAFE
2026-09-04 04:27:59,NIS.03,ITABAL8,0.0,1.03,SAFE
,PDG.01,ITABAL9,0.0,0.52,SAFE
2026-09-04 04:27:59,PLB.01,ITABAL8,0.0,1.87,SAFE
2026-09-04 04:27:59,PLB.02,ITABAL8,0.0,0.84,SAFE
2026-09-04 04:27:59,PLB.03,ITABAL8,0.0,2.0,SAFE
2026-09-04 04:27:59,PLB.04,ITABAL8,0.0,13.62,SAFE
2026-09-03 23:59:00,PLU.04,CSA BONTANG SIS,0.0,2.36,SAFE
2026-09-03 23:59:00,RIU.02,VP SABANG TIMUR SIS,0.0,0.61,SAFE
2026-09-03 23:59:00,RIU.04,VP SABANG TIMUR SIS,0.0,0.51,SAFE
2026-09-03 23:59:00,SBG.02,VP SABANG TIMUR SIS,0.0,1.91,SAFE
2026-09-03 23:59:00,SBG.03,VP SABANG TIMUR SIS,0.0,5.65,SAFE
2026-09-03 23:59:00,SBG.04,VP SABANG TIMUR SIS,0.0,0.63,SAFE
2026-09-03 23:59:00,SBG.05,VP SABANG TIMUR SIS,0.0,21.21,SAFE
2026-09-04 04:27:59,SBG.06,ITABAL8,0.0,14.52,SAFE
2026-09-03 23:59:00,SBG.08,VP SABANG TIMUR SIS,0.0,1.35,SAFE
2026-09-03 23:59:00,SBG.10,VP SABANG TIMUR SIS,0.0,2.05,SAFE
2026-09-03 23:59:00,SBG.11,VP SABANG TIMUR SIS,0.0,0.75,SAFE
2026-09-03 23:59:00,SGT.02,CSA BONTANG SIS,0.0,0.19,SAFE
2026-09-03 23:59:00,SMB.02,CSA BONTANG SIS,0.0,2.63,SAFE
2026-09-03 23:59:00,SMB.03,CSA BONTANG SIS,0.0,4.72,SAFE
2026-09-03 23:59:00,SNT.01,PITSTOP AMBON SIS,0.0,1.34,SAFE
2026-09-03 23:59:00,TJG.01,CSA BONTANG SIS,0.0,1.99,SAFE
2026-09-03 23:59:00,TJG.02,CSA BONTANG SIS,0.0,5.65,SAFE
2026-09-03 23:59:00,AMB.01,PITSTOP AMBON SIS,0.0,7.46,SAFE
2026-09-03 23:59:00,BDG.02,VP OB 1 SIS,0.0,19.31,SAFE
2026-09-03 23:59:00,BDG.03,VP OB 1 SIS,0.0,5.73,SAFE
2026-09-03 23:59:00,BDG.04,VP OB 1 SIS,0.0,1.07,SAFE
,BDG.05,ITABAL9,0.0,2.1,SAFE
2026-09-03 23:59:00,BGK.01,VP SABANG TIMUR SIS,0.0,1.59,SAFE
2026-09-03 23:59:00,BGK.02,VP SABANG TIMUR SIS,0.0,18.92,SAFE
,BGR.01,ITABAL9,0.0,1.34,SAFE
2026-09-03 23:59:00,BJB.03,CSA BONTANG SIS,0.0,1.34,SAFE
2026-09-03 23:59:00,BJM.01,PITSTOP AMBON SIS,0.0,3.86,SAFE
2026-09-03 23:59:00,BJM.02,CSA BONTANG SIS,0.0,1.68,SAFE
2026-09-04 06:43:56,BKL.01,ITABAL8,0.0,58.33,SAFE
2026-09-04 06:43:56,BKL.02,ITABAL8,0.0,0.72,SAFE
2026-09-04 06:43:56,BNE.02,ITABAL8,0.0,1.52,SAFE
2026-09-04 06:43:56,BNE.03,ITABAL8,0.0,0.63,SAFE
2026-09-04 06:43:56,BNE.04,ITABAL8,0.0,0.55,SAFE
2026-09-03 23:59:00,BNY.03,CSA BONTANG SIS,0.0,0.97,SAFE
2026-09-03 23:59:00,BTG.03,CSA BONTANG SIS,0.0,9.36,SAFE
2026-09-03 23:59:00,BTG.04,CSA BONTANG SIS,0.0,175.0,SAFE
2026-09-03 23:59:00,FLR.02,CSA BONTANG SIS,0.0,0.75,SAFE
,JKT.01,ITABAL9,0.0,25.36,SAFE
,JKT.02,ITABAL9,0.0,7.78,SAFE
,JKT.03,ITABAL9,0.0,4.16,SAFE
,JKT.04,ITABAL9,0.0,1.17,SAFE
,JKT.05,ITABAL9,0.0,5.68,SAFE
,JKT.06,ITABAL9,0.0,7.45,SAFE
,JKT.07,ITABAL9,0.0,11.55,SAFE
,JKT.08,ITABAL9,0.0,4.26,SAFE
2026-09-04 06:43:56,JMB.01,ITABAL8,0.0,3.07,SAFE
2026-09-04 06:43:56,JMB.03,ITABAL8,0.0,1.02,SAFE
,JMB.04,ITABAL9,0.0,0.77,SAFE
2026-09-03 23:59:00,KRC.02,VP SABANG TIMUR SIS,0.0,1.04,SAFE
2026-09-04 06:43:56,KRC.03,ITABAL8,0.0,1.31,SAFE
2026-09-03 23:59:00,KRC.05,VP SABANG TIMUR SIS,0.0,1.93,SAFE
2026-09-03 23:59:00,KRC.07,VP SABANG TIMUR SIS,0.0,2.15,SAFE
2026-09-04 06:43:56,LHT.01,ITABAL8,0.0,5.84,SAFE
2026-09-04 06:43:56,LPG.01,ITABAL8,0.0,2.05,SAFE
2026-09-04 06:43:56,LPG.02,ITABAL8,0.0,12.03,SAFE
2026-09-04 06:43:56,LPG.03,ITABAL8,0.0,6.96,SAFE
2026-09-04 06:43:56,LPG.06,ITABAL8,0.0,6.69,SAFE
2026-09-04 06:43:56,LPG.07,ITABAL8,0.0,12.92,SAFE
2026-09-04 06:43:56,MDN.01,ITABAL8,0.0,3.37,SAFE
2026-09-04 06:43:56,MDN.02,ITABAL8,0.0,2.53,SAFE
2026-09-04 06:43:56,MDN.03,ITABAL8,0.0,7.25,SAFE
2026-09-04 06:43:56,MDN.04,ITABAL8,0.0,1.95,SAFE
,MIA.01,ITABAL9,0.0,1.22,SAFE
,MIA.02,ITABAL9,0.0,17.59,SAFE
,MIA.03,ITABAL9,0.0,4.28,SAFE
2026-09-03 23:59:00,MIA.04,PITSTOP AMBON SIS,0.0,2.31,SAFE
,MIA.05,ITABAL9,0.0,20.96,SAFE
,MIA.06,ITABAL9,0.0,1.16,SAFE
2026-09-03 23:59:00,MKS.01,CSA BONTANG SIS,0.0,0.72,SAFE
2026-09-03 23:59:00,MKS.02,PITSTOP AMBON SIS,0.0,1.06,SAFE
,MKS.03,ROM 13,0.0,8.2,SAFE
,MKS.04,ROM 13,0.0,3.08,SAFE
2026-09-03 23:59:00,MND.02,CSA BONTANG SIS,0.0,2.49,SAFE
2026-09-03 23:59:00,MRK.01,VP SABANG TIMUR SIS,0.0,1.65,SAFE
2026-09-03 23:59:00,MTM.01,PITSTOP AMBON SIS,0.0,1.64,SAFE
2026-09-03 23:59:00,MTP.01,PITSTOP AMBON SIS,0.0,1.01,SAFE
2026-09-03 23:59:00,MTR.01,VP SABANG TIMUR SIS,0.0,1.67,SAFE
2026-09-04 06:43:56,NIS.01,ITABAL8,0.0,0.57,SAFE
2026-09-04 06:43:56,NIS.02,ITABAL8,0.0,0.86,SAFE
2026-09-04 06:43:56,NIS.03,ITABAL8,0.0,1.03,SAFE
,PDG.01,ITABAL9,0.0,0.52,SAFE
2026-09-04 06:43:56,PLB.01,ITABAL8,0.0,1.87,SAFE
2026-09-04 06:43:56,PLB.02,ITABAL8,0.0,0.84,SAFE
2026-09-04 06:43:56,PLB.03,ITABAL8,0.0,2.0,SAFE
2026-09-04 06:43:56,PLB.04,ITABAL8,0.0,13.62,SAFE
2026-09-03 23:59:00,PLU.04,CSA BONTANG SIS,0.0,2.36,SAFE
2026-09-03 23:59:00,RIU.02,VP SABANG TIMUR SIS,0.0,0.61,SAFE
2026-09-03 23:59:00,RIU.04,VP SABANG TIMUR SIS,0.0,0.51,SAFE
2026-09-03 23:59:00,SBG.02,VP SABANG TIMUR SIS,0.0,1.91,SAFE
2026-09-03 23:59:00,SBG.03,VP SABANG TIMUR SIS,0.0,5.65,SAFE
2026-09-03 23:59:00,SBG.04,VP SABANG TIMUR SIS,0.0,0.63,SAFE
2026-09-03 23:59:00,SBG.05,VP SABANG TIMUR SIS,0.0,21.21,SAFE
2026-09-04 06:43:56,SBG.06,ITABAL8,0.0,14.52,SAFE
2026-09-03 23:59:00,SBG.08,VP SABANG TIMUR SIS,0.0,1.35,SAFE
2026-09-03 23:59:00,SBG.10,VP SABANG TIMUR SIS,0.0,2.05,SAFE
2026-09-03 23:59:00,SBG.11,VP SABANG TIMUR SIS,0.0,0.75,SAFE
2026-09-03 23:59:00,SGT.02,CSA BONTANG SIS,0.0,0.19,SAFE
2026-09-03 23:59:00,SMB.02,CSA BONTANG SIS,0.0,2.63,SAFE
2026-09-03 23:59:00,SMB.03,CSA BONTANG SIS,0.0,4.72,SAFE
2026-09-03 23:59:00,SNT.01,PITSTOP AMBON SIS,0.0,1.34,SAFE
2026-09-03 23:59:00,TJG.01,CSA BONTANG SIS,0.0,1.99,SAFE
2026-09-03 23:59:00,TJG.02,CSA BONTANG SIS,0.0,5.65,SAFE
2026-09-04 08:27:00,AMB.01,PITSTOP AMBON SIS,0.0,7.46,SAFE
2026-09-04 08:25:00,BDG.02,VP OB 1 SIS,0.0,19.31,SAFE
2026-09-04 08:25:00,BDG.03,VP OB 1 SIS,0.0,5.73,SAFE
2026-09-04 08:25:00,BDG.04,VP OB 1 SIS,0.0,1.07,SAFE
,BDG.05,ITABAL9,0.0,2.1,SAFE
2026-09-04 08:27:00,BGK.01,VP SABANG TIMUR SIS,0.0,1.59,SAFE
2026-09-04 08:27:00,BGK.02,VP SABANG TIMUR SIS,0.0,18.92,SAFE
,BGR.01,ITABAL9,0.0,1.34,SAFE
2026-09-04 08:27:00,BJB.03,CSA BONTANG SIS,0.0,1.34,SAFE
2026-09-04 08:27:00,BJM.01,PITSTOP AMBON SIS,0.0,3.86,SAFE
2026-09-04 08:27:00,BJM.02,CSA BONTANG SIS,0.0,1.68,SAFE
2026-09-04 08:26:13,BKL.01,ITABAL8,0.0,58.33,SAFE
2026-09-04 08:26:13,BKL.02,ITABAL8,0.0,0.72,SAFE
2026-09-04 08:26:13,BNE.02,ITABAL8,0.0,1.52,SAFE
2026-09-04 08:26:13,BNE.03,ITABAL8,0.0,0.63,SAFE
2026-09-04 08:26:13,BNE.04,ITABAL8,0.0,0.55,SAFE
2026-09-04 08:27:00,BNY.03,CSA BONTANG SIS,0.0,0.97,SAFE
2026-09-04 08:27:00,BTG.03,CSA BONTANG SIS,0.0,9.36,SAFE
2026-09-04 08:27:00,BTG.04,CSA BONTANG SIS,0.0,175.0,SAFE
2026-09-04 08:27:00,FLR.02,CSA BONTANG SIS,0.0,0.75,SAFE
,JKT.01,ITABAL9,0.0,25.36,SAFE
,JKT.02,ITABAL9,0.0,7.78,SAFE
,JKT.03,ITABAL9,0.0,4.16,SAFE
,JKT.04,ITABAL9,0.0,1.17,SAFE
,JKT.05,ITABAL9,0.0,5.68,SAFE
,JKT.06,ITABAL9,0.0,7.45,SAFE
,JKT.07,ITABAL9,0.0,11.55,SAFE
,JKT.08,ITABAL9,0.0,4.26,SAFE
2026-09-04 08:26:13,JMB.01,ITABAL8,0.0,3.07,SAFE
2026-09-04 08:26:13,JMB.03,ITABAL8,0.0,1.02,SAFE
,JMB.04,ITABAL9,0.0,0.77,SAFE
2026-09-04 08:27:00,KRC.02,VP SABANG TIMUR SIS,0.0,1.04,SAFE
2026-09-04 08:26:13,KRC.03,ITABAL8,0.0,1.31,SAFE
2026-09-04 08:27:00,KRC.05,VP SABANG TIMUR SIS,0.0,1.93,SAFE
2026-09-04 08:27:00,KRC.07,VP SABANG TIMUR SIS,0.0,2.15,SAFE
2026-09-04 08:26:13,LHT.01,ITABAL8,0.0,5.84,SAFE
2026-09-04 08:26:13,LPG.01,ITABAL8,0.0,2.05,SAFE
2026-09-04 08:26:13,LPG.02,ITABAL8,0.0,12.03,SAFE
2026-09-04 08:26:13,LPG.03,ITABAL8,0.0,6.96,SAFE
2026-09-04 08:26:13,LPG.06,ITABAL8,0.0,6.69,SAFE
2026-09-04 08:26:13,LPG.07,ITABAL8,0.0,12.92,SAFE
2026-09-04 08:26:13,MDN.01,ITABAL8,0.0,3.37,SAFE
2026-09-04 08:26:13,MDN.02,ITABAL8,0.0,2.53,SAFE
2026-09-04 08:26:13,MDN.03,ITABAL8,0.0,7.25,SAFE
2026-09-04 08:26:13,MDN.04,ITABAL8,0.0,1.95,SAFE
,MIA.01,ITABAL9,0.0,1.22,SAFE
,MIA.02,ITABAL9,0.0,17.59,SAFE
,MIA.03,ITABAL9,0.0,4.28,SAFE
2026-09-04 08:27:00,MIA.04,PITSTOP AMBON SIS,0.0,2.31,SAFE
,MIA.05,ITABAL9,0.0,20.96,SAFE
,MIA.06,ITABAL9,0.0,1.16,SAFE
2026-09-04 08:27:00,MKS.01,CSA BONTANG SIS,0.0,0.72,SAFE
2026-09-04 08:27:00,MKS.02,PITSTOP AMBON SIS,0.0,1.06,SAFE
,MKS.03,ROM 13,0.0,8.2,SAFE
,MKS.04,ROM 13,0.0,3.08,SAFE
2026-09-04 08:27:00,MND.02,CSA BONTANG SIS,0.0,2.49,SAFE
2026-09-04 08:27:00,MRK.01,VP SABANG TIMUR SIS,0.0,1.65,SAFE
2026-09-04 08:27:00,MTM.01,PITSTOP AMBON SIS,0.0,1.64,SAFE
2026-09-04 08:27:00,MTP.01,PITSTOP AMBON SIS,0.0,1.01,SAFE
2026-09-04 08:27:00,MTR.01,VP SABANG TIMUR SIS,0.0,1.67,SAFE
2026-09-04 08:26:13,NIS.01,ITABAL8,0.0,0.57,SAFE
2026-09-04 08:26:13,NIS.02,ITABAL8,0.0,0.86,SAFE
2026-09-04 08:26:13,NIS.03,ITABAL8,0.0,1.03,SAFE
,PDG.01,ITABAL9,0.0,0.52,SAFE
2026-09-04 08:26:13,PLB.01,ITABAL8,0.0,1.87,SAFE
2026-09-04 08:26:13,PLB.02,ITABAL8,0.0,0.84,SAFE
2026-09-04 08:26:13,PLB.03,ITABAL8,0.0,2.0,SAFE
2026-09-04 08:26:13,PLB.04,ITABAL8,0.0,13.62,SAFE
2026-09-04 08:27:00,PLU.04,CSA BONTANG SIS,0.0,2.36,SAFE
2026-09-04 08:27:00,RIU.02,VP SABANG TIMUR SIS,0.0,0.61,SAFE
2026-09-04 08:27:00,RIU.04,VP SABANG TIMUR SIS,0.0,0.51,SAFE
2026-09-04 08:27:00,SBG.02,VP SABANG TIMUR SIS,0.0,1.91,SAFE
2026-09-04 08:27:00,SBG.03,VP SABANG TIMUR SIS,0.0,5.65,SAFE
2026-09-04 08:27:00,SBG.04,VP SABANG TIMUR SIS,0.0,0.63,SAFE
2026-09-04 08:27:00,SBG.05,VP SABANG TIMUR SIS,0.0,21.21,SAFE
2026-09-04 08:26:13,SBG.06,ITABAL8,0.0,14.52,SAFE
2026-09-04 08:27:00,SBG.08,VP SABANG TIMUR SIS,0.0,1.35,SAFE
2026-09-04 08:27:00,SBG.10,VP SABANG TIMUR SIS,0.0,2.05,SAFE
2026-09-04 08:27:00,SBG.11,VP SABANG TIMUR SIS,0.0,0.75,SAFE
2026-09-04 08:27:00,SGT.02,CSA BONTANG SIS,0.0,0.19,SAFE
2026-09-04 08:27:00,SMB.02,CSA BONTANG SIS,0.0,2.63,SAFE
2026-09-04 08:27:00,SMB.03,CSA BONTANG SIS,0.0,4.72,SAFE
2026-09-04 08:27:00,SNT.01,PITSTOP AMBON SIS,0.0,1.34,SAFE
2026-09-04 08:27:00,TJG.01,CSA BONTANG SIS,0.0,1.99,SAFE
2026-09-04 08:27:00,TJG.02,CSA BONTANG SIS,0.0,5.65,SAFE
2026-09-04 12:54:00,AMB.01,PITSTOP AMBON SIS,0.0,7.46,SAFE
2026-09-04 12:53:00,BDG.02,VP OB 1 SIS,0.0,19.31,SAFE
2026-09-04 12:53:00,BDG.03,VP OB 1 SIS,0.0,5.73,SAFE
2026-09-04 12:53:00,BDG.04,VP OB 1 SIS,0.0,1.07,SAFE
,BDG.05,ITABAL9,0.0,2.1,SAFE
2026-09-04 12:54:00,BGK.01,VP SABANG TIMUR SIS,0.0,1.59,SAFE
2026-09-04 12:54:00,BGK.02,VP SABANG TIMUR SIS,0.0,18.92,SAFE
,BGR.01,ITABAL9,0.0,1.34,SAFE
2026-09-04 12:54:00,BJB.03,CSA BONTANG SIS,0.0,1.34,SAFE
2026-09-04 12:54:00,BJM.01,PITSTOP AMBON SIS,0.0,3.86,SAFE
2026-09-04 12:54:00,BJM.02,CSA BONTANG SIS,0.0,1.68,SAFE
2026-09-04 12:53:18,BKL.01,ITABAL8,0.0,58.33,SAFE
2026-09-04 12:53:18,BKL.02,ITABAL8,0.0,0.72,SAFE
2026-09-04 12:53:18,BNE.02,ITABAL8,0.0,1.52,SAFE
2026-09-04 12:53:18,BNE.03,ITABAL8,0.0,0.63,SAFE
2026-09-04 12:53:18,BNE.04,ITABAL8,0.0,0.55,SAFE
2026-09-04 12:54:00,BNY.03,CSA BONTANG SIS,0.0,0.97,SAFE
2026-09-04 12:54:00,BTG.03,CSA BONTANG SIS,0.0,9.36,SAFE
2026-09-04 12:54:00,BTG.04,CSA BONTANG SIS,0.0,175.0,SAFE
2026-09-04 12:54:00,FLR.02,CSA BONTANG SIS,0.0,0.75,SAFE
,JKT.01,ITABAL9,0.0,25.36,SAFE
,JKT.02,ITABAL9,0.0,7.78,SAFE
,JKT.03,ITABAL9,0.0,4.16,SAFE
,JKT.04,ITABAL9,0.0,1.17,SAFE
,JKT.05,ITABAL9,0.0,5.68,SAFE
,JKT.06,ITABAL9,0.0,7.45,SAFE
,JKT.07,ITABAL9,0.0,11.55,SAFE
,JKT.08,ITABAL9,0.0,4.26,SAFE
2026-09-04 12:53:18,JMB.01,ITABAL8,0.0,3.07,SAFE
2026-09-04 12:53:18,JMB.03,ITABAL8,0.0,1.02,SAFE
,JMB.04,ITABAL9,0.0,0.77,SAFE
2026-09-04 12:54:00,KRC.02,VP SABANG TIMUR SIS,0.0,1.04,SAFE
2026-09-04 12:53:18,KRC.03,ITABAL8,0.0,1.31,SAFE
2026-09-04 12:54:00,KRC.05,VP SABANG TIMUR SIS,0.0,1.93,SAFE
2026-09-04 12:54:00,KRC.07,VP SABANG TIMUR SIS,0.0,2.15,SAFE
2026-09-04 12:53:18,LHT.01,ITABAL8,0.0,5.84,SAFE
2026-09-04 12:53:18,LPG.01,ITABAL8,0.0,2.05,SAFE
2026-09-04 12:53:18,LPG.02,ITABAL8,0.0,12.03,SAFE
2026-09-04 12:53:18,LPG.03,ITABAL8,0.0,6.96,SAFE
2026-09-04 12:53:18,LPG.06,ITABAL8,0.0,6.69,SAFE
2026-09-04 12:53:18,LPG.07,ITABAL8,0.0,12.92,SAFE
2026-09-04 12:53:18,MDN.01,ITABAL8,0.0,3.37,SAFE
2026-09-04 12:53:18,MDN.02,ITABAL8,0.0,2.53,SAFE
2026-09-04 12:53:18,MDN.03,ITABAL8,0.0,7.25,SAFE
2026-09-04 12:53:18,MDN.04,ITABAL8,0.0,1.95,SAFE
,MIA.01,ITABAL9,0.0,1.22,SAFE
,MIA.02,ITABAL9,0.0,17.59,SAFE
,MIA.03,ITABAL9,0.0,4.28,SAFE
2026-09-04 12:54:00,MIA.04,PITSTOP AMBON SIS,0.0,2.31,SAFE
,MIA.05,ITABAL9,0.0,20.96,SAFE
,MIA.06,ITABAL9,0.0,1.16,SAFE
2026-09-04 12:54:00,MKS.01,CSA BONTANG SIS,0.0,0.72,SAFE
2026-09-04 12:54:00,MKS.02,PITSTOP AMBON SIS,0.0,1.06,SAFE
,MKS.03,ROM 13,0.0,8.2,SAFE
,MKS.04,ROM 13,0.0,3.08,SAFE
2026-09-04 12:54:00,MND.02,CSA BONTANG SIS,0.0,2.49,SAFE
2026-09-04 12:54:00,MRK.01,VP SABANG TIMUR SIS,0.0,1.65,SAFE
2026-09-04 12:54:00,MTM.01,PITSTOP AMBON SIS,0.0,1.64,SAFE
2026-09-04 12:54:00,MTP.01,PITSTOP AMBON SIS,0.0,1.01,SAFE
2026-09-04 12:54:00,MTR.01,VP SABANG TIMUR SIS,0.0,1.67,SAFE
2026-09-04 12:53:18,NIS.01,ITABAL8,0.0,0.57,SAFE
2026-09-04 12:53:18,NIS.02,ITABAL8,0.0,0.86,SAFE
2026-09-04 12:53:18,NIS.03,ITABAL8,0.0,1.03,SAFE
,PDG.01,ITABAL9,0.0,0.52,SAFE
2026-09-04 12:53:18,PLB.01,ITABAL8,0.0,1.87,SAFE
2026-09-04 12:53:18,PLB.02,ITABAL8,0.0,0.84,SAFE
2026-09-04 12:53:18,PLB.03,ITABAL8,0.0,2.0,SAFE
2026-09-04 12:53:18,PLB.04,ITABAL8,0.0,13.62,SAFE
2026-09-04 12:54:00,PLU.04,CSA BONTANG SIS,0.0,2.36,SAFE
2026-09-04 12:54:00,RIU.02,VP SABANG TIMUR SIS,0.0,0.61,SAFE
2026-09-04 12:54:00,RIU.04,VP SABANG TIMUR SIS,0.0,0.51,SAFE
2026-09-04 12:54:00,SBG.02,VP SABANG TIMUR SIS,0.0,1.91,SAFE
2026-09-04 12:54:00,SBG.03,VP SABANG TIMUR SIS,0.0,5.65,SAFE
2026-09-04 12:54:00,SBG.04,VP SABANG TIMUR SIS,0.0,0.63,SAFE
2026-09-04 12:54:00,SBG.05,VP SABANG TIMUR SIS,0.0,21.21,SAFE
2026-09-04 12:53:18,SBG.06,ITABAL8,0.0,14.52,SAFE
2026-09-04 12:54:00,SBG.08,VP SABANG TIMUR SIS,0.0,1.35,SAFE
2026-09-04 12:54:00,SBG.10,VP SABANG TIMUR SIS,0.0,2.05,SAFE
2026-09-04 12:54:00,SBG.11,VP SABANG TIMUR SIS,0.0,0.75,SAFE
2026-09-04 12:54:00,SGT.02,CSA BONTANG SIS,0.0,0.19,SAFE
2026-09-04 12:54:00,SMB.02,CSA BONTANG SIS,0.0,2.63,SAFE
2026-09-04 12:54:00,SMB.03,CSA BONTANG SIS,0.0,4.72,SAFE
2026-09-04 12:54:00,SNT.01,PITSTOP AMBON SIS,0.0,1.34,SAFE
2026-09-04 12:54:00,TJG.01,CSA BONTANG SIS,0.0,1.99,SAFE
2026-09-04 12:54:00,TJG.02,CSA BONTANG SIS,0.0,5.65,SAFE
2026-09-04 17:10:00,AMB.01,PITSTOP AMBON SIS,0.0,7.46,SAFE
2026-09-04 17:09:00,BDG.02,VP OB 1 SIS,0.0,19.31,SAFE
2026-09-04 17:09:00,BDG.03,VP OB 1 SIS,0.0,5.73,SAFE
2026-09-04 17:09:00,BDG.04,VP OB 1 SIS,0.0,1.07,SAFE
,BDG.05,ITABAL9,0.0,2.1,SAFE
2026-09-04 17:10:00,BGK.01,VP SABANG TIMUR SIS,0.0,1.59,SAFE
2026-09-04 17:10:00,BGK.02,VP SABANG TIMUR SIS,0.0,18.92,SAFE
,BGR.01,ITABAL9,0.0,1.34,SAFE
2026-09-04 17:11:00,BJB.03,CSA BONTANG SIS,0.0,1.34,SAFE
2026-09-04 17:10:00,BJM.01,PITSTOP AMBON SIS,0.0,3.86,SAFE
2026-09-04 17:11:00,BJM.02,CSA BONTANG SIS,0.0,1.68,SAFE
2026-09-04 17:09:43,BKL.01,ITABAL8,0.0,58.33,SAFE
2026-09-04 17:09:43,BKL.02,ITABAL8,0.0,0.72,SAFE
2026-09-04 17:09:43,BNE.02,ITABAL8,0.0,1.52,SAFE
2026-09-04 17:09:43,BNE.03,ITABAL8,0.0,0.63,SAFE
2026-09-04 17:09:43,BNE.04,ITABAL8,0.0,0.55,SAFE
2026-09-04 17:11:00,BNY.03,CSA BONTANG SIS,0.0,0.97,SAFE
2026-09-04 17:11:00,BTG.03,CSA BONTANG SIS,0.0,9.36,SAFE
2026-09-04 17:11:00,BTG.04,CSA BONTANG SIS,0.0,175.0,SAFE
2026-09-04 17:11:00,FLR.02,CSA BONTANG SIS,0.0,0.75,SAFE
,JKT.01,ITABAL9,0.0,25.36,SAFE
,JKT.02,ITABAL9,0.0,7.78,SAFE
,JKT.03,ITABAL9,0.0,4.16,SAFE
,JKT.04,ITABAL9,0.0,1.17,SAFE
,JKT.05,ITABAL9,0.0,5.68,SAFE
,JKT.06,ITABAL9,0.0,7.45,SAFE
,JKT.07,ITABAL9,0.0,11.55,SAFE
,JKT.08,ITABAL9,0.0,4.26,SAFE
2026-09-04 17:09:43,JMB.01,ITABAL8,0.0,3.07,SAFE
2026-09-04 17:09:43,JMB.03,ITABAL8,0.0,1.02,SAFE
,JMB.04,ITABAL9,0.0,0.77,SAFE
2026-09-04 17:10:00,KRC.02,VP SABANG TIMUR SIS,0.0,1.04,SAFE
2026-09-04 17:09:43,KRC.03,ITABAL8,0.0,1.31,SAFE
2026-09-04 17:10:00,KRC.05,VP SABANG TIMUR SIS,0.0,1.93,SAFE
2026-09-04 17:10:00,KRC.07,VP SABANG TIMUR SIS,0.0,2.15,SAFE
2026-09-04 17:09:43,LHT.01,ITABAL8,0.0,5.84,SAFE
2026-09-04 17:09:43,LPG.01,ITABAL8,0.0,2.05,SAFE
2026-09-04 17:09:43,LPG.02,ITABAL8,0.0,12.03,SAFE
2026-09-04 17:09:43,LPG.03,ITABAL8,0.0,6.96,SAFE
2026-09-04 17:09:43,LPG.06,ITABAL8,0.0,6.69,SAFE
2026-09-04 17:09:43,LPG.07,ITABAL8,0.0,12.92,SAFE
2026-09-04 17:09:43,MDN.01,ITABAL8,0.0,3.37,SAFE
2026-09-04 17:09:43,MDN.02,ITABAL8,0.0,2.53,SAFE
2026-09-04 17:09:43,MDN.03,ITABAL8,0.0,7.25,SAFE
2026-09-04 17:09:43,MDN.04,ITABAL8,0.0,1.95,SAFE
,MIA.01,ITABAL9,0.0,1.22,SAFE
,MIA.02,ITABAL9,0.0,17.59,SAFE
,MIA.03,ITABAL9,0.0,4.28,SAFE
2026-09-04 17:10:00,MIA.04,PITSTOP AMBON SIS,0.0,2.31,SAFE
,MIA.05,ITABAL9,0.0,20.96,SAFE
,MIA.06,ITABAL9,0.0,1.16,SAFE
2026-09-04 17:11:00,MKS.01,CSA BONTANG SIS,0.0,0.72,SAFE
2026-09-04 17:10:00,MKS.02,PITSTOP AMBON SIS,0.0,1.06,SAFE
,MKS.03,ROM 13,0.0,8.2,SAFE
,MKS.04,ROM 13,0.0,3.08,SAFE
2026-09-04 17:11:00,MND.02,CSA BONTANG SIS,0.0,2.49,SAFE
2026-09-04 17:10:00,MRK.01,VP SABANG TIMUR SIS,0.0,1.65,SAFE
2026-09-04 17:10:00,MTM.01,PITSTOP AMBON SIS,0.0,1.64,SAFE
2026-09-04 17:10:00,MTP.01,PITSTOP AMBON SIS,0.0,1.01,SAFE
2026-09-04 17:10:00,MTR.01,VP SABANG TIMUR SIS,0.0,1.67,SAFE
2026-09-04 17:09:43,NIS.01,ITABAL8,0.0,0.57,SAFE
2026-09-04 17:09:43,NIS.02,ITABAL8,0.0,0.86,SAFE
2026-09-04 17:09:43,NIS.03,ITABAL8,0.0,1.03,SAFE
,PDG.01,ITABAL9,0.0,0.52,SAFE
2026-09-04 17:09:43,PLB.01,ITABAL8,0.0,1.87,SAFE
2026-09-04 17:09:43,PLB.02,ITABAL8,0.0,0.84,SAFE
2026-09-04 17:09:43,PLB.03,ITABAL8,0.0,2.0,SAFE
2026-09-04 17:09:43,PLB.04,ITABAL8,0.0,13.62,SAFE
2026-09-04 17:11:00,PLU.04,CSA BONTANG SIS,0.0,2.36,SAFE
2026-09-04 17:10:00,RIU.02,VP SABANG TIMUR SIS,0.0,0.61,SAFE
2026-09-04 17:10:00,RIU.04,VP SABANG TIMUR SIS,0.0,0.51,SAFE
2026-09-04 17:10:00,SBG.02,VP SABANG TIMUR SIS,0.0,1.91,SAFE
2026-09-04 17:10:00,SBG.03,VP SABANG TIMUR SIS,0.0,5.65,SAFE
2026-09-04 17:10:00,SBG.04,VP SABANG TIMUR SIS,0.0,0.63,SAFE
2026-09-04 17:10:00,SBG.05,VP SABANG TIMUR SIS,0.0,21.21,SAFE
2026-09-04 17:09:43,SBG.06,ITABAL8,0.0,14.52,SAFE
2026-09-04 17:10:00,SBG.08,VP SABANG TIMUR SIS,0.0,1.35,SAFE
2026-09-04 17:10:00,SBG.10,VP SABANG TIMUR SIS,0.0,2.05,SAFE
2026-09-04 17:10:00,SBG.11,VP SABANG TIMUR SIS,0.0,0.75,SAFE
2026-09-04 17:11:00,SGT.02,CSA BONTANG SIS,0.0,0.19,SAFE
2026-09-04 17:11:00,SMB.02,CSA BONTANG SIS,0.0,2.63,SAFE
2026-09-04 17:11:00,SMB.03,CSA BONTANG SIS,0.0,4.72,SAFE
2026-09-04 17:10:00,SNT.01,PITSTOP AMBON SIS,0.0,1.34,SAFE
2026-09-04 17:11:00,TJG.01,CSA BONTANG SIS,0.0,1.99,SAFE
2026-09-04 17:11:00,TJG.02,CSA BONTANG SIS,0.0,5.65,SAFE
2026-09-04 21:31:00,AMB.01,PITSTOP AMBON SIS,0.0,7.46,SAFE
2026-09-04 21:29:00,BDG.02,VP OB 1 SIS,0.0,19.31,SAFE
2026-09-04 21:29:00,BDG.03,VP OB 1 SIS,0.0,5.73,SAFE
2026-09-04 21:29:00,BDG.04,VP OB 1 SIS,0.0,1.07,SAFE
,BDG.05,ITABAL9,0.0,2.1,SAFE
2026-09-04 21:31:00,BGK.01,VP SABANG TIMUR SIS,0.0,1.59,SAFE
2026-09-04 21:31:00,BGK.02,VP SABANG TIMUR SIS,0.0,18.92,SAFE
,BGR.01,ITABAL9,0.0,1.34,SAFE
2026-09-04 21:31:00,BJB.03,CSA BONTANG SIS,0.0,1.34,SAFE
2026-09-04 21:31:00,BJM.01,PITSTOP AMBON SIS,0.0,3.86,SAFE
2026-09-04 21:31:00,BJM.02,CSA BONTANG SIS,0.0,1.68,SAFE
2026-09-04 21:30:12,BKL.01,ITABAL8,0.0,58.33,SAFE
2026-09-04 21:30:12,BKL.02,ITABAL8,0.0,0.72,SAFE
2026-09-04 21:30:12,BNE.02,ITABAL8,0.0,1.52,SAFE
2026-09-04 21:30:12,BNE.03,ITABAL8,0.0,0.63,SAFE
2026-09-04 21:30:12,BNE.04,ITABAL8,0.0,0.55,SAFE
2026-09-04 21:31:00,BNY.03,CSA BONTANG SIS,0.0,0.97,SAFE
2026-09-04 21:31:00,BTG.03,CSA BONTANG SIS,0.0,9.36,SAFE
2026-09-04 21:31:00,BTG.04,CSA BONTANG SIS,0.0,175.0,SAFE
2026-09-04 21:31:00,FLR.02,CSA BONTANG SIS,0.0,0.75,SAFE
,JKT.01,ITABAL9,0.0,25.36,SAFE
,JKT.02,ITABAL9,0.0,7.78,SAFE
,JKT.03,ITABAL9,0.0,4.16,SAFE
,JKT.04,ITABAL9,0.0,1.17,SAFE
,JKT.05,ITABAL9,0.0,5.68,SAFE
,JKT.06,ITABAL9,0.0,7.45,SAFE
,JKT.07,ITABAL9,0.0,11.55,SAFE
,JKT.08,ITABAL9,0.0,4.26,SAFE
2026-09-04 21:30:12,JMB.01,ITABAL8,0.0,3.07,SAFE
2026-09-04 21:30:12,JMB.03,ITABAL8,0.0,1.02,SAFE
,JMB.04,ITABAL9,0.0,0.77,SAFE
2026-09-04 21:31:00,KRC.02,VP SABANG TIMUR SIS,0.0,1.04,SAFE
2026-09-04 21:30:12,KRC.03,ITABAL8,0.0,1.31,SAFE
2026-09-04 21:31:00,KRC.05,VP SABANG TIMUR SIS,0.0,1.93,SAFE
2026-09-04 21:31:00,KRC.07,VP SABANG TIMUR SIS,0.0,2.15,SAFE
2026-09-04 21:30:12,LHT.01,ITABAL8,0.0,5.84,SAFE
2026-09-04 21:30:12,LPG.01,ITABAL8,0.0,2.05,SAFE
2026-09-04 21:30:12,LPG.02,ITABAL8,0.0,12.03,SAFE
2026-09-04 21:30:12,LPG.03,ITABAL8,0.0,6.96,SAFE
2026-09-04 21:30:12,LPG.06,ITABAL8,0.0,6.69,SAFE
2026-09-04 21:30:12,LPG.07,ITABAL8,0.0,12.92,SAFE
2026-09-04 21:30:12,MDN.01,ITABAL8,0.0,3.37,SAFE
2026-09-04 21:30:12,MDN.02,ITABAL8,0.0,2.53,SAFE
2026-09-04 21:30:12,MDN.03,ITABAL8,0.0,7.25,SAFE
2026-09-04 21:30:12,MDN.04,ITABAL8,0.0,1.95,SAFE
,MIA.01,ITABAL9,0.0,1.22,SAFE
,MIA.02,ITABAL9,0.0,17.59,SAFE
,MIA.03,ITABAL9,0.0,4.28,SAFE
2026-09-04 21:31:00,MIA.04,PITSTOP AMBON SIS,0.0,2.31,SAFE
,MIA.05,ITABAL9,0.0,20.96,SAFE
,MIA.06,ITABAL9,0.0,1.16,SAFE
2026-09-04 21:31:00,MKS.01,CSA BONTANG SIS,0.0,0.72,SAFE
2026-09-04 21:31:00,MKS.02,PITSTOP AMBON SIS,0.0,1.06,SAFE
,MKS.03,ROM 13,0.0,8.2,SAFE
,MKS.04,ROM 13,0.0,3.08,SAFE
2026-09-04 21:31:00,MND.02,CSA BONTANG SIS,0.0,2.49,SAFE
2026-09-04 21:31:00,MRK.01,VP SABANG TIMUR SIS,0.0,1.65,SAFE
2026-09-04 21:31:00,MTM.01,PITSTOP AMBON SIS,0.0,1.64,SAFE
2026-09-04 21:31:00,MTP.01,PITSTOP AMBON SIS,0.0,1.01,SAFE
2026-09-04 21:31:00,MTR.01,VP SABANG TIMUR SIS,0.0,1.67,SAFE
2026-09-04 21:30:12,NIS.01,ITABAL8,0.0,0.57,SAFE
2026-09-04 21:30:12,NIS.02,ITABAL8,0.0,0.86,SAFE
2026-09-04 21:30:12,NIS.03,ITABAL8,0.0,1.03,SAFE
,PDG.01,ITABAL9,0.0,0.52,SAFE
2026-09-04 21:30:12,PLB.01,ITABAL8,0.0,1.87,SAFE
2026-09-04 21:30:12,PLB.02,ITABAL8,0.0,0.84,SAFE
2026-09-04 21:30:12,PLB.03,ITABAL8,0.0,2.0,SAFE
2026-09-04 21:30:12,PLB.04,ITABAL8,0.0,13.62,SAFE
2026-09-04 21:31:00,PLU.04,CSA BONTANG SIS,0.0,2.36,SAFE
2026-09-04 21:31:00,RIU.02,VP SABANG TIMUR SIS,0.0,0.61,SAFE
2026-09-04 21:31:00,RIU.04,VP SABANG TIMUR SIS,0.0,0.51,SAFE
2026-09-04 21:31:00,SBG.02,VP SABANG TIMUR SIS,0.0,1.91,SAFE
2026-09-04 21:31:00,SBG.03,VP SABANG TIMUR SIS,0.0,5.65,SAFE
2026-09-04 21:31:00,SBG.04,VP SABANG TIMUR SIS,0.0,0.63,SAFE
2026-09-04 21:31:00,SBG.05,VP SABANG TIMUR SIS,0.0,21.21,SAFE
2026-09-04 21:30:12,SBG.06,ITABAL8,0.0,14.52,SAFE
2026-09-04 21:31:00,SBG.08,VP SABANG TIMUR SIS,0.0,1.35,SAFE
2026-09-04 21:31:00,SBG.10,VP SABANG TIMUR SIS,0.0,2.05,SAFE
2026-09-04 21:31:00,SBG.11,VP SABANG TIMUR SIS,0.0,0.75,SAFE
2026-09-04 21:31:00,SGT.02,CSA BONTANG SIS,0.0,0.19,SAFE
2026-09-04 21:31:00,SMB.02,CSA BONTANG SIS,0.0,2.63,SAFE
2026-09-04 21:31:00,SMB.03,CSA BONTANG SIS,0.0,4.72,SAFE
2026-09-04 21:31:00,SNT.01,PITSTOP AMBON SIS,0.0,1.34,SAFE
2026-09-04 21:31:00,TJG.01,CSA BONTANG SIS,0.0,1.99,SAFE
2026-09-04 21:31:00,TJG.02,CSA BONTANG SIS,0.0,5.65,SAFE
2026-09-04 23:59:00,AMB.01,PITSTOP AMBON SIS,0.0,7.46,SAFE
2026-09-04 23:59:00,BDG.02,VP OB 1 SIS,0.0,19.31,SAFE
2026-09-04 23:59:00,BDG.03,VP OB 1 SIS,0.0,5.73,SAFE
2026-09-04 23:59:00,BDG.04,VP OB 1 SIS,0.0,1.07,SAFE
,BDG.05,ITABAL9,0.0,2.1,SAFE
2026-09-04 23:59:00,BGK.01,VP SABANG TIMUR SIS,0.0,1.59,SAFE
2026-09-04 23:59:00,BGK.02,VP SABANG TIMUR SIS,0.0,18.92,SAFE
,BGR.01,ITABAL9,0.0,1.34,SAFE
2026-09-04 23:59:00,BJB.03,CSA BONTANG SIS,0.0,1.34,SAFE
2026-09-04 23:59:00,BJM.01,PITSTOP AMBON SIS,0.0,3.86,SAFE
2026-09-04 23:59:00,BJM.02,CSA BONTANG SIS,0.0,1.68,SAFE
2026-09-05 00:59:22,BKL.01,ITABAL8,0.0,58.33,SAFE
2026-09-05 00:59:22,BKL.02,ITABAL8,0.0,0.72,SAFE
2026-09-05 00:59:22,BNE.02,ITABAL8,0.0,1.52,SAFE
2026-09-05 00:59:22,BNE.03,ITABAL8,0.0,0.63,SAFE
2026-09-05 00:59:22,BNE.04,ITABAL8,0.0,0.55,SAFE
2026-09-04 23:59:00,BNY.03,CSA BONTANG SIS,0.0,0.97,SAFE
2026-09-04 23:59:00,BTG.03,CSA BONTANG SIS,0.0,9.36,SAFE
2026-09-04 23:59:00,BTG.04,CSA BONTANG SIS,0.0,175.0,SAFE
2026-09-04 23:59:00,FLR.02,CSA BONTANG SIS,0.0,0.75,SAFE
,JKT.01,ITABAL9,0.0,25.36,SAFE
,JKT.02,ITABAL9,0.0,7.78,SAFE
,JKT.03,ITABAL9,0.0,4.16,SAFE
,JKT.04,ITABAL9,0.0,1.17,SAFE
,JKT.05,ITABAL9,0.0,5.68,SAFE
,JKT.06,ITABAL9,0.0,7.45,SAFE
,JKT.07,ITABAL9,0.0,11.55,SAFE
,JKT.08,ITABAL9,0.0,4.26,SAFE
2026-09-05 00:59:22,JMB.01,ITABAL8,0.0,3.07,SAFE
2026-09-05 00:59:22,JMB.03,ITABAL8,0.0,1.02,SAFE
,JMB.04,ITABAL9,0.0,0.77,SAFE
2026-09-04 23:59:00,KRC.02,VP SABANG TIMUR SIS,0.0,1.04,SAFE
2026-09-05 00:59:22,KRC.03,ITABAL8,0.0,1.31,SAFE
2026-09-04 23:59:00,KRC.05,VP SABANG TIMUR SIS,0.0,1.93,SAFE
2026-09-04 23:59:00,KRC.07,VP SABANG TIMUR SIS,0.0,2.15,SAFE
2026-09-05 00:59:22,LHT.01,ITABAL8,0.0,5.84,SAFE
2026-09-05 00:59:22,LPG.01,ITABAL8,0.0,2.05,SAFE
2026-09-05 00:59:22,LPG.02,ITABAL8,0.0,12.03,SAFE
2026-09-05 00:59:22,LPG.03,ITABAL8,0.0,6.96,SAFE
2026-09-05 00:59:22,LPG.06,ITABAL8,0.0,6.69,SAFE
2026-09-05 00:59:22,LPG.07,ITABAL8,0.0,12.92,SAFE
2026-09-05 00:59:22,MDN.01,ITABAL8,0.0,3.37,SAFE
2026-09-05 00:59:22,MDN.02,ITABAL8,0.0,2.53,SAFE
2026-09-05 00:59:22,MDN.03,ITABAL8,0.0,7.25,SAFE
2026-09-05 00:59:22,MDN.04,ITABAL8,0.0,1.95,SAFE
,MIA.01,ITABAL9,0.0,1.22,SAFE
,MIA.02,ITABAL9,0.0,17.59,SAFE
,MIA.03,ITABAL9,0.0,4.28,SAFE
2026-09-04 23:59:00,MIA.04,PITSTOP AMBON SIS,0.0,2.31,SAFE
,MIA.05,ITABAL9,0.0,20.96,SAFE
,MIA.06,ITABAL9,0.0,1.16,SAFE
2026-09-04 23:59:00,MKS.01,CSA BONTANG SIS,0.0,0.72,SAFE
2026-09-04 23:59:00,MKS.02,PITSTOP AMBON SIS,0.0,1.06,SAFE
,MKS.03,ROM 13,0.0,8.2,SAFE
,MKS.04,ROM 13,0.0,3.08,SAFE
2026-09-04 23:59:00,MND.02,CSA BONTANG SIS,0.0,2.49,SAFE
2026-09-04 23:59:00,MRK.01,VP SABANG TIMUR SIS,0.0,1.65,SAFE
2026-09-04 23:59:00,MTM.01,PITSTOP AMBON SIS,0.0,1.64,SAFE
2026-09-04 23:59:00,MTP.01,PITSTOP AMBON SIS,0.0,1.01,SAFE
2026-09-04 23:59:00,MTR.01,VP SABANG TIMUR SIS,0.0,1.67,SAFE
2026-09-05 00:59:22,NIS.01,ITABAL8,0.0,0.57,SAFE
2026-09-05 00:59:22,NIS.02,ITABAL8,0.0,0.86,SAFE
2026-09-05 00:59:22,NIS.03,ITABAL8,0.0,1.03,SAFE
,PDG.01,ITABAL9,0.0,0.52,SAFE
2026-09-05 00:59:22,PLB.01,ITABAL8,0.0,1.87,SAFE
2026-09-05 00:59:22,PLB.02,ITABAL8,0.0,0.84,SAFE
2026-09-05 00:59:22,PLB.03,ITABAL8,0.0,2.0,SAFE
2026-09-05 00:59:22,PLB.04,ITABAL8,0.0,13.62,SAFE
2026-09-04 23:59:00,PLU.04,CSA BONTANG SIS,0.0,2.36,SAFE
2026-09-04 23:59:00,RIU.02,VP SABANG TIMUR SIS,0.0,0.61,SAFE
2026-09-04 23:59:00,RIU.04,VP SABANG TIMUR SIS,0.0,0.51,SAFE
2026-09-04 23:59:00,SBG.02,VP SABANG TIMUR SIS,0.0,1.91,SAFE
2026-09-04 23:59:00,SBG.03,VP SABANG TIMUR SIS,0.0,5.65,SAFE
2026-09-04 23:59:00,SBG.04,VP SABANG TIMUR SIS,0.0,0.63,SAFE
2026-09-04 23:59:00,SBG.05,VP SABANG TIMUR SIS,0.0,21.21,SAFE
2026-09-05 00:59:22,SBG.06,ITABAL8,0.0,14.52,SAFE
2026-09-04 23:59:00,SBG.08,VP SABANG TIMUR SIS,0.0,1.35,SAFE
2026-09-04 23:59:00,SBG.10,VP SABANG TIMUR SIS,0.0,2.05,SAFE
2026-09-04 23:59:00,SBG.11,VP SABANG TIMUR SIS,0.0,0.75,SAFE
2026-09-04 23:59:00,SGT.02,CSA BONTANG SIS,0.0,0.19,SAFE
2026-09-04 23:59:00,SMB.02,CSA BONTANG SIS,0.0,2.63,SAFE
2026-09-04 23:59:00,SMB.03,CSA BONTANG SIS,0.0,4.72,SAFE
2026-09-04 23:59:00,SNT.01,PITSTOP AMBON SIS,0.0,1.34,SAFE
2026-09-04 23:59:00,TJG.01,CSA BONTANG SIS,0.0,1.99,SAFE
2026-09-04 23:59:00,TJG.02,CSA BONTANG SIS,0.0,5.65,SAFE
2026-09-04 23:59:00,AMB.01,PITSTOP AMBON SIS,0.0,7.46,SAFE
2026-09-04 23:59:00,BDG.02,VP OB 1 SIS,0.0,19.31,SAFE
2026-09-04 23:59:00,BDG.03,VP OB 1 SIS,0.0,5.73,SAFE
2026-09-04 23:59:00,BDG.04,VP OB 1 SIS,0.0,1.07,SAFE
,BDG.05,ITABAL9,0.0,2.1,SAFE
2026-09-04 23:59:00,BGK.01,VP SABANG TIMUR SIS,0.0,1.59,SAFE
2026-09-04 23:59:00,BGK.02,VP SABANG TIMUR SIS,0.0,18.92,SAFE
,BGR.01,ITABAL9,0.0,1.34,SAFE
2026-09-04 23:59:00,BJB.03,CSA BONTANG SIS,0.0,1.34,SAFE
2026-09-04 23:59:00,BJM.01,PITSTOP AMBON SIS,0.0,3.86,SAFE
2026-09-04 23:59:00,BJM.02,CSA BONTANG SIS,0.0,1.68,SAFE
2026-09-05 03:21:14,BKL.01,ITABAL8,0.0,58.33,SAFE
2026-09-05 03:21:14,BKL.02,ITABAL8,0.0,0.72,SAFE
2026-09-05 03:21:14,BNE.02,ITABAL8,0.0,1.52,SAFE
2026-09-05 03:21:14,BNE.03,ITABAL8,0.0,0.63,SAFE
2026-09-05 03:21:14,BNE.04,ITABAL8,0.0,0.55,SAFE
2026-09-04 23:59:00,BNY.03,CSA BONTANG SIS,0.0,0.97,SAFE
2026-09-04 23:59:00,BTG.03,CSA BONTANG SIS,0.0,9.36,SAFE
2026-09-04 23:59:00,BTG.04,CSA BONTANG SIS,0.0,175.0,SAFE
2026-09-04 23:59:00,FLR.02,CSA BONTANG SIS,0.0,0.75,SAFE
,JKT.01,ITABAL9,0.0,25.36,SAFE
,JKT.02,ITABAL9,0.0,7.78,SAFE
,JKT.03,ITABAL9,0.0,4.16,SAFE
,JKT.04,ITABAL9,0.0,1.17,SAFE
,JKT.05,ITABAL9,0.0,5.68,SAFE
,JKT.06,ITABAL9,0.0,7.45,SAFE
,JKT.07,ITABAL9,0.0,11.55,SAFE
,JKT.08,ITABAL9,0.0,4.26,SAFE
2026-09-05 03:21:14,JMB.01,ITABAL8,0.0,3.07,SAFE
2026-09-05 03:21:14,JMB.03,ITABAL8,0.0,1.02,SAFE
,JMB.04,ITABAL9,0.0,0.77,SAFE
2026-09-04 23:59:00,KRC.02,VP SABANG TIMUR SIS,0.0,1.04,SAFE
2026-09-05 03:21:14,KRC.03,ITABAL8,0.0,1.31,SAFE
2026-09-04 23:59:00,KRC.05,VP SABANG TIMUR SIS,0.0,1.93,SAFE
2026-09-04 23:59:00,KRC.07,VP SABANG TIMUR SIS,0.0,2.15,SAFE
2026-09-05 03:21:14,LHT.01,ITABAL8,0.0,5.84,SAFE
2026-09-05 03:21:14,LPG.01,ITABAL8,0.0,2.05,SAFE
2026-09-05 03:21:14,LPG.02,ITABAL8,0.0,12.03,SAFE
2026-09-05 03:21:14,LPG.03,ITABAL8,0.0,6.96,SAFE
2026-09-05 03:21:14,LPG.06,ITABAL8,0.0,6.69,SAFE
2026-09-05 03:21:14,LPG.07,ITABAL8,0.0,12.92,SAFE
2026-09-05 03:21:14,MDN.01,ITABAL8,0.0,3.37,SAFE
2026-09-05 03:21:14,MDN.02,ITABAL8,0.0,2.53,SAFE
2026-09-05 03:21:14,MDN.03,ITABAL8,0.0,7.25,SAFE
2026-09-05 03:21:14,MDN.04,ITABAL8,0.0,1.95,SAFE
,MIA.01,ITABAL9,0.0,1.22,SAFE
,MIA.02,ITABAL9,0.0,17.59,SAFE
,MIA.03,ITABAL9,0.0,4.28,SAFE
2026-09-04 23:59:00,MIA.04,PITSTOP AMBON SIS,0.0,2.31,SAFE
,MIA.05,ITABAL9,0.0,20.96,SAFE
,MIA.06,ITABAL9,0.0,1.16,SAFE
2026-09-04 23:59:00,MKS.01,CSA BONTANG SIS,0.0,0.72,SAFE
2026-09-04 23:59:00,MKS.02,PITSTOP AMBON SIS,0.0,1.06,SAFE
,MKS.03,ROM 13,0.0,8.2,SAFE
,MKS.04,ROM 13,0.0,3.08,SAFE
2026-09-04 23:59:00,MND.02,CSA BONTANG SIS,0.0,2.49,SAFE
2026-09-04 23:59:00,MRK.01,VP SABANG TIMUR SIS,0.0,1.65,SAFE
2026-09-04 23:59:00,MTM.01,PITSTOP AMBON SIS,0.0,1.64,SAFE
2026-09-04 23:59:00,MTP.01,PITSTOP AMBON SIS,0.0,1.01,SAFE
2026-09-04 23:59:00,MTR.01,VP SABANG TIMUR SIS,0.0,1.67,SAFE
2026-09-05 03:21:14,NIS.01,ITABAL8,0.0,0.57,SAFE
2026-09-05 03:21:14,NIS.02,ITABAL8,0.0,0.86,SAFE
2026-09-05 03:21:14,NIS.03,ITABAL8,0.0,1.03,SAFE
,PDG.01,ITABAL9,0.0,0.52,SAFE
2026-09-05 03:21:14,PLB.01,ITABAL8,0.0,1.87,SAFE
2026-09-05 03:21:14,PLB.02,ITABAL8,0.0,0.84,SAFE
2026-09-05 03:21:14,PLB.03,ITABAL8,0.0,2.0,SAFE
2026-09-05 03:21:14,PLB.04,ITABAL8,0.0,13.62,SAFE
2026-09-04 23:59:00,PLU.04,CSA BONTANG SIS,0.0,2.36,SAFE
2026-09-04 23:59:00,RIU.02,VP SABANG TIMUR SIS,0.0,0.61,SAFE
2026-09-04 23:59:00,RIU.04,VP SABANG TIMUR SIS,0.0,0.51,SAFE
2026-09-04 23:59:00,SBG.02,VP SABANG TIMUR SIS,0.0,1.91,SAFE
2026-09-04 23:59:00,SBG.03,VP SABANG TIMUR SIS,0.0,5.65,SAFE
2026-09-04 23:59:00,SBG.04,VP SABANG TIMUR SIS,0.0,0.63,SAFE
2026-09-04 23:59:00,SBG.05,VP SABANG TIMUR SIS,0.0,21.21,SAFE
2026-09-05 03:21:14,SBG.06,ITABAL8,0.0,14.52,SAFE
2026-09-04 23:59:00,SBG.08,VP SABANG TIMUR SIS,0.0,1.35,SAFE
2026-09-04 23:59:00,SBG.10,VP SABANG TIMUR SIS,0.0,2.05,SAFE
2026-09-04 23:59:00,SBG.11,VP SABANG TIMUR SIS,0.0,0.75,SAFE
2026-09-04 23:59:00,SGT.02,CSA BONTANG SIS,0.0,0.19,SAFE
2026-09-04 23:59:00,SMB.02,CSA BONTANG SIS,0.0,2.63,SAFE
2026-09-04 23:59:00,SMB.03,CSA BONTANG SIS,0.0,4.72,SAFE
2026-09-04 23:59:00,SNT.01,PITSTOP AMBON SIS,0.0,1.34,SAFE
2026-09-04 23:59:00,TJG.01,CSA BONTANG SIS,0.0,1.99,SAFE
2026-09-04 23:59:00,TJG.02,CSA BONTANG SIS,0.0,5.65,SAFE
2026-09-04 23:59:00,AMB.01,PITSTOP AMBON SIS,0.0,7.46,SAFE
2026-09-04 23:59:00,BDG.02,VP OB 1 SIS,0.0,19.31,SAFE
2026-09-04 23:59:00,BDG.03,VP OB 1 SIS,0.0,5.73,SAFE
2026-09-04 23:59:00,BDG.04,VP OB 1 SIS,0.0,1.07,SAFE
,BDG.05,ITABAL9,0.0,2.1,SAFE
2026-09-04 23:59:00,BGK.01,VP SABANG TIMUR SIS,0.0,1.59,SAFE
2026-09-04 23:59:00,BGK.02,VP SABANG TIMUR SIS,0.0,18.92,SAFE
,BGR.01,ITABAL9,0.0,1.34,SAFE
2026-09-04 23:59:00,BJB.03,CSA BONTANG SIS,0.0,1.34,SAFE
2026-09-04 23:59:00,BJM.01,PITSTOP AMBON SIS,0.0,3.86,SAFE
2026-09-04 23:59:00,BJM.02,CSA BONTANG SIS,0.0,1.68,SAFE
2026-09-05 05:34:22,BKL.01,ITABAL8,0.0,58.33,SAFE
2026-09-05 05:34:22,BKL.02,ITABAL8,0.0,0.72,SAFE
2026-09-05 05:34:22,BNE.02,ITABAL8,0.0,1.52,SAFE
2026-09-05 05:34:22,BNE.03,ITABAL8,0.0,0.63,SAFE
2026-09-05 05:34:22,BNE.04,ITABAL8,0.0,0.55,SAFE
2026-09-04 23:59:00,BNY.03,CSA BONTANG SIS,0.0,0.97,SAFE
2026-09-04 23:59:00,BTG.03,CSA BONTANG SIS,0.0,9.36,SAFE
2026-09-04 23:59:00,BTG.04,CSA BONTANG SIS,0.0,175.0,SAFE
2026-09-04 23:59:00,FLR.02,CSA BONTANG SIS,0.0,0.75,SAFE
,JKT.01,ITABAL9,0.0,25.36,SAFE
,JKT.02,ITABAL9,0.0,7.78,SAFE
,JKT.03,ITABAL9,0.0,4.16,SAFE
,JKT.04,ITABAL9,0.0,1.17,SAFE
,JKT.05,ITABAL9,0.0,5.68,SAFE
,JKT.06,ITABAL9,0.0,7.45,SAFE
,JKT.07,ITABAL9,0.0,11.55,SAFE
,JKT.08,ITABAL9,0.0,4.26,SAFE
2026-09-05 05:34:22,JMB.01,ITABAL8,0.0,3.07,SAFE
2026-09-05 05:34:22,JMB.03,ITABAL8,0.0,1.02,SAFE
,JMB.04,ITABAL9,0.0,0.77,SAFE
2026-09-04 23:59:00,KRC.02,VP SABANG TIMUR SIS,0.0,1.04,SAFE
2026-09-05 05:34:22,KRC.03,ITABAL8,0.0,1.31,SAFE
2026-09-04 23:59:00,KRC.05,VP SABANG TIMUR SIS,0.0,1.93,SAFE
2026-09-04 23:59:00,KRC.07,VP SABANG TIMUR SIS,0.0,2.15,SAFE
2026-09-05 05:34:22,LHT.01,ITABAL8,0.0,5.84,SAFE
2026-09-05 05:34:22,LPG.01,ITABAL8,0.0,2.05,SAFE
2026-09-05 05:34:22,LPG.02,ITABAL8,0.0,12.03,SAFE
2026-09-05 05:34:22,LPG.03,ITABAL8,0.0,6.96,SAFE
2026-09-05 05:34:22,LPG.06,ITABAL8,0.0,6.69,SAFE
2026-09-05 05:34:22,LPG.07,ITABAL8,0.0,12.92,SAFE
2026-09-05 05:34:22,MDN.01,ITABAL8,0.0,3.37,SAFE
2026-09-05 05:34:22,MDN.02,ITABAL8,0.0,2.53,SAFE
2026-09-05 05:34:22,MDN.03,ITABAL8,0.0,7.25,SAFE
2026-09-05 05:34:22,MDN.04,ITABAL8,0.0,1.95,SAFE
,MIA.01,ITABAL9,0.0,1.22,SAFE
,MIA.02,ITABAL9,0.0,17.59,SAFE
,MIA.03,ITABAL9,0.0,4.28,SAFE
2026-09-04 23:59:00,MIA.04,PITSTOP AMBON SIS,0.0,2.31,SAFE
,MIA.05,ITABAL9,0.0,20.96,SAFE
,MIA.06,ITABAL9,0.0,1.16,SAFE
2026-09-04 23:59:00,MKS.01,CSA BONTANG SIS,0.0,0.72,SAFE
2026-09-04 23:59:00,MKS.02,PITSTOP AMBON SIS,0.0,1.06,SAFE
,MKS.03,ROM 13,0.0,8.2,SAFE
,MKS.04,ROM 13,0.0,3.08,SAFE
2026-09-04 23:59:00,MND.02,CSA BONTANG SIS,0.0,2.49,SAFE
2026-09-04 23:59:00,MRK.01,VP SABANG TIMUR SIS,0.0,1.65,SAFE
2026-09-04 23:59:00,MTM.01,PITSTOP AMBON SIS,0.0,1.64,SAFE
2026-09-04 23:59:00,MTP.01,PITSTOP AMBON SIS,0.0,1.01,SAFE
2026-09-04 23:59:00,MTR.01,VP SABANG TIMUR SIS,0.0,1.67,SAFE
2026-09-05 05:34:22,NIS.01,ITABAL8,0.0,0.57,SAFE
2026-09-05 05:34:22,NIS.02,ITABAL8,0.0,0.86,SAFE
2026-09-05 05:34:22,NIS.03,ITABAL8,0.0,1.03,SAFE
,PDG.01,ITABAL9,0.0,0.52,SAFE
2026-09-05 05:34:22,PLB.01,ITABAL8,0.0,1.87,SAFE
2026-09-05 05:34:22,PLB.02,ITABAL8,0.0,0.84,SAFE
2026-09-05 05:34:22,PLB.03,ITABAL8,0.0,2.0,SAFE
2026-09-05 05:34:22,PLB.04,ITABAL8,0.0,13.62,SAFE
2026-09-04 23:59:00,PLU.04,CSA BONTANG SIS,0.0,2.36,SAFE
2026-09-04 23:59:00,RIU.02,VP SABANG TIMUR SIS,0.0,0.61,SAFE
2026-09-04 23:59:00,RIU.04,VP SABANG TIMUR SIS,0.0,0.51,SAFE
2026-09-04 23:59:00,SBG.02,VP SABANG TIMUR SIS,0.0,1.91,SAFE
2026-09-04 23:59:00,SBG.03,VP SABANG TIMUR SIS,0.0,5.65,SAFE
2026-09-04 23:59:00,SBG.04,VP SABANG TIMUR SIS,0.0,0.63,SAFE
2026-09-04 23:59:00,SBG.05,VP SABANG TIMUR SIS,0.0,21.21,SAFE
2026-09-05 05:34:22,SBG.06,ITABAL8,0.0,14.52,SAFE
2026-09-04 23:59:00,SBG.08,VP SABANG TIMUR SIS,0.0,1.35,SAFE
2026-09-04 23:59:00,SBG.10,VP SABANG TIMUR SIS,0.0,2.05,SAFE
2026-09-04 23:59:00,SBG.11,VP SABANG TIMUR SIS,0.0,0.75,SAFE
2026-09-04 23:59:00,SGT.02,CSA BONTANG SIS,0.0,0.19,SAFE
2026-09-04 23:59:00,SMB.02,CSA BONTANG SIS,0.0,2.63,SAFE
2026-09-04 23:59:00,SMB.03,CSA BONTANG SIS,0.0,4.72,SAFE
2026-09-04 23:59:00,SNT.01,PITSTOP AMBON SIS,0.0,1.34,SAFE
2026-09-04 23:59:00,TJG.01,CSA BONTANG SIS,0.0,1.99,SAFE
2026-09-04 23:59:00,TJG.02,CSA BONTANG SIS,0.0,5.65,SAFE
2026-09-04 23:59:00,AMB.01,PITSTOP AMBON SIS,0.0,7.46,SAFE
2026-09-04 23:59:00,BDG.02,VP OB 1 SIS,0.0,19.31,SAFE
2026-09-04 23:59:00,BDG.03,VP OB 1 SIS,0.0,5.73,SAFE
2026-09-04 23:59:00,BDG.04,VP OB 1 SIS,0.0,1.07,SAFE
,BDG.05,ITABAL9,0.0,2.1,SAFE
2026-09-04 23:59:00,BGK.01,VP SABANG TIMUR SIS,0.0,1.59,SAFE
2026-09-04 23:59:00,BGK.02,VP SABANG TIMUR SIS,0.0,18.92,SAFE
,BGR.01,ITABAL9,0.0,1.34,SAFE
2026-09-04 23:59:00,BJB.03,CSA BONTANG SIS,0.0,1.34,SAFE
2026-09-04 23:59:00,BJM.01,PITSTOP AMBON SIS,0.0,3.86,SAFE
2026-09-04 23:59:00,BJM.02,CSA BONTANG SIS,0.0,1.68,SAFE
2026-09-05 07:14:48,BKL.01,ITABAL8,0.0,58.33,SAFE
2026-09-05 07:14:48,BKL.02,ITABAL8,0.0,0.72,SAFE
2026-09-05 07:14:48,BNE.02,ITABAL8,0.0,1.52,SAFE
2026-09-05 07:14:48,BNE.03,ITABAL8,0.0,0.63,SAFE
2026-09-05 07:14:48,BNE.04,ITABAL8,0.0,0.55,SAFE
2026-09-04 23:59:00,BNY.03,CSA BONTANG SIS,0.0,0.97,SAFE
2026-09-04 23:59:00,BTG.03,CSA BONTANG SIS,0.0,9.36,SAFE
2026-09-04 23:59:00,BTG.04,CSA BONTANG SIS,0.0,175.0,SAFE
2026-09-04 23:59:00,FLR.02,CSA BONTANG SIS,0.0,0.75,SAFE
,JKT.01,ITABAL9,0.0,25.36,SAFE
,JKT.02,ITABAL9,0.0,7.78,SAFE
,JKT.03,ITABAL9,0.0,4.16,SAFE
,JKT.04,ITABAL9,0.0,1.17,SAFE
,JKT.05,ITABAL9,0.0,5.68,SAFE
,JKT.06,ITABAL9,0.0,7.45,SAFE
,JKT.07,ITABAL9,0.0,11.55,SAFE
,JKT.08,ITABAL9,0.0,4.26,SAFE
2026-09-05 07:14:48,JMB.01,ITABAL8,0.0,3.07,SAFE
2026-09-05 07:14:48,JMB.03,ITABAL8,0.0,1.02,SAFE
,JMB.04,ITABAL9,0.0,0.77,SAFE
2026-09-04 23:59:00,KRC.02,VP SABANG TIMUR SIS,0.0,1.04,SAFE
2026-09-05 07:14:48,KRC.03,ITABAL8,0.0,1.31,SAFE
2026-09-04 23:59:00,KRC.05,VP SABANG TIMUR SIS,0.0,1.93,SAFE
2026-09-04 23:59:00,KRC.07,VP SABANG TIMUR SIS,0.0,2.15,SAFE
2026-09-05 07:14:48,LHT.01,ITABAL8,0.0,5.84,SAFE
2026-09-05 07:14:48,LPG.01,ITABAL8,0.0,2.05,SAFE
2026-09-05 07:14:48,LPG.02,ITABAL8,0.0,12.03,SAFE
2026-09-05 07:14:48,LPG.03,ITABAL8,0.0,6.96,SAFE
2026-09-05 07:14:48,LPG.06,ITABAL8,0.0,6.69,SAFE
2026-09-05 07:14:48,LPG.07,ITABAL8,0.0,12.92,SAFE
2026-09-05 07:14:48,MDN.01,ITABAL8,0.0,3.37,SAFE
2026-09-05 07:14:48,MDN.02,ITABAL8,0.0,2.53,SAFE
2026-09-05 07:14:48,MDN.03,ITABAL8,0.0,7.25,SAFE
2026-09-05 07:14:48,MDN.04,ITABAL8,0.0,1.95,SAFE
,MIA.01,ITABAL9,0.0,1.22,SAFE
,MIA.02,ITABAL9,0.0,17.59,SAFE
,MIA.03,ITABAL9,0.0,4.28,SAFE
2026-09-04 23:59:00,MIA.04,PITSTOP AMBON SIS,0.0,2.31,SAFE
,MIA.05,ITABAL9,0.0,20.96,SAFE
,MIA.06,ITABAL9,0.0,1.16,SAFE
2026-09-04 23:59:00,MKS.01,CSA BONTANG SIS,0.0,0.72,SAFE
2026-09-04 23:59:00,MKS.02,PITSTOP AMBON SIS,0.0,1.06,SAFE
,MKS.03,ROM 13,0.0,8.2,SAFE
,MKS.04,ROM 13,0.0,3.08,SAFE
2026-09-04 23:59:00,MND.02,CSA BONTANG SIS,0.0,2.49,SAFE
2026-09-04 23:59:00,MRK.01,VP SABANG TIMUR SIS,0.0,1.65,SAFE
2026-09-04 23:59:00,MTM.01,PITSTOP AMBON SIS,0.0,1.64,SAFE
2026-09-04 23:59:00,MTP.01,PITSTOP AMBON SIS,0.0,1.01,SAFE
2026-09-04 23:59:00,MTR.01,VP SABANG TIMUR SIS,0.0,1.67,SAFE
2026-09-05 07:14:48,NIS.01,ITABAL8,0.0,0.57,SAFE
2026-09-05 07:14:48,NIS.02,ITABAL8,0.0,0.86,SAFE
2026-09-05 07:14:48,NIS.03,ITABAL8,0.0,1.03,SAFE
,PDG.01,ITABAL9,0.0,0.52,SAFE
2026-09-05 07:14:48,PLB.01,ITABAL8,0.0,1.87,SAFE
2026-09-05 07:14:48,PLB.02,ITABAL8,0.0,0.84,SAFE
2026-09-05 07:14:48,PLB.03,ITABAL8,0.0,2.0,SAFE
2026-09-05 07:14:48,PLB.04,ITABAL8,0.0,13.62,SAFE
2026-09-04 23:59:00,PLU.04,CSA BONTANG SIS,0.0,2.36,SAFE
2026-09-04 23:59:00,RIU.02,VP SABANG TIMUR SIS,0.0,0.61,SAFE
2026-09-04 23:59:00,RIU.04,VP SABANG TIMUR SIS,0.0,0.51,SAFE
2026-09-04 23:59:00,SBG.02,VP SABANG TIMUR SIS,0.0,1.91,SAFE
2026-09-04 23:59:00,SBG.03,VP SABANG TIMUR SIS,0.0,5.65,SAFE
2026-09-04 23:59:00,SBG.04,VP SABANG TIMUR SIS,0.0,0.63,SAFE
2026-09-04 23:59:00,SBG.05,VP SABANG TIMUR SIS,0.0,21.21,SAFE
2026-09-05 07:14:48,SBG.06,ITABAL8,0.0,14.52,SAFE
2026-09-04 23:59:00,SBG.08,VP SABANG TIMUR SIS,0.0,1.35,SAFE
2026-09-04 23:59:00,SBG.10,VP SABANG TIMUR SIS,0.0,2.05,SAFE
2026-09-04 23:59:00,SBG.11,VP SABANG TIMUR SIS,0.0,0.75,SAFE
2026-09-04 23:59:00,SGT.02,CSA BONTANG SIS,0.0,0.19,SAFE
2026-09-04 23:59:00,SMB.02,CSA BONTANG SIS,0.0,2.63,SAFE
2026-09-04 23:59:00,SMB.03,CSA BONTANG SIS,0.0,4.72,SAFE
2026-09-04 23:59:00,SNT.01,PITSTOP AMBON SIS,0.0,1.34,SAFE
2026-09-04 23:59:00,TJG.01,CSA BONTANG SIS,0.0,1.99,SAFE
2026-09-04 23:59:00,TJG.02,CSA BONTANG SIS,0.0,5.65,SAFE
2026-09-05 09:00:00,AMB.01,PITSTOP AMBON SIS,0.0,7.46,SAFE
2026-09-05 08:59:00,BDG.02,VP OB 1 SIS,0.0,19.31,SAFE
2026-09-05 08:59:00,BDG.03,VP OB 1 SIS,0.0,5.73,SAFE
2026-09-05 08:59:00,BDG.04,VP OB 1 SIS,0.0,1.07,SAFE
,BDG.05,ITABAL9,0.0,2.1,SAFE
2026-09-05 09:00:00,BGK.01,VP SABANG TIMUR SIS,0.0,1.59,SAFE
2026-09-05 09:00:00,BGK.02,VP SABANG TIMUR SIS,0.0,18.92,SAFE
,BGR.01,ITABAL9,0.0,1.34,SAFE
2026-09-05 09:01:00,BJB.03,CSA BONTANG SIS,0.0,1.34,SAFE
2026-09-05 09:00:00,BJM.01,PITSTOP AMBON SIS,0.0,3.86,SAFE
2026-09-05 09:01:00,BJM.02,CSA BONTANG SIS,0.0,1.68,SAFE
2026-09-05 08:59:35,BKL.01,ITABAL8,0.0,58.33,SAFE
2026-09-05 08:59:35,BKL.02,ITABAL8,0.0,0.72,SAFE
2026-09-05 08:59:35,BNE.02,ITABAL8,0.0,1.52,SAFE
2026-09-05 08:59:35,BNE.03,ITABAL8,0.0,0.63,SAFE
2026-09-05 08:59:35,BNE.04,ITABAL8,0.0,0.55,SAFE
2026-09-05 09:01:00,BNY.03,CSA BONTANG SIS,0.0,0.97,SAFE
2026-09-05 09:01:00,BTG.03,CSA BONTANG SIS,0.0,9.36,SAFE
2026-09-05 09:01:00,BTG.04,CSA BONTANG SIS,0.0,175.0,SAFE
2026-09-05 09:01:00,FLR.02,CSA BONTANG SIS,0.0,0.75,SAFE
,JKT.01,ITABAL9,0.0,25.36,SAFE
,JKT.02,ITABAL9,0.0,7.78,SAFE
,JKT.03,ITABAL9,0.0,4.16,SAFE
,JKT.04,ITABAL9,0.0,1.17,SAFE
,JKT.05,ITABAL9,0.0,5.68,SAFE
,JKT.06,ITABAL9,0.0,7.45,SAFE
,JKT.07,ITABAL9,0.0,11.55,SAFE
,JKT.08,ITABAL9,0.0,4.26,SAFE
2026-09-05 08:59:35,JMB.01,ITABAL8,0.0,3.07,SAFE
2026-09-05 08:59:35,JMB.03,ITABAL8,0.0,1.02,SAFE
,JMB.04,ITABAL9,0.0,0.77,SAFE
2026-09-05 09:00:00,KRC.02,VP SABANG TIMUR SIS,0.0,1.04,SAFE
2026-09-05 08:59:35,KRC.03,ITABAL8,0.0,1.31,SAFE
2026-09-05 09:00:00,KRC.05,VP SABANG TIMUR SIS,0.0,1.93,SAFE
2026-09-05 09:00:00,KRC.07,VP SABANG TIMUR SIS,0.0,2.15,SAFE
2026-09-05 08:59:35,LHT.01,ITABAL8,0.0,5.84,SAFE
2026-09-05 08:59:35,LPG.01,ITABAL8,0.0,2.05,SAFE
2026-09-05 08:59:35,LPG.02,ITABAL8,0.0,12.03,SAFE
2026-09-05 08:59:35,LPG.03,ITABAL8,0.0,6.96,SAFE
2026-09-05 08:59:35,LPG.06,ITABAL8,0.0,6.69,SAFE
2026-09-05 08:59:35,LPG.07,ITABAL8,0.0,12.92,SAFE
2026-09-05 08:59:35,MDN.01,ITABAL8,0.0,3.37,SAFE
2026-09-05 08:59:35,MDN.02,ITABAL8,0.0,2.53,SAFE
2026-09-05 08:59:35,MDN.03,ITABAL8,0.0,7.25,SAFE
2026-09-05 08:59:35,MDN.04,ITABAL8,0.0,1.95,SAFE
,MIA.01,ITABAL9,0.0,1.22,SAFE
,MIA.02,ITABAL9,0.0,17.59,SAFE
,MIA.03,ITABAL9,0.0,4.28,SAFE
2026-09-05 09:00:00,MIA.04,PITSTOP AMBON SIS,0.0,2.31,SAFE
,MIA.05,ITABAL9,0.0,20.96,SAFE
,MIA.06,ITABAL9,0.0,1.16,SAFE
2026-09-05 09:01:00,MKS.01,CSA BONTANG SIS,0.0,0.72,SAFE
2026-09-05 09:00:00,MKS.02,PITSTOP AMBON SIS,0.0,1.06,SAFE
,MKS.03,ROM 13,0.0,8.2,SAFE
,MKS.04,ROM 13,0.0,3.08,SAFE
2026-09-05 09:01:00,MND.02,CSA BONTANG SIS,0.0,2.49,SAFE
2026-09-05 09:00:00,MRK.01,VP SABANG TIMUR SIS,0.0,1.65,SAFE
2026-09-05 09:00:00,MTM.01,PITSTOP AMBON SIS,0.0,1.64,SAFE
2026-09-05 09:00:00,MTP.01,PITSTOP AMBON SIS,0.0,1.01,SAFE
2026-09-05 09:00:00,MTR.01,VP SABANG TIMUR SIS,0.0,1.67,SAFE
2026-09-05 08:59:35,NIS.01,ITABAL8,0.0,0.57,SAFE
2026-09-05 08:59:35,NIS.02,ITABAL8,0.0,0.86,SAFE
2026-09-05 08:59:35,NIS.03,ITABAL8,0.0,1.03,SAFE
,PDG.01,ITABAL9,0.0,0.52,SAFE
2026-09-05 08:59:35,PLB.01,ITABAL8,0.0,1.87,SAFE
2026-09-05 08:59:35,PLB.02,ITABAL8,0.0,0.84,SAFE
2026-09-05 08:59:35,PLB.03,ITABAL8,0.0,2.0,SAFE
2026-09-05 08:59:35,PLB.04,ITABAL8,0.0,13.62,SAFE
2026-09-05 09:01:00,PLU.04,CSA BONTANG SIS,0.0,2.36,SAFE
2026-09-05 09:00:00,RIU.02,VP SABANG TIMUR SIS,0.0,0.61,SAFE
2026-09-05 09:00:00,RIU.04,VP SABANG TIMUR SIS,0.0,0.51,SAFE
2026-09-05 09:00:00,SBG.02,VP SABANG TIMUR SIS,0.0,1.91,SAFE
2026-09-05 09:00:00,SBG.03,VP SABANG TIMUR SIS,0.0,5.65,SAFE
2026-09-05 09:00:00,SBG.04,VP SABANG TIMUR SIS,0.0,0.63,SAFE
2026-09-05 09:00:00,SBG.05,VP SABANG TIMUR SIS,0.0,21.21,SAFE
2026-09-05 08:59:35,SBG.06,ITABAL8,0.0,14.52,SAFE
2026-09-05 09:00:00,SBG.08,VP SABANG TIMUR SIS,0.0,1.35,SAFE
2026-09-05 09:00:00,SBG.10,VP SABANG TIMUR SIS,0.0,2.05,SAFE
2026-09-05 09:00:00,SBG.11,VP SABANG TIMUR SIS,0.0,0.75,SAFE
2026-09-05 09:01:00,SGT.02,CSA BONTANG SIS,0.0,0.19,SAFE
2026-09-05 09:01:00,SMB.02,CSA BONTANG SIS,0.0,2.63,SAFE
2026-09-05 09:01:00,SMB.03,CSA BONTANG SIS,0.0,4.72,SAFE
2026-09-05 09:00:00,SNT.01,PITSTOP AMBON SIS,0.0,1.34,SAFE
2026-09-05 09:01:00,TJG.01,CSA BONTANG SIS,0.0,1.99,SAFE
2026-09-05 09:01:00,TJG.02,CSA BONTANG SIS,0.0,5.65,SAFE
2026-09-05 13:28:00,AMB.01,PITSTOP AMBON SIS,0.0,7.46,SAFE
2026-09-05 13:27:00,BDG.02,VP OB 1 SIS,0.0,19.31,SAFE
2026-09-05 13:27:00,BDG.03,VP OB 1 SIS,0.0,5.73,SAFE
2026-09-05 13:27:00,BDG.04,VP OB 1 SIS,0.0,1.07,SAFE
,BDG.05,ITABAL9,0.0,2.1,SAFE
2026-09-05 13:29:00,BGK.01,VP SABANG TIMUR SIS,0.0,1.59,SAFE
2026-09-05 13:29:00,BGK.02,VP SABANG TIMUR SIS,0.0,18.92,SAFE
,BGR.01,ITABAL9,0.0,1.34,SAFE
2026-09-05 13:29:00,BJB.03,CSA BONTANG SIS,0.0,1.34,SAFE
2026-09-05 13:28:00,BJM.01,PITSTOP AMBON SIS,0.0,3.86,SAFE
2026-09-05 13:29:00,BJM.02,CSA BONTANG SIS,0.0,1.68,SAFE
2026-09-05 13:27:57,BKL.01,ITABAL8,0.0,58.33,SAFE
2026-09-05 13:27:57,BKL.02,ITABAL8,0.0,0.72,SAFE
2026-09-05 13:27:57,BNE.02,ITABAL8,0.0,1.52,SAFE
2026-09-05 13:27:57,BNE.03,ITABAL8,0.0,0.63,SAFE
2026-09-05 13:27:57,BNE.04,ITABAL8,0.0,0.55,SAFE
2026-09-05 13:29:00,BNY.03,CSA BONTANG SIS,0.0,0.97,SAFE
2026-09-05 13:29:00,BTG.03,CSA BONTANG SIS,0.0,9.36,SAFE
2026-09-05 13:29:00,BTG.04,CSA BONTANG SIS,0.0,175.0,SAFE
2026-09-05 13:29:00,FLR.02,CSA BONTANG SIS,0.0,0.75,SAFE
,JKT.01,ITABAL9,0.0,25.36,SAFE
,JKT.02,ITABAL9,0.0,7.78,SAFE
,JKT.03,ITABAL9,0.0,4.16,SAFE
,JKT.04,ITABAL9,0.0,1.17,SAFE
,JKT.05,ITABAL9,0.0,5.68,SAFE
,JKT.06,ITABAL9,0.0,7.45,SAFE
,JKT.07,ITABAL9,0.0,11.55,SAFE
,JKT.08,ITABAL9,0.0,4.26,SAFE
2026-09-05 13:27:57,JMB.01,ITABAL8,0.0,3.07,SAFE
2026-09-05 13:27:57,JMB.03,ITABAL8,0.0,1.02,SAFE
,JMB.04,ITABAL9,0.0,0.77,SAFE
2026-09-05 13:29:00,KRC.02,VP SABANG TIMUR SIS,0.0,1.04,SAFE
2026-09-05 13:27:57,KRC.03,ITABAL8,0.0,1.31,SAFE
2026-09-05 13:29:00,KRC.05,VP SABANG TIMUR SIS,0.0,1.93,SAFE
2026-09-05 13:29:00,KRC.07,VP SABANG TIMUR SIS,0.0,2.15,SAFE
2026-09-05 13:27:57,LHT.01,ITABAL8,0.0,5.84,SAFE
2026-09-05 13:27:57,LPG.01,ITABAL8,0.0,2.05,SAFE
2026-09-05 13:27:57,LPG.02,ITABAL8,0.0,12.03,SAFE
2026-09-05 13:27:57,LPG.03,ITABAL8,0.0,6.96,SAFE
2026-09-05 13:27:57,LPG.06,ITABAL8,0.0,6.69,SAFE
2026-09-05 13:27:57,LPG.07,ITABAL8,0.0,12.92,SAFE
2026-09-05 13:27:57,MDN.01,ITABAL8,0.0,3.37,SAFE
2026-09-05 13:27:57,MDN.02,ITABAL8,0.0,2.53,SAFE
2026-09-05 13:27:57,MDN.03,ITABAL8,0.0,7.25,SAFE
2026-09-05 13:27:57,MDN.04,ITABAL8,0.0,1.95,SAFE
,MIA.01,ITABAL9,0.0,1.22,SAFE
,MIA.02,ITABAL9,0.0,17.59,SAFE
,MIA.03,ITABAL9,0.0,4.28,SAFE
2026-09-05 13:28:00,MIA.04,PITSTOP AMBON SIS,0.0,2.31,SAFE
,MIA.05,ITABAL9,0.0,20.96,SAFE
,MIA.06,ITABAL9,0.0,1.16,SAFE
2026-09-05 13:29:00,MKS.01,CSA BONTANG SIS,0.0,0.72,SAFE
2026-09-05 13:28:00,MKS.02,PITSTOP AMBON SIS,0.0,1.06,SAFE
,MKS.03,ROM 13,0.0,8.2,SAFE
,MKS.04,ROM 13,0.0,3.08,SAFE
2026-09-05 13:29:00,MND.02,CSA BONTANG SIS,0.0,2.49,SAFE
2026-09-05 13:29:00,MRK.01,VP SABANG TIMUR SIS,0.0,1.65,SAFE
2026-09-05 13:28:00,MTM.01,PITSTOP AMBON SIS,0.0,1.64,SAFE
2026-09-05 13:28:00,MTP.01,PITSTOP AMBON SIS,0.0,1.01,SAFE
2026-09-05 13:29:00,MTR.01,VP SABANG TIMUR SIS,0.0,1.67,SAFE
2026-09-05 13:27:57,NIS.01,ITABAL8,0.0,0.57,SAFE
2026-09-05 13:27:57,NIS.02,ITABAL8,0.0,0.86,SAFE
2026-09-05 13:27:57,NIS.03,ITABAL8,0.0,1.03,SAFE
,PDG.01,ITABAL9,0.0,0.52,SAFE
2026-09-05 13:27:57,PLB.01,ITABAL8,0.0,1.87,SAFE
2026-09-05 13:27:57,PLB.02,ITABAL8,0.0,0.84,SAFE
2026-09-05 13:27:57,PLB.03,ITABAL8,0.0,2.0,SAFE
2026-09-05 13:27:57,PLB.04,ITABAL8,0.0,13.62,SAFE
2026-09-05 13:29:00,PLU.04,CSA BONTANG SIS,0.0,2.36,SAFE
2026-09-05 13:29:00,RIU.02,VP SABANG TIMUR SIS,0.0,0.61,SAFE
2026-09-05 13:29:00,RIU.04,VP SABANG TIMUR SIS,0.0,0.51,SAFE
2026-09-05 13:29:00,SBG.02,VP SABANG TIMUR SIS,0.0,1.91,SAFE
2026-09-05 13:29:00,SBG.03,VP SABANG TIMUR SIS,0.0,5.65,SAFE
2026-09-05 13:29:00,SBG.04,VP SABANG TIMUR SIS,0.0,0.63,SAFE
2026-09-05 13:29:00,SBG.05,VP SABANG TIMUR SIS,0.0,21.21,SAFE
2026-09-05 13:27:57,SBG.06,ITABAL8,0.0,14.52,SAFE
2026-09-05 13:29:00,SBG.08,VP SABANG TIMUR SIS,0.0,1.35,SAFE
2026-09-05 13:29:00,SBG.10,VP SABANG TIMUR SIS,0.0,2.05,SAFE
2026-09-05 13:29:00,SBG.11,VP SABANG TIMUR SIS,0.0,0.75,SAFE
2026-09-05 13:29:00,SGT.02,CSA BONTANG SIS,0.0,0.19,SAFE
2026-09-05 13:29:00,SMB.02,CSA BONTANG SIS,0.0,2.63,SAFE
2026-09-05 13:29:00,SMB.03,CSA BONTANG SIS,0.0,4.72,SAFE
2026-09-05 13:28:00,SNT.01,PITSTOP AMBON SIS,0.0,1.34,SAFE
2026-09-05 13:29:00,TJG.01,CSA BONTANG SIS,0.0,1.99,SAFE
2026-09-05 13:29:00,TJG.02,CSA BONTANG SIS,0.0,5.65,SAFE
2026-09-05 17:14:00,AMB.01,PITSTOP AMBON SIS,0.0,7.46,SAFE
2026-09-05 17:13:00,BDG.02,VP OB 1 SIS,0.0,19.31,SAFE
2026-09-05 17:13:00,BDG.03,VP OB 1 SIS,0.0,5.73,SAFE
2026-09-05 17:13:00,BDG.04,VP OB 1 SIS,0.0,1.07,SAFE
,BDG.05,ITABAL9,0.0,2.1,SAFE
2026-09-05 17:14:00,BGK.01,VP SABANG TIMUR SIS,0.0,1.59,SAFE
2026-09-05 17:14:00,BGK.02,VP SABANG TIMUR SIS,0.0,18.92,SAFE
,BGR.01,ITABAL9,0.0,1.34,SAFE
2026-09-05 17:14:00,BJB.03,CSA BONTANG SIS,0.0,1.34,SAFE
2026-09-05 17:14:00,BJM.01,PITSTOP AMBON SIS,0.0,3.86,SAFE
2026-09-05 17:14:00,BJM.02,CSA BONTANG SIS,0.0,1.68,SAFE
2026-09-05 17:13:21,BKL.01,ITABAL8,0.0,58.33,SAFE
2026-09-05 17:13:21,BKL.02,ITABAL8,0.0,0.72,SAFE
2026-09-05 17:13:21,BNE.02,ITABAL8,0.0,1.52,SAFE
2026-09-05 17:13:21,BNE.03,ITABAL8,0.0,0.63,SAFE
2026-09-05 17:13:21,BNE.04,ITABAL8,0.0,0.55,SAFE
2026-09-05 17:14:00,BNY.03,CSA BONTANG SIS,0.0,0.97,SAFE
2026-09-05 17:14:00,BTG.03,CSA BONTANG SIS,0.0,9.36,SAFE
2026-09-05 17:14:00,BTG.04,CSA BONTANG SIS,0.0,175.0,SAFE
2026-09-05 17:14:00,FLR.02,CSA BONTANG SIS,0.0,0.75,SAFE
,JKT.01,ITABAL9,0.0,25.36,SAFE
,JKT.02,ITABAL9,0.0,7.78,SAFE
,JKT.03,ITABAL9,0.0,4.16,SAFE
,JKT.04,ITABAL9,0.0,1.17,SAFE
,JKT.05,ITABAL9,0.0,5.68,SAFE
,JKT.06,ITABAL9,0.0,7.45,SAFE
,JKT.07,ITABAL9,0.0,11.55,SAFE
,JKT.08,ITABAL9,0.0,4.26,SAFE
2026-09-05 17:13:21,JMB.01,ITABAL8,0.0,3.07,SAFE
2026-09-05 17:13:21,JMB.03,ITABAL8,0.0,1.02,SAFE
,JMB.04,ITABAL9,0.0,0.77,SAFE
2026-09-05 17:14:00,KRC.02,VP SABANG TIMUR SIS,0.0,1.04,SAFE
2026-09-05 17:13:21,KRC.03,ITABAL8,0.0,1.31,SAFE
2026-09-05 17:14:00,KRC.05,VP SABANG TIMUR SIS,0.0,1.93,SAFE
2026-09-05 17:14:00,KRC.07,VP SABANG TIMUR SIS,0.0,2.15,SAFE
2026-09-05 17:13:21,LHT.01,ITABAL8,0.0,5.84,SAFE
2026-09-05 17:13:21,LPG.01,ITABAL8,0.0,2.05,SAFE
2026-09-05 17:13:21,LPG.02,ITABAL8,0.0,12.03,SAFE
2026-09-05 17:13:21,LPG.03,ITABAL8,0.0,6.96,SAFE
2026-09-05 17:13:21,LPG.06,ITABAL8,0.0,6.69,SAFE
2026-09-05 17:13:21,LPG.07,ITABAL8,0.0,12.92,SAFE
2026-09-05 17:13:21,MDN.01,ITABAL8,0.0,3.37,SAFE
2026-09-05 17:13:21,MDN.02,ITABAL8,0.0,2.53,SAFE
2026-09-05 17:13:21,MDN.03,ITABAL8,0.0,7.25,SAFE
2026-09-05 17:13:21,MDN.04,ITABAL8,0.0,1.95,SAFE
,MIA.01,ITABAL9,0.0,1.22,SAFE
,MIA.02,ITABAL9,0.0,17.59,SAFE
,MIA.03,ITABAL9,0.0,4.28,SAFE
2026-09-05 17:14:00,MIA.04,PITSTOP AMBON SIS,0.0,2.31,SAFE
,MIA.05,ITABAL9,0.0,20.96,SAFE
,MIA.06,ITABAL9,0.0,1.16,SAFE
2026-09-05 17:14:00,MKS.01,CSA BONTANG SIS,0.0,0.72,SAFE
2026-09-05 17:14:00,MKS.02,PITSTOP AMBON SIS,0.0,1.06,SAFE
,MKS.03,ROM 13,0.0,8.2,SAFE
,MKS.04,ROM 13,0.0,3.08,SAFE
2026-09-05 17:14:00,MND.02,CSA BONTANG SIS,0.0,2.49,SAFE
2026-09-05 17:14:00,MRK.01,VP SABANG TIMUR SIS,0.0,1.65,SAFE
2026-09-05 17:14:00,MTM.01,PITSTOP AMBON SIS,0.0,1.64,SAFE
2026-09-05 17:14:00,MTP.01,PITSTOP AMBON SIS,0.0,1.01,SAFE
2026-09-05 17:14:00,MTR.01,VP SABANG TIMUR SIS,0.0,1.67,SAFE
2026-09-05 17:13:21,NIS.01,ITABAL8,0.0,0.57,SAFE
2026-09-05 17:13:21,NIS.02,ITABAL8,0.0,0.86,SAFE
2026-09-05 17:13:21,NIS.03,ITABAL8,0.0,1.03,SAFE
,PDG.01,ITABAL9,0.0,0.52,SAFE
2026-09-05 17:13:21,PLB.01,ITABAL8,0.0,1.87,SAFE
2026-09-05 17:13:21,PLB.02,ITABAL8,0.0,0.84,SAFE
2026-09-05 17:13:21,PLB.03,ITABAL8,0.0,2.0,SAFE
2026-09-05 17:13:21,PLB.04,ITABAL8,0.0,13.62,SAFE
2026-09-05 17:14:00,PLU.04,CSA BONTANG SIS,0.0,2.36,SAFE
2026-09-05 17:14:00,RIU.02,VP SABANG TIMUR SIS,0.0,0.61,SAFE
2026-09-05 17:14:00,RIU.04,VP SABANG TIMUR SIS,0.0,0.51,SAFE
2026-09-05 17:14:00,SBG.02,VP SABANG TIMUR SIS,0.0,1.91,SAFE
2026-09-05 17:14:00,SBG.03,VP SABANG TIMUR SIS,0.0,5.65,SAFE
2026-09-05 17:14:00,SBG.04,VP SABANG TIMUR SIS,0.0,0.63,SAFE
2026-09-05 17:14:00,SBG.05,VP SABANG TIMUR SIS,0.0,21.21,SAFE
2026-09-05 17:13:21,SBG.06,ITABAL8,0.0,14.52,SAFE
2026-09-05 17:14:00,SBG.08,VP SABANG TIMUR SIS,0.0,1.35,SAFE
2026-09-05 17:14:00,SBG.10,VP SABANG TIMUR SIS,0.0,2.05,SAFE
2026-09-05 17:14:00,SBG.11,VP SABANG TIMUR SIS,0.0,0.75,SAFE
2026-09-05 17:14:00,SGT.02,CSA BONTANG SIS,0.0,0.19,SAFE
2026-09-05 17:14:00,SMB.02,CSA BONTANG SIS,0.0,2.63,SAFE
2026-09-05 17:14:00,SMB.03,CSA BONTANG SIS,0.0,4.72,SAFE
2026-09-05 17:14:00,SNT.01,PITSTOP AMBON SIS,0.0,1.34,SAFE
2026-09-05 17:14:00,TJG.01,CSA BONTANG SIS,0.0,1.99,SAFE
2026-09-05 17:14:00,TJG.02,CSA BONTANG SIS,0.0,5.65,SAFE
2026-09-05 20:44:00,AMB.01,PITSTOP AMBON SIS,0.0,7.46,SAFE
2026-09-05 20:43:00,BDG.02,VP OB 1 SIS,0.0,19.31,SAFE
2026-09-05 20:43:00,BDG.03,VP OB 1 SIS,0.0,5.73,SAFE
2026-09-05 20:43:00,BDG.04,VP OB 1 SIS,0.0,1.07,SAFE
,BDG.05,ITABAL9,0.0,2.1,SAFE
2026-09-05 20:45:00,BGK.01,VP SABANG TIMUR SIS,0.0,1.59,SAFE
2026-09-05 20:45:00,BGK.02,VP SABANG TIMUR SIS,0.0,18.92,SAFE
,BGR.01,ITABAL9,0.0,1.34,SAFE
2026-09-05 20:45:00,BJB.03,CSA BONTANG SIS,0.0,1.34,SAFE
2026-09-05 20:44:00,BJM.01,PITSTOP AMBON SIS,0.0,3.86,SAFE
2026-09-05 20:45:00,BJM.02,CSA BONTANG SIS,0.0,1.68,SAFE
2026-09-05 20:43:44,BKL.01,ITABAL8,0.0,58.33,SAFE
2026-09-05 20:43:44,BKL.02,ITABAL8,0.0,0.72,SAFE
2026-09-05 20:43:44,BNE.02,ITABAL8,0.0,1.52,SAFE
2026-09-05 20:43:44,BNE.03,ITABAL8,0.0,0.63,SAFE
2026-09-05 20:43:44,BNE.04,ITABAL8,0.0,0.55,SAFE
2026-09-05 20:45:00,BNY.03,CSA BONTANG SIS,0.0,0.97,SAFE
2026-09-05 20:45:00,BTG.03,CSA BONTANG SIS,0.0,9.36,SAFE
2026-09-05 20:45:00,BTG.04,CSA BONTANG SIS,0.0,175.0,SAFE
2026-09-05 20:45:00,FLR.02,CSA BONTANG SIS,0.0,0.75,SAFE
,JKT.01,ITABAL9,0.0,25.36,SAFE
,JKT.02,ITABAL9,0.0,7.78,SAFE
,JKT.03,ITABAL9,0.0,4.16,SAFE
,JKT.04,ITABAL9,0.0,1.17,SAFE
,JKT.05,ITABAL9,0.0,5.68,SAFE
,JKT.06,ITABAL9,0.0,7.45,SAFE
,JKT.07,ITABAL9,0.0,11.55,SAFE
,JKT.08,ITABAL9,0.0,4.26,SAFE
2026-09-05 20:43:44,JMB.01,ITABAL8,0.0,3.07,SAFE
2026-09-05 20:43:44,JMB.03,ITABAL8,0.0,1.02,SAFE
,JMB.04,ITABAL9,0.0,0.77,SAFE
2026-09-05 20:45:00,KRC.02,VP SABANG TIMUR SIS,0.0,1.04,SAFE
2026-09-05 20:43:44,KRC.03,ITABAL8,0.0,1.31,SAFE
2026-09-05 20:45:00,KRC.05,VP SABANG TIMUR SIS,0.0,1.93,SAFE
2026-09-05 20:45:00,KRC.07,VP SABANG TIMUR SIS,0.0,2.15,SAFE
2026-09-05 20:43:44,LHT.01,ITABAL8,0.0,5.84,SAFE
2026-09-05 20:43:44,LPG.01,ITABAL8,0.0,2.05,SAFE
2026-09-05 20:43:44,LPG.02,ITABAL8,0.0,12.03,SAFE
2026-09-05 20:43:44,LPG.03,ITABAL8,0.0,6.96,SAFE
2026-09-05 20:43:44,LPG.06,ITABAL8,0.0,6.69,SAFE
2026-09-05 20:43:44,LPG.07,ITABAL8,0.0,12.92,SAFE
2026-09-05 20:43:44,MDN.01,ITABAL8,0.0,3.37,SAFE
2026-09-05 20:43:44,MDN.02,ITABAL8,0.0,2.53,SAFE
2026-09-05 20:43:44,MDN.03,ITABAL8,0.0,7.25,SAFE
2026-09-05 20:43:44,MDN.04,ITABAL8,0.0,1.95,SAFE
,MIA.01,ITABAL9,0.0,1.22,SAFE
,MIA.02,ITABAL9,0.0,17.59,SAFE
,MIA.03,ITABAL9,0.0,4.28,SAFE
2026-09-05 20:44:00,MIA.04,PITSTOP AMBON SIS,0.0,2.31,SAFE
,MIA.05,ITABAL9,0.0,20.96,SAFE
,MIA.06,ITABAL9,0.0,1.16,SAFE
2026-09-05 20:45:00,MKS.01,CSA BONTANG SIS,0.0,0.72,SAFE
2026-09-05 20:44:00,MKS.02,PITSTOP AMBON SIS,0.0,1.06,SAFE
,MKS.03,ROM 13,0.0,8.2,SAFE
,MKS.04,ROM 13,0.0,3.08,SAFE
2026-09-05 20:45:00,MND.02,CSA BONTANG SIS,0.0,2.49,SAFE
2026-09-05 20:45:00,MRK.01,VP SABANG TIMUR SIS,0.0,1.65,SAFE
2026-09-05 20:44:00,MTM.01,PITSTOP AMBON SIS,0.0,1.64,SAFE
2026-09-05 20:44:00,MTP.01,PITSTOP AMBON SIS,0.0,1.01,SAFE
2026-09-05 20:45:00,MTR.01,VP SABANG TIMUR SIS,0.0,1.67,SAFE
2026-09-05 20:43:44,NIS.01,ITABAL8,0.0,0.57,SAFE
2026-09-05 20:43:44,NIS.02,ITABAL8,0.0,0.86,SAFE
2026-09-05 20:43:44,NIS.03,ITABAL8,0.0,1.03,SAFE
,PDG.01,ITABAL9,0.0,0.52,SAFE
2026-09-05 20:43:44,PLB.01,ITABAL8,0.0,1.87,SAFE
2026-09-05 20:43:44,PLB.02,ITABAL8,0.0,0.84,SAFE
2026-09-05 20:43:44,PLB.03,ITABAL8,0.0,2.0,SAFE
2026-09-05 20:43:44,PLB.04,ITABAL8,0.0,13.62,SAFE
2026-09-05 20:45:00,PLU.04,CSA BONTANG SIS,0.0,2.36,SAFE
2026-09-05 20:45:00,RIU.02,VP SABANG TIMUR SIS,0.0,0.61,SAFE
2026-09-05 20:45:00,RIU.04,VP SABANG TIMUR SIS,0.0,0.51,SAFE
2026-09-05 20:45:00,SBG.02,VP SABANG TIMUR SIS,0.0,1.91,SAFE
2026-09-05 20:45:00,SBG.03,VP SABANG TIMUR SIS,0.0,5.65,SAFE
2026-09-05 20:45:00,SBG.04,VP SABANG TIMUR SIS,0.0,0.63,SAFE
2026-09-05 20:45:00,SBG.05,VP SABANG TIMUR SIS,0.0,21.21,SAFE
2026-09-05 20:43:44,SBG.06,ITABAL8,0.0,14.52,SAFE
2026-09-05 20:45:00,SBG.08,VP SABANG TIMUR SIS,0.0,1.35,SAFE
2026-09-05 20:45:00,SBG.10,VP SABANG TIMUR SIS,0.0,2.05,SAFE
2026-09-05 20:45:00,SBG.11,VP SABANG TIMUR SIS,0.0,0.75,SAFE
2026-09-05 20:45:00,SGT.02,CSA BONTANG SIS,0.0,0.19,SAFE
2026-09-05 20:45:00,SMB.02,CSA BONTANG SIS,0.0,2.63,SAFE
2026-09-05 20:45:00,SMB.03,CSA BONTANG SIS,0.0,4.72,SAFE
2026-09-05 20:44:00,SNT.01,PITSTOP AMBON SIS,0.0,1.34,SAFE
2026-09-05 20:45:00,TJG.01,CSA BONTANG SIS,0.0,1.99,SAFE
2026-09-05 20:45:00,TJG.02,CSA BONTANG SIS,0.0,5.65,SAFE
2026-09-05 23:35:00,AMB.01,PITSTOP AMBON SIS,0.0,7.46,SAFE
2026-09-05 23:34:00,BDG.02,VP OB 1 SIS,0.0,19.31,SAFE
2026-09-05 23:34:00,BDG.03,VP OB 1 SIS,0.0,5.73,SAFE
2026-09-05 23:34:00,BDG.04,VP OB 1 SIS,0.0,1.07,SAFE
,BDG.05,ITABAL9,0.0,2.1,SAFE
2026-09-05 23:36:00,BGK.01,VP SABANG TIMUR SIS,0.0,1.59,SAFE
2026-09-05 23:36:00,BGK.02,VP SABANG TIMUR SIS,0.0,18.92,SAFE
,BGR.01,ITABAL9,0.0,1.34,SAFE
2026-09-05 23:36:00,BJB.03,CSA BONTANG SIS,0.0,1.34,SAFE
2026-09-05 23:35:00,BJM.01,PITSTOP AMBON SIS,0.0,3.86,SAFE
2026-09-05 23:36:00,BJM.02,CSA BONTANG SIS,0.0,1.68,SAFE
2026-09-05 23:34:56,BKL.01,ITABAL8,0.0,58.33,SAFE
2026-09-05 23:34:56,BKL.02,ITABAL8,0.0,0.72,SAFE
2026-09-05 23:34:56,BNE.02,ITABAL8,0.0,1.52,SAFE
2026-09-05 23:34:56,BNE.03,ITABAL8,0.0,0.63,SAFE
2026-09-05 23:34:56,BNE.04,ITABAL8,0.0,0.55,SAFE
2026-09-05 23:36:00,BNY.03,CSA BONTANG SIS,0.0,0.97,SAFE
2026-09-05 23:36:00,BTG.03,CSA BONTANG SIS,0.0,9.36,SAFE
2026-09-05 23:36:00,BTG.04,CSA BONTANG SIS,0.0,175.0,SAFE
2026-09-05 23:36:00,FLR.02,CSA BONTANG SIS,0.0,0.75,SAFE
,JKT.01,ITABAL9,0.0,25.36,SAFE
,JKT.02,ITABAL9,0.0,7.78,SAFE
,JKT.03,ITABAL9,0.0,4.16,SAFE
,JKT.04,ITABAL9,0.0,1.17,SAFE
,JKT.05,ITABAL9,0.0,5.68,SAFE
,JKT.06,ITABAL9,0.0,7.45,SAFE
,JKT.07,ITABAL9,0.0,11.55,SAFE
,JKT.08,ITABAL9,0.0,4.26,SAFE
2026-09-05 23:34:56,JMB.01,ITABAL8,0.0,3.07,SAFE
2026-09-05 23:34:56,JMB.03,ITABAL8,0.0,1.02,SAFE
,JMB.04,ITABAL9,0.0,0.77,SAFE
2026-09-05 23:36:00,KRC.02,VP SABANG TIMUR SIS,0.0,1.04,SAFE
2026-09-05 23:34:56,KRC.03,ITABAL8,0.0,1.31,SAFE
2026-09-05 23:36:00,KRC.05,VP SABANG TIMUR SIS,0.0,1.93,SAFE
2026-09-05 23:36:00,KRC.07,VP SABANG TIMUR SIS,0.0,2.15,SAFE
2026-09-05 23:34:56,LHT.01,ITABAL8,0.0,5.84,SAFE
2026-09-05 23:34:56,LPG.01,ITABAL8,0.0,2.05,SAFE
2026-09-05 23:34:56,LPG.02,ITABAL8,0.0,12.03,SAFE
2026-09-05 23:34:56,LPG.03,ITABAL8,0.0,6.96,SAFE
2026-09-05 23:34:56,LPG.06,ITABAL8,0.0,6.69,SAFE
2026-09-05 23:34:56,LPG.07,ITABAL8,0.0,12.92,SAFE
2026-09-05 23:34:56,MDN.01,ITABAL8,0.0,3.37,SAFE
2026-09-05 23:34:56,MDN.02,ITABAL8,0.0,2.53,SAFE
2026-09-05 23:34:56,MDN.03,ITABAL8,0.0,7.25,SAFE
2026-09-05 23:34:56,MDN.04,ITABAL8,0.0,1.95,SAFE
,MIA.01,ITABAL9,0.0,1.22,SAFE
,MIA.02,ITABAL9,0.0,17.59,SAFE
,MIA.03,ITABAL9,0.0,4.28,SAFE
2026-09-05 23:35:00,MIA.04,PITSTOP AMBON SIS,0.0,2.31,SAFE
,MIA.05,ITABAL9,0.0,20.96,SAFE
,MIA.06,ITABAL9,0.0,1.16,SAFE
2026-09-05 23:36:00,MKS.01,CSA BONTANG SIS,0.0,0.72,SAFE
2026-09-05 23:35:00,MKS.02,PITSTOP AMBON SIS,0.0,1.06,SAFE
,MKS.03,ROM 13,0.0,8.2,SAFE
,MKS.04,ROM 13,0.0,3.08,SAFE
2026-09-05 23:36:00,MND.02,CSA BONTANG SIS,0.0,2.49,SAFE
2026-09-05 23:36:00,MRK.01,VP SABANG TIMUR SIS,0.0,1.65,SAFE
2026-09-05 23:35:00,MTM.01,PITSTOP AMBON SIS,0.0,1.64,SAFE
2026-09-05 23:35:00,MTP.01,PITSTOP AMBON SIS,0.0,1.01,SAFE
2026-09-05 23:36:00,MTR.01,VP SABANG TIMUR SIS,0.0,1.67,SAFE
2026-09-05 23:34:56,NIS.01,ITABAL8,0.0,0.57,SAFE
2026-09-05 23:34:56,NIS.02,ITABAL8,0.0,0.86,SAFE
2026-09-05 23:34:56,NIS.03,ITABAL8,0.0,1.03,SAFE
,PDG.01,ITABAL9,0.0,0.52,SAFE
2026-09-05 23:34:56,PLB.01,ITABAL8,0.0,1.87,SAFE
2026-09-05 23:34:56,PLB.02,ITABAL8,0.0,0.84,SAFE
2026-09-05 23:34:56,PLB.03,ITABAL8,0.0,2.0,SAFE
2026-09-05 23:34:56,PLB.04,ITABAL8,0.0,13.62,SAFE
2026-09-05 23:36:00,PLU.04,CSA BONTANG SIS,0.0,2.36,SAFE
2026-09-05 23:36:00,RIU.02,VP SABANG TIMUR SIS,0.0,0.61,SAFE
2026-09-05 23:36:00,RIU.04,VP SABANG TIMUR SIS,0.0,0.51,SAFE
2026-09-05 23:36:00,SBG.02,VP SABANG TIMUR SIS,0.0,1.91,SAFE
2026-09-05 23:36:00,SBG.03,VP SABANG TIMUR SIS,0.0,5.65,SAFE
2026-09-05 23:36:00,SBG.04,VP SABANG TIMUR SIS,0.0,0.63,SAFE
2026-09-05 23:36:00,SBG.05,VP SABANG TIMUR SIS,0.0,21.21,SAFE
2026-09-05 23:34:56,SBG.06,ITABAL8,0.0,14.52,SAFE
2026-09-05 23:36:00,SBG.08,VP SABANG TIMUR SIS,0.0,1.35,SAFE
2026-09-05 23:36:00,SBG.10,VP SABANG TIMUR SIS,0.0,2.05,SAFE
2026-09-05 23:36:00,SBG.11,VP SABANG TIMUR SIS,0.0,0.75,SAFE
2026-09-05 23:36:00,SGT.02,CSA BONTANG SIS,0.0,0.19,SAFE
2026-09-05 23:36:00,SMB.02,CSA BONTANG SIS,0.0,2.63,SAFE
2026-09-05 23:36:00,SMB.03,CSA BONTANG SIS,0.0,4.72,SAFE
2026-09-05 23:35:00,SNT.01,PITSTOP AMBON SIS,0.0,1.34,SAFE
2026-09-05 23:36:00,TJG.01,CSA BONTANG SIS,0.0,1.99,SAFE
2026-09-05 23:36:00,TJG.02,CSA BONTANG SIS,0.0,5.65,SAFE
2026-09-05 23:59:00,AMB.01,PITSTOP AMBON SIS,0.0,7.46,SAFE
2026-09-05 23:59:00,BDG.02,VP OB 1 SIS,0.0,19.31,SAFE
2026-09-05 23:59:00,BDG.03,VP OB 1 SIS,0.0,5.73,SAFE
2026-09-05 23:59:00,BDG.04,VP OB 1 SIS,0.0,1.07,SAFE
,BDG.05,ITABAL9,0.0,2.1,SAFE
2026-09-05 23:59:00,BGK.01,VP SABANG TIMUR SIS,0.0,1.59,SAFE
2026-09-05 23:59:00,BGK.02,VP SABANG TIMUR SIS,0.0,18.92,SAFE
,BGR.01,ITABAL9,0.0,1.34,SAFE
2026-09-05 23:59:00,BJB.03,CSA BONTANG SIS,0.0,1.34,SAFE
2026-09-05 23:59:00,BJM.01,PITSTOP AMBON SIS,0.0,3.86,SAFE
2026-09-05 23:59:00,BJM.02,CSA BONTANG SIS,0.0,1.68,SAFE
2026-09-06 01:33:28,BKL.01,ITABAL8,0.0,58.33,SAFE
2026-09-06 01:33:28,BKL.02,ITABAL8,0.0,0.72,SAFE
2026-09-06 01:33:28,BNE.02,ITABAL8,0.0,1.52,SAFE
2026-09-06 01:33:28,BNE.03,ITABAL8,0.0,0.63,SAFE
2026-09-06 01:33:28,BNE.04,ITABAL8,0.0,0.55,SAFE
2026-09-05 23:59:00,BNY.03,CSA BONTANG SIS,0.0,0.97,SAFE
2026-09-05 23:59:00,BTG.03,CSA BONTANG SIS,0.0,9.36,SAFE
2026-09-05 23:59:00,BTG.04,CSA BONTANG SIS,0.0,175.0,SAFE
2026-09-05 23:59:00,FLR.02,CSA BONTANG SIS,0.0,0.75,SAFE
,JKT.01,ITABAL9,0.0,25.36,SAFE
,JKT.02,ITABAL9,0.0,7.78,SAFE
,JKT.03,ITABAL9,0.0,4.16,SAFE
,JKT.04,ITABAL9,0.0,1.17,SAFE
,JKT.05,ITABAL9,0.0,5.68,SAFE
,JKT.06,ITABAL9,0.0,7.45,SAFE
,JKT.07,ITABAL9,0.0,11.55,SAFE
,JKT.08,ITABAL9,0.0,4.26,SAFE
2026-09-06 01:33:28,JMB.01,ITABAL8,0.0,3.07,SAFE
2026-09-06 01:33:28,JMB.03,ITABAL8,0.0,1.02,SAFE
,JMB.04,ITABAL9,0.0,0.77,SAFE
2026-09-05 23:59:00,KRC.02,VP SABANG TIMUR SIS,0.0,1.04,SAFE
2026-09-06 01:33:28,KRC.03,ITABAL8,0.0,1.31,SAFE
2026-09-05 23:59:00,KRC.05,VP SABANG TIMUR SIS,0.0,1.93,SAFE
2026-09-05 23:59:00,KRC.07,VP SABANG TIMUR SIS,0.0,2.15,SAFE
2026-09-06 01:33:28,LHT.01,ITABAL8,0.0,5.84,SAFE
2026-09-06 01:33:28,LPG.01,ITABAL8,0.0,2.05,SAFE
2026-09-06 01:33:28,LPG.02,ITABAL8,0.0,12.03,SAFE
2026-09-06 01:33:28,LPG.03,ITABAL8,0.0,6.96,SAFE
2026-09-06 01:33:28,LPG.06,ITABAL8,0.0,6.69,SAFE
2026-09-06 01:33:28,LPG.07,ITABAL8,0.0,12.92,SAFE
2026-09-06 01:33:28,MDN.01,ITABAL8,0.0,3.37,SAFE
2026-09-06 01:33:28,MDN.02,ITABAL8,0.0,2.53,SAFE
2026-09-06 01:33:28,MDN.03,ITABAL8,0.0,7.25,SAFE
2026-09-06 01:33:28,MDN.04,ITABAL8,0.0,1.95,SAFE
,MIA.01,ITABAL9,0.0,1.22,SAFE
,MIA.02,ITABAL9,0.0,17.59,SAFE
,MIA.03,ITABAL9,0.0,4.28,SAFE
2026-09-05 23:59:00,MIA.04,PITSTOP AMBON SIS,0.0,2.31,SAFE
,MIA.05,ITABAL9,0.0,20.96,SAFE
,MIA.06,ITABAL9,0.0,1.16,SAFE
2026-09-05 23:59:00,MKS.01,CSA BONTANG SIS,0.0,0.72,SAFE
2026-09-05 23:59:00,MKS.02,PITSTOP AMBON SIS,0.0,1.06,SAFE
,MKS.03,ROM 13,0.0,8.2,SAFE
,MKS.04,ROM 13,0.0,3.08,SAFE
2026-09-05 23:59:00,MND.02,CSA BONTANG SIS,0.0,2.49,SAFE
2026-09-05 23:59:00,MRK.01,VP SABANG TIMUR SIS,0.0,1.65,SAFE
2026-09-05 23:59:00,MTM.01,PITSTOP AMBON SIS,0.0,1.64,SAFE
2026-09-05 23:59:00,MTP.01,PITSTOP AMBON SIS,0.0,1.01,SAFE
2026-09-05 23:59:00,MTR.01,VP SABANG TIMUR SIS,0.0,1.67,SAFE
2026-09-06 01:33:28,NIS.01,ITABAL8,0.0,0.57,SAFE
2026-09-06 01:33:28,NIS.02,ITABAL8,0.0,0.86,SAFE
2026-09-06 01:33:28,NIS.03,ITABAL8,0.0,1.03,SAFE
,PDG.01,ITABAL9,0.0,0.52,SAFE
2026-09-06 01:33:28,PLB.01,ITABAL8,0.0,1.87,SAFE
2026-09-06 01:33:28,PLB.02,ITABAL8,0.0,0.84,SAFE
2026-09-06 01:33:28,PLB.03,ITABAL8,0.0,2.0,SAFE
2026-09-06 01:33:28,PLB.04,ITABAL8,0.0,13.62,SAFE
2026-09-05 23:59:00,PLU.04,CSA BONTANG SIS,0.0,2.36,SAFE
2026-09-05 23:59:00,RIU.02,VP SABANG TIMUR SIS,0.0,0.61,SAFE
2026-09-05 23:59:00,RIU.04,VP SABANG TIMUR SIS,0.0,0.51,SAFE
2026-09-05 23:59:00,SBG.02,VP SABANG TIMUR SIS,0.0,1.91,SAFE
2026-09-05 23:59:00,SBG.03,VP SABANG TIMUR SIS,0.0,5.65,SAFE
2026-09-05 23:59:00,SBG.04,VP SABANG TIMUR SIS,0.0,0.63,SAFE
2026-09-05 23:59:00,SBG.05,VP SABANG TIMUR SIS,0.0,21.21,SAFE
2026-09-06 01:33:28,SBG.06,ITABAL8,0.0,14.52,SAFE
2026-09-05 23:59:00,SBG.08,VP SABANG TIMUR SIS,0.0,1.35,SAFE
2026-09-05 23:59:00,SBG.10,VP SABANG TIMUR SIS,0.0,2.05,SAFE
2026-09-05 23:59:00,SBG.11,VP SABANG TIMUR SIS,0.0,0.75,SAFE
2026-09-05 23:59:00,SGT.02,CSA BONTANG SIS,0.0,0.19,SAFE
2026-09-05 23:59:00,SMB.02,CSA BONTANG SIS,0.0,2.63,SAFE
2026-09-05 23:59:00,SMB.03,CSA BONTANG SIS,0.0,4.72,SAFE
2026-09-05 23:59:00,SNT.01,PITSTOP AMBON SIS,0.0,1.34,SAFE
2026-09-05 23:59:00,TJG.01,CSA BONTANG SIS,0.0,1.99,SAFE
2026-09-05 23:59:00,TJG.02,CSA BONTANG SIS,0.0,5.65,SAFE
2026-09-05 23:59:00,AMB.01,PITSTOP AMBON SIS,0.0,7.46,SAFE
2026-09-05 23:59:00,BDG.02,VP OB 1 SIS,0.0,19.31,SAFE
2026-09-05 23:59:00,BDG.03,VP OB 1 SIS,0.0,5.73,SAFE
2026-09-05 23:59:00,BDG.04,VP OB 1 SIS,0.0,1.07,SAFE
,BDG.05,ITABAL9,0.0,2.1,SAFE
2026-09-05 23:59:00,BGK.01,VP SABANG TIMUR SIS,0.0,1.59,SAFE
2026-09-05 23:59:00,BGK.02,VP SABANG TIMUR SIS,0.0,18.92,SAFE
,BGR.01,ITABAL9,0.0,1.34,SAFE
2026-09-05 23:59:00,BJB.03,CSA BONTANG SIS,0.0,1.34,SAFE
2026-09-05 23:59:00,BJM.01,PITSTOP AMBON SIS,0.0,3.86,SAFE
2026-09-05 23:59:00,BJM.02,CSA BONTANG SIS,0.0,1.68,SAFE
2026-09-06 03:24:08,BKL.01,ITABAL8,0.0,58.33,SAFE
2026-09-06 03:24:08,BKL.02,ITABAL8,0.0,0.72,SAFE
2026-09-06 03:24:08,BNE.02,ITABAL8,0.0,1.52,SAFE
2026-09-06 03:24:08,BNE.03,ITABAL8,0.0,0.63,SAFE
2026-09-06 03:24:08,BNE.04,ITABAL8,0.0,0.55,SAFE
2026-09-05 23:59:00,BNY.03,CSA BONTANG SIS,0.0,0.97,SAFE
2026-09-05 23:59:00,BTG.03,CSA BONTANG SIS,0.0,9.36,SAFE
2026-09-05 23:59:00,BTG.04,CSA BONTANG SIS,0.0,175.0,SAFE
2026-09-05 23:59:00,FLR.02,CSA BONTANG SIS,0.0,0.75,SAFE
,JKT.01,ITABAL9,0.0,25.36,SAFE
,JKT.02,ITABAL9,0.0,7.78,SAFE
,JKT.03,ITABAL9,0.0,4.16,SAFE
,JKT.04,ITABAL9,0.0,1.17,SAFE
,JKT.05,ITABAL9,0.0,5.68,SAFE
,JKT.06,ITABAL9,0.0,7.45,SAFE
,JKT.07,ITABAL9,0.0,11.55,SAFE
,JKT.08,ITABAL9,0.0,4.26,SAFE
2026-09-06 03:24:08,JMB.01,ITABAL8,0.0,3.07,SAFE
2026-09-06 03:24:08,JMB.03,ITABAL8,0.0,1.02,SAFE
,JMB.04,ITABAL9,0.0,0.77,SAFE
2026-09-05 23:59:00,KRC.02,VP SABANG TIMUR SIS,0.0,1.04,SAFE
2026-09-06 03:24:08,KRC.03,ITABAL8,0.0,1.31,SAFE
2026-09-05 23:59:00,KRC.05,VP SABANG TIMUR SIS,0.0,1.93,SAFE
2026-09-05 23:59:00,KRC.07,VP SABANG TIMUR SIS,0.0,2.15,SAFE
2026-09-06 03:24:08,LHT.01,ITABAL8,0.0,5.84,SAFE
2026-09-06 03:24:08,LPG.01,ITABAL8,0.0,2.05,SAFE
2026-09-06 03:24:08,LPG.02,ITABAL8,0.0,12.03,SAFE
2026-09-06 03:24:08,LPG.03,ITABAL8,0.0,6.96,SAFE
2026-09-06 03:24:08,LPG.06,ITABAL8,0.0,6.69,SAFE
2026-09-06 03:24:08,LPG.07,ITABAL8,0.0,12.92,SAFE
2026-09-06 03:24:08,MDN.01,ITABAL8,0.0,3.37,SAFE
2026-09-06 03:24:08,MDN.02,ITABAL8,0.0,2.53,SAFE
2026-09-06 03:24:08,MDN.03,ITABAL8,0.0,7.25,SAFE
2026-09-06 03:24:08,MDN.04,ITABAL8,0.0,1.95,SAFE
,MIA.01,ITABAL9,0.0,1.22,SAFE
,MIA.02,ITABAL9,0.0,17.59,SAFE
,MIA.03,ITABAL9,0.0,4.28,SAFE
2026-09-05 23:59:00,MIA.04,PITSTOP AMBON SIS,0.0,2.31,SAFE
,MIA.05,ITABAL9,0.0,20.96,SAFE
,MIA.06,ITABAL9,0.0,1.16,SAFE
2026-09-05 23:59:00,MKS.01,CSA BONTANG SIS,0.0,0.72,SAFE
2026-09-05 23:59:00,MKS.02,PITSTOP AMBON SIS,0.0,1.06,SAFE
,MKS.03,ROM 13,0.0,8.2,SAFE
,MKS.04,ROM 13,0.0,3.08,SAFE
2026-09-05 23:59:00,MND.02,CSA BONTANG SIS,0.0,2.49,SAFE
2026-09-05 23:59:00,MRK.01,VP SABANG TIMUR SIS,0.0,1.65,SAFE
2026-09-05 23:59:00,MTM.01,PITSTOP AMBON SIS,0.0,1.64,SAFE
2026-09-05 23:59:00,MTP.01,PITSTOP AMBON SIS,0.0,1.01,SAFE
2026-09-05 23:59:00,MTR.01,VP SABANG TIMUR SIS,0.0,1.67,SAFE
2026-09-06 03:24:08,NIS.01,ITABAL8,0.0,0.57,SAFE
2026-09-06 03:24:08,NIS.02,ITABAL8,0.0,0.86,SAFE
2026-09-06 03:24:08,NIS.03,ITABAL8,0.0,1.03,SAFE
,PDG.01,ITABAL9,0.0,0.52,SAFE
2026-09-06 03:24:08,PLB.01,ITABAL8,0.0,1.87,SAFE
2026-09-06 03:24:08,PLB.02,ITABAL8,0.0,0.84,SAFE
2026-09-06 03:24:08,PLB.03,ITABAL8,0.0,2.0,SAFE
2026-09-06 03:24:08,PLB.04,ITABAL8,0.0,13.62,SAFE
2026-09-05 23:59:00,PLU.04,CSA BONTANG SIS,0.0,2.36,SAFE
2026-09-05 23:59:00,RIU.02,VP SABANG TIMUR SIS,0.0,0.61,SAFE
2026-09-05 23:59:00,RIU.04,VP SABANG TIMUR SIS,0.0,0.51,SAFE
2026-09-05 23:59:00,SBG.02,VP SABANG TIMUR SIS,0.0,1.91,SAFE
2026-09-05 23:59:00,SBG.03,VP SABANG TIMUR SIS,0.0,5.65,SAFE
2026-09-05 23:59:00,SBG.04,VP SABANG TIMUR SIS,0.0,0.63,SAFE
2026-09-05 23:59:00,SBG.05,VP SABANG TIMUR SIS,0.0,21.21,SAFE
2026-09-06 03:24:08,SBG.06,ITABAL8,0.0,14.52,SAFE
2026-09-05 23:59:00,SBG.08,VP SABANG TIMUR SIS,0.0,1.35,SAFE
2026-09-05 23:59:00,SBG.10,VP SABANG TIMUR SIS,0.0,2.05,SAFE
2026-09-05 23:59:00,SBG.11,VP SABANG TIMUR SIS,0.0,0.75,SAFE
2026-09-05 23:59:00,SGT.02,CSA BONTANG SIS,0.0,0.19,SAFE
2026-09-05 23:59:00,SMB.02,CSA BONTANG SIS,0.0,2.63,SAFE
2026-09-05 23:59:00,SMB.03,CSA BONTANG SIS,0.0,4.72,SAFE
2026-09-05 23:59:00,SNT.01,PITSTOP AMBON SIS,0.0,1.34,SAFE
2026-09-05 23:59:00,TJG.01,CSA BONTANG SIS,0.0,1.99,SAFE
2026-09-05 23:59:00,TJG.02,CSA BONTANG SIS,0.0,5.65,SAFE
2026-09-05 23:59:00,AMB.01,PITSTOP AMBON SIS,0.0,7.46,SAFE
2026-09-05 23:59:00,BDG.02,VP OB 1 SIS,0.0,19.31,SAFE
2026-09-05 23:59:00,BDG.03,VP OB 1 SIS,0.0,5.73,SAFE
2026-09-05 23:59:00,BDG.04,VP OB 1 SIS,0.0,1.07,SAFE
,BDG.05,ITABAL9,0.0,2.1,SAFE
2026-09-05 23:59:00,BGK.01,VP SABANG TIMUR SIS,0.0,1.59,SAFE
2026-09-05 23:59:00,BGK.02,VP SABANG TIMUR SIS,0.0,18.92,SAFE
,BGR.01,ITABAL9,0.0,1.34,SAFE
2026-09-05 23:59:00,BJB.03,CSA BONTANG SIS,0.0,1.34,SAFE
2026-09-05 23:59:00,BJM.01,PITSTOP AMBON SIS,0.0,3.86,SAFE
2026-09-05 23:59:00,BJM.02,CSA BONTANG SIS,0.0,1.68,SAFE
2026-09-06 05:25:14,BKL.01,ITABAL8,0.0,58.33,SAFE
2026-09-06 05:25:14,BKL.02,ITABAL8,0.0,0.72,SAFE
2026-09-06 05:25:14,BNE.02,ITABAL8,0.0,1.52,SAFE
2026-09-06 05:25:14,BNE.03,ITABAL8,0.0,0.63,SAFE
2026-09-06 05:25:14,BNE.04,ITABAL8,0.0,0.55,SAFE
2026-09-05 23:59:00,BNY.03,CSA BONTANG SIS,0.0,0.97,SAFE
2026-09-05 23:59:00,BTG.03,CSA BONTANG SIS,0.0,9.36,SAFE
2026-09-05 23:59:00,BTG.04,CSA BONTANG SIS,0.0,175.0,SAFE
2026-09-05 23:59:00,FLR.02,CSA BONTANG SIS,0.0,0.75,SAFE
,JKT.01,ITABAL9,0.0,25.36,SAFE
,JKT.02,ITABAL9,0.0,7.78,SAFE
,JKT.03,ITABAL9,0.0,4.16,SAFE
,JKT.04,ITABAL9,0.0,1.17,SAFE
,JKT.05,ITABAL9,0.0,5.68,SAFE
,JKT.06,ITABAL9,0.0,7.45,SAFE
,JKT.07,ITABAL9,0.0,11.55,SAFE
,JKT.08,ITABAL9,0.0,4.26,SAFE
2026-09-06 05:25:14,JMB.01,ITABAL8,0.0,3.07,SAFE
2026-09-06 05:25:14,JMB.03,ITABAL8,0.0,1.02,SAFE
,JMB.04,ITABAL9,0.0,0.77,SAFE
2026-09-05 23:59:00,KRC.02,VP SABANG TIMUR SIS,0.0,1.04,SAFE
2026-09-06 05:25:14,KRC.03,ITABAL8,0.0,1.31,SAFE
2026-09-05 23:59:00,KRC.05,VP SABANG TIMUR SIS,0.0,1.93,SAFE
2026-09-05 23:59:00,KRC.07,VP SABANG TIMUR SIS,0.0,2.15,SAFE
2026-09-06 05:25:14,LHT.01,ITABAL8,0.0,5.84,SAFE
2026-09-06 05:25:14,LPG.01,ITABAL8,0.0,2.05,SAFE
2026-09-06 05:25:14,LPG.02,ITABAL8,0.0,12.03,SAFE
2026-09-06 05:25:14,LPG.03,ITABAL8,0.0,6.96,SAFE
2026-09-06 05:25:14,LPG.06,ITABAL8,0.0,6.69,SAFE
2026-09-06 05:25:14,LPG.07,ITABAL8,0.0,12.92,SAFE
2026-09-06 05:25:14,MDN.01,ITABAL8,0.0,3.37,SAFE
2026-09-06 05:25:14,MDN.02,ITABAL8,0.0,2.53,SAFE
2026-09-06 05:25:14,MDN.03,ITABAL8,0.0,7.25,SAFE
2026-09-06 05:25:14,MDN.04,ITABAL8,0.0,1.95,SAFE
,MIA.01,ITABAL9,0.0,1.22,SAFE
,MIA.02,ITABAL9,0.0,17.59,SAFE
,MIA.03,ITABAL9,0.0,4.28,SAFE
2026-09-05 23:59:00,MIA.04,PITSTOP AMBON SIS,0.0,2.31,SAFE
,MIA.05,ITABAL9,0.0,20.96,SAFE
,MIA.06,ITABAL9,0.0,1.16,SAFE
2026-09-05 23:59:00,MKS.01,CSA BONTANG SIS,0.0,0.72,SAFE
2026-09-05 23:59:00,MKS.02,PITSTOP AMBON SIS,0.0,1.06,SAFE
,MKS.03,ROM 13,0.0,8.2,SAFE
,MKS.04,ROM 13,0.0,3.08,SAFE
2026-09-05 23:59:00,MND.02,CSA BONTANG SIS,0.0,2.49,SAFE
2026-09-05 23:59:00,MRK.01,VP SABANG TIMUR SIS,0.0,1.65,SAFE
2026-09-05 23:59:00,MTM.01,PITSTOP AMBON SIS,0.0,1.64,SAFE
2026-09-05 23:59:00,MTP.01,PITSTOP AMBON SIS,0.0,1.01,SAFE
2026-09-05 23:59:00,MTR.01,VP SABANG TIMUR SIS,0.0,1.67,SAFE
2026-09-06 05:25:14,NIS.01,ITABAL8,0.0,0.57,SAFE
2026-09-06 05:25:14,NIS.02,ITABAL8,0.0,0.86,SAFE
2026-09-06 05:25:14,NIS.03,ITABAL8,0.0,1.03,SAFE
,PDG.01,ITABAL9,0.0,0.52,SAFE
2026-09-06 05:25:14,PLB.01,ITABAL8,0.0,1.87,SAFE
2026-09-06 05:25:14,PLB.02,ITABAL8,0.0,0.84,SAFE
2026-09-06 05:25:14,PLB.03,ITABAL8,0.0,2.0,SAFE
2026-09-06 05:25:14,PLB.04,ITABAL8,0.0,13.62,SAFE
2026-09-05 23:59:00,PLU.04,CSA BONTANG SIS,0.0,2.36,SAFE
2026-09-05 23:59:00,RIU.02,VP SABANG TIMUR SIS,0.0,0.61,SAFE
2026-09-05 23:59:00,RIU.04,VP SABANG TIMUR SIS,0.0,0.51,SAFE
2026-09-05 23:59:00,SBG.02,VP SABANG TIMUR SIS,0.0,1.91,SAFE
2026-09-05 23:59:00,SBG.03,VP SABANG TIMUR SIS,0.0,5.65,SAFE
2026-09-05 23:59:00,SBG.04,VP SABANG TIMUR SIS,0.0,0.63,SAFE
2026-09-05 23:59:00,SBG.05,VP SABANG TIMUR SIS,0.0,21.21,SAFE
2026-09-06 05:25:14,SBG.06,ITABAL8,0.0,14.52,SAFE
2026-09-05 23:59:00,SBG.08,VP SABANG TIMUR SIS,0.0,1.35,SAFE
2026-09-05 23:59:00,SBG.10,VP SABANG TIMUR SIS,0.0,2.05,SAFE
2026-09-05 23:59:00,SBG.11,VP SABANG TIMUR SIS,0.0,0.75,SAFE
2026-09-05 23:59:00,SGT.02,CSA BONTANG SIS,0.0,0.19,SAFE
2026-09-05 23:59:00,SMB.02,CSA BONTANG SIS,0.0,2.63,SAFE
2026-09-05 23:59:00,SMB.03,CSA BONTANG SIS,0.0,4.72,SAFE
2026-09-05 23:59:00,SNT.01,PITSTOP AMBON SIS,0.0,1.34,SAFE
2026-09-05 23:59:00,TJG.01,CSA BONTANG SIS,0.0,1.99,SAFE
2026-09-05 23:59:00,TJG.02,CSA BONTANG SIS,0.0,5.65,SAFE
2026-09-05 23:59:00,AMB.01,PITSTOP AMBON SIS,0.0,7.46,SAFE
2026-09-05 23:59:00,BDG.02,VP OB 1 SIS,0.0,19.31,SAFE
2026-09-05 23:59:00,BDG.03,VP OB 1 SIS,0.0,5.73,SAFE
2026-09-05 23:59:00,BDG.04,VP OB 1 SIS,0.0,1.07,SAFE
,BDG.05,ITABAL9,0.0,2.1,SAFE
2026-09-05 23:59:00,BGK.01,VP SABANG TIMUR SIS,0.0,1.59,SAFE
2026-09-05 23:59:00,BGK.02,VP SABANG TIMUR SIS,0.0,18.92,SAFE
,BGR.01,ITABAL9,0.0,1.34,SAFE
2026-09-05 23:59:00,BJB.03,CSA BONTANG SIS,0.0,1.34,SAFE
2026-09-05 23:59:00,BJM.01,PITSTOP AMBON SIS,0.0,3.86,SAFE
2026-09-05 23:59:00,BJM.02,CSA BONTANG SIS,0.0,1.68,SAFE
2026-09-06 07:04:05,BKL.01,ITABAL8,0.0,58.33,SAFE
2026-09-06 07:04:05,BKL.02,ITABAL8,0.0,0.72,SAFE
2026-09-06 07:04:05,BNE.02,ITABAL8,0.0,1.52,SAFE
2026-09-06 07:04:05,BNE.03,ITABAL8,0.0,0.63,SAFE
2026-09-06 07:04:05,BNE.04,ITABAL8,0.0,0.55,SAFE
2026-09-05 23:59:00,BNY.03,CSA BONTANG SIS,0.0,0.97,SAFE
2026-09-05 23:59:00,BTG.03,CSA BONTANG SIS,0.0,9.36,SAFE
2026-09-05 23:59:00,BTG.04,CSA BONTANG SIS,0.0,175.0,SAFE
2026-09-05 23:59:00,FLR.02,CSA BONTANG SIS,0.0,0.75,SAFE
,JKT.01,ITABAL9,0.0,25.36,SAFE
,JKT.02,ITABAL9,0.0,7.78,SAFE
,JKT.03,ITABAL9,0.0,4.16,SAFE
,JKT.04,ITABAL9,0.0,1.17,SAFE
,JKT.05,ITABAL9,0.0,5.68,SAFE
,JKT.06,ITABAL9,0.0,7.45,SAFE
,JKT.07,ITABAL9,0.0,11.55,SAFE
,JKT.08,ITABAL9,0.0,4.26,SAFE
2026-09-06 07:04:05,JMB.01,ITABAL8,0.0,3.07,SAFE
2026-09-06 07:04:05,JMB.03,ITABAL8,0.0,1.02,SAFE
,JMB.04,ITABAL9,0.0,0.77,SAFE
2026-09-05 23:59:00,KRC.02,VP SABANG TIMUR SIS,0.0,1.04,SAFE
2026-09-06 07:04:05,KRC.03,ITABAL8,0.0,1.31,SAFE
2026-09-05 23:59:00,KRC.05,VP SABANG TIMUR SIS,0.0,1.93,SAFE
2026-09-05 23:59:00,KRC.07,VP SABANG TIMUR SIS,0.0,2.15,SAFE
2026-09-06 07:04:05,LHT.01,ITABAL8,0.0,5.84,SAFE
2026-09-06 07:04:05,LPG.01,ITABAL8,0.0,2.05,SAFE
2026-09-06 07:04:05,LPG.02,ITABAL8,0.0,12.03,SAFE
2026-09-06 07:04:05,LPG.03,ITABAL8,0.0,6.96,SAFE
2026-09-06 07:04:05,LPG.06,ITABAL8,0.0,6.69,SAFE
2026-09-06 07:04:05,LPG.07,ITABAL8,0.0,12.92,SAFE
2026-09-06 07:04:05,MDN.01,ITABAL8,0.0,3.37,SAFE
2026-09-06 07:04:05,MDN.02,ITABAL8,0.0,2.53,SAFE
2026-09-06 07:04:05,MDN.03,ITABAL8,0.0,7.25,SAFE
2026-09-06 07:04:05,MDN.04,ITABAL8,0.0,1.95,SAFE
,MIA.01,ITABAL9,0.0,1.22,SAFE
,MIA.02,ITABAL9,0.0,17.59,SAFE
,MIA.03,ITABAL9,0.0,4.28,SAFE
2026-09-05 23:59:00,MIA.04,PITSTOP AMBON SIS,0.0,2.31,SAFE
,MIA.05,ITABAL9,0.0,20.96,SAFE
,MIA.06,ITABAL9,0.0,1.16,SAFE
2026-09-05 23:59:00,MKS.01,CSA BONTANG SIS,0.0,0.72,SAFE
2026-09-05 23:59:00,MKS.02,PITSTOP AMBON SIS,0.0,1.06,SAFE
,MKS.03,ROM 13,0.0,8.2,SAFE
,MKS.04,ROM 13,0.0,3.08,SAFE
2026-09-05 23:59:00,MND.02,CSA BONTANG SIS,0.0,2.49,SAFE
2026-09-05 23:59:00,MRK.01,VP SABANG TIMUR SIS,0.0,1.65,SAFE
2026-09-05 23:59:00,MTM.01,PITSTOP AMBON SIS,0.0,1.64,SAFE
2026-09-05 23:59:00,MTP.01,PITSTOP AMBON SIS,0.0,1.01,SAFE
2026-09-05 23:59:00,MTR.01,VP SABANG TIMUR SIS,0.0,1.67,SAFE
2026-09-06 07:04:05,NIS.01,ITABAL8,0.0,0.57,SAFE
2026-09-06 07:04:05,NIS.02,ITABAL8,0.0,0.86,SAFE
2026-09-06 07:04:05,NIS.03,ITABAL8,0.0,1.03,SAFE
,PDG.01,ITABAL9,0.0,0.52,SAFE
2026-09-06 07:04:05,PLB.01,ITABAL8,0.0,1.87,SAFE
2026-09-06 07:04:05,PLB.02,ITABAL8,0.0,0.84,SAFE
2026-09-06 07:04:05,PLB.03,ITABAL8,0.0,2.0,SAFE
2026-09-06 07:04:05,PLB.04,ITABAL8,0.0,13.62,SAFE
2026-09-05 23:59:00,PLU.04,CSA BONTANG SIS,0.0,2.36,SAFE
2026-09-05 23:59:00,RIU.02,VP SABANG TIMUR SIS,0.0,0.61,SAFE
2026-09-05 23:59:00,RIU.04,VP SABANG TIMUR SIS,0.0,0.51,SAFE
2026-09-05 23:59:00,SBG.02,VP SABANG TIMUR SIS,0.0,1.91,SAFE
2026-09-05 23:59:00,SBG.03,VP SABANG TIMUR SIS,0.0,5.65,SAFE
2026-09-05 23:59:00,SBG.04,VP SABANG TIMUR SIS,0.0,0.63,SAFE
2026-09-05 23:59:00,SBG.05,VP SABANG TIMUR SIS,0.0,21.21,SAFE
2026-09-06 07:04:05,SBG.06,ITABAL8,0.0,14.52,SAFE
2026-09-05 23:59:00,SBG.08,VP SABANG TIMUR SIS,0.0,1.35,SAFE
2026-09-05 23:59:00,SBG.10,VP SABANG TIMUR SIS,0.0,2.05,SAFE
2026-09-05 23:59:00,SBG.11,VP SABANG TIMUR SIS,0.0,0.75,SAFE
2026-09-05 23:59:00,SGT.02,CSA BONTANG SIS,0.0,0.19,SAFE
2026-09-05 23:59:00,SMB.02,CSA BONTANG SIS,0.0,2.63,SAFE
2026-09-05 23:59:00,SMB.03,CSA BONTANG SIS,0.0,4.72,SAFE
2026-09-05 23:59:00,SNT.01,PITSTOP AMBON SIS,0.0,1.34,SAFE
2026-09-05 23:59:00,TJG.01,CSA BONTANG SIS,0.0,1.99,SAFE
2026-09-05 23:59:00,TJG.02,CSA BONTANG SIS,0.0,5.65,SAFE
2026-09-06 08:51:00,AMB.01,PITSTOP AMBON SIS,0.0,7.46,SAFE
2026-09-06 08:49:00,BDG.02,VP OB 1 SIS,0.0,19.31,SAFE
2026-09-06 08:49:00,BDG.03,VP OB 1 SIS,0.0,5.73,SAFE
2026-09-06 08:49:00,BDG.04,VP OB 1 SIS,0.0,1.07,SAFE
,BDG.05,ITABAL9,0.0,2.1,SAFE
2026-09-06 08:51:00,BGK.01,VP SABANG TIMUR SIS,0.0,1.59,SAFE
2026-09-06 08:51:00,BGK.02,VP SABANG TIMUR SIS,0.0,18.92,SAFE
,BGR.01,ITABAL9,0.0,1.34,SAFE
2026-09-06 08:51:00,BJB.03,CSA BONTANG SIS,0.0,1.34,SAFE
2026-09-06 08:51:00,BJM.01,PITSTOP AMBON SIS,0.0,3.86,SAFE
2026-09-06 08:51:00,BJM.02,CSA BONTANG SIS,0.0,1.68,SAFE
2026-09-06 08:50:16,BKL.01,ITABAL8,0.0,58.33,SAFE
2026-09-06 08:50:16,BKL.02,ITABAL8,0.0,0.72,SAFE
2026-09-06 08:50:16,BNE.02,ITABAL8,0.0,1.52,SAFE
2026-09-06 08:50:16,BNE.03,ITABAL8,0.0,0.63,SAFE
2026-09-06 08:50:16,BNE.04,ITABAL8,0.0,0.55,SAFE
2026-09-06 08:51:00,BNY.03,CSA BONTANG SIS,0.0,0.97,SAFE
2026-09-06 08:51:00,BTG.03,CSA BONTANG SIS,0.0,9.36,SAFE
2026-09-06 08:51:00,BTG.04,CSA BONTANG SIS,0.0,175.0,SAFE
2026-09-06 08:51:00,FLR.02,CSA BONTANG SIS,0.0,0.75,SAFE
,JKT.01,ITABAL9,0.0,25.36,SAFE
,JKT.02,ITABAL9,0.0,7.78,SAFE
,JKT.03,ITABAL9,0.0,4.16,SAFE
,JKT.04,ITABAL9,0.0,1.17,SAFE
,JKT.05,ITABAL9,0.0,5.68,SAFE
,JKT.06,ITABAL9,0.0,7.45,SAFE
,JKT.07,ITABAL9,0.0,11.55,SAFE
,JKT.08,ITABAL9,0.0,4.26,SAFE
2026-09-06 08:50:16,JMB.01,ITABAL8,0.0,3.07,SAFE
2026-09-06 08:50:16,JMB.03,ITABAL8,0.0,1.02,SAFE
,JMB.04,ITABAL9,0.0,0.77,SAFE
2026-09-06 08:51:00,KRC.02,VP SABANG TIMUR SIS,0.0,1.04,SAFE
2026-09-06 08:50:16,KRC.03,ITABAL8,0.0,1.31,SAFE
2026-09-06 08:51:00,KRC.05,VP SABANG TIMUR SIS,0.0,1.93,SAFE
2026-09-06 08:51:00,KRC.07,VP SABANG TIMUR SIS,0.0,2.15,SAFE
2026-09-06 08:50:16,LHT.01,ITABAL8,0.0,5.84,SAFE
2026-09-06 08:50:16,LPG.01,ITABAL8,0.0,2.05,SAFE
2026-09-06 08:50:16,LPG.02,ITABAL8,0.0,12.03,SAFE
2026-09-06 08:50:16,LPG.03,ITABAL8,0.0,6.96,SAFE
2026-09-06 08:50:16,LPG.06,ITABAL8,0.0,6.69,SAFE
2026-09-06 08:50:16,LPG.07,ITABAL8,0.0,12.92,SAFE
2026-09-06 08:50:16,MDN.01,ITABAL8,0.0,3.37,SAFE
2026-09-06 08:50:16,MDN.02,ITABAL8,0.0,2.53,SAFE
2026-09-06 08:50:16,MDN.03,ITABAL8,0.0,7.25,SAFE
2026-09-06 08:50:16,MDN.04,ITABAL8,0.0,1.95,SAFE
,MIA.01,ITABAL9,0.0,1.22,SAFE
,MIA.02,ITABAL9,0.0,17.59,SAFE
,MIA.03,ITABAL9,0.0,4.28,SAFE
2026-09-06 08:51:00,MIA.04,PITSTOP AMBON SIS,0.0,2.31,SAFE
,MIA.05,ITABAL9,0.0,20.96,SAFE
,MIA.06,ITABAL9,0.0,1.16,SAFE
2026-09-06 08:51:00,MKS.01,CSA BONTANG SIS,0.0,0.72,SAFE
2026-09-06 08:51:00,MKS.02,PITSTOP AMBON SIS,0.0,1.06,SAFE
,MKS.03,ROM 13,0.0,8.2,SAFE
,MKS.04,ROM 13,0.0,3.08,SAFE
2026-09-06 08:51:00,MND.02,CSA BONTANG SIS,0.0,2.49,SAFE
2026-09-06 08:51:00,MRK.01,VP SABANG TIMUR SIS,0.0,1.65,SAFE
2026-09-06 08:51:00,MTM.01,PITSTOP AMBON SIS,0.0,1.64,SAFE
2026-09-06 08:51:00,MTP.01,PITSTOP AMBON SIS,0.0,1.01,SAFE
2026-09-06 08:51:00,MTR.01,VP SABANG TIMUR SIS,0.0,1.67,SAFE
2026-09-06 08:50:16,NIS.01,ITABAL8,0.0,0.57,SAFE
2026-09-06 08:50:16,NIS.02,ITABAL8,0.0,0.86,SAFE
2026-09-06 08:50:16,NIS.03,ITABAL8,0.0,1.03,SAFE
,PDG.01,ITABAL9,0.0,0.52,SAFE
2026-09-06 08:50:16,PLB.01,ITABAL8,0.0,1.87,SAFE
2026-09-06 08:50:16,PLB.02,ITABAL8,0.0,0.84,SAFE
2026-09-06 08:50:16,PLB.03,ITABAL8,0.0,2.0,SAFE
2026-09-06 08:50:16,PLB.04,ITABAL8,0.0,13.62,SAFE
2026-09-06 08:51:00,PLU.04,CSA BONTANG SIS,0.0,2.36,SAFE
2026-09-06 08:51:00,RIU.02,VP SABANG TIMUR SIS,0.0,0.61,SAFE
2026-09-06 08:51:00,RIU.04,VP SABANG TIMUR SIS,0.0,0.51,SAFE
2026-09-06 08:51:00,SBG.02,VP SABANG TIMUR SIS,0.0,1.91,SAFE
2026-09-06 08:51:00,SBG.03,VP SABANG TIMUR SIS,0.0,5.65,SAFE
2026-09-06 08:51:00,SBG.04,VP SABANG TIMUR SIS,0.0,0.63,SAFE
2026-09-06 08:51:00,SBG.05,VP SABANG TIMUR SIS,0.0,21.21,SAFE
2026-09-06 08:50:16,SBG.06,ITABAL8,0.0,14.52,SAFE
2026-09-06 08:51:00,SBG.08,VP SABANG TIMUR SIS,0.0,1.35,SAFE
2026-09-06 08:51:00,SBG.10,VP SABANG TIMUR SIS,0.0,2.05,SAFE
2026-09-06 08:51:00,SBG.11,VP SABANG TIMUR SIS,0.0,0.75,SAFE
2026-09-06 08:51:00,SGT.02,CSA BONTANG SIS,0.0,0.19,SAFE
2026-09-06 08:51:00,SMB.02,CSA BONTANG SIS,0.0,2.63,SAFE
2026-09-06 08:51:00,SMB.03,CSA BONTANG SIS,0.0,4.72,SAFE
2026-09-06 08:51:00,SNT.01,PITSTOP AMBON SIS,0.0,1.34,SAFE
2026-09-06 08:51:00,TJG.01,CSA BONTANG SIS,0.0,1.99,SAFE
2026-09-06 08:51:00,TJG.02,CSA BONTANG SIS,0.0,5.65,SAFE
2026-09-06 13:10:00,AMB.01,PITSTOP AMBON SIS,0.0,7.46,SAFE
2026-09-06 13:09:00,BDG.02,VP OB 1 SIS,0.0,19.31,SAFE
2026-09-06 13:09:00,BDG.03,VP OB 1 SIS,0.0,5.73,SAFE
2026-09-06 13:09:00,BDG.04,VP OB 1 SIS,0.0,1.07,SAFE
,BDG.05,ITABAL9,0.0,2.1,SAFE
2026-09-06 13:11:00,BGK.01,VP SABANG TIMUR SIS,0.0,1.59,SAFE
2026-09-06 13:11:00,BGK.02,VP SABANG TIMUR SIS,0.0,18.92,SAFE
,BGR.01,ITABAL9,0.0,1.34,SAFE
2026-09-06 13:09:00,BJB.03,CSA BONTANG SIS,0.0,1.34,SAFE
2026-09-06 13:10:00,BJM.01,PITSTOP AMBON SIS,0.0,3.86,SAFE
2026-09-06 13:09:00,BJM.02,CSA BONTANG SIS,0.0,1.68,SAFE
2026-09-06 13:09:50,BKL.01,ITABAL8,0.0,58.33,SAFE
2026-09-06 13:09:50,BKL.02,ITABAL8,0.0,0.72,SAFE
2026-09-06 13:09:50,BNE.02,ITABAL8,0.0,1.52,SAFE
2026-09-06 13:09:50,BNE.03,ITABAL8,0.0,0.63,SAFE
2026-09-06 13:09:50,BNE.04,ITABAL8,0.0,0.55,SAFE
2026-09-06 13:09:00,BNY.03,CSA BONTANG SIS,0.0,0.97,SAFE
2026-09-06 13:09:00,BTG.03,CSA BONTANG SIS,0.0,9.36,SAFE
2026-09-06 13:09:00,BTG.04,CSA BONTANG SIS,0.0,175.0,SAFE
2026-09-06 13:09:00,FLR.02,CSA BONTANG SIS,0.0,0.75,SAFE
,JKT.01,ITABAL9,0.0,25.36,SAFE
,JKT.02,ITABAL9,0.0,7.78,SAFE
,JKT.03,ITABAL9,0.0,4.16,SAFE
,JKT.04,ITABAL9,0.0,1.17,SAFE
,JKT.05,ITABAL9,0.0,5.68,SAFE
,JKT.06,ITABAL9,0.0,7.45,SAFE
,JKT.07,ITABAL9,0.0,11.55,SAFE
,JKT.08,ITABAL9,0.0,4.26,SAFE
2026-09-06 13:09:50,JMB.01,ITABAL8,0.0,3.07,SAFE
2026-09-06 13:09:50,JMB.03,ITABAL8,0.0,1.02,SAFE
,JMB.04,ITABAL9,0.0,0.77,SAFE
2026-09-06 13:11:00,KRC.02,VP SABANG TIMUR SIS,0.0,1.04,SAFE
2026-09-06 13:09:50,KRC.03,ITABAL8,0.0,1.31,SAFE
2026-09-06 13:11:00,KRC.05,VP SABANG TIMUR SIS,0.0,1.93,SAFE
2026-09-06 13:11:00,KRC.07,VP SABANG TIMUR SIS,0.0,2.15,SAFE
2026-09-06 13:09:50,LHT.01,ITABAL8,0.0,5.84,SAFE
2026-09-06 13:09:50,LPG.01,ITABAL8,0.0,2.05,SAFE
2026-09-06 13:09:50,LPG.02,ITABAL8,0.0,12.03,SAFE
2026-09-06 13:09:50,LPG.03,ITABAL8,0.0,6.96,SAFE
2026-09-06 13:09:50,LPG.06,ITABAL8,0.0,6.69,SAFE
2026-09-06 13:09:50,LPG.07,ITABAL8,0.0,12.92,SAFE
2026-09-06 13:09:50,MDN.01,ITABAL8,0.0,3.37,SAFE
2026-09-06 13:09:50,MDN.02,ITABAL8,0.0,2.53,SAFE
2026-09-06 13:09:50,MDN.03,ITABAL8,0.0,7.25,SAFE
2026-09-06 13:09:50,MDN.04,ITABAL8,0.0,1.95,SAFE
,MIA.01,ITABAL9,0.0,1.22,SAFE
,MIA.02,ITABAL9,0.0,17.59,SAFE
,MIA.03,ITABAL9,0.0,4.28,SAFE
2026-09-06 13:10:00,MIA.04,PITSTOP AMBON SIS,0.0,2.31,SAFE
,MIA.05,ITABAL9,0.0,20.96,SAFE
,MIA.06,ITABAL9,0.0,1.16,SAFE
2026-09-06 13:09:00,MKS.01,CSA BONTANG SIS,0.0,0.72,SAFE
2026-09-06 13:10:00,MKS.02,PITSTOP AMBON SIS,0.0,1.06,SAFE
,MKS.03,ROM 13,0.0,8.2,SAFE
,MKS.04,ROM 13,0.0,3.08,SAFE
2026-09-06 13:09:00,MND.02,CSA BONTANG SIS,0.0,2.49,SAFE
2026-09-06 13:11:00,MRK.01,VP SABANG TIMUR SIS,0.0,1.65,SAFE
2026-09-06 13:10:00,MTM.01,PITSTOP AMBON SIS,0.0,1.64,SAFE
2026-09-06 13:10:00,MTP.01,PITSTOP AMBON SIS,0.0,1.01,SAFE
2026-09-06 13:11:00,MTR.01,VP SABANG TIMUR SIS,0.0,1.67,SAFE
2026-09-06 13:09:50,NIS.01,ITABAL8,0.0,0.57,SAFE
2026-09-06 13:09:50,NIS.02,ITABAL8,0.0,0.86,SAFE
2026-09-06 13:09:50,NIS.03,ITABAL8,0.0,1.03,SAFE
,PDG.01,ITABAL9,0.0,0.52,SAFE
2026-09-06 13:09:50,PLB.01,ITABAL8,0.0,1.87,SAFE
2026-09-06 13:09:50,PLB.02,ITABAL8,0.0,0.84,SAFE
2026-09-06 13:09:50,PLB.03,ITABAL8,0.0,2.0,SAFE
2026-09-06 13:09:50,PLB.04,ITABAL8,0.0,13.62,SAFE
2026-09-06 13:09:00,PLU.04,CSA BONTANG SIS,0.0,2.36,SAFE
2026-09-06 13:11:00,RIU.02,VP SABANG TIMUR SIS,0.0,0.61,SAFE
2026-09-06 13:11:00,RIU.04,VP SABANG TIMUR SIS,0.0,0.51,SAFE
2026-09-06 13:11:00,SBG.02,VP SABANG TIMUR SIS,0.0,1.91,SAFE
2026-09-06 13:11:00,SBG.03,VP SABANG TIMUR SIS,0.0,5.65,SAFE
2026-09-06 13:11:00,SBG.04,VP SABANG TIMUR SIS,0.0,0.63,SAFE
2026-09-06 13:11:00,SBG.05,VP SABANG TIMUR SIS,0.0,21.21,SAFE
2026-09-06 13:09:50,SBG.06,ITABAL8,0.0,14.52,SAFE
2026-09-06 13:11:00,SBG.08,VP SABANG TIMUR SIS,0.0,1.35,SAFE
2026-09-06 13:11:00,SBG.10,VP SABANG TIMUR SIS,0.0,2.05,SAFE
2026-09-06 13:11:00,SBG.11,VP SABANG TIMUR SIS,0.0,0.75,SAFE
2026-09-06 13:09:00,SGT.02,CSA BONTANG SIS,0.0,0.19,SAFE
2026-09-06 13:09:00,SMB.02,CSA BONTANG SIS,0.0,2.63,SAFE
2026-09-06 13:09:00,SMB.03,CSA BONTANG SIS,0.0,4.72,SAFE
2026-09-06 13:10:00,SNT.01,PITSTOP AMBON SIS,0.0,1.34,SAFE
2026-09-06 13:09:00,TJG.01,CSA BONTANG SIS,0.0,1.99,SAFE
2026-09-06 13:09:00,TJG.02,CSA BONTANG SIS,0.0,5.65,SAFE
2026-09-06 17:24:00,AMB.01,PITSTOP AMBON SIS,0.0,7.46,SAFE
2026-09-06 17:23:00,BDG.02,VP OB 1 SIS,0.0,19.31,SAFE
2026-09-06 17:23:00,BDG.03,VP OB 1 SIS,0.0,5.73,SAFE
2026-09-06 17:23:00,BDG.04,VP OB 1 SIS,0.0,1.07,SAFE
,BDG.05,ITABAL9,0.0,2.1,SAFE
2026-09-06 17:25:00,BGK.01,VP SABANG TIMUR SIS,0.0,1.59,SAFE
2026-09-06 17:25:00,BGK.02,VP SABANG TIMUR SIS,0.0,18.92,SAFE
,BGR.01,ITABAL9,0.0,1.34,SAFE
2026-09-06 17:24:00,BJB.03,CSA BONTANG SIS,0.0,1.34,SAFE
2026-09-06 17:24:00,BJM.01,PITSTOP AMBON SIS,0.0,3.86,SAFE
2026-09-06 17:24:00,BJM.02,CSA BONTANG SIS,0.0,1.68,SAFE
2026-09-06 17:24:09,BKL.01,ITABAL8,0.0,58.33,SAFE
2026-09-06 17:24:09,BKL.02,ITABAL8,0.0,0.72,SAFE
2026-09-06 17:24:09,BNE.02,ITABAL8,0.0,1.52,SAFE
2026-09-06 17:24:09,BNE.03,ITABAL8,0.0,0.63,SAFE
2026-09-06 17:24:09,BNE.04,ITABAL8,0.0,0.55,SAFE
2026-09-06 17:24:00,BNY.03,CSA BONTANG SIS,0.0,0.97,SAFE
2026-09-06 17:24:00,BTG.03,CSA BONTANG SIS,0.0,9.36,SAFE
2026-09-06 17:24:00,BTG.04,CSA BONTANG SIS,0.0,175.0,SAFE
2026-09-06 17:24:00,FLR.02,CSA BONTANG SIS,0.0,0.75,SAFE
,JKT.01,ITABAL9,0.0,25.36,SAFE
,JKT.02,ITABAL9,0.0,7.78,SAFE
,JKT.03,ITABAL9,0.0,4.16,SAFE
,JKT.04,ITABAL9,0.0,1.17,SAFE
,JKT.05,ITABAL9,0.0,5.68,SAFE
,JKT.06,ITABAL9,0.0,7.45,SAFE
,JKT.07,ITABAL9,0.0,11.55,SAFE
,JKT.08,ITABAL9,0.0,4.26,SAFE
2026-09-06 17:24:09,JMB.01,ITABAL8,0.0,3.07,SAFE
2026-09-06 17:24:09,JMB.03,ITABAL8,0.0,1.02,SAFE
,JMB.04,ITABAL9,0.0,0.77,SAFE
2026-09-06 17:25:00,KRC.02,VP SABANG TIMUR SIS,0.0,1.04,SAFE
2026-09-06 17:24:09,KRC.03,ITABAL8,0.0,1.31,SAFE
2026-09-06 17:25:00,KRC.05,VP SABANG TIMUR SIS,0.0,1.93,SAFE
2026-09-06 17:25:00,KRC.07,VP SABANG TIMUR SIS,0.0,2.15,SAFE
2026-09-06 17:24:09,LHT.01,ITABAL8,0.0,5.84,SAFE
2026-09-06 17:24:09,LPG.01,ITABAL8,0.0,2.05,SAFE
2026-09-06 17:24:09,LPG.02,ITABAL8,0.0,12.03,SAFE
2026-09-06 17:24:09,LPG.03,ITABAL8,0.0,6.96,SAFE
2026-09-06 17:24:09,LPG.06,ITABAL8,0.0,6.69,SAFE
2026-09-06 17:24:09,LPG.07,ITABAL8,0.0,12.92,SAFE
2026-09-06 17:24:09,MDN.01,ITABAL8,0.0,3.37,SAFE
2026-09-06 17:24:09,MDN.02,ITABAL8,0.0,2.53,SAFE
2026-09-06 17:24:09,MDN.03,ITABAL8,0.0,7.25,SAFE
2026-09-06 17:24:09,MDN.04,ITABAL8,0.0,1.95,SAFE
,MIA.01,ITABAL9,0.0,1.22,SAFE
,MIA.02,ITABAL9,0.0,17.59,SAFE
,MIA.03,ITABAL9,0.0,4.28,SAFE
2026-09-06 17:24:00,MIA.04,PITSTOP AMBON SIS,0.0,2.31,SAFE
,MIA.05,ITABAL9,0.0,20.96,SAFE
,MIA.06,ITABAL9,0.0,1.16,SAFE
2026-09-06 17:24:00,MKS.01,CSA BONTANG SIS,0.0,0.72,SAFE
2026-09-06 17:24:00,MKS.02,PITSTOP AMBON SIS,0.0,1.06,SAFE
,MKS.03,ROM 13,0.0,8.2,SAFE
,MKS.04,ROM 13,0.0,3.08,SAFE
2026-09-06 17:24:00,MND.02,CSA BONTANG SIS,0.0,2.49,SAFE
2026-09-06 17:25:00,MRK.01,VP SABANG TIMUR SIS,0.0,1.65,SAFE
2026-09-06 17:24:00,MTM.01,PITSTOP AMBON SIS,0.0,1.64,SAFE
2026-09-06 17:24:00,MTP.01,PITSTOP AMBON SIS,0.0,1.01,SAFE
2026-09-06 17:25:00,MTR.01,VP SABANG TIMUR SIS,0.0,1.67,SAFE
2026-09-06 17:24:09,NIS.01,ITABAL8,0.0,0.57,SAFE
2026-09-06 17:24:09,NIS.02,ITABAL8,0.0,0.86,SAFE
2026-09-06 17:24:09,NIS.03,ITABAL8,0.0,1.03,SAFE
,PDG.01,ITABAL9,0.0,0.52,SAFE
2026-09-06 17:24:09,PLB.01,ITABAL8,0.0,1.87,SAFE
2026-09-06 17:24:09,PLB.02,ITABAL8,0.0,0.84,SAFE
2026-09-06 17:24:09,PLB.03,ITABAL8,0.0,2.0,SAFE
2026-09-06 17:24:09,PLB.04,ITABAL8,0.0,13.62,SAFE
2026-09-06 17:24:00,PLU.04,CSA BONTANG SIS,0.0,2.36,SAFE
2026-09-06 17:25:00,RIU.02,VP SABANG TIMUR SIS,0.0,0.61,SAFE
2026-09-06 17:25:00,RIU.04,VP SABANG TIMUR SIS,0.0,0.51,SAFE
2026-09-06 17:25:00,SBG.02,VP SABANG TIMUR SIS,0.0,1.91,SAFE
2026-09-06 17:25:00,SBG.03,VP SABANG TIMUR SIS,0.0,5.65,SAFE
2026-09-06 17:25:00,SBG.04,VP SABANG TIMUR SIS,0.0,0.63,SAFE
2026-09-06 17:25:00,SBG.05,VP SABANG TIMUR SIS,0.0,21.21,SAFE
2026-09-06 17:24:09,SBG.06,ITABAL8,0.0,14.52,SAFE
2026-09-06 17:25:00,SBG.08,VP SABANG TIMUR SIS,0.0,1.35,SAFE
2026-09-06 17:25:00,SBG.10,VP SABANG TIMUR SIS,0.0,2.05,SAFE
2026-09-06 17:25:00,SBG.11,VP SABANG TIMUR SIS,0.0,0.75,SAFE
2026-09-06 17:24:00,SGT.02,CSA BONTANG SIS,0.0,0.19,SAFE
2026-09-06 17:24:00,SMB.02,CSA BONTANG SIS,0.0,2.63,SAFE
2026-09-06 17:24:00,SMB.03,CSA BONTANG SIS,0.0,4.72,SAFE
2026-09-06 17:24:00,SNT.01,PITSTOP AMBON SIS,0.0,1.34,SAFE
2026-09-06 17:24:00,TJG.01,CSA BONTANG SIS,0.0,1.99,SAFE
2026-09-06 17:24:00,TJG.02,CSA BONTANG SIS,0.0,5.65,SAFE
2026-09-06 20:59:00,AMB.01,PITSTOP AMBON SIS,0.0,7.46,SAFE
2026-09-06 20:58:00,BDG.02,VP OB 1 SIS,0.0,19.31,SAFE
2026-09-06 20:58:00,BDG.03,VP OB 1 SIS,0.0,5.73,SAFE
2026-09-06 20:58:00,BDG.04,VP OB 1 SIS,0.0,1.07,SAFE
,BDG.05,ITABAL9,0.0,2.1,SAFE
2026-09-06 21:00:00,BGK.01,VP SABANG TIMUR SIS,0.0,1.59,SAFE
2026-09-06 21:00:00,BGK.02,VP SABANG TIMUR SIS,0.0,18.92,SAFE
,BGR.01,ITABAL9,0.0,1.34,SAFE
2026-09-06 20:58:00,BJB.03,CSA BONTANG SIS,0.0,1.34,SAFE
2026-09-06 20:59:00,BJM.01,PITSTOP AMBON SIS,0.0,3.86,SAFE
2026-09-06 20:58:00,BJM.02,CSA BONTANG SIS,0.0,1.68,SAFE
2026-09-06 20:58:56,BKL.01,ITABAL8,0.0,58.33,SAFE
2026-09-06 20:58:56,BKL.02,ITABAL8,0.0,0.72,SAFE
2026-09-06 20:58:56,BNE.02,ITABAL8,0.0,1.52,SAFE
2026-09-06 20:58:56,BNE.03,ITABAL8,0.0,0.63,SAFE
2026-09-06 20:58:56,BNE.04,ITABAL8,0.0,0.55,SAFE
2026-09-06 20:58:00,BNY.03,CSA BONTANG SIS,0.0,0.97,SAFE
2026-09-06 20:58:00,BTG.03,CSA BONTANG SIS,0.0,9.36,SAFE
2026-09-06 20:58:00,BTG.04,CSA BONTANG SIS,0.0,175.0,SAFE
2026-09-06 20:58:00,FLR.02,CSA BONTANG SIS,0.0,0.75,SAFE
,JKT.01,ITABAL9,0.0,25.36,SAFE
,JKT.02,ITABAL9,0.0,7.78,SAFE
,JKT.03,ITABAL9,0.0,4.16,SAFE
,JKT.04,ITABAL9,0.0,1.17,SAFE
,JKT.05,ITABAL9,0.0,5.68,SAFE
,JKT.06,ITABAL9,0.0,7.45,SAFE
,JKT.07,ITABAL9,0.0,11.55,SAFE
,JKT.08,ITABAL9,0.0,4.26,SAFE
2026-09-06 20:58:56,JMB.01,ITABAL8,0.0,3.07,SAFE
2026-09-06 20:58:56,JMB.03,ITABAL8,0.0,1.02,SAFE
,JMB.04,ITABAL9,0.0,0.77,SAFE
2026-09-06 21:00:00,KRC.02,VP SABANG TIMUR SIS,0.0,1.04,SAFE
2026-09-06 20:58:56,KRC.03,ITABAL8,0.0,1.31,SAFE
2026-09-06 21:00:00,KRC.05,VP SABANG TIMUR SIS,0.0,1.93,SAFE
2026-09-06 21:00:00,KRC.07,VP SABANG TIMUR SIS,0.0,2.15,SAFE
2026-09-06 20:58:56,LHT.01,ITABAL8,0.0,5.84,SAFE
2026-09-06 20:58:56,LPG.01,ITABAL8,0.0,2.05,SAFE
2026-09-06 20:58:56,LPG.02,ITABAL8,0.0,12.03,SAFE
2026-09-06 20:58:56,LPG.03,ITABAL8,0.0,6.96,SAFE
2026-09-06 20:58:56,LPG.06,ITABAL8,0.0,6.69,SAFE
2026-09-06 20:58:56,LPG.07,ITABAL8,0.0,12.92,SAFE
2026-09-06 20:58:56,MDN.01,ITABAL8,0.0,3.37,SAFE
2026-09-06 20:58:56,MDN.02,ITABAL8,0.0,2.53,SAFE
2026-09-06 20:58:56,MDN.03,ITABAL8,0.0,7.25,SAFE
2026-09-06 20:58:56,MDN.04,ITABAL8,0.0,1.95,SAFE
,MIA.01,ITABAL9,0.0,1.22,SAFE
,MIA.02,ITABAL9,0.0,17.59,SAFE
,MIA.03,ITABAL9,0.0,4.28,SAFE
2026-09-06 20:59:00,MIA.04,PITSTOP AMBON SIS,0.0,2.31,SAFE
,MIA.05,ITABAL9,0.0,20.96,SAFE
,MIA.06,ITABAL9,0.0,1.16,SAFE
2026-09-06 20:58:00,MKS.01,CSA BONTANG SIS,0.0,0.72,SAFE
2026-09-06 20:59:00,MKS.02,PITSTOP AMBON SIS,0.0,1.06,SAFE
,MKS.03,ROM 13,0.0,8.2,SAFE
,MKS.04,ROM 13,0.0,3.08,SAFE
2026-09-06 20:58:00,MND.02,CSA BONTANG SIS,0.0,2.49,SAFE
2026-09-06 21:00:00,MRK.01,VP SABANG TIMUR SIS,0.0,1.65,SAFE
2026-09-06 20:59:00,MTM.01,PITSTOP AMBON SIS,0.0,1.64,SAFE
2026-09-06 20:59:00,MTP.01,PITSTOP AMBON SIS,0.0,1.01,SAFE
2026-09-06 21:00:00,MTR.01,VP SABANG TIMUR SIS,0.0,1.67,SAFE
2026-09-06 20:58:56,NIS.01,ITABAL8,0.0,0.57,SAFE
2026-09-06 20:58:56,NIS.02,ITABAL8,0.0,0.86,SAFE
2026-09-06 20:58:56,NIS.03,ITABAL8,0.0,1.03,SAFE
,PDG.01,ITABAL9,0.0,0.52,SAFE
2026-09-06 20:58:56,PLB.01,ITABAL8,0.0,1.87,SAFE
2026-09-06 20:58:56,PLB.02,ITABAL8,0.0,0.84,SAFE
2026-09-06 20:58:56,PLB.03,ITABAL8,0.0,2.0,SAFE
2026-09-06 20:58:56,PLB.04,ITABAL8,0.0,13.62,SAFE
2026-09-06 20:58:00,PLU.04,CSA BONTANG SIS,0.0,2.36,SAFE
2026-09-06 21:00:00,RIU.02,VP SABANG TIMUR SIS,0.0,0.61,SAFE
2026-09-06 21:00:00,RIU.04,VP SABANG TIMUR SIS,0.0,0.51,SAFE
2026-09-06 21:00:00,SBG.02,VP SABANG TIMUR SIS,0.0,1.91,SAFE
2026-09-06 21:00:00,SBG.03,VP SABANG TIMUR SIS,0.0,5.65,SAFE
2026-09-06 21:00:00,SBG.04,VP SABANG TIMUR SIS,0.0,0.63,SAFE
2026-09-06 21:00:00,SBG.05,VP SABANG TIMUR SIS,0.0,21.21,SAFE
2026-09-06 20:58:56,SBG.06,ITABAL8,0.0,14.52,SAFE
2026-09-06 21:00:00,SBG.08,VP SABANG TIMUR SIS,0.0,1.35,SAFE
2026-09-06 21:00:00,SBG.10,VP SABANG TIMUR SIS,0.0,2.05,SAFE
2026-09-06 21:00:00,SBG.11,VP SABANG TIMUR SIS,0.0,0.75,SAFE
2026-09-06 20:58:00,SGT.02,CSA BONTANG SIS,0.0,0.19,SAFE
2026-09-06 20:58:00,SMB.02,CSA BONTANG SIS,0.0,2.63,SAFE
2026-09-06 20:58:00,SMB.03,CSA BONTANG SIS,0.0,4.72,SAFE
2026-09-06 20:59:00,SNT.01,PITSTOP AMBON SIS,0.0,1.34,SAFE
2026-09-06 20:58:00,TJG.01,CSA BONTANG SIS,0.0,1.99,SAFE
2026-09-06 20:58:00,TJG.02,CSA BONTANG SIS,0.0,5.65,SAFE
2026-09-06 23:59:00,AMB.01,PITSTOP AMBON SIS,0.0,7.46,SAFE
2026-09-06 23:59:00,BDG.02,VP OB 1 SIS,0.0,19.31,SAFE
2026-09-06 23:59:00,BDG.03,VP OB 1 SIS,0.0,5.73,SAFE
2026-09-06 23:59:00,BDG.04,VP OB 1 SIS,0.0,1.07,SAFE
,BDG.05,ITABAL9,0.0,2.1,SAFE
2026-09-06 23:59:00,BGK.01,VP SABANG TIMUR SIS,0.0,1.59,SAFE
2026-09-06 23:59:00,BGK.02,VP SABANG TIMUR SIS,0.0,18.92,SAFE
,BGR.01,ITABAL9,0.0,1.34,SAFE
2026-09-06 23:59:00,BJB.03,CSA BONTANG SIS,0.0,1.34,SAFE
2026-09-06 23:59:00,BJM.01,PITSTOP AMBON SIS,0.0,3.86,SAFE
2026-09-06 23:59:00,BJM.02,CSA BONTANG SIS,0.0,1.68,SAFE
2026-09-07 00:02:04,BKL.01,ITABAL8,0.0,58.33,SAFE
2026-09-07 00:02:04,BKL.02,ITABAL8,0.0,0.72,SAFE
2026-09-07 00:02:04,BNE.02,ITABAL8,0.0,1.52,SAFE
2026-09-07 00:02:04,BNE.03,ITABAL8,0.0,0.63,SAFE
2026-09-07 00:02:04,BNE.04,ITABAL8,0.0,0.55,SAFE
2026-09-06 23:59:00,BNY.03,CSA BONTANG SIS,0.0,0.97,SAFE
2026-09-06 23:59:00,BTG.03,CSA BONTANG SIS,0.0,9.36,SAFE
2026-09-06 23:59:00,BTG.04,CSA BONTANG SIS,0.0,175.0,SAFE
2026-09-06 23:59:00,FLR.02,CSA BONTANG SIS,0.0,0.75,SAFE
,JKT.01,ITABAL9,0.0,25.36,SAFE
,JKT.02,ITABAL9,0.0,7.78,SAFE
,JKT.03,ITABAL9,0.0,4.16,SAFE
,JKT.04,ITABAL9,0.0,1.17,SAFE
,JKT.05,ITABAL9,0.0,5.68,SAFE
,JKT.06,ITABAL9,0.0,7.45,SAFE
,JKT.07,ITABAL9,0.0,11.55,SAFE
,JKT.08,ITABAL9,0.0,4.26,SAFE
2026-09-07 00:02:04,JMB.01,ITABAL8,0.0,3.07,SAFE
2026-09-07 00:02:04,JMB.03,ITABAL8,0.0,1.02,SAFE
,JMB.04,ITABAL9,0.0,0.77,SAFE
2026-09-06 23:59:00,KRC.02,VP SABANG TIMUR SIS,0.0,1.04,SAFE
2026-09-07 00:02:04,KRC.03,ITABAL8,0.0,1.31,SAFE
2026-09-06 23:59:00,KRC.05,VP SABANG TIMUR SIS,0.0,1.93,SAFE
2026-09-06 23:59:00,KRC.07,VP SABANG TIMUR SIS,0.0,2.15,SAFE
2026-09-07 00:02:04,LHT.01,ITABAL8,0.0,5.84,SAFE
2026-09-07 00:02:04,LPG.01,ITABAL8,0.0,2.05,SAFE
2026-09-07 00:02:04,LPG.02,ITABAL8,0.0,12.03,SAFE
2026-09-07 00:02:04,LPG.03,ITABAL8,0.0,6.96,SAFE
2026-09-07 00:02:04,LPG.06,ITABAL8,0.0,6.69,SAFE
2026-09-07 00:02:04,LPG.07,ITABAL8,0.0,12.92,SAFE
2026-09-07 00:02:04,MDN.01,ITABAL8,0.0,3.37,SAFE
2026-09-07 00:02:04,MDN.02,ITABAL8,0.0,2.53,SAFE
2026-09-07 00:02:04,MDN.03,ITABAL8,0.0,7.25,SAFE
2026-09-07 00:02:04,MDN.04,ITABAL8,0.0,1.95,SAFE
,MIA.01,ITABAL9,0.0,1.22,SAFE
,MIA.02,ITABAL9,0.0,17.59,SAFE
,MIA.03,ITABAL9,0.0,4.28,SAFE
2026-09-06 23:59:00,MIA.04,PITSTOP AMBON SIS,0.0,2.31,SAFE
,MIA.05,ITABAL9,0.0,20.96,SAFE
,MIA.06,ITABAL9,0.0,1.16,SAFE
2026-09-06 23:59:00,MKS.01,CSA BONTANG SIS,0.0,0.72,SAFE
2026-09-06 23:59:00,MKS.02,PITSTOP AMBON SIS,0.0,1.06,SAFE
,MKS.03,ROM 13,0.0,8.2,SAFE
,MKS.04,ROM 13,0.0,3.08,SAFE
2026-09-06 23:59:00,MND.02,CSA BONTANG SIS,0.0,2.49,SAFE
2026-09-06 23:59:00,MRK.01,VP SABANG TIMUR SIS,0.0,1.65,SAFE
2026-09-06 23:59:00,MTM.01,PITSTOP AMBON SIS,0.0,1.64,SAFE
2026-09-06 23:59:00,MTP.01,PITSTOP AMBON SIS,0.0,1.01,SAFE
2026-09-06 23:59:00,MTR.01,VP SABANG TIMUR SIS,0.0,1.67,SAFE
2026-09-07 00:02:04,NIS.01,ITABAL8,0.0,0.57,SAFE
2026-09-07 00:02:04,NIS.02,ITABAL8,0.0,0.86,SAFE
2026-09-07 00:02:04,NIS.03,ITABAL8,0.0,1.03,SAFE
,PDG.01,ITABAL9,0.0,0.52,SAFE
2026-09-07 00:02:04,PLB.01,ITABAL8,0.0,1.87,SAFE
2026-09-07 00:02:04,PLB.02,ITABAL8,0.0,0.84,SAFE
2026-09-07 00:02:04,PLB.03,ITABAL8,0.0,2.0,SAFE
2026-09-07 00:02:04,PLB.04,ITABAL8,0.0,13.62,SAFE
2026-09-06 23:59:00,PLU.04,CSA BONTANG SIS,0.0,2.36,SAFE
2026-09-06 23:59:00,RIU.02,VP SABANG TIMUR SIS,0.0,0.61,SAFE
2026-09-06 23:59:00,RIU.04,VP SABANG TIMUR SIS,0.0,0.51,SAFE
2026-09-06 23:59:00,SBG.02,VP SABANG TIMUR SIS,0.0,1.91,SAFE
2026-09-06 23:59:00,SBG.03,VP SABANG TIMUR SIS,0.0,5.65,SAFE
2026-09-06 23:59:00,SBG.04,VP SABANG TIMUR SIS,0.0,0.63,SAFE
2026-09-06 23:59:00,SBG.05,VP SABANG TIMUR SIS,0.0,21.21,SAFE
2026-09-07 00:02:04,SBG.06,ITABAL8,0.0,14.52,SAFE
2026-09-06 23:59:00,SBG.08,VP SABANG TIMUR SIS,0.0,1.35,SAFE
2026-09-06 23:59:00,SBG.10,VP SABANG TIMUR SIS,0.0,2.05,SAFE
2026-09-06 23:59:00,SBG.11,VP SABANG TIMUR SIS,0.0,0.75,SAFE
2026-09-06 23:59:00,SGT.02,CSA BONTANG SIS,0.0,0.19,SAFE
2026-09-06 23:59:00,SMB.02,CSA BONTANG SIS,0.0,2.63,SAFE
2026-09-06 23:59:00,SMB.03,CSA BONTANG SIS,0.0,4.72,SAFE
2026-09-06 23:59:00,SNT.01,PITSTOP AMBON SIS,0.0,1.34,SAFE
2026-09-06 23:59:00,TJG.01,CSA BONTANG SIS,0.0,1.99,SAFE
2026-09-06 23:59:00,TJG.02,CSA BONTANG SIS,0.0,5.65,SAFE
2026-09-06 23:59:00,AMB.01,PITSTOP AMBON SIS,0.0,7.46,SAFE
2026-09-06 23:59:00,BDG.02,VP OB 1 SIS,0.0,19.31,SAFE
2026-09-06 23:59:00,BDG.03,VP OB 1 SIS,0.0,5.73,SAFE
2026-09-06 23:59:00,BDG.04,VP OB 1 SIS,0.0,1.07,SAFE
,BDG.05,ITABAL9,0.0,2.1,SAFE
2026-09-06 23:59:00,BGK.01,VP SABANG TIMUR SIS,0.0,1.59,SAFE
2026-09-06 23:59:00,BGK.02,VP SABANG TIMUR SIS,0.0,18.92,SAFE
,BGR.01,ITABAL9,0.0,1.34,SAFE
2026-09-06 23:59:00,BJB.03,CSA BONTANG SIS,0.0,1.34,SAFE
2026-09-06 23:59:00,BJM.01,PITSTOP AMBON SIS,0.0,3.86,SAFE
2026-09-06 23:59:00,BJM.02,CSA BONTANG SIS,0.0,1.68,SAFE
2026-09-07 02:13:09,BKL.01,ITABAL8,0.0,58.33,SAFE
2026-09-07 02:13:09,BKL.02,ITABAL8,0.0,0.72,SAFE
2026-09-07 02:13:09,BNE.02,ITABAL8,0.0,1.52,SAFE
2026-09-07 02:13:09,BNE.03,ITABAL8,0.0,0.63,SAFE
2026-09-07 02:13:09,BNE.04,ITABAL8,0.0,0.55,SAFE
2026-09-06 23:59:00,BNY.03,CSA BONTANG SIS,0.0,0.97,SAFE
2026-09-06 23:59:00,BTG.03,CSA BONTANG SIS,0.0,9.36,SAFE
2026-09-06 23:59:00,BTG.04,CSA BONTANG SIS,0.0,175.0,SAFE
2026-09-06 23:59:00,FLR.02,CSA BONTANG SIS,0.0,0.75,SAFE
,JKT.01,ITABAL9,0.0,25.36,SAFE
,JKT.02,ITABAL9,0.0,7.78,SAFE
,JKT.03,ITABAL9,0.0,4.16,SAFE
,JKT.04,ITABAL9,0.0,1.17,SAFE
,JKT.05,ITABAL9,0.0,5.68,SAFE
,JKT.06,ITABAL9,0.0,7.45,SAFE
,JKT.07,ITABAL9,0.0,11.55,SAFE
,JKT.08,ITABAL9,0.0,4.26,SAFE
2026-09-07 02:13:09,JMB.01,ITABAL8,0.0,3.07,SAFE
2026-09-07 02:13:09,JMB.03,ITABAL8,0.0,1.02,SAFE
,JMB.04,ITABAL9,0.0,0.77,SAFE
2026-09-06 23:59:00,KRC.02,VP SABANG TIMUR SIS,0.0,1.04,SAFE
2026-09-07 02:13:09,KRC.03,ITABAL8,0.0,1.31,SAFE
2026-09-06 23:59:00,KRC.05,VP SABANG TIMUR SIS,0.0,1.93,SAFE
2026-09-06 23:59:00,KRC.07,VP SABANG TIMUR SIS,0.0,2.15,SAFE
2026-09-07 02:13:09,LHT.01,ITABAL8,0.0,5.84,SAFE
2026-09-07 02:13:09,LPG.01,ITABAL8,0.0,2.05,SAFE
2026-09-07 02:13:09,LPG.02,ITABAL8,0.0,12.03,SAFE
2026-09-07 02:13:09,LPG.03,ITABAL8,0.0,6.96,SAFE
2026-09-07 02:13:09,LPG.06,ITABAL8,0.0,6.69,SAFE
2026-09-07 02:13:09,LPG.07,ITABAL8,0.0,12.92,SAFE
2026-09-07 02:13:09,MDN.01,ITABAL8,0.0,3.37,SAFE
2026-09-07 02:13:09,MDN.02,ITABAL8,0.0,2.53,SAFE
2026-09-07 02:13:09,MDN.03,ITABAL8,0.0,7.25,SAFE
2026-09-07 02:13:09,MDN.04,ITABAL8,0.0,1.95,SAFE
,MIA.01,ITABAL9,0.0,1.22,SAFE
,MIA.02,ITABAL9,0.0,17.59,SAFE
,MIA.03,ITABAL9,0.0,4.28,SAFE
2026-09-06 23:59:00,MIA.04,PITSTOP AMBON SIS,0.0,2.31,SAFE
,MIA.05,ITABAL9,0.0,20.96,SAFE
,MIA.06,ITABAL9,0.0,1.16,SAFE
2026-09-06 23:59:00,MKS.01,CSA BONTANG SIS,0.0,0.72,SAFE
2026-09-06 23:59:00,MKS.02,PITSTOP AMBON SIS,0.0,1.06,SAFE
,MKS.03,ROM 13,0.0,8.2,SAFE
,MKS.04,ROM 13,0.0,3.08,SAFE
2026-09-06 23:59:00,MND.02,CSA BONTANG SIS,0.0,2.49,SAFE
2026-09-06 23:59:00,MRK.01,VP SABANG TIMUR SIS,0.0,1.65,SAFE
2026-09-06 23:59:00,MTM.01,PITSTOP AMBON SIS,0.0,1.64,SAFE
2026-09-06 23:59:00,MTP.01,PITSTOP AMBON SIS,0.0,1.01,SAFE
2026-09-06 23:59:00,MTR.01,VP SABANG TIMUR SIS,0.0,1.67,SAFE
2026-09-07 02:13:09,NIS.01,ITABAL8,0.0,0.57,SAFE
2026-09-07 02:13:09,NIS.02,ITABAL8,0.0,0.86,SAFE
2026-09-07 02:13:09,NIS.03,ITABAL8,0.0,1.03,SAFE
,PDG.01,ITABAL9,0.0,0.52,SAFE
2026-09-07 02:13:09,PLB.01,ITABAL8,0.0,1.87,SAFE
2026-09-07 02:13:09,PLB.02,ITABAL8,0.0,0.84,SAFE
2026-09-07 02:13:09,PLB.03,ITABAL8,0.0,2.0,SAFE
2026-09-07 02:13:09,PLB.04,ITABAL8,0.0,13.62,SAFE
2026-09-06 23:59:00,PLU.04,CSA BONTANG SIS,0.0,2.36,SAFE
2026-09-06 23:59:00,RIU.02,VP SABANG TIMUR SIS,0.0,0.61,SAFE
2026-09-06 23:59:00,RIU.04,VP SABANG TIMUR SIS,0.0,0.51,SAFE
2026-09-06 23:59:00,SBG.02,VP SABANG TIMUR SIS,0.0,1.91,SAFE
2026-09-06 23:59:00,SBG.03,VP SABANG TIMUR SIS,0.0,5.65,SAFE
2026-09-06 23:59:00,SBG.04,VP SABANG TIMUR SIS,0.0,0.63,SAFE
2026-09-06 23:59:00,SBG.05,VP SABANG TIMUR SIS,0.0,21.21,SAFE
2026-09-07 02:13:09,SBG.06,ITABAL8,0.0,14.52,SAFE
2026-09-06 23:59:00,SBG.08,VP SABANG TIMUR SIS,0.0,1.35,SAFE
2026-09-06 23:59:00,SBG.10,VP SABANG TIMUR SIS,0.0,2.05,SAFE
2026-09-06 23:59:00,SBG.11,VP SABANG TIMUR SIS,0.0,0.75,SAFE
2026-09-06 23:59:00,SGT.02,CSA BONTANG SIS,0.0,0.19,SAFE
2026-09-06 23:59:00,SMB.02,CSA BONTANG SIS,0.0,2.63,SAFE
2026-09-06 23:59:00,SMB.03,CSA BONTANG SIS,0.0,4.72,SAFE
2026-09-06 23:59:00,SNT.01,PITSTOP AMBON SIS,0.0,1.34,SAFE
2026-09-06 23:59:00,TJG.01,CSA BONTANG SIS,0.0,1.99,SAFE
2026-09-06 23:59:00,TJG.02,CSA BONTANG SIS,0.0,5.65,SAFE
2026-09-06 23:59:00,AMB.01,PITSTOP AMBON SIS,0.0,7.46,SAFE
2026-09-06 23:59:00,BDG.02,VP OB 1 SIS,0.0,19.31,SAFE
2026-09-06 23:59:00,BDG.03,VP OB 1 SIS,0.0,5.73,SAFE
2026-09-06 23:59:00,BDG.04,VP OB 1 SIS,0.0,1.07,SAFE
,BDG.05,ITABAL9,0.0,2.1,SAFE
2026-09-06 23:59:00,BGK.01,VP SABANG TIMUR SIS,0.0,1.59,SAFE
2026-09-06 23:59:00,BGK.02,VP SABANG TIMUR SIS,0.0,18.92,SAFE
,BGR.01,ITABAL9,0.0,1.34,SAFE
2026-09-06 23:59:00,BJB.03,CSA BONTANG SIS,0.0,1.34,SAFE
2026-09-06 23:59:00,BJM.01,PITSTOP AMBON SIS,0.0,3.86,SAFE
2026-09-06 23:59:00,BJM.02,CSA BONTANG SIS,0.0,1.68,SAFE
2026-09-07 04:24:43,BKL.01,ITABAL8,0.0,58.33,SAFE
2026-09-07 04:24:43,BKL.02,ITABAL8,0.0,0.72,SAFE
2026-09-07 04:24:43,BNE.02,ITABAL8,0.0,1.52,SAFE
2026-09-07 04:24:43,BNE.03,ITABAL8,0.0,0.63,SAFE
2026-09-07 04:24:43,BNE.04,ITABAL8,0.0,0.55,SAFE
2026-09-06 23:59:00,BNY.03,CSA BONTANG SIS,0.0,0.97,SAFE
2026-09-06 23:59:00,BTG.03,CSA BONTANG SIS,0.0,9.36,SAFE
2026-09-06 23:59:00,BTG.04,CSA BONTANG SIS,0.0,175.0,SAFE
2026-09-06 23:59:00,FLR.02,CSA BONTANG SIS,0.0,0.75,SAFE
,JKT.01,ITABAL9,0.0,25.36,SAFE
,JKT.02,ITABAL9,0.0,7.78,SAFE
,JKT.03,ITABAL9,0.0,4.16,SAFE
,JKT.04,ITABAL9,0.0,1.17,SAFE
,JKT.05,ITABAL9,0.0,5.68,SAFE
,JKT.06,ITABAL9,0.0,7.45,SAFE
,JKT.07,ITABAL9,0.0,11.55,SAFE
,JKT.08,ITABAL9,0.0,4.26,SAFE
2026-09-07 04:24:43,JMB.01,ITABAL8,0.0,3.07,SAFE
2026-09-07 04:24:43,JMB.03,ITABAL8,0.0,1.02,SAFE
,JMB.04,ITABAL9,0.0,0.77,SAFE
2026-09-06 23:59:00,KRC.02,VP SABANG TIMUR SIS,0.0,1.04,SAFE
2026-09-07 04:24:43,KRC.03,ITABAL8,0.0,1.31,SAFE
2026-09-06 23:59:00,KRC.05,VP SABANG TIMUR SIS,0.0,1.93,SAFE
2026-09-06 23:59:00,KRC.07,VP SABANG TIMUR SIS,0.0,2.15,SAFE
2026-09-07 04:24:43,LHT.01,ITABAL8,0.0,5.84,SAFE
2026-09-07 04:24:43,LPG.01,ITABAL8,0.0,2.05,SAFE
2026-09-07 04:24:43,LPG.02,ITABAL8,0.0,12.03,SAFE
2026-09-07 04:24:43,LPG.03,ITABAL8,0.0,6.96,SAFE
2026-09-07 04:24:43,LPG.06,ITABAL8,0.0,6.69,SAFE
2026-09-07 04:24:43,LPG.07,ITABAL8,0.0,12.92,SAFE
2026-09-07 04:24:43,MDN.01,ITABAL8,0.0,3.37,SAFE
2026-09-07 04:24:43,MDN.02,ITABAL8,0.0,2.53,SAFE
2026-09-07 04:24:43,MDN.03,ITABAL8,0.0,7.25,SAFE
2026-09-07 04:24:43,MDN.04,ITABAL8,0.0,1.95,SAFE
,MIA.01,ITABAL9,0.0,1.22,SAFE
,MIA.02,ITABAL9,0.0,17.59,SAFE
,MIA.03,ITABAL9,0.0,4.28,SAFE
2026-09-06 23:59:00,MIA.04,PITSTOP AMBON SIS,0.0,2.31,SAFE
,MIA.05,ITABAL9,0.0,20.96,SAFE
,MIA.06,ITABAL9,0.0,1.16,SAFE
2026-09-06 23:59:00,MKS.01,CSA BONTANG SIS,0.0,0.72,SAFE
2026-09-06 23:59:00,MKS.02,PITSTOP AMBON SIS,0.0,1.06,SAFE
,MKS.03,ROM 13,0.0,8.2,SAFE
,MKS.04,ROM 13,0.0,3.08,SAFE
2026-09-06 23:59:00,MND.02,CSA BONTANG SIS,0.0,2.49,SAFE
2026-09-06 23:59:00,MRK.01,VP SABANG TIMUR SIS,0.0,1.65,SAFE
2026-09-06 23:59:00,MTM.01,PITSTOP AMBON SIS,0.0,1.64,SAFE
2026-09-06 23:59:00,MTP.01,PITSTOP AMBON SIS,0.0,1.01,SAFE
2026-09-06 23:59:00,MTR.01,VP SABANG TIMUR SIS,0.0,1.67,SAFE
2026-09-07 04:24:43,NIS.01,ITABAL8,0.0,0.57,SAFE
2026-09-07 04:24:43,NIS.02,ITABAL8,0.0,0.86,SAFE
2026-09-07 04:24:43,NIS.03,ITABAL8,0.0,1.03,SAFE
,PDG.01,ITABAL9,0.0,0.52,SAFE
2026-09-07 04:24:43,PLB.01,ITABAL8,0.0,1.87,SAFE
2026-09-07 04:24:43,PLB.02,ITABAL8,0.0,0.84,SAFE
2026-09-07 04:24:43,PLB.03,ITABAL8,0.0,2.0,SAFE
2026-09-07 04:24:43,PLB.04,ITABAL8,0.0,13.62,SAFE
2026-09-06 23:59:00,PLU.04,CSA BONTANG SIS,0.0,2.36,SAFE
2026-09-06 23:59:00,RIU.02,VP SABANG TIMUR SIS,0.0,0.61,SAFE
2026-09-06 23:59:00,RIU.04,VP SABANG TIMUR SIS,0.0,0.51,SAFE
2026-09-06 23:59:00,SBG.02,VP SABANG TIMUR SIS,0.0,1.91,SAFE
2026-09-06 23:59:00,SBG.03,VP SABANG TIMUR SIS,0.0,5.65,SAFE
2026-09-06 23:59:00,SBG.04,VP SABANG TIMUR SIS,0.0,0.63,SAFE
2026-09-06 23:59:00,SBG.05,VP SABANG TIMUR SIS,0.0,21.21,SAFE
2026-09-07 04:24:43,SBG.06,ITABAL8,0.0,14.52,SAFE
2026-09-06 23:59:00,SBG.08,VP SABANG TIMUR SIS,0.0,1.35,SAFE
2026-09-06 23:59:00,SBG.10,VP SABANG TIMUR SIS,0.0,2.05,SAFE
2026-09-06 23:59:00,SBG.11,VP SABANG TIMUR SIS,0.0,0.75,SAFE
2026-09-06 23:59:00,SGT.02,CSA BONTANG SIS,0.0,0.19,SAFE
2026-09-06 23:59:00,SMB.02,CSA BONTANG SIS,0.0,2.63,SAFE
2026-09-06 23:59:00,SMB.03,CSA BONTANG SIS,0.0,4.72,SAFE
2026-09-06 23:59:00,SNT.01,PITSTOP AMBON SIS,0.0,1.34,SAFE
2026-09-06 23:59:00,TJG.01,CSA BONTANG SIS,0.0,1.99,SAFE
2026-09-06 23:59:00,TJG.02,CSA BONTANG SIS,0.0,5.65,SAFE
2026-09-06 23:59:00,AMB.01,PITSTOP AMBON SIS,0.0,7.46,SAFE
2026-09-06 23:59:00,BDG.02,VP OB 1 SIS,0.0,19.31,SAFE
2026-09-06 23:59:00,BDG.03,VP OB 1 SIS,0.0,5.73,SAFE
2026-09-06 23:59:00,BDG.04,VP OB 1 SIS,0.0,1.07,SAFE
,BDG.05,ITABAL9,0.0,2.1,SAFE
2026-09-06 23:59:00,BGK.01,VP SABANG TIMUR SIS,0.0,1.59,SAFE
2026-09-06 23:59:00,BGK.02,VP SABANG TIMUR SIS,0.0,18.92,SAFE
,BGR.01,ITABAL9,0.0,1.34,SAFE
2026-09-06 23:59:00,BJB.03,CSA BONTANG SIS,0.0,1.34,SAFE
2026-09-06 23:59:00,BJM.01,PITSTOP AMBON SIS,0.0,3.86,SAFE
2026-09-06 23:59:00,BJM.02,CSA BONTANG SIS,0.0,1.68,SAFE
2026-09-07 06:11:31,BKL.01,ITABAL8,0.0,58.33,SAFE
2026-09-07 06:11:31,BKL.02,ITABAL8,0.0,0.72,SAFE
2026-09-07 06:11:31,BNE.02,ITABAL8,0.0,1.52,SAFE
2026-09-07 06:11:31,BNE.03,ITABAL8,0.0,0.63,SAFE
2026-09-07 06:11:31,BNE.04,ITABAL8,0.0,0.55,SAFE
2026-09-06 23:59:00,BNY.03,CSA BONTANG SIS,0.0,0.97,SAFE
2026-09-06 23:59:00,BTG.03,CSA BONTANG SIS,0.0,9.36,SAFE
2026-09-06 23:59:00,BTG.04,CSA BONTANG SIS,0.0,175.0,SAFE
2026-09-06 23:59:00,FLR.02,CSA BONTANG SIS,0.0,0.75,SAFE
,JKT.01,ITABAL9,0.0,25.36,SAFE
,JKT.02,ITABAL9,0.0,7.78,SAFE
,JKT.03,ITABAL9,0.0,4.16,SAFE
,JKT.04,ITABAL9,0.0,1.17,SAFE
,JKT.05,ITABAL9,0.0,5.68,SAFE
,JKT.06,ITABAL9,0.0,7.45,SAFE
,JKT.07,ITABAL9,0.0,11.55,SAFE
,JKT.08,ITABAL9,0.0,4.26,SAFE
2026-09-07 06:11:31,JMB.01,ITABAL8,0.0,3.07,SAFE
2026-09-07 06:11:31,JMB.03,ITABAL8,0.0,1.02,SAFE
,JMB.04,ITABAL9,0.0,0.77,SAFE
2026-09-06 23:59:00,KRC.02,VP SABANG TIMUR SIS,0.0,1.04,SAFE
2026-09-07 06:11:31,KRC.03,ITABAL8,0.0,1.31,SAFE
2026-09-06 23:59:00,KRC.05,VP SABANG TIMUR SIS,0.0,1.93,SAFE
2026-09-06 23:59:00,KRC.07,VP SABANG TIMUR SIS,0.0,2.15,SAFE
2026-09-07 06:11:31,LHT.01,ITABAL8,0.0,5.84,SAFE
2026-09-07 06:11:31,LPG.01,ITABAL8,0.0,2.05,SAFE
2026-09-07 06:11:31,LPG.02,ITABAL8,0.0,12.03,SAFE
2026-09-07 06:11:31,LPG.03,ITABAL8,0.0,6.96,SAFE
2026-09-07 06:11:31,LPG.06,ITABAL8,0.0,6.69,SAFE
2026-09-07 06:11:31,LPG.07,ITABAL8,0.0,12.92,SAFE
2026-09-07 06:11:31,MDN.01,ITABAL8,0.0,3.37,SAFE
2026-09-07 06:11:31,MDN.02,ITABAL8,0.0,2.53,SAFE
2026-09-07 06:11:31,MDN.03,ITABAL8,0.0,7.25,SAFE
2026-09-07 06:11:31,MDN.04,ITABAL8,0.0,1.95,SAFE
,MIA.01,ITABAL9,0.0,1.22,SAFE
,MIA.02,ITABAL9,0.0,17.59,SAFE
,MIA.03,ITABAL9,0.0,4.28,SAFE
2026-09-06 23:59:00,MIA.04,PITSTOP AMBON SIS,0.0,2.31,SAFE
,MIA.05,ITABAL9,0.0,20.96,SAFE
,MIA.06,ITABAL9,0.0,1.16,SAFE
2026-09-06 23:59:00,MKS.01,CSA BONTANG SIS,0.0,0.72,SAFE
2026-09-06 23:59:00,MKS.02,PITSTOP AMBON SIS,0.0,1.06,SAFE
,MKS.03,ROM 13,0.0,8.2,SAFE
,MKS.04,ROM 13,0.0,3.08,SAFE
2026-09-06 23:59:00,MND.02,CSA BONTANG SIS,0.0,2.49,SAFE
2026-09-06 23:59:00,MRK.01,VP SABANG TIMUR SIS,0.0,1.65,SAFE
2026-09-06 23:59:00,MTM.01,PITSTOP AMBON SIS,0.0,1.64,SAFE
2026-09-06 23:59:00,MTP.01,PITSTOP AMBON SIS,0.0,1.01,SAFE
2026-09-06 23:59:00,MTR.01,VP SABANG TIMUR SIS,0.0,1.67,SAFE
2026-09-07 06:11:31,NIS.01,ITABAL8,0.0,0.57,SAFE
2026-09-07 06:11:31,NIS.02,ITABAL8,0.0,0.86,SAFE
2026-09-07 06:11:31,NIS.03,ITABAL8,0.0,1.03,SAFE
,PDG.01,ITABAL9,0.0,0.52,SAFE
2026-09-07 06:11:31,PLB.01,ITABAL8,0.0,1.87,SAFE
2026-09-07 06:11:31,PLB.02,ITABAL8,0.0,0.84,SAFE
2026-09-07 06:11:31,PLB.03,ITABAL8,0.0,2.0,SAFE
2026-09-07 06:11:31,PLB.04,ITABAL8,0.0,13.62,SAFE
2026-09-06 23:59:00,PLU.04,CSA BONTANG SIS,0.0,2.36,SAFE
2026-09-06 23:59:00,RIU.02,VP SABANG TIMUR SIS,0.0,0.61,SAFE
2026-09-06 23:59:00,RIU.04,VP SABANG TIMUR SIS,0.0,0.51,SAFE
2026-09-06 23:59:00,SBG.02,VP SABANG TIMUR SIS,0.0,1.91,SAFE
2026-09-06 23:59:00,SBG.03,VP SABANG TIMUR SIS,0.0,5.65,SAFE
2026-09-06 23:59:00,SBG.04,VP SABANG TIMUR SIS,0.0,0.63,SAFE
2026-09-06 23:59:00,SBG.05,VP SABANG TIMUR SIS,0.0,21.21,SAFE
2026-09-07 06:11:31,SBG.06,ITABAL8,0.0,14.52,SAFE
2026-09-06 23:59:00,SBG.08,VP SABANG TIMUR SIS,0.0,1.35,SAFE
2026-09-06 23:59:00,SBG.10,VP SABANG TIMUR SIS,0.0,2.05,SAFE
2026-09-06 23:59:00,SBG.11,VP SABANG TIMUR SIS,0.0,0.75,SAFE
2026-09-06 23:59:00,SGT.02,CSA BONTANG SIS,0.0,0.19,SAFE
2026-09-06 23:59:00,SMB.02,CSA BONTANG SIS,0.0,2.63,SAFE
2026-09-06 23:59:00,SMB.03,CSA BONTANG SIS,0.0,4.72,SAFE
2026-09-06 23:59:00,SNT.01,PITSTOP AMBON SIS,0.0,1.34,SAFE
2026-09-06 23:59:00,TJG.01,CSA BONTANG SIS,0.0,1.99,SAFE
2026-09-06 23:59:00,TJG.02,CSA BONTANG SIS,0.0,5.65,SAFE
2026-09-06 23:59:00,AMB.01,PITSTOP AMBON SIS,0.0,7.46,SAFE
2026-09-06 23:59:00,BDG.02,VP OB 1 SIS,0.0,19.31,SAFE
2026-09-06 23:59:00,BDG.03,VP OB 1 SIS,0.0,5.73,SAFE
2026-09-06 23:59:00,BDG.04,VP OB 1 SIS,0.0,1.07,SAFE
,BDG.05,ITABAL9,0.0,2.1,SAFE
2026-09-06 23:59:00,BGK.01,VP SABANG TIMUR SIS,0.0,1.59,SAFE
2026-09-06 23:59:00,BGK.02,VP SABANG TIMUR SIS,0.0,18.92,SAFE
,BGR.01,ITABAL9,0.0,1.34,SAFE
2026-09-06 23:59:00,BJB.03,CSA BONTANG SIS,0.0,1.34,SAFE
2026-09-06 23:59:00,BJM.01,PITSTOP AMBON SIS,0.0,3.86,SAFE
2026-09-06 23:59:00,BJM.02,CSA BONTANG SIS,0.0,1.68,SAFE
2026-09-07 07:53:30,BKL.01,ITABAL8,0.0,58.33,SAFE
2026-09-07 07:53:30,BKL.02,ITABAL8,0.0,0.72,SAFE
2026-09-07 07:53:30,BNE.02,ITABAL8,0.0,1.52,SAFE
2026-09-07 07:53:30,BNE.03,ITABAL8,0.0,0.63,SAFE
2026-09-07 07:53:30,BNE.04,ITABAL8,0.0,0.55,SAFE
2026-09-06 23:59:00,BNY.03,CSA BONTANG SIS,0.0,0.97,SAFE
2026-09-06 23:59:00,BTG.03,CSA BONTANG SIS,0.0,9.36,SAFE
2026-09-06 23:59:00,BTG.04,CSA BONTANG SIS,0.0,175.0,SAFE
2026-09-06 23:59:00,FLR.02,CSA BONTANG SIS,0.0,0.75,SAFE
,JKT.01,ITABAL9,0.0,25.36,SAFE
,JKT.02,ITABAL9,0.0,7.78,SAFE
,JKT.03,ITABAL9,0.0,4.16,SAFE
,JKT.04,ITABAL9,0.0,1.17,SAFE
,JKT.05,ITABAL9,0.0,5.68,SAFE
,JKT.06,ITABAL9,0.0,7.45,SAFE
,JKT.07,ITABAL9,0.0,11.55,SAFE
,JKT.08,ITABAL9,0.0,4.26,SAFE
2026-09-07 07:53:30,JMB.01,ITABAL8,0.0,3.07,SAFE
2026-09-07 07:53:30,JMB.03,ITABAL8,0.0,1.02,SAFE
,JMB.04,ITABAL9,0.0,0.77,SAFE
2026-09-06 23:59:00,KRC.02,VP SABANG TIMUR SIS,0.0,1.04,SAFE
2026-09-07 07:53:30,KRC.03,ITABAL8,0.0,1.31,SAFE
2026-09-06 23:59:00,KRC.05,VP SABANG TIMUR SIS,0.0,1.93,SAFE
2026-09-06 23:59:00,KRC.07,VP SABANG TIMUR SIS,0.0,2.15,SAFE
2026-09-07 07:53:30,LHT.01,ITABAL8,0.0,5.84,SAFE
2026-09-07 07:53:30,LPG.01,ITABAL8,0.0,2.05,SAFE
2026-09-07 07:53:30,LPG.02,ITABAL8,0.0,12.03,SAFE
2026-09-07 07:53:30,LPG.03,ITABAL8,0.0,6.96,SAFE
2026-09-07 07:53:30,LPG.06,ITABAL8,0.0,6.69,SAFE
2026-09-07 07:53:30,LPG.07,ITABAL8,0.0,12.92,SAFE
2026-09-07 07:53:30,MDN.01,ITABAL8,0.0,3.37,SAFE
2026-09-07 07:53:30,MDN.02,ITABAL8,0.0,2.53,SAFE
2026-09-07 07:53:30,MDN.03,ITABAL8,0.0,7.25,SAFE
2026-09-07 07:53:30,MDN.04,ITABAL8,0.0,1.95,SAFE
,MIA.01,ITABAL9,0.0,1.22,SAFE
,MIA.02,ITABAL9,0.0,17.59,SAFE
,MIA.03,ITABAL9,0.0,4.28,SAFE
2026-09-06 23:59:00,MIA.04,PITSTOP AMBON SIS,0.0,2.31,SAFE
,MIA.05,ITABAL9,0.0,20.96,SAFE
,MIA.06,ITABAL9,0.0,1.16,SAFE
2026-09-06 23:59:00,MKS.01,CSA BONTANG SIS,0.0,0.72,SAFE
2026-09-06 23:59:00,MKS.02,PITSTOP AMBON SIS,0.0,1.06,SAFE
,MKS.03,ROM 13,0.0,8.2,SAFE
,MKS.04,ROM 13,0.0,3.08,SAFE
2026-09-06 23:59:00,MND.02,CSA BONTANG SIS,0.0,2.49,SAFE
2026-09-06 23:59:00,MRK.01,VP SABANG TIMUR SIS,0.0,1.65,SAFE
2026-09-06 23:59:00,MTM.01,PITSTOP AMBON SIS,0.0,1.64,SAFE
2026-09-06 23:59:00,MTP.01,PITSTOP AMBON SIS,0.0,1.01,SAFE
2026-09-06 23:59:00,MTR.01,VP SABANG TIMUR SIS,0.0,1.67,SAFE
2026-09-07 07:53:30,NIS.01,ITABAL8,0.0,0.57,SAFE
2026-09-07 07:53:30,NIS.02,ITABAL8,0.0,0.86,SAFE
2026-09-07 07:53:30,NIS.03,ITABAL8,0.0,1.03,SAFE
,PDG.01,ITABAL9,0.0,0.52,SAFE
2026-09-07 07:53:30,PLB.01,ITABAL8,0.0,1.87,SAFE
2026-09-07 07:53:30,PLB.02,ITABAL8,0.0,0.84,SAFE
2026-09-07 07:53:30,PLB.03,ITABAL8,0.0,2.0,SAFE
2026-09-07 07:53:30,PLB.04,ITABAL8,0.0,13.62,SAFE
2026-09-06 23:59:00,PLU.04,CSA BONTANG SIS,0.0,2.36,SAFE
2026-09-06 23:59:00,RIU.02,VP SABANG TIMUR SIS,0.0,0.61,SAFE
2026-09-06 23:59:00,RIU.04,VP SABANG TIMUR SIS,0.0,0.51,SAFE
2026-09-06 23:59:00,SBG.02,VP SABANG TIMUR SIS,0.0,1.91,SAFE
2026-09-06 23:59:00,SBG.03,VP SABANG TIMUR SIS,0.0,5.65,SAFE
2026-09-06 23:59:00,SBG.04,VP SABANG TIMUR SIS,0.0,0.63,SAFE
2026-09-06 23:59:00,SBG.05,VP SABANG TIMUR SIS,0.0,21.21,SAFE
2026-09-07 07:53:30,SBG.06,ITABAL8,0.0,14.52,SAFE
2026-09-06 23:59:00,SBG.08,VP SABANG TIMUR SIS,0.0,1.35,SAFE
2026-09-06 23:59:00,SBG.10,VP SABANG TIMUR SIS,0.0,2.05,SAFE
2026-09-06 23:59:00,SBG.11,VP SABANG TIMUR SIS,0.0,0.75,SAFE
2026-09-06 23:59:00,SGT.02,CSA BONTANG SIS,0.0,0.19,SAFE
2026-09-06 23:59:00,SMB.02,CSA BONTANG SIS,0.0,2.63,SAFE
2026-09-06 23:59:00,SMB.03,CSA BONTANG SIS,0.0,4.72,SAFE
2026-09-06 23:59:00,SNT.01,PITSTOP AMBON SIS,0.0,1.34,SAFE
2026-09-06 23:59:00,TJG.01,CSA BONTANG SIS,0.0,1.99,SAFE
2026-09-06 23:59:00,TJG.02,CSA BONTANG SIS,0.0,5.65,SAFE
2026-09-07 09:39:00,AMB.01,PITSTOP AMBON SIS,0.0,7.46,SAFE
2026-09-07 09:38:00,BDG.02,VP OB 1 SIS,0.0,19.31,SAFE
2026-09-07 09:38:00,BDG.03,VP OB 1 SIS,0.0,5.73,SAFE
2026-09-07 09:38:00,BDG.04,VP OB 1 SIS,0.0,1.07,SAFE
,BDG.05,ITABAL9,0.0,2.1,SAFE
2026-09-07 09:39:00,BGK.01,VP SABANG TIMUR SIS,0.0,1.59,SAFE
2026-09-07 09:39:00,BGK.02,VP SABANG TIMUR SIS,0.0,18.92,SAFE
,BGR.01,ITABAL9,0.0,1.34,SAFE
2026-09-07 09:38:00,BJB.03,CSA BONTANG SIS,0.0,1.34,SAFE
2026-09-07 09:39:00,BJM.01,PITSTOP AMBON SIS,0.0,3.86,SAFE
2026-09-07 09:38:00,BJM.02,CSA BONTANG SIS,0.0,1.68,SAFE
2026-09-07 09:38:29,BKL.01,ITABAL8,0.0,58.33,SAFE
2026-09-07 09:38:29,BKL.02,ITABAL8,0.0,0.72,SAFE
2026-09-07 09:38:29,BNE.02,ITABAL8,0.0,1.52,SAFE
2026-09-07 09:38:29,BNE.03,ITABAL8,0.0,0.63,SAFE
2026-09-07 09:38:29,BNE.04,ITABAL8,0.0,0.55,SAFE
2026-09-07 09:38:00,BNY.03,CSA BONTANG SIS,0.0,0.97,SAFE
2026-09-07 09:38:00,BTG.03,CSA BONTANG SIS,0.0,9.36,SAFE
2026-09-07 09:38:00,BTG.04,CSA BONTANG SIS,0.0,175.0,SAFE
2026-09-07 09:38:00,FLR.02,CSA BONTANG SIS,0.0,0.75,SAFE
,JKT.01,ITABAL9,0.0,25.36,SAFE
,JKT.02,ITABAL9,0.0,7.78,SAFE
,JKT.03,ITABAL9,0.0,4.16,SAFE
,JKT.04,ITABAL9,0.0,1.17,SAFE
,JKT.05,ITABAL9,0.0,5.68,SAFE
,JKT.06,ITABAL9,0.0,7.45,SAFE
,JKT.07,ITABAL9,0.0,11.55,SAFE
,JKT.08,ITABAL9,0.0,4.26,SAFE
2026-09-07 09:38:29,JMB.01,ITABAL8,0.0,3.07,SAFE
2026-09-07 09:38:29,JMB.03,ITABAL8,0.0,1.02,SAFE
,JMB.04,ITABAL9,0.0,0.77,SAFE
2026-09-07 09:39:00,KRC.02,VP SABANG TIMUR SIS,0.0,1.04,SAFE
2026-09-07 09:38:29,KRC.03,ITABAL8,0.0,1.31,SAFE
2026-09-07 09:39:00,KRC.05,VP SABANG TIMUR SIS,0.0,1.93,SAFE
2026-09-07 09:39:00,KRC.07,VP SABANG TIMUR SIS,0.0,2.15,SAFE
2026-09-07 09:38:29,LHT.01,ITABAL8,0.0,5.84,SAFE
2026-09-07 09:38:29,LPG.01,ITABAL8,0.0,2.05,SAFE
2026-09-07 09:38:29,LPG.02,ITABAL8,0.0,12.03,SAFE
2026-09-07 09:38:29,LPG.03,ITABAL8,0.0,6.96,SAFE
2026-09-07 09:38:29,LPG.06,ITABAL8,0.0,6.69,SAFE
2026-09-07 09:38:29,LPG.07,ITABAL8,0.0,12.92,SAFE
2026-09-07 09:38:29,MDN.01,ITABAL8,0.0,3.37,SAFE
2026-09-07 09:38:29,MDN.02,ITABAL8,0.0,2.53,SAFE
2026-09-07 09:38:29,MDN.03,ITABAL8,0.0,7.25,SAFE
2026-09-07 09:38:29,MDN.04,ITABAL8,0.0,1.95,SAFE
,MIA.01,ITABAL9,0.0,1.22,SAFE
,MIA.02,ITABAL9,0.0,17.59,SAFE
,MIA.03,ITABAL9,0.0,4.28,SAFE
2026-09-07 09:39:00,MIA.04,PITSTOP AMBON SIS,0.0,2.31,SAFE
,MIA.05,ITABAL9,0.0,20.96,SAFE
,MIA.06,ITABAL9,0.0,1.16,SAFE
2026-09-07 09:38:00,MKS.01,CSA BONTANG SIS,0.0,0.72,SAFE
2026-09-07 09:39:00,MKS.02,PITSTOP AMBON SIS,0.0,1.06,SAFE
,MKS.03,ROM 13,0.0,8.2,SAFE
,MKS.04,ROM 13,0.0,3.08,SAFE
2026-09-07 09:38:00,MND.02,CSA BONTANG SIS,0.0,2.49,SAFE
2026-09-07 09:39:00,MRK.01,VP SABANG TIMUR SIS,0.0,1.65,SAFE
2026-09-07 09:39:00,MTM.01,PITSTOP AMBON SIS,0.0,1.64,SAFE
2026-09-07 09:39:00,MTP.01,PITSTOP AMBON SIS,0.0,1.01,SAFE
2026-09-07 09:39:00,MTR.01,VP SABANG TIMUR SIS,0.0,1.67,SAFE
2026-09-07 09:38:29,NIS.01,ITABAL8,0.0,0.57,SAFE
2026-09-07 09:38:29,NIS.02,ITABAL8,0.0,0.86,SAFE
2026-09-07 09:38:29,NIS.03,ITABAL8,0.0,1.03,SAFE
,PDG.01,ITABAL9,0.0,0.52,SAFE
2026-09-07 09:38:29,PLB.01,ITABAL8,0.0,1.87,SAFE
2026-09-07 09:38:29,PLB.02,ITABAL8,0.0,0.84,SAFE
2026-09-07 09:38:29,PLB.03,ITABAL8,0.0,2.0,SAFE
2026-09-07 09:38:29,PLB.04,ITABAL8,0.0,13.62,SAFE
2026-09-07 09:38:00,PLU.04,CSA BONTANG SIS,0.0,2.36,SAFE
2026-09-07 09:39:00,RIU.02,VP SABANG TIMUR SIS,0.0,0.61,SAFE
2026-09-07 09:39:00,RIU.04,VP SABANG TIMUR SIS,0.0,0.51,SAFE
2026-09-07 09:39:00,SBG.02,VP SABANG TIMUR SIS,0.0,1.91,SAFE
2026-09-07 09:39:00,SBG.03,VP SABANG TIMUR SIS,0.0,5.65,SAFE
2026-09-07 09:39:00,SBG.04,VP SABANG TIMUR SIS,0.0,0.63,SAFE
2026-09-07 09:39:00,SBG.05,VP SABANG TIMUR SIS,0.0,21.21,SAFE
2026-09-07 09:38:29,SBG.06,ITABAL8,0.0,14.52,SAFE
2026-09-07 09:39:00,SBG.08,VP SABANG TIMUR SIS,0.0,1.35,SAFE
2026-09-07 09:39:00,SBG.10,VP SABANG TIMUR SIS,0.0,2.05,SAFE
2026-09-07 09:39:00,SBG.11,VP SABANG TIMUR SIS,0.0,0.75,SAFE
2026-09-07 09:38:00,SGT.02,CSA BONTANG SIS,0.0,0.19,SAFE
2026-09-07 09:38:00,SMB.02,CSA BONTANG SIS,0.0,2.63,SAFE
2026-09-07 09:38:00,SMB.03,CSA BONTANG SIS,0.0,4.72,SAFE
2026-09-07 09:39:00,SNT.01,PITSTOP AMBON SIS,0.0,1.34,SAFE
2026-09-07 09:38:00,TJG.01,CSA BONTANG SIS,0.0,1.99,SAFE
2026-09-07 09:38:00,TJG.02,CSA BONTANG SIS,0.0,5.65,SAFE
2026-09-07 14:37:00,AMB.01,PITSTOP AMBON SIS,0.0,7.46,SAFE
2026-09-07 14:36:00,BDG.02,VP OB 1 SIS,0.0,19.31,SAFE
2026-09-07 14:36:00,BDG.03,VP OB 1 SIS,0.0,5.73,SAFE
2026-09-07 14:36:00,BDG.04,VP OB 1 SIS,0.0,1.07,SAFE
,BDG.05,ITABAL9,0.0,2.1,SAFE
2026-09-07 14:38:00,BGK.01,VP SABANG TIMUR SIS,0.0,1.59,SAFE
2026-09-07 14:38:00,BGK.02,VP SABANG TIMUR SIS,0.0,18.92,SAFE
,BGR.01,ITABAL9,0.0,1.34,SAFE
2026-09-07 14:37:00,BJB.03,CSA BONTANG SIS,0.0,1.34,SAFE
2026-09-07 14:37:00,BJM.01,PITSTOP AMBON SIS,0.0,3.86,SAFE
2026-09-07 14:37:00,BJM.02,CSA BONTANG SIS,0.0,1.68,SAFE
2026-09-07 14:36:59,BKL.01,ITABAL8,0.0,58.33,SAFE
2026-09-07 14:36:59,BKL.02,ITABAL8,0.0,0.72,SAFE
2026-09-07 14:36:59,BNE.02,ITABAL8,0.0,1.52,SAFE
2026-09-07 14:36:59,BNE.03,ITABAL8,0.0,0.63,SAFE
2026-09-07 14:36:59,BNE.04,ITABAL8,0.0,0.55,SAFE
2026-09-07 14:37:00,BNY.03,CSA BONTANG SIS,0.0,0.97,SAFE
2026-09-07 14:37:00,BTG.03,CSA BONTANG SIS,0.0,9.36,SAFE
2026-09-07 14:37:00,BTG.04,CSA BONTANG SIS,0.0,175.0,SAFE
2026-09-07 14:37:00,FLR.02,CSA BONTANG SIS,0.0,0.75,SAFE
,JKT.01,ITABAL9,0.0,25.36,SAFE
,JKT.02,ITABAL9,0.0,7.78,SAFE
,JKT.03,ITABAL9,0.0,4.16,SAFE
,JKT.04,ITABAL9,0.0,1.17,SAFE
,JKT.05,ITABAL9,0.0,5.68,SAFE
,JKT.06,ITABAL9,0.0,7.45,SAFE
,JKT.07,ITABAL9,0.0,11.55,SAFE
,JKT.08,ITABAL9,0.0,4.26,SAFE
2026-09-07 14:36:59,JMB.01,ITABAL8,0.0,3.07,SAFE
2026-09-07 14:36:59,JMB.03,ITABAL8,0.0,1.02,SAFE
,JMB.04,ITABAL9,0.0,0.77,SAFE
2026-09-07 14:38:00,KRC.02,VP SABANG TIMUR SIS,0.0,1.04,SAFE
2026-09-07 14:36:59,KRC.03,ITABAL8,0.0,1.31,SAFE
2026-09-07 14:38:00,KRC.05,VP SABANG TIMUR SIS,0.0,1.93,SAFE
2026-09-07 14:38:00,KRC.07,VP SABANG TIMUR SIS,0.0,2.15,SAFE
2026-09-07 14:36:59,LHT.01,ITABAL8,0.0,5.84,SAFE
2026-09-07 14:36:59,LPG.01,ITABAL8,0.0,2.05,SAFE
2026-09-07 14:36:59,LPG.02,ITABAL8,0.0,12.03,SAFE
2026-09-07 14:36:59,LPG.03,ITABAL8,0.0,6.96,SAFE
2026-09-07 14:36:59,LPG.06,ITABAL8,0.0,6.69,SAFE
2026-09-07 14:36:59,LPG.07,ITABAL8,0.0,12.92,SAFE
2026-09-07 14:36:59,MDN.01,ITABAL8,0.0,3.37,SAFE
2026-09-07 14:36:59,MDN.02,ITABAL8,0.0,2.53,SAFE
2026-09-07 14:36:59,MDN.03,ITABAL8,0.0,7.25,SAFE
2026-09-07 14:36:59,MDN.04,ITABAL8,0.0,1.95,SAFE
,MIA.01,ITABAL9,0.0,1.22,SAFE
,MIA.02,ITABAL9,0.0,17.59,SAFE
,MIA.03,ITABAL9,0.0,4.28,SAFE
2026-09-07 14:37:00,MIA.04,PITSTOP AMBON SIS,0.0,2.31,SAFE
,MIA.05,ITABAL9,0.0,20.96,SAFE
,MIA.06,ITABAL9,0.0,1.16,SAFE
2026-09-07 14:37:00,MKS.01,CSA BONTANG SIS,0.0,0.72,SAFE
2026-09-07 14:37:00,MKS.02,PITSTOP AMBON SIS,0.0,1.06,SAFE
,MKS.03,ROM 13,0.0,8.2,SAFE
,MKS.04,ROM 13,0.0,3.08,SAFE
2026-09-07 14:37:00,MND.02,CSA BONTANG SIS,0.0,2.49,SAFE
2026-09-07 14:38:00,MRK.01,VP SABANG TIMUR SIS,0.0,1.65,SAFE
2026-09-07 14:37:00,MTM.01,PITSTOP AMBON SIS,0.0,1.64,SAFE
2026-09-07 14:37:00,MTP.01,PITSTOP AMBON SIS,0.0,1.01,SAFE
2026-09-07 14:38:00,MTR.01,VP SABANG TIMUR SIS,0.0,1.67,SAFE
2026-09-07 14:36:59,NIS.01,ITABAL8,0.0,0.57,SAFE
2026-09-07 14:36:59,NIS.02,ITABAL8,0.0,0.86,SAFE
2026-09-07 14:36:59,NIS.03,ITABAL8,0.0,1.03,SAFE
,PDG.01,ITABAL9,0.0,0.52,SAFE
2026-09-07 14:36:59,PLB.01,ITABAL8,0.0,1.87,SAFE
2026-09-07 14:36:59,PLB.02,ITABAL8,0.0,0.84,SAFE
2026-09-07 14:36:59,PLB.03,ITABAL8,0.0,2.0,SAFE
2026-09-07 14:36:59,PLB.04,ITABAL8,0.0,13.62,SAFE
2026-09-07 14:37:00,PLU.04,CSA BONTANG SIS,0.0,2.36,SAFE
2026-09-07 14:38:00,RIU.02,VP SABANG TIMUR SIS,0.0,0.61,SAFE
2026-09-07 14:38:00,RIU.04,VP SABANG TIMUR SIS,0.0,0.51,SAFE
2026-09-07 14:38:00,SBG.02,VP SABANG TIMUR SIS,0.0,1.91,SAFE
2026-09-07 14:38:00,SBG.03,VP SABANG TIMUR SIS,0.0,5.65,SAFE
2026-09-07 14:38:00,SBG.04,VP SABANG TIMUR SIS,0.0,0.63,SAFE
2026-09-07 14:38:00,SBG.05,VP SABANG TIMUR SIS,0.0,21.21,SAFE
2026-09-07 14:36:59,SBG.06,ITABAL8,0.0,14.52,SAFE
2026-09-07 14:38:00,SBG.08,VP SABANG TIMUR SIS,0.0,1.35,SAFE
2026-09-07 14:38:00,SBG.10,VP SABANG TIMUR SIS,0.0,2.05,SAFE
2026-09-07 14:38:00,SBG.11,VP SABANG TIMUR SIS,0.0,0.75,SAFE
2026-09-07 14:37:00,SGT.02,CSA BONTANG SIS,0.0,0.19,SAFE
2026-09-07 14:37:00,SMB.02,CSA BONTANG SIS,0.0,2.63,SAFE
2026-09-07 14:37:00,SMB.03,CSA BONTANG SIS,0.0,4.72,SAFE
2026-09-07 14:37:00,SNT.01,PITSTOP AMBON SIS,0.0,1.34,SAFE
2026-09-07 14:37:00,TJG.01,CSA BONTANG SIS,0.0,1.99,SAFE
2026-09-07 14:37:00,TJG.02,CSA BONTANG SIS,0.0,5.65,SAFE
2026-09-07 21:00:00,AMB.01,PITSTOP AMBON SIS,0.0,7.46,SAFE
2026-09-07 20:59:00,BDG.02,VP OB 1 SIS,0.0,19.31,SAFE
2026-09-07 20:59:00,BDG.03,VP OB 1 SIS,0.0,5.73,SAFE
2026-09-07 20:59:00,BDG.04,VP OB 1 SIS,0.0,1.07,SAFE
,BDG.05,ITABAL9,0.0,2.1,SAFE
2026-09-07 21:00:00,BGK.01,VP SABANG TIMUR SIS,0.0,1.59,SAFE
2026-09-07 21:00:00,BGK.02,VP SABANG TIMUR SIS,0.0,18.92,SAFE
,BGR.01,ITABAL9,0.0,1.34,SAFE
2026-09-07 20:59:00,BJB.03,CSA BONTANG SIS,0.0,1.34,SAFE
2026-09-07 21:00:00,BJM.01,PITSTOP AMBON SIS,0.0,3.86,SAFE
2026-09-07 20:59:00,BJM.02,CSA BONTANG SIS,0.0,1.68,SAFE
2026-09-07 20:59:20,BKL.01,ITABAL8,39.4,58.33,SAFE
2026-09-07 20:59:20,BKL.02,ITABAL8,39.4,0.72,OVER
2026-09-07 20:59:20,BNE.02,ITABAL8,39.4,1.52,OVER
2026-09-07 20:59:20,BNE.03,ITABAL8,39.4,0.63,OVER
2026-09-07 20:59:20,BNE.04,ITABAL8,39.4,0.55,OVER
2026-09-07 20:59:00,BNY.03,CSA BONTANG SIS,0.0,0.97,SAFE
2026-09-07 20:59:00,BTG.03,CSA BONTANG SIS,0.0,9.36,SAFE
2026-09-07 20:59:00,BTG.04,CSA BONTANG SIS,0.0,175.0,SAFE
2026-09-07 20:59:00,FLR.02,CSA BONTANG SIS,0.0,0.75,SAFE
,JKT.01,ITABAL9,0.0,25.36,SAFE
,JKT.02,ITABAL9,0.0,7.78,SAFE
,JKT.03,ITABAL9,0.0,4.16,SAFE
,JKT.04,ITABAL9,0.0,1.17,SAFE
,JKT.05,ITABAL9,0.0,5.68,SAFE
,JKT.06,ITABAL9,0.0,7.45,SAFE
,JKT.07,ITABAL9,0.0,11.55,SAFE
,JKT.08,ITABAL9,0.0,4.26,SAFE
2026-09-07 20:59:20,JMB.01,ITABAL8,39.4,3.07,OVER
2026-09-07 20:59:20,JMB.03,ITABAL8,39.4,1.02,OVER
,JMB.04,ITABAL9,0.0,0.77,SAFE
2026-09-07 21:00:00,KRC.02,VP SABANG TIMUR SIS,0.0,1.04,SAFE
2026-09-07 20:59:20,KRC.03,ITABAL8,39.4,1.31,OVER
2026-09-07 21:00:00,KRC.05,VP SABANG TIMUR SIS,0.0,1.93,SAFE
2026-09-07 21:00:00,KRC.07,VP SABANG TIMUR SIS,0.0,2.15,SAFE
2026-09-07 20:59:20,LHT.01,ITABAL8,39.4,5.84,OVER
2026-09-07 20:59:20,LPG.01,ITABAL8,39.4,2.05,OVER
2026-09-07 20:59:20,LPG.02,ITABAL8,39.4,12.03,OVER
2026-09-07 20:59:20,LPG.03,ITABAL8,39.4,6.96,OVER
2026-09-07 20:59:20,LPG.06,ITABAL8,39.4,6.69,OVER
2026-09-07 20:59:20,LPG.07,ITABAL8,39.4,12.92,OVER
2026-09-07 20:59:20,MDN.01,ITABAL8,39.4,3.37,OVER
2026-09-07 20:59:20,MDN.02,ITABAL8,39.4,2.53,OVER
2026-09-07 20:59:20,MDN.03,ITABAL8,39.4,7.25,OVER
2026-09-07 20:59:20,MDN.04,ITABAL8,39.4,1.95,OVER
,MIA.01,ITABAL9,0.0,1.22,SAFE
,MIA.02,ITABAL9,0.0,17.59,SAFE
,MIA.03,ITABAL9,0.0,4.28,SAFE
2026-09-07 21:00:00,MIA.04,PITSTOP AMBON SIS,0.0,2.31,SAFE
,MIA.05,ITABAL9,0.0,20.96,SAFE
,MIA.06,ITABAL9,0.0,1.16,SAFE
2026-09-07 20:59:00,MKS.01,CSA BONTANG SIS,0.0,0.72,SAFE
2026-09-07 21:00:00,MKS.02,PITSTOP AMBON SIS,0.0,1.06,SAFE
,MKS.03,ROM 13,0.0,8.2,SAFE
,MKS.04,ROM 13,0.0,3.08,SAFE
2026-09-07 20:59:00,MND.02,CSA BONTANG SIS,0.0,2.49,SAFE
2026-09-07 21:00:00,MRK.01,VP SABANG TIMUR SIS,0.0,1.65,SAFE
2026-09-07 21:00:00,MTM.01,PITSTOP AMBON SIS,0.0,1.64,SAFE
2026-09-07 21:00:00,MTP.01,PITSTOP AMBON SIS,0.0,1.01,SAFE
2026-09-07 21:00:00,MTR.01,VP SABANG TIMUR SIS,0.0,1.67,SAFE
2026-09-07 20:59:20,NIS.01,ITABAL8,39.4,0.57,OVER
2026-09-07 20:59:20,NIS.02,ITABAL8,39.4,0.86,OVER
2026-09-07 20:59:20,NIS.03,ITABAL8,39.4,1.03,OVER
,PDG.01,ITABAL9,0.0,0.52,SAFE
2026-09-07 20:59:20,PLB.01,ITABAL8,39.4,1.87,OVER
2026-09-07 20:59:20,PLB.02,ITABAL8,39.4,0.84,OVER
2026-09-07 20:59:20,PLB.03,ITABAL8,39.4,2.0,OVER
2026-09-07 20:59:20,PLB.04,ITABAL8,39.4,13.62,OVER
2026-09-07 20:59:00,PLU.04,CSA BONTANG SIS,0.0,2.36,SAFE
2026-09-07 21:00:00,RIU.02,VP SABANG TIMUR SIS,0.0,0.61,SAFE
2026-09-07 21:00:00,RIU.04,VP SABANG TIMUR SIS,0.0,0.51,SAFE
2026-09-07 21:00:00,SBG.02,VP SABANG TIMUR SIS,0.0,1.91,SAFE
2026-09-07 21:00:00,SBG.03,VP SABANG TIMUR SIS,0.0,5.65,SAFE
2026-09-07 21:00:00,SBG.04,VP SABANG TIMUR SIS,0.0,0.63,SAFE
2026-09-07 21:00:00,SBG.05,VP SABANG TIMUR SIS,0.0,21.21,SAFE
2026-09-07 20:59:20,SBG.06,ITABAL8,39.4,14.52,OVER
2026-09-07 21:00:00,SBG.08,VP SABANG TIMUR SIS,0.0,1.35,SAFE
2026-09-07 21:00:00,SBG.10,VP SABANG TIMUR SIS,0.0,2.05,SAFE
2026-09-07 21:00:00,SBG.11,VP SABANG TIMUR SIS,0.0,0.75,SAFE
2026-09-07 20:59:00,SGT.02,CSA BONTANG SIS,0.0,0.19,SAFE
2026-09-07 20:59:00,SMB.02,CSA BONTANG SIS,0.0,2.63,SAFE
2026-09-07 20:59:00,SMB.03,CSA BONTANG SIS,0.0,4.72,SAFE
2026-09-07 21:00:00,SNT.01,PITSTOP AMBON SIS,0.0,1.34,SAFE
2026-09-07 20:59:00,TJG.01,CSA BONTANG SIS,0.0,1.99,SAFE
2026-09-07 20:59:00,TJG.02,CSA BONTANG SIS,0.0,5.65,SAFE
2026-09-07 23:59:00,AMB.01,PITSTOP AMBON SIS,0.0,7.46,SAFE
2026-09-07 23:59:00,BDG.02,VP OB 1 SIS,0.0,19.31,SAFE
2026-09-07 23:59:00,BDG.03,VP OB 1 SIS,0.0,5.73,SAFE
2026-09-07 23:59:00,BDG.04,VP OB 1 SIS,0.0,1.07,SAFE
,BDG.05,ITABAL9,0.0,2.1,SAFE
2026-09-07 23:59:00,BGK.01,VP SABANG TIMUR SIS,0.0,1.59,SAFE
2026-09-07 23:59:00,BGK.02,VP SABANG TIMUR SIS,0.0,18.92,SAFE
,BGR.01,ITABAL9,0.0,1.34,SAFE
2026-09-07 23:59:00,BJB.03,CSA BONTANG SIS,0.0,1.34,SAFE
2026-09-07 23:59:00,BJM.01,PITSTOP AMBON SIS,0.0,3.86,SAFE
2026-09-07 23:59:00,BJM.02,CSA BONTANG SIS,0.0,1.68,SAFE
2026-09-08 02:10:12,BKL.01,ITABAL8,0.0,58.33,SAFE
2026-09-08 02:10:12,BKL.02,ITABAL8,0.0,0.72,SAFE
2026-09-08 02:10:12,BNE.02,ITABAL8,0.0,1.52,SAFE
2026-09-08 02:10:12,BNE.03,ITABAL8,0.0,0.63,SAFE
2026-09-08 02:10:12,BNE.04,ITABAL8,0.0,0.55,SAFE
2026-09-07 23:59:00,BNY.03,CSA BONTANG SIS,0.0,0.97,SAFE
2026-09-07 23:59:00,BTG.03,CSA BONTANG SIS,0.0,9.36,SAFE
2026-09-07 23:59:00,BTG.04,CSA BONTANG SIS,0.0,175.0,SAFE
2026-09-07 23:59:00,FLR.02,CSA BONTANG SIS,0.0,0.75,SAFE
,JKT.01,ITABAL9,0.0,25.36,SAFE
,JKT.02,ITABAL9,0.0,7.78,SAFE
,JKT.03,ITABAL9,0.0,4.16,SAFE
,JKT.04,ITABAL9,0.0,1.17,SAFE
,JKT.05,ITABAL9,0.0,5.68,SAFE
,JKT.06,ITABAL9,0.0,7.45,SAFE
,JKT.07,ITABAL9,0.0,11.55,SAFE
,JKT.08,ITABAL9,0.0,4.26,SAFE
2026-09-08 02:10:12,JMB.01,ITABAL8,0.0,3.07,SAFE
2026-09-08 02:10:12,JMB.03,ITABAL8,0.0,1.02,SAFE
,JMB.04,ITABAL9,0.0,0.77,SAFE
2026-09-07 23:59:00,KRC.02,VP SABANG TIMUR SIS,0.0,1.04,SAFE
2026-09-08 02:10:12,KRC.03,ITABAL8,0.0,1.31,SAFE
2026-09-07 23:59:00,KRC.05,VP SABANG TIMUR SIS,0.0,1.93,SAFE
2026-09-07 23:59:00,KRC.07,VP SABANG TIMUR SIS,0.0,2.15,SAFE
2026-09-08 02:10:12,LHT.01,ITABAL8,0.0,5.84,SAFE
2026-09-08 02:10:12,LPG.01,ITABAL8,0.0,2.05,SAFE
2026-09-08 02:10:12,LPG.02,ITABAL8,0.0,12.03,SAFE
2026-09-08 02:10:12,LPG.03,ITABAL8,0.0,6.96,SAFE
2026-09-08 02:10:12,LPG.06,ITABAL8,0.0,6.69,SAFE
2026-09-08 02:10:12,LPG.07,ITABAL8,0.0,12.92,SAFE
2026-09-08 02:10:12,MDN.01,ITABAL8,0.0,3.37,SAFE
2026-09-08 02:10:12,MDN.02,ITABAL8,0.0,2.53,SAFE
2026-09-08 02:10:12,MDN.03,ITABAL8,0.0,7.25,SAFE
2026-09-08 02:10:12,MDN.04,ITABAL8,0.0,1.95,SAFE
,MIA.01,ITABAL9,0.0,1.22,SAFE
,MIA.02,ITABAL9,0.0,17.59,SAFE
,MIA.03,ITABAL9,0.0,4.28,SAFE
2026-09-07 23:59:00,MIA.04,PITSTOP AMBON SIS,0.0,2.31,SAFE
,MIA.05,ITABAL9,0.0,20.96,SAFE
,MIA.06,ITABAL9,0.0,1.16,SAFE
2026-09-07 23:59:00,MKS.01,CSA BONTANG SIS,0.0,0.72,SAFE
2026-09-07 23:59:00,MKS.02,PITSTOP AMBON SIS,0.0,1.06,SAFE
,MKS.03,ROM 13,0.0,8.2,SAFE
,MKS.04,ROM 13,0.0,3.08,SAFE
2026-09-07 23:59:00,MND.02,CSA BONTANG SIS,0.0,2.49,SAFE
2026-09-07 23:59:00,MRK.01,VP SABANG TIMUR SIS,0.0,1.65,SAFE
2026-09-07 23:59:00,MTM.01,PITSTOP AMBON SIS,0.0,1.64,SAFE
2026-09-07 23:59:00,MTP.01,PITSTOP AMBON SIS,0.0,1.01,SAFE
2026-09-07 23:59:00,MTR.01,VP SABANG TIMUR SIS,0.0,1.67,SAFE
2026-09-08 02:10:12,NIS.01,ITABAL8,0.0,0.57,SAFE
2026-09-08 02:10:12,NIS.02,ITABAL8,0.0,0.86,SAFE
2026-09-08 02:10:12,NIS.03,ITABAL8,0.0,1.03,SAFE
,PDG.01,ITABAL9,0.0,0.52,SAFE
2026-09-08 02:10:12,PLB.01,ITABAL8,0.0,1.87,SAFE
2026-09-08 02:10:12,PLB.02,ITABAL8,0.0,0.84,SAFE
2026-09-08 02:10:12,PLB.03,ITABAL8,0.0,2.0,SAFE
2026-09-08 02:10:12,PLB.04,ITABAL8,0.0,13.62,SAFE
2026-09-07 23:59:00,PLU.04,CSA BONTANG SIS,0.0,2.36,SAFE
2026-09-07 23:59:00,RIU.02,VP SABANG TIMUR SIS,0.0,0.61,SAFE
2026-09-07 23:59:00,RIU.04,VP SABANG TIMUR SIS,0.0,0.51,SAFE
2026-09-07 23:59:00,SBG.02,VP SABANG TIMUR SIS,0.0,1.91,SAFE
2026-09-07 23:59:00,SBG.03,VP SABANG TIMUR SIS,0.0,5.65,SAFE
2026-09-07 23:59:00,SBG.04,VP SABANG TIMUR SIS,0.0,0.63,SAFE
2026-09-07 23:59:00,SBG.05,VP SABANG TIMUR SIS,0.0,21.21,SAFE
2026-09-08 02:10:12,SBG.06,ITABAL8,0.0,14.52,SAFE
2026-09-07 23:59:00,SBG.08,VP SABANG TIMUR SIS,0.0,1.35,SAFE
2026-09-07 23:59:00,SBG.10,VP SABANG TIMUR SIS,0.0,2.05,SAFE
2026-09-07 23:59:00,SBG.11,VP SABANG TIMUR SIS,0.0,0.75,SAFE
2026-09-07 23:59:00,SGT.02,CSA BONTANG SIS,0.0,0.19,SAFE
2026-09-07 23:59:00,SMB.02,CSA BONTANG SIS,0.0,2.63,SAFE
2026-09-07 23:59:00,SMB.03,CSA BONTANG SIS,0.0,4.72,SAFE
2026-09-07 23:59:00,SNT.01,PITSTOP AMBON SIS,0.0,1.34,SAFE
2026-09-07 23:59:00,TJG.01,CSA BONTANG SIS,0.0,1.99,SAFE
2026-09-07 23:59:00,TJG.02,CSA BONTANG SIS,0.0,5.65,SAFE
2026-09-07 23:59:00,AMB.01,PITSTOP AMBON SIS,0.0,7.46,SAFE
2026-09-07 23:59:00,BDG.02,VP OB 1 SIS,0.0,19.31,SAFE
2026-09-07 23:59:00,BDG.03,VP OB 1 SIS,0.0,5.73,SAFE
2026-09-07 23:59:00,BDG.04,VP OB 1 SIS,0.0,1.07,SAFE
,BDG.05,ITABAL9,0.0,2.1,SAFE
2026-09-07 23:59:00,BGK.01,VP SABANG TIMUR SIS,0.0,1.59,SAFE
2026-09-07 23:59:00,BGK.02,VP SABANG TIMUR SIS,0.0,18.92,SAFE
,BGR.01,ITABAL9,0.0,1.34,SAFE
2026-09-07 23:59:00,BJB.03,CSA BONTANG SIS,0.0,1.34,SAFE
2026-09-07 23:59:00,BJM.01,PITSTOP AMBON SIS,0.0,3.86,SAFE
2026-09-07 23:59:00,BJM.02,CSA BONTANG SIS,0.0,1.68,SAFE
2026-09-08 05:29:04,BKL.01,ITABAL8,0.0,58.33,SAFE
2026-09-08 05:29:04,BKL.02,ITABAL8,0.0,0.72,SAFE
2026-09-08 05:29:04,BNE.02,ITABAL8,0.0,1.52,SAFE
2026-09-08 05:29:04,BNE.03,ITABAL8,0.0,0.63,SAFE
2026-09-08 05:29:04,BNE.04,ITABAL8,0.0,0.55,SAFE
2026-09-07 23:59:00,BNY.03,CSA BONTANG SIS,0.0,0.97,SAFE
2026-09-07 23:59:00,BTG.03,CSA BONTANG SIS,0.0,9.36,SAFE
2026-09-07 23:59:00,BTG.04,CSA BONTANG SIS,0.0,175.0,SAFE
2026-09-07 23:59:00,FLR.02,CSA BONTANG SIS,0.0,0.75,SAFE
,JKT.01,ITABAL9,0.0,25.36,SAFE
,JKT.02,ITABAL9,0.0,7.78,SAFE
,JKT.03,ITABAL9,0.0,4.16,SAFE
,JKT.04,ITABAL9,0.0,1.17,SAFE
,JKT.05,ITABAL9,0.0,5.68,SAFE
,JKT.06,ITABAL9,0.0,7.45,SAFE
,JKT.07,ITABAL9,0.0,11.55,SAFE
,JKT.08,ITABAL9,0.0,4.26,SAFE
2026-09-08 05:29:04,JMB.01,ITABAL8,0.0,3.07,SAFE
2026-09-08 05:29:04,JMB.03,ITABAL8,0.0,1.02,SAFE
,JMB.04,ITABAL9,0.0,0.77,SAFE
2026-09-07 23:59:00,KRC.02,VP SABANG TIMUR SIS,0.0,1.04,SAFE
2026-09-08 05:29:04,KRC.03,ITABAL8,0.0,1.31,SAFE
2026-09-07 23:59:00,KRC.05,VP SABANG TIMUR SIS,0.0,1.93,SAFE
2026-09-07 23:59:00,KRC.07,VP SABANG TIMUR SIS,0.0,2.15,SAFE
2026-09-08 05:29:04,LHT.01,ITABAL8,0.0,5.84,SAFE
2026-09-08 05:29:04,LPG.01,ITABAL8,0.0,2.05,SAFE
2026-09-08 05:29:04,LPG.02,ITABAL8,0.0,12.03,SAFE
2026-09-08 05:29:04,LPG.03,ITABAL8,0.0,6.96,SAFE
2026-09-08 05:29:04,LPG.06,ITABAL8,0.0,6.69,SAFE
2026-09-08 05:29:04,LPG.07,ITABAL8,0.0,12.92,SAFE
2026-09-08 05:29:04,MDN.01,ITABAL8,0.0,3.37,SAFE
2026-09-08 05:29:04,MDN.02,ITABAL8,0.0,2.53,SAFE
2026-09-08 05:29:04,MDN.03,ITABAL8,0.0,7.25,SAFE
2026-09-08 05:29:04,MDN.04,ITABAL8,0.0,1.95,SAFE
,MIA.01,ITABAL9,0.0,1.22,SAFE
,MIA.02,ITABAL9,0.0,17.59,SAFE
,MIA.03,ITABAL9,0.0,4.28,SAFE
2026-09-07 23:59:00,MIA.04,PITSTOP AMBON SIS,0.0,2.31,SAFE
,MIA.05,ITABAL9,0.0,20.96,SAFE
,MIA.06,ITABAL9,0.0,1.16,SAFE
2026-09-07 23:59:00,MKS.01,CSA BONTANG SIS,0.0,0.72,SAFE
2026-09-07 23:59:00,MKS.02,PITSTOP AMBON SIS,0.0,1.06,SAFE
,MKS.03,ROM 13,0.0,8.2,SAFE
,MKS.04,ROM 13,0.0,3.08,SAFE
2026-09-07 23:59:00,MND.02,CSA BONTANG SIS,0.0,2.49,SAFE
2026-09-07 23:59:00,MRK.01,VP SABANG TIMUR SIS,0.0,1.65,SAFE
2026-09-07 23:59:00,MTM.01,PITSTOP AMBON SIS,0.0,1.64,SAFE
2026-09-07 23:59:00,MTP.01,PITSTOP AMBON SIS,0.0,1.01,SAFE
2026-09-07 23:59:00,MTR.01,VP SABANG TIMUR SIS,0.0,1.67,SAFE
2026-09-08 05:29:04,NIS.01,ITABAL8,0.0,0.57,SAFE
2026-09-08 05:29:04,NIS.02,ITABAL8,0.0,0.86,SAFE
2026-09-08 05:29:04,NIS.03,ITABAL8,0.0,1.03,SAFE
,PDG.01,ITABAL9,0.0,0.52,SAFE
2026-09-08 05:29:04,PLB.01,ITABAL8,0.0,1.87,SAFE
2026-09-08 05:29:04,PLB.02,ITABAL8,0.0,0.84,SAFE
2026-09-08 05:29:04,PLB.03,ITABAL8,0.0,2.0,SAFE
2026-09-08 05:29:04,PLB.04,ITABAL8,0.0,13.62,SAFE
2026-09-07 23:59:00,PLU.04,CSA BONTANG SIS,0.0,2.36,SAFE
2026-09-07 23:59:00,RIU.02,VP SABANG TIMUR SIS,0.0,0.61,SAFE
2026-09-07 23:59:00,RIU.04,VP SABANG TIMUR SIS,0.0,0.51,SAFE
2026-09-07 23:59:00,SBG.02,VP SABANG TIMUR SIS,0.0,1.91,SAFE
2026-09-07 23:59:00,SBG.03,VP SABANG TIMUR SIS,0.0,5.65,SAFE
2026-09-07 23:59:00,SBG.04,VP SABANG TIMUR SIS,0.0,0.63,SAFE
2026-09-07 23:59:00,SBG.05,VP SABANG TIMUR SIS,0.0,21.21,SAFE
2026-09-08 05:29:04,SBG.06,ITABAL8,0.0,14.52,SAFE
2026-09-07 23:59:00,SBG.08,VP SABANG TIMUR SIS,0.0,1.35,SAFE
2026-09-07 23:59:00,SBG.10,VP SABANG TIMUR SIS,0.0,2.05,SAFE
2026-09-07 23:59:00,SBG.11,VP SABANG TIMUR SIS,0.0,0.75,SAFE
2026-09-07 23:59:00,SGT.02,CSA BONTANG SIS,0.0,0.19,SAFE
2026-09-07 23:59:00,SMB.02,CSA BONTANG SIS,0.0,2.63,SAFE
2026-09-07 23:59:00,SMB.03,CSA BONTANG SIS,0.0,4.72,SAFE
2026-09-07 23:59:00,SNT.01,PITSTOP AMBON SIS,0.0,1.34,SAFE
2026-09-07 23:59:00,TJG.01,CSA BONTANG SIS,0.0,1.99,SAFE
2026-09-07 23:59:00,TJG.02,CSA BONTANG SIS,0.0,5.65,SAFE
2026-09-07 23:59:00,AMB.01,PITSTOP AMBON SIS,0.0,7.46,SAFE
2026-09-07 23:59:00,BDG.02,VP OB 1 SIS,0.0,19.31,SAFE
2026-09-07 23:59:00,BDG.03,VP OB 1 SIS,0.0,5.73,SAFE
2026-09-07 23:59:00,BDG.04,VP OB 1 SIS,0.0,1.07,SAFE
,BDG.05,ITABAL9,0.0,2.1,SAFE
2026-09-07 23:59:00,BGK.01,VP SABANG TIMUR SIS,0.0,1.59,SAFE
2026-09-07 23:59:00,BGK.02,VP SABANG TIMUR SIS,0.0,18.92,SAFE
,BGR.01,ITABAL9,0.0,1.34,SAFE
2026-09-07 23:59:00,BJB.03,CSA BONTANG SIS,0.0,1.34,SAFE
2026-09-07 23:59:00,BJM.01,PITSTOP AMBON SIS,0.0,3.86,SAFE
2026-09-07 23:59:00,BJM.02,CSA BONTANG SIS,0.0,1.68,SAFE
2026-09-08 07:40:52,BKL.01,ITABAL8,0.0,58.33,SAFE
2026-09-08 07:40:52,BKL.02,ITABAL8,0.0,0.72,SAFE
2026-09-08 07:40:52,BNE.02,ITABAL8,0.0,1.52,SAFE
2026-09-08 07:40:52,BNE.03,ITABAL8,0.0,0.63,SAFE
2026-09-08 07:40:52,BNE.04,ITABAL8,0.0,0.55,SAFE
2026-09-07 23:59:00,BNY.03,CSA BONTANG SIS,0.0,0.97,SAFE
2026-09-07 23:59:00,BTG.03,CSA BONTANG SIS,0.0,9.36,SAFE
2026-09-07 23:59:00,BTG.04,CSA BONTANG SIS,0.0,175.0,SAFE
2026-09-07 23:59:00,FLR.02,CSA BONTANG SIS,0.0,0.75,SAFE
,JKT.01,ITABAL9,0.0,25.36,SAFE
,JKT.02,ITABAL9,0.0,7.78,SAFE
,JKT.03,ITABAL9,0.0,4.16,SAFE
,JKT.04,ITABAL9,0.0,1.17,SAFE
,JKT.05,ITABAL9,0.0,5.68,SAFE
,JKT.06,ITABAL9,0.0,7.45,SAFE
,JKT.07,ITABAL9,0.0,11.55,SAFE
,JKT.08,ITABAL9,0.0,4.26,SAFE
2026-09-08 07:40:52,JMB.01,ITABAL8,0.0,3.07,SAFE
2026-09-08 07:40:52,JMB.03,ITABAL8,0.0,1.02,SAFE
,JMB.04,ITABAL9,0.0,0.77,SAFE
2026-09-07 23:59:00,KRC.02,VP SABANG TIMUR SIS,0.0,1.04,SAFE
2026-09-08 07:40:52,KRC.03,ITABAL8,0.0,1.31,SAFE
2026-09-07 23:59:00,KRC.05,VP SABANG TIMUR SIS,0.0,1.93,SAFE
2026-09-07 23:59:00,KRC.07,VP SABANG TIMUR SIS,0.0,2.15,SAFE
2026-09-08 07:40:52,LHT.01,ITABAL8,0.0,5.84,SAFE
2026-09-08 07:40:52,LPG.01,ITABAL8,0.0,2.05,SAFE
2026-09-08 07:40:52,LPG.02,ITABAL8,0.0,12.03,SAFE
2026-09-08 07:40:52,LPG.03,ITABAL8,0.0,6.96,SAFE
2026-09-08 07:40:52,LPG.06,ITABAL8,0.0,6.69,SAFE
2026-09-08 07:40:52,LPG.07,ITABAL8,0.0,12.92,SAFE
2026-09-08 07:40:52,MDN.01,ITABAL8,0.0,3.37,SAFE
2026-09-08 07:40:52,MDN.02,ITABAL8,0.0,2.53,SAFE
2026-09-08 07:40:52,MDN.03,ITABAL8,0.0,7.25,SAFE
2026-09-08 07:40:52,MDN.04,ITABAL8,0.0,1.95,SAFE
,MIA.01,ITABAL9,0.0,1.22,SAFE
,MIA.02,ITABAL9,0.0,17.59,SAFE
,MIA.03,ITABAL9,0.0,4.28,SAFE
2026-09-07 23:59:00,MIA.04,PITSTOP AMBON SIS,0.0,2.31,SAFE
,MIA.05,ITABAL9,0.0,20.96,SAFE
,MIA.06,ITABAL9,0.0,1.16,SAFE
2026-09-07 23:59:00,MKS.01,CSA BONTANG SIS,0.0,0.72,SAFE
2026-09-07 23:59:00,MKS.02,PITSTOP AMBON SIS,0.0,1.06,SAFE
,MKS.03,ROM 13,0.0,8.2,SAFE
,MKS.04,ROM 13,0.0,3.08,SAFE
2026-09-07 23:59:00,MND.02,CSA BONTANG SIS,0.0,2.49,SAFE
2026-09-07 23:59:00,MRK.01,VP SABANG TIMUR SIS,0.0,1.65,SAFE
2026-09-07 23:59:00,MTM.01,PITSTOP AMBON SIS,0.0,1.64,SAFE
2026-09-07 23:59:00,MTP.01,PITSTOP AMBON SIS,0.0,1.01,SAFE
2026-09-07 23:59:00,MTR.01,VP SABANG TIMUR SIS,0.0,1.67,SAFE
2026-09-08 07:40:52,NIS.01,ITABAL8,0.0,0.57,SAFE
2026-09-08 07:40:52,NIS.02,ITABAL8,0.0,0.86,SAFE
2026-09-08 07:40:52,NIS.03,ITABAL8,0.0,1.03,SAFE
,PDG.01,ITABAL9,0.0,0.52,SAFE
2026-09-08 07:40:52,PLB.01,ITABAL8,0.0,1.87,SAFE
2026-09-08 07:40:52,PLB.02,ITABAL8,0.0,0.84,SAFE
2026-09-08 07:40:52,PLB.03,ITABAL8,0.0,2.0,SAFE
2026-09-08 07:40:52,PLB.04,ITABAL8,0.0,13.62,SAFE
2026-09-07 23:59:00,PLU.04,CSA BONTANG SIS,0.0,2.36,SAFE
2026-09-07 23:59:00,RIU.02,VP SABANG TIMUR SIS,0.0,0.61,SAFE
2026-09-07 23:59:00,RIU.04,VP SABANG TIMUR SIS,0.0,0.51,SAFE
2026-09-07 23:59:00,SBG.02,VP SABANG TIMUR SIS,0.0,1.91,SAFE
2026-09-07 23:59:00,SBG.03,VP SABANG TIMUR SIS,0.0,5.65,SAFE
2026-09-07 23:59:00,SBG.04,VP SABANG TIMUR SIS,0.0,0.63,SAFE
2026-09-07 23:59:00,SBG.05,VP SABANG TIMUR SIS,0.0,21.21,SAFE
2026-09-08 07:40:52,SBG.06,ITABAL8,0.0,14.52,SAFE
2026-09-07 23:59:00,SBG.08,VP SABANG TIMUR SIS,0.0,1.35,SAFE
2026-09-07 23:59:00,SBG.10,VP SABANG TIMUR SIS,0.0,2.05,SAFE
2026-09-07 23:59:00,SBG.11,VP SABANG TIMUR SIS,0.0,0.75,SAFE
2026-09-07 23:59:00,SGT.02,CSA BONTANG SIS,0.0,0.19,SAFE
2026-09-07 23:59:00,SMB.02,CSA BONTANG SIS,0.0,2.63,SAFE
2026-09-07 23:59:00,SMB.03,CSA BONTANG SIS,0.0,4.72,SAFE
2026-09-07 23:59:00,SNT.01,PITSTOP AMBON SIS,0.0,1.34,SAFE
2026-09-07 23:59:00,TJG.01,CSA BONTANG SIS,0.0,1.99,SAFE
2026-09-07 23:59:00,TJG.02,CSA BONTANG SIS,0.0,5.65,SAFE
2026-09-08 09:24:00,AMB.01,PITSTOP AMBON SIS,0.0,7.46,SAFE
2026-09-08 09:23:00,BDG.02,VP OB 1 SIS,0.0,19.31,SAFE
2026-09-08 09:23:00,BDG.03,VP OB 1 SIS,0.0,5.73,SAFE
2026-09-08 09:23:00,BDG.04,VP OB 1 SIS,0.0,1.07,SAFE
,BDG.05,ITABAL9,0.0,2.1,SAFE
2026-09-08 09:25:00,BGK.01,VP SABANG TIMUR SIS,0.0,1.59,SAFE
2026-09-08 09:25:00,BGK.02,VP SABANG TIMUR SIS,0.0,18.92,SAFE
,BGR.01,ITABAL9,0.0,1.34,SAFE
2026-09-08 09:23:00,BJB.03,CSA BONTANG SIS,0.0,1.34,SAFE
2026-09-08 09:24:00,BJM.01,PITSTOP AMBON SIS,0.0,3.86,SAFE
2026-09-08 09:23:00,BJM.02,CSA BONTANG SIS,0.0,1.68,SAFE
2026-09-08 09:23:44,BKL.01,ITABAL8,0.0,58.33,SAFE
2026-09-08 09:23:44,BKL.02,ITABAL8,0.0,0.72,SAFE
2026-09-08 09:23:44,BNE.02,ITABAL8,0.0,1.52,SAFE
2026-09-08 09:23:44,BNE.03,ITABAL8,0.0,0.63,SAFE
2026-09-08 09:23:44,BNE.04,ITABAL8,0.0,0.55,SAFE
2026-09-08 09:23:00,BNY.03,CSA BONTANG SIS,0.0,0.97,SAFE
2026-09-08 09:23:00,BTG.03,CSA BONTANG SIS,0.0,9.36,SAFE
2026-09-08 09:23:00,BTG.04,CSA BONTANG SIS,0.0,175.0,SAFE
2026-09-08 09:23:00,FLR.02,CSA BONTANG SIS,0.0,0.75,SAFE
,JKT.01,ITABAL9,0.0,25.36,SAFE
,JKT.02,ITABAL9,0.0,7.78,SAFE
,JKT.03,ITABAL9,0.0,4.16,SAFE
,JKT.04,ITABAL9,0.0,1.17,SAFE
,JKT.05,ITABAL9,0.0,5.68,SAFE
,JKT.06,ITABAL9,0.0,7.45,SAFE
,JKT.07,ITABAL9,0.0,11.55,SAFE
,JKT.08,ITABAL9,0.0,4.26,SAFE
2026-09-08 09:23:44,JMB.01,ITABAL8,0.0,3.07,SAFE
2026-09-08 09:23:44,JMB.03,ITABAL8,0.0,1.02,SAFE
,JMB.04,ITABAL9,0.0,0.77,SAFE
2026-09-08 09:25:00,KRC.02,VP SABANG TIMUR SIS,0.0,1.04,SAFE
2026-09-08 09:23:44,KRC.03,ITABAL8,0.0,1.31,SAFE
2026-09-08 09:25:00,KRC.05,VP SABANG TIMUR SIS,0.0,1.93,SAFE
2026-09-08 09:25:00,KRC.07,VP SABANG TIMUR SIS,0.0,2.15,SAFE
2026-09-08 09:23:44,LHT.01,ITABAL8,0.0,5.84,SAFE
2026-09-08 09:23:44,LPG.01,ITABAL8,0.0,2.05,SAFE
2026-09-08 09:23:44,LPG.02,ITABAL8,0.0,12.03,SAFE
2026-09-08 09:23:44,LPG.03,ITABAL8,0.0,6.96,SAFE
2026-09-08 09:23:44,LPG.06,ITABAL8,0.0,6.69,SAFE
2026-09-08 09:23:44,LPG.07,ITABAL8,0.0,12.92,SAFE
2026-09-08 09:23:44,MDN.01,ITABAL8,0.0,3.37,SAFE
2026-09-08 09:23:44,MDN.02,ITABAL8,0.0,2.53,SAFE
2026-09-08 09:23:44,MDN.03,ITABAL8,0.0,7.25,SAFE
2026-09-08 09:23:44,MDN.04,ITABAL8,0.0,1.95,SAFE
,MIA.01,ITABAL9,0.0,1.22,SAFE
,MIA.02,ITABAL9,0.0,17.59,SAFE
,MIA.03,ITABAL9,0.0,4.28,SAFE
2026-09-08 09:24:00,MIA.04,PITSTOP AMBON SIS,0.0,2.31,SAFE
,MIA.05,ITABAL9,0.0,20.96,SAFE
,MIA.06,ITABAL9,0.0,1.16,SAFE
2026-09-08 09:23:00,MKS.01,CSA BONTANG SIS,0.0,0.72,SAFE
2026-09-08 09:24:00,MKS.02,PITSTOP AMBON SIS,0.0,1.06,SAFE
,MKS.03,ROM 13,0.0,8.2,SAFE
,MKS.04,ROM 13,0.0,3.08,SAFE
2026-09-08 09:23:00,MND.02,CSA BONTANG SIS,0.0,2.49,SAFE
2026-09-08 09:25:00,MRK.01,VP SABANG TIMUR SIS,0.0,1.65,SAFE
2026-09-08 09:24:00,MTM.01,PITSTOP AMBON SIS,0.0,1.64,SAFE
2026-09-08 09:24:00,MTP.01,PITSTOP AMBON SIS,0.0,1.01,SAFE
2026-09-08 09:25:00,MTR.01,VP SABANG TIMUR SIS,0.0,1.67,SAFE
2026-09-08 09:23:44,NIS.01,ITABAL8,0.0,0.57,SAFE
2026-09-08 09:23:44,NIS.02,ITABAL8,0.0,0.86,SAFE
2026-09-08 09:23:44,NIS.03,ITABAL8,0.0,1.03,SAFE
,PDG.01,ITABAL9,0.0,0.52,SAFE
2026-09-08 09:23:44,PLB.01,ITABAL8,0.0,1.87,SAFE
2026-09-08 09:23:44,PLB.02,ITABAL8,0.0,0.84,SAFE
2026-09-08 09:23:44,PLB.03,ITABAL8,0.0,2.0,SAFE
2026-09-08 09:23:44,PLB.04,ITABAL8,0.0,13.62,SAFE
2026-09-08 09:23:00,PLU.04,CSA BONTANG SIS,0.0,2.36,SAFE
2026-09-08 09:25:00,RIU.02,VP SABANG TIMUR SIS,0.0,0.61,SAFE
2026-09-08 09:25:00,RIU.04,VP SABANG TIMUR SIS,0.0,0.51,SAFE
2026-09-08 09:25:00,SBG.02,VP SABANG TIMUR SIS,0.0,1.91,SAFE
2026-09-08 09:25:00,SBG.03,VP SABANG TIMUR SIS,0.0,5.65,SAFE
2026-09-08 09:25:00,SBG.04,VP SABANG TIMUR SIS,0.0,0.63,SAFE
2026-09-08 09:25:00,SBG.05,VP SABANG TIMUR SIS,0.0,21.21,SAFE
2026-09-08 09:23:44,SBG.06,ITABAL8,0.0,14.52,SAFE
2026-09-08 09:25:00,SBG.08,VP SABANG TIMUR SIS,0.0,1.35,SAFE
2026-09-08 09:25:00,SBG.10,VP SABANG TIMUR SIS,0.0,2.05,SAFE
2026-09-08 09:25:00,SBG.11,VP SABANG TIMUR SIS,0.0,0.75,SAFE
2026-09-08 09:23:00,SGT.02,CSA BONTANG SIS,0.0,0.19,SAFE
2026-09-08 09:23:00,SMB.02,CSA BONTANG SIS,0.0,2.63,SAFE
2026-09-08 09:23:00,SMB.03,CSA BONTANG SIS,0.0,4.72,SAFE
2026-09-08 09:24:00,SNT.01,PITSTOP AMBON SIS,0.0,1.34,SAFE
2026-09-08 09:23:00,TJG.01,CSA BONTANG SIS,0.0,1.99,SAFE
2026-09-08 09:23:00,TJG.02,CSA BONTANG SIS,0.0,5.65,SAFE
2026-09-08 14:06:00,AMB.01,PITSTOP AMBON SIS,0.0,7.46,SAFE
2026-09-08 14:05:00,BDG.02,VP OB 1 SIS,0.0,19.31,SAFE
2026-09-08 14:05:00,BDG.03,VP OB 1 SIS,0.0,5.73,SAFE
2026-09-08 14:05:00,BDG.04,VP OB 1 SIS,0.0,1.07,SAFE
,BDG.05,ITABAL9,0.0,2.1,SAFE
2026-09-08 14:07:00,BGK.01,VP SABANG TIMUR SIS,0.0,1.59,SAFE
2026-09-08 14:07:00,BGK.02,VP SABANG TIMUR SIS,0.0,18.92,SAFE
,BGR.01,ITABAL9,0.0,1.34,SAFE
2026-09-08 14:05:00,BJB.03,CSA BONTANG SIS,0.0,1.34,SAFE
2026-09-08 14:06:00,BJM.01,PITSTOP AMBON SIS,0.0,3.86,SAFE
2026-09-08 14:05:00,BJM.02,CSA BONTANG SIS,0.0,1.68,SAFE
2026-09-08 14:05:38,BKL.01,ITABAL8,0.0,58.33,SAFE
2026-09-08 14:05:38,BKL.02,ITABAL8,0.0,0.72,SAFE
2026-09-08 14:05:38,BNE.02,ITABAL8,0.0,1.52,SAFE
2026-09-08 14:05:38,BNE.03,ITABAL8,0.0,0.63,SAFE
2026-09-08 14:05:38,BNE.04,ITABAL8,0.0,0.55,SAFE
2026-09-08 14:05:00,BNY.03,CSA BONTANG SIS,0.0,0.97,SAFE
2026-09-08 14:05:00,BTG.03,CSA BONTANG SIS,0.0,9.36,SAFE
2026-09-08 14:05:00,BTG.04,CSA BONTANG SIS,0.0,175.0,SAFE
2026-09-08 14:05:00,FLR.02,CSA BONTANG SIS,0.0,0.75,SAFE
,JKT.01,ITABAL9,0.0,25.36,SAFE
,JKT.02,ITABAL9,0.0,7.78,SAFE
,JKT.03,ITABAL9,0.0,4.16,SAFE
,JKT.04,ITABAL9,0.0,1.17,SAFE
,JKT.05,ITABAL9,0.0,5.68,SAFE
,JKT.06,ITABAL9,0.0,7.45,SAFE
,JKT.07,ITABAL9,0.0,11.55,SAFE
,JKT.08,ITABAL9,0.0,4.26,SAFE
2026-09-08 14:05:38,JMB.01,ITABAL8,0.0,3.07,SAFE
2026-09-08 14:05:38,JMB.03,ITABAL8,0.0,1.02,SAFE
,JMB.04,ITABAL9,0.0,0.77,SAFE
2026-09-08 14:07:00,KRC.02,VP SABANG TIMUR SIS,0.0,1.04,SAFE
2026-09-08 14:05:38,KRC.03,ITABAL8,0.0,1.31,SAFE
2026-09-08 14:07:00,KRC.05,VP SABANG TIMUR SIS,0.0,1.93,SAFE
2026-09-08 14:07:00,KRC.07,VP SABANG TIMUR SIS,0.0,2.15,SAFE
2026-09-08 14:05:38,LHT.01,ITABAL8,0.0,5.84,SAFE
2026-09-08 14:05:38,LPG.01,ITABAL8,0.0,2.05,SAFE
2026-09-08 14:05:38,LPG.02,ITABAL8,0.0,12.03,SAFE
2026-09-08 14:05:38,LPG.03,ITABAL8,0.0,6.96,SAFE
2026-09-08 14:05:38,LPG.06,ITABAL8,0.0,6.69,SAFE
2026-09-08 14:05:38,LPG.07,ITABAL8,0.0,12.92,SAFE
2026-09-08 14:05:38,MDN.01,ITABAL8,0.0,3.37,SAFE
2026-09-08 14:05:38,MDN.02,ITABAL8,0.0,2.53,SAFE
2026-09-08 14:05:38,MDN.03,ITABAL8,0.0,7.25,SAFE
2026-09-08 14:05:38,MDN.04,ITABAL8,0.0,1.95,SAFE
,MIA.01,ITABAL9,0.0,1.22,SAFE
,MIA.02,ITABAL9,0.0,17.59,SAFE
,MIA.03,ITABAL9,0.0,4.28,SAFE
2026-09-08 14:06:00,MIA.04,PITSTOP AMBON SIS,0.0,2.31,SAFE
,MIA.05,ITABAL9,0.0,20.96,SAFE
,MIA.06,ITABAL9,0.0,1.16,SAFE
2026-09-08 14:05:00,MKS.01,CSA BONTANG SIS,0.0,0.72,SAFE
2026-09-08 14:06:00,MKS.02,PITSTOP AMBON SIS,0.0,1.06,SAFE
,MKS.03,ROM 13,0.0,8.2,SAFE
,MKS.04,ROM 13,0.0,3.08,SAFE
2026-09-08 14:05:00,MND.02,CSA BONTANG SIS,0.0,2.49,SAFE
2026-09-08 14:07:00,MRK.01,VP SABANG TIMUR SIS,0.0,1.65,SAFE
2026-09-08 14:06:00,MTM.01,PITSTOP AMBON SIS,0.0,1.64,SAFE
2026-09-08 14:06:00,MTP.01,PITSTOP AMBON SIS,0.0,1.01,SAFE
2026-09-08 14:07:00,MTR.01,VP SABANG TIMUR SIS,0.0,1.67,SAFE
2026-09-08 14:05:38,NIS.01,ITABAL8,0.0,0.57,SAFE
2026-09-08 14:05:38,NIS.02,ITABAL8,0.0,0.86,SAFE
2026-09-08 14:05:38,NIS.03,ITABAL8,0.0,1.03,SAFE
,PDG.01,ITABAL9,0.0,0.52,SAFE
2026-09-08 14:05:38,PLB.01,ITABAL8,0.0,1.87,SAFE
2026-09-08 14:05:38,PLB.02,ITABAL8,0.0,0.84,SAFE
2026-09-08 14:05:38,PLB.03,ITABAL8,0.0,2.0,SAFE
2026-09-08 14:05:38,PLB.04,ITABAL8,0.0,13.62,SAFE
2026-09-08 14:05:00,PLU.04,CSA BONTANG SIS,0.0,2.36,SAFE
2026-09-08 14:07:00,RIU.02,VP SABANG TIMUR SIS,0.0,0.61,SAFE
2026-09-08 14:07:00,RIU.04,VP SABANG TIMUR SIS,0.0,0.51,SAFE
2026-09-08 14:07:00,SBG.02,VP SABANG TIMUR SIS,0.0,1.91,SAFE
2026-09-08 14:07:00,SBG.03,VP SABANG TIMUR SIS,0.0,5.65,SAFE
2026-09-08 14:07:00,SBG.04,VP SABANG TIMUR SIS,0.0,0.63,SAFE
2026-09-08 14:07:00,SBG.05,VP SABANG TIMUR SIS,0.0,21.21,SAFE
2026-09-08 14:05:38,SBG.06,ITABAL8,0.0,14.52,SAFE
2026-09-08 14:07:00,SBG.08,VP SABANG TIMUR SIS,0.0,1.35,SAFE
2026-09-08 14:07:00,SBG.10,VP SABANG TIMUR SIS,0.0,2.05,SAFE
2026-09-08 14:07:00,SBG.11,VP SABANG TIMUR SIS,0.0,0.75,SAFE
2026-09-08 14:05:00,SGT.02,CSA BONTANG SIS,0.0,0.19,SAFE
2026-09-08 14:05:00,SMB.02,CSA BONTANG SIS,0.0,2.63,SAFE
2026-09-08 14:05:00,SMB.03,CSA BONTANG SIS,0.0,4.72,SAFE
2026-09-08 14:06:00,SNT.01,PITSTOP AMBON SIS,0.0,1.34,SAFE
2026-09-08 14:05:00,TJG.01,CSA BONTANG SIS,0.0,1.99,SAFE
2026-09-08 14:05:00,TJG.02,CSA BONTANG SIS,0.0,5.65,SAFE
2026-09-08 19:11:00,AMB.01,PITSTOP AMBON SIS,0.0,7.46,SAFE
2026-09-08 19:10:00,BDG.02,VP OB 1 SIS,0.0,19.31,SAFE
2026-09-08 19:10:00,BDG.03,VP OB 1 SIS,0.0,5.73,SAFE
2026-09-08 19:10:00,BDG.04,VP OB 1 SIS,0.0,1.07,SAFE
,BDG.05,ITABAL9,0.0,2.1,SAFE
2026-09-08 19:12:00,BGK.01,VP SABANG TIMUR SIS,0.0,1.59,SAFE
2026-09-08 19:12:00,BGK.02,VP SABANG TIMUR SIS,0.0,18.92,SAFE
,BGR.01,ITABAL9,0.0,1.34,SAFE
2026-09-08 19:10:00,BJB.03,CSA BONTANG SIS,0.0,1.34,SAFE
2026-09-08 19:11:00,BJM.01,PITSTOP AMBON SIS,0.0,3.86,SAFE
2026-09-08 19:10:00,BJM.02,CSA BONTANG SIS,0.0,1.68,SAFE
2026-09-08 19:10:41,BKL.01,ITABAL8,0.0,58.33,SAFE
2026-09-08 19:10:41,BKL.02,ITABAL8,0.0,0.72,SAFE
2026-09-08 19:10:41,BNE.02,ITABAL8,0.0,1.52,SAFE
2026-09-08 19:10:41,BNE.03,ITABAL8,0.0,0.63,SAFE
2026-09-08 19:10:41,BNE.04,ITABAL8,0.0,0.55,SAFE
2026-09-08 19:10:00,BNY.03,CSA BONTANG SIS,0.0,0.97,SAFE
2026-09-08 19:10:00,BTG.03,CSA BONTANG SIS,0.0,9.36,SAFE
2026-09-08 19:10:00,BTG.04,CSA BONTANG SIS,0.0,175.0,SAFE
2026-09-08 19:10:00,FLR.02,CSA BONTANG SIS,0.0,0.75,SAFE
,JKT.01,ITABAL9,0.0,25.36,SAFE
,JKT.02,ITABAL9,0.0,7.78,SAFE
,JKT.03,ITABAL9,0.0,4.16,SAFE
,JKT.04,ITABAL9,0.0,1.17,SAFE
,JKT.05,ITABAL9,0.0,5.68,SAFE
,JKT.06,ITABAL9,0.0,7.45,SAFE
,JKT.07,ITABAL9,0.0,11.55,SAFE
,JKT.08,ITABAL9,0.0,4.26,SAFE
2026-09-08 19:10:41,JMB.01,ITABAL8,0.0,3.07,SAFE
2026-09-08 19:10:41,JMB.03,ITABAL8,0.0,1.02,SAFE
,JMB.04,ITABAL9,0.0,0.77,SAFE
2026-09-08 19:12:00,KRC.02,VP SABANG TIMUR SIS,0.0,1.04,SAFE
2026-09-08 19:10:41,KRC.03,ITABAL8,0.0,1.31,SAFE
2026-09-08 19:12:00,KRC.05,VP SABANG TIMUR SIS,0.0,1.93,SAFE
2026-09-08 19:12:00,KRC.07,VP SABANG TIMUR SIS,0.0,2.15,SAFE
2026-09-08 19:10:41,LHT.01,ITABAL8,0.0,5.84,SAFE
2026-09-08 19:10:41,LPG.01,ITABAL8,0.0,2.05,SAFE
2026-09-08 19:10:41,LPG.02,ITABAL8,0.0,12.03,SAFE
2026-09-08 19:10:41,LPG.03,ITABAL8,0.0,6.96,SAFE
2026-09-08 19:10:41,LPG.06,ITABAL8,0.0,6.69,SAFE
2026-09-08 19:10:41,LPG.07,ITABAL8,0.0,12.92,SAFE
2026-09-08 19:10:41,MDN.01,ITABAL8,0.0,3.37,SAFE
2026-09-08 19:10:41,MDN.02,ITABAL8,0.0,2.53,SAFE
2026-09-08 19:10:41,MDN.03,ITABAL8,0.0,7.25,SAFE
2026-09-08 19:10:41,MDN.04,ITABAL8,0.0,1.95,SAFE
,MIA.01,ITABAL9,0.0,1.22,SAFE
,MIA.02,ITABAL9,0.0,17.59,SAFE
,MIA.03,ITABAL9,0.0,4.28,SAFE
2026-09-08 19:11:00,MIA.04,PITSTOP AMBON SIS,0.0,2.31,SAFE
,MIA.05,ITABAL9,0.0,20.96,SAFE
,MIA.06,ITABAL9,0.0,1.16,SAFE
2026-09-08 19:10:00,MKS.01,CSA BONTANG SIS,0.0,0.72,SAFE
2026-09-08 19:11:00,MKS.02,PITSTOP AMBON SIS,0.0,1.06,SAFE
,MKS.03,ROM 13,0.0,8.2,SAFE
,MKS.04,ROM 13,0.0,3.08,SAFE
2026-09-08 19:10:00,MND.02,CSA BONTANG SIS,0.0,2.49,SAFE
2026-09-08 19:12:00,MRK.01,VP SABANG TIMUR SIS,0.0,1.65,SAFE
2026-09-08 19:11:00,MTM.01,PITSTOP AMBON SIS,0.0,1.64,SAFE
2026-09-08 19:11:00,MTP.01,PITSTOP AMBON SIS,0.0,1.01,SAFE
2026-09-08 19:12:00,MTR.01,VP SABANG TIMUR SIS,0.0,1.67,SAFE
2026-09-08 19:10:41,NIS.01,ITABAL8,0.0,0.57,SAFE
2026-09-08 19:10:41,NIS.02,ITABAL8,0.0,0.86,SAFE
2026-09-08 19:10:41,NIS.03,ITABAL8,0.0,1.03,SAFE
,PDG.01,ITABAL9,0.0,0.52,SAFE
2026-09-08 19:10:41,PLB.01,ITABAL8,0.0,1.87,SAFE
2026-09-08 19:10:41,PLB.02,ITABAL8,0.0,0.84,SAFE
2026-09-08 19:10:41,PLB.03,ITABAL8,0.0,2.0,SAFE
2026-09-08 19:10:41,PLB.04,ITABAL8,0.0,13.62,SAFE
2026-09-08 19:10:00,PLU.04,CSA BONTANG SIS,0.0,2.36,SAFE
2026-09-08 19:12:00,RIU.02,VP SABANG TIMUR SIS,0.0,0.61,SAFE
2026-09-08 19:12:00,RIU.04,VP SABANG TIMUR SIS,0.0,0.51,SAFE
2026-09-08 19:12:00,SBG.02,VP SABANG TIMUR SIS,0.0,1.91,SAFE
2026-09-08 19:12:00,SBG.03,VP SABANG TIMUR SIS,0.0,5.65,SAFE
2026-09-08 19:12:00,SBG.04,VP SABANG TIMUR SIS,0.0,0.63,SAFE
2026-09-08 19:12:00,SBG.05,VP SABANG TIMUR SIS,0.0,21.21,SAFE
2026-09-08 19:10:41,SBG.06,ITABAL8,0.0,14.52,SAFE
2026-09-08 19:12:00,SBG.08,VP SABANG TIMUR SIS,0.0,1.35,SAFE
2026-09-08 19:12:00,SBG.10,VP SABANG TIMUR SIS,0.0,2.05,SAFE
2026-09-08 19:12:00,SBG.11,VP SABANG TIMUR SIS,0.0,0.75,SAFE
2026-09-08 19:10:00,SGT.02,CSA BONTANG SIS,0.0,0.19,SAFE
2026-09-08 19:10:00,SMB.02,CSA BONTANG SIS,0.0,2.63,SAFE
2026-09-08 19:10:00,SMB.03,CSA BONTANG SIS,0.0,4.72,SAFE
2026-09-08 19:11:00,SNT.01,PITSTOP AMBON SIS,0.0,1.34,SAFE
2026-09-08 19:10:00,TJG.01,CSA BONTANG SIS,0.0,1.99,SAFE
2026-09-08 19:10:00,TJG.02,CSA BONTANG SIS,0.0,5.65,SAFE
2026-09-08 23:06:00,AMB.01,PITSTOP AMBON SIS,0.0,7.46,SAFE
2026-09-08 23:04:00,BDG.02,VP OB 1 SIS,0.0,19.31,SAFE
2026-09-08 23:04:00,BDG.03,VP OB 1 SIS,0.0,5.73,SAFE
2026-09-08 23:04:00,BDG.04,VP OB 1 SIS,0.0,1.07,SAFE
,BDG.05,ITABAL9,0.0,2.1,SAFE
2026-09-08 23:06:00,BGK.01,VP SABANG TIMUR SIS,0.0,1.59,SAFE
2026-09-08 23:06:00,BGK.02,VP SABANG TIMUR SIS,0.0,18.92,SAFE
,BGR.01,ITABAL9,0.0,1.34,SAFE
2026-09-08 23:05:00,BJB.03,CSA BONTANG SIS,0.0,1.34,SAFE
2026-09-08 23:06:00,BJM.01,PITSTOP AMBON SIS,0.0,3.86,SAFE
2026-09-08 23:05:00,BJM.02,CSA BONTANG SIS,0.0,1.68,SAFE
2026-09-08 23:05:12,BKL.01,ITABAL8,0.0,58.33,SAFE
2026-09-08 23:05:12,BKL.02,ITABAL8,0.0,0.72,SAFE
2026-09-08 23:05:12,BNE.02,ITABAL8,0.0,1.52,SAFE
2026-09-08 23:05:12,BNE.03,ITABAL8,0.0,0.63,SAFE
2026-09-08 23:05:12,BNE.04,ITABAL8,0.0,0.55,SAFE
2026-09-08 23:05:00,BNY.03,CSA BONTANG SIS,0.0,0.97,SAFE
2026-09-08 23:05:00,BTG.03,CSA BONTANG SIS,0.0,9.36,SAFE
2026-09-08 23:05:00,BTG.04,CSA BONTANG SIS,0.0,175.0,SAFE
2026-09-08 23:05:00,FLR.02,CSA BONTANG SIS,0.0,0.75,SAFE
,JKT.01,ITABAL9,0.0,25.36,SAFE
,JKT.02,ITABAL9,0.0,7.78,SAFE
,JKT.03,ITABAL9,0.0,4.16,SAFE
,JKT.04,ITABAL9,0.0,1.17,SAFE
,JKT.05,ITABAL9,0.0,5.68,SAFE
,JKT.06,ITABAL9,0.0,7.45,SAFE
,JKT.07,ITABAL9,0.0,11.55,SAFE
,JKT.08,ITABAL9,0.0,4.26,SAFE
2026-09-08 23:05:12,JMB.01,ITABAL8,0.0,3.07,SAFE
2026-09-08 23:05:12,JMB.03,ITABAL8,0.0,1.02,SAFE
,JMB.04,ITABAL9,0.0,0.77,SAFE
2026-09-08 23:06:00,KRC.02,VP SABANG TIMUR SIS,0.0,1.04,SAFE
2026-09-08 23:05:12,KRC.03,ITABAL8,0.0,1.31,SAFE
2026-09-08 23:06:00,KRC.05,VP SABANG TIMUR SIS,0.0,1.93,SAFE
2026-09-08 23:06:00,KRC.07,VP SABANG TIMUR SIS,0.0,2.15,SAFE
2026-09-08 23:05:12,LHT.01,ITABAL8,0.0,5.84,SAFE
2026-09-08 23:05:12,LPG.01,ITABAL8,0.0,2.05,SAFE
2026-09-08 23:05:12,LPG.02,ITABAL8,0.0,12.03,SAFE
2026-09-08 23:05:12,LPG.03,ITABAL8,0.0,6.96,SAFE
2026-09-08 23:05:12,LPG.06,ITABAL8,0.0,6.69,SAFE
2026-09-08 23:05:12,LPG.07,ITABAL8,0.0,12.92,SAFE
2026-09-08 23:05:12,MDN.01,ITABAL8,0.0,3.37,SAFE
2026-09-08 23:05:12,MDN.02,ITABAL8,0.0,2.53,SAFE
2026-09-08 23:05:12,MDN.03,ITABAL8,0.0,7.25,SAFE
2026-09-08 23:05:12,MDN.04,ITABAL8,0.0,1.95,SAFE
,MIA.01,ITABAL9,0.0,1.22,SAFE
,MIA.02,ITABAL9,0.0,17.59,SAFE
,MIA.03,ITABAL9,0.0,4.28,SAFE
2026-09-08 23:06:00,MIA.04,PITSTOP AMBON SIS,0.0,2.31,SAFE
,MIA.05,ITABAL9,0.0,20.96,SAFE
,MIA.06,ITABAL9,0.0,1.16,SAFE
2026-09-08 23:05:00,MKS.01,CSA BONTANG SIS,0.0,0.72,SAFE
2026-09-08 23:06:00,MKS.02,PITSTOP AMBON SIS,0.0,1.06,SAFE
,MKS.03,ROM 13,0.0,8.2,SAFE
,MKS.04,ROM 13,0.0,3.08,SAFE
2026-09-08 23:05:00,MND.02,CSA BONTANG SIS,0.0,2.49,SAFE
2026-09-08 23:06:00,MRK.01,VP SABANG TIMUR SIS,0.0,1.65,SAFE
2026-09-08 23:06:00,MTM.01,PITSTOP AMBON SIS,0.0,1.64,SAFE
2026-09-08 23:06:00,MTP.01,PITSTOP AMBON SIS,0.0,1.01,SAFE
2026-09-08 23:06:00,MTR.01,VP SABANG TIMUR SIS,0.0,1.67,SAFE
2026-09-08 23:05:12,NIS.01,ITABAL8,0.0,0.57,SAFE
2026-09-08 23:05:12,NIS.02,ITABAL8,0.0,0.86,SAFE
2026-09-08 23:05:12,NIS.03,ITABAL8,0.0,1.03,SAFE
,PDG.01,ITABAL9,0.0,0.52,SAFE
2026-09-08 23:05:12,PLB.01,ITABAL8,0.0,1.87,SAFE
2026-09-08 23:05:12,PLB.02,ITABAL8,0.0,0.84,SAFE
2026-09-08 23:05:12,PLB.03,ITABAL8,0.0,2.0,SAFE
2026-09-08 23:05:12,PLB.04,ITABAL8,0.0,13.62,SAFE
2026-09-08 23:05:00,PLU.04,CSA BONTANG SIS,0.0,2.36,SAFE
2026-09-08 23:06:00,RIU.02,VP SABANG TIMUR SIS,0.0,0.61,SAFE
2026-09-08 23:06:00,RIU.04,VP SABANG TIMUR SIS,0.0,0.51,SAFE
2026-09-08 23:06:00,SBG.02,VP SABANG TIMUR SIS,0.0,1.91,SAFE
2026-09-08 23:06:00,SBG.03,VP SABANG TIMUR SIS,0.0,5.65,SAFE
2026-09-08 23:06:00,SBG.04,VP SABANG TIMUR SIS,0.0,0.63,SAFE
2026-09-08 23:06:00,SBG.05,VP SABANG TIMUR SIS,0.0,21.21,SAFE
2026-09-08 23:05:12,SBG.06,ITABAL8,0.0,14.52,SAFE
2026-09-08 23:06:00,SBG.08,VP SABANG TIMUR SIS,0.0,1.35,SAFE
2026-09-08 23:06:00,SBG.10,VP SABANG TIMUR SIS,0.0,2.05,SAFE
2026-09-08 23:06:00,SBG.11,VP SABANG TIMUR SIS,0.0,0.75,SAFE
2026-09-08 23:05:00,SGT.02,CSA BONTANG SIS,0.0,0.19,SAFE
2026-09-08 23:05:00,SMB.02,CSA BONTANG SIS,0.0,2.63,SAFE
2026-09-08 23:05:00,SMB.03,CSA BONTANG SIS,0.0,4.72,SAFE
2026-09-08 23:06:00,SNT.01,PITSTOP AMBON SIS,0.0,1.34,SAFE
2026-09-08 23:05:00,TJG.01,CSA BONTANG SIS,0.0,1.99,SAFE
2026-09-08 23:05:00,TJG.02,CSA BONTANG SIS,0.0,5.65,SAFE
2026-09-08 23:59:00,AMB.01,PITSTOP AMBON SIS,0.0,7.46,SAFE
2026-09-08 23:59:00,BDG.02,VP OB 1 SIS,0.0,19.31,SAFE
2026-09-08 23:59:00,BDG.03,VP OB 1 SIS,0.0,5.73,SAFE
2026-09-08 23:59:00,BDG.04,VP OB 1 SIS,0.0,1.07,SAFE
,BDG.05,ITABAL9,0.0,2.1,SAFE
2026-09-08 23:59:00,BGK.01,VP SABANG TIMUR SIS,0.0,1.59,SAFE
2026-09-08 23:59:00,BGK.02,VP SABANG TIMUR SIS,0.0,18.92,SAFE
,BGR.01,ITABAL9,0.0,1.34,SAFE
2026-09-08 23:59:00,BJB.03,CSA BONTANG SIS,0.0,1.34,SAFE
2026-09-08 23:59:00,BJM.01,PITSTOP AMBON SIS,0.0,3.86,SAFE
2026-09-08 23:59:00,BJM.02,CSA BONTANG SIS,0.0,1.68,SAFE
2026-09-09 02:34:02,BKL.01,ITABAL8,0.0,58.33,SAFE
2026-09-09 02:34:02,BKL.02,ITABAL8,0.0,0.72,SAFE
2026-09-09 02:34:02,BNE.02,ITABAL8,0.0,1.52,SAFE
2026-09-09 02:34:02,BNE.03,ITABAL8,0.0,0.63,SAFE
2026-09-09 02:34:02,BNE.04,ITABAL8,0.0,0.55,SAFE
2026-09-08 23:59:00,BNY.03,CSA BONTANG SIS,0.0,0.97,SAFE
2026-09-08 23:59:00,BTG.03,CSA BONTANG SIS,0.0,9.36,SAFE
2026-09-08 23:59:00,BTG.04,CSA BONTANG SIS,0.0,175.0,SAFE
2026-09-08 23:59:00,FLR.02,CSA BONTANG SIS,0.0,0.75,SAFE
,JKT.01,ITABAL9,0.0,25.36,SAFE
,JKT.02,ITABAL9,0.0,7.78,SAFE
,JKT.03,ITABAL9,0.0,4.16,SAFE
,JKT.04,ITABAL9,0.0,1.17,SAFE
,JKT.05,ITABAL9,0.0,5.68,SAFE
,JKT.06,ITABAL9,0.0,7.45,SAFE
,JKT.07,ITABAL9,0.0,11.55,SAFE
,JKT.08,ITABAL9,0.0,4.26,SAFE
2026-09-09 02:34:02,JMB.01,ITABAL8,0.0,3.07,SAFE
2026-09-09 02:34:02,JMB.03,ITABAL8,0.0,1.02,SAFE
,JMB.04,ITABAL9,0.0,0.77,SAFE
2026-09-08 23:59:00,KRC.02,VP SABANG TIMUR SIS,0.0,1.04,SAFE
2026-09-09 02:34:02,KRC.03,ITABAL8,0.0,1.31,SAFE
2026-09-08 23:59:00,KRC.05,VP SABANG TIMUR SIS,0.0,1.93,SAFE
2026-09-08 23:59:00,KRC.07,VP SABANG TIMUR SIS,0.0,2.15,SAFE
2026-09-09 02:34:02,LHT.01,ITABAL8,0.0,5.84,SAFE
2026-09-09 02:34:02,LPG.01,ITABAL8,0.0,2.05,SAFE
2026-09-09 02:34:02,LPG.02,ITABAL8,0.0,12.03,SAFE
2026-09-09 02:34:02,LPG.03,ITABAL8,0.0,6.96,SAFE
2026-09-09 02:34:02,LPG.06,ITABAL8,0.0,6.69,SAFE
2026-09-09 02:34:02,LPG.07,ITABAL8,0.0,12.92,SAFE
2026-09-09 02:34:02,MDN.01,ITABAL8,0.0,3.37,SAFE
2026-09-09 02:34:02,MDN.02,ITABAL8,0.0,2.53,SAFE
2026-09-09 02:34:02,MDN.03,ITABAL8,0.0,7.25,SAFE
2026-09-09 02:34:02,MDN.04,ITABAL8,0.0,1.95,SAFE
,MIA.01,ITABAL9,0.0,1.22,SAFE
,MIA.02,ITABAL9,0.0,17.59,SAFE
,MIA.03,ITABAL9,0.0,4.28,SAFE
2026-09-08 23:59:00,MIA.04,PITSTOP AMBON SIS,0.0,2.31,SAFE
,MIA.05,ITABAL9,0.0,20.96,SAFE
,MIA.06,ITABAL9,0.0,1.16,SAFE
2026-09-08 23:59:00,MKS.01,CSA BONTANG SIS,0.0,0.72,SAFE
2026-09-08 23:59:00,MKS.02,PITSTOP AMBON SIS,0.0,1.06,SAFE
,MKS.03,ROM 13,0.0,8.2,SAFE
,MKS.04,ROM 13,0.0,3.08,SAFE
2026-09-08 23:59:00,MND.02,CSA BONTANG SIS,0.0,2.49,SAFE
2026-09-08 23:59:00,MRK.01,VP SABANG TIMUR SIS,0.0,1.65,SAFE
2026-09-08 23:59:00,MTM.01,PITSTOP AMBON SIS,0.0,1.64,SAFE
2026-09-08 23:59:00,MTP.01,PITSTOP AMBON SIS,0.0,1.01,SAFE
2026-09-08 23:59:00,MTR.01,VP SABANG TIMUR SIS,0.0,1.67,SAFE
2026-09-09 02:34:02,NIS.01,ITABAL8,0.0,0.57,SAFE
2026-09-09 02:34:02,NIS.02,ITABAL8,0.0,0.86,SAFE
2026-09-09 02:34:02,NIS.03,ITABAL8,0.0,1.03,SAFE
,PDG.01,ITABAL9,0.0,0.52,SAFE
2026-09-09 02:34:02,PLB.01,ITABAL8,0.0,1.87,SAFE
2026-09-09 02:34:02,PLB.02,ITABAL8,0.0,0.84,SAFE
2026-09-09 02:34:02,PLB.03,ITABAL8,0.0,2.0,SAFE
2026-09-09 02:34:02,PLB.04,ITABAL8,0.0,13.62,SAFE
2026-09-08 23:59:00,PLU.04,CSA BONTANG SIS,0.0,2.36,SAFE
2026-09-08 23:59:00,RIU.02,VP SABANG TIMUR SIS,0.0,0.61,SAFE
2026-09-08 23:59:00,RIU.04,VP SABANG TIMUR SIS,0.0,0.51,SAFE
2026-09-08 23:59:00,SBG.02,VP SABANG TIMUR SIS,0.0,1.91,SAFE
2026-09-08 23:59:00,SBG.03,VP SABANG TIMUR SIS,0.0,5.65,SAFE
2026-09-08 23:59:00,SBG.04,VP SABANG TIMUR SIS,0.0,0.63,SAFE
2026-09-08 23:59:00,SBG.05,VP SABANG TIMUR SIS,0.0,21.21,SAFE
2026-09-09 02:34:02,SBG.06,ITABAL8,0.0,14.52,SAFE
2026-09-08 23:59:00,SBG.08,VP SABANG TIMUR SIS,0.0,1.35,SAFE
2026-09-08 23:59:00,SBG.10,VP SABANG TIMUR SIS,0.0,2.05,SAFE
2026-09-08 23:59:00,SBG.11,VP SABANG TIMUR SIS,0.0,0.75,SAFE
2026-09-08 23:59:00,SGT.02,CSA BONTANG SIS,0.0,0.19,SAFE
2026-09-08 23:59:00,SMB.02,CSA BONTANG SIS,0.0,2.63,SAFE
2026-09-08 23:59:00,SMB.03,CSA BONTANG SIS,0.0,4.72,SAFE
2026-09-08 23:59:00,SNT.01,PITSTOP AMBON SIS,0.0,1.34,SAFE
2026-09-08 23:59:00,TJG.01,CSA BONTANG SIS,0.0,1.99,SAFE
2026-09-08 23:59:00,TJG.02,CSA BONTANG SIS,0.0,5.65,SAFE
2026-09-08 23:59:00,AMB.01,PITSTOP AMBON SIS,0.0,7.46,SAFE
2026-09-08 23:59:00,BDG.02,VP OB 1 SIS,0.0,19.31,SAFE
2026-09-08 23:59:00,BDG.03,VP OB 1 SIS,0.0,5.73,SAFE
2026-09-08 23:59:00,BDG.04,VP OB 1 SIS,0.0,1.07,SAFE
,BDG.05,ITABAL9,0.0,2.1,SAFE
2026-09-08 23:59:00,BGK.01,VP SABANG TIMUR SIS,0.0,1.59,SAFE
2026-09-08 23:59:00,BGK.02,VP SABANG TIMUR SIS,0.0,18.92,SAFE
,BGR.01,ITABAL9,0.0,1.34,SAFE
2026-09-08 23:59:00,BJB.03,CSA BONTANG SIS,0.0,1.34,SAFE
2026-09-08 23:59:00,BJM.01,PITSTOP AMBON SIS,0.0,3.86,SAFE
2026-09-08 23:59:00,BJM.02,CSA BONTANG SIS,0.0,1.68,SAFE
2026-09-09 05:22:16,BKL.01,ITABAL8,0.0,58.33,SAFE
2026-09-09 05:22:16,BKL.02,ITABAL8,0.0,0.72,SAFE
2026-09-09 05:22:16,BNE.02,ITABAL8,0.0,1.52,SAFE
2026-09-09 05:22:16,BNE.03,ITABAL8,0.0,0.63,SAFE
2026-09-09 05:22:16,BNE.04,ITABAL8,0.0,0.55,SAFE
2026-09-08 23:59:00,BNY.03,CSA BONTANG SIS,0.0,0.97,SAFE
2026-09-08 23:59:00,BTG.03,CSA BONTANG SIS,0.0,9.36,SAFE
2026-09-08 23:59:00,BTG.04,CSA BONTANG SIS,0.0,175.0,SAFE
2026-09-08 23:59:00,FLR.02,CSA BONTANG SIS,0.0,0.75,SAFE
,JKT.01,ITABAL9,0.0,25.36,SAFE
,JKT.02,ITABAL9,0.0,7.78,SAFE
,JKT.03,ITABAL9,0.0,4.16,SAFE
,JKT.04,ITABAL9,0.0,1.17,SAFE
,JKT.05,ITABAL9,0.0,5.68,SAFE
,JKT.06,ITABAL9,0.0,7.45,SAFE
,JKT.07,ITABAL9,0.0,11.55,SAFE
,JKT.08,ITABAL9,0.0,4.26,SAFE
2026-09-09 05:22:16,JMB.01,ITABAL8,0.0,3.07,SAFE
2026-09-09 05:22:16,JMB.03,ITABAL8,0.0,1.02,SAFE
,JMB.04,ITABAL9,0.0,0.77,SAFE
2026-09-08 23:59:00,KRC.02,VP SABANG TIMUR SIS,0.0,1.04,SAFE
2026-09-09 05:22:16,KRC.03,ITABAL8,0.0,1.31,SAFE
2026-09-08 23:59:00,KRC.05,VP SABANG TIMUR SIS,0.0,1.93,SAFE
2026-09-08 23:59:00,KRC.07,VP SABANG TIMUR SIS,0.0,2.15,SAFE
2026-09-09 05:22:16,LHT.01,ITABAL8,0.0,5.84,SAFE
2026-09-09 05:22:16,LPG.01,ITABAL8,0.0,2.05,SAFE
2026-09-09 05:22:16,LPG.02,ITABAL8,0.0,12.03,SAFE
2026-09-09 05:22:16,LPG.03,ITABAL8,0.0,6.96,SAFE
2026-09-09 05:22:16,LPG.06,ITABAL8,0.0,6.69,SAFE
2026-09-09 05:22:16,LPG.07,ITABAL8,0.0,12.92,SAFE
2026-09-09 05:22:16,MDN.01,ITABAL8,0.0,3.37,SAFE
2026-09-09 05:22:16,MDN.02,ITABAL8,0.0,2.53,SAFE
2026-09-09 05:22:16,MDN.03,ITABAL8,0.0,7.25,SAFE
2026-09-09 05:22:16,MDN.04,ITABAL8,0.0,1.95,SAFE
,MIA.01,ITABAL9,0.0,1.22,SAFE
,MIA.02,ITABAL9,0.0,17.59,SAFE
,MIA.03,ITABAL9,0.0,4.28,SAFE
2026-09-08 23:59:00,MIA.04,PITSTOP AMBON SIS,0.0,2.31,SAFE
,MIA.05,ITABAL9,0.0,20.96,SAFE
,MIA.06,ITABAL9,0.0,1.16,SAFE
2026-09-08 23:59:00,MKS.01,CSA BONTANG SIS,0.0,0.72,SAFE
2026-09-08 23:59:00,MKS.02,PITSTOP AMBON SIS,0.0,1.06,SAFE
,MKS.03,ROM 13,0.0,8.2,SAFE
,MKS.04,ROM 13,0.0,3.08,SAFE
2026-09-08 23:59:00,MND.02,CSA BONTANG SIS,0.0,2.49,SAFE
2026-09-08 23:59:00,MRK.01,VP SABANG TIMUR SIS,0.0,1.65,SAFE
2026-09-08 23:59:00,MTM.01,PITSTOP AMBON SIS,0.0,1.64,SAFE
2026-09-08 23:59:00,MTP.01,PITSTOP AMBON SIS,0.0,1.01,SAFE
2026-09-08 23:59:00,MTR.01,VP SABANG TIMUR SIS,0.0,1.67,SAFE
2026-09-09 05:22:16,NIS.01,ITABAL8,0.0,0.57,SAFE
2026-09-09 05:22:16,NIS.02,ITABAL8,0.0,0.86,SAFE
2026-09-09 05:22:16,NIS.03,ITABAL8,0.0,1.03,SAFE
,PDG.01,ITABAL9,0.0,0.52,SAFE
2026-09-09 05:22:16,PLB.01,ITABAL8,0.0,1.87,SAFE
2026-09-09 05:22:16,PLB.02,ITABAL8,0.0,0.84,SAFE
2026-09-09 05:22:16,PLB.03,ITABAL8,0.0,2.0,SAFE
2026-09-09 05:22:16,PLB.04,ITABAL8,0.0,13.62,SAFE
2026-09-08 23:59:00,PLU.04,CSA BONTANG SIS,0.0,2.36,SAFE
2026-09-08 23:59:00,RIU.02,VP SABANG TIMUR SIS,0.0,0.61,SAFE
2026-09-08 23:59:00,RIU.04,VP SABANG TIMUR SIS,0.0,0.51,SAFE
2026-09-08 23:59:00,SBG.02,VP SABANG TIMUR SIS,0.0,1.91,SAFE
2026-09-08 23:59:00,SBG.03,VP SABANG TIMUR SIS,0.0,5.65,SAFE
2026-09-08 23:59:00,SBG.04,VP SABANG TIMUR SIS,0.0,0.63,SAFE
2026-09-08 23:59:00,SBG.05,VP SABANG TIMUR SIS,0.0,21.21,SAFE
2026-09-09 05:22:16,SBG.06,ITABAL8,0.0,14.52,SAFE
2026-09-08 23:59:00,SBG.08,VP SABANG TIMUR SIS,0.0,1.35,SAFE
2026-09-08 23:59:00,SBG.10,VP SABANG TIMUR SIS,0.0,2.05,SAFE
2026-09-08 23:59:00,SBG.11,VP SABANG TIMUR SIS,0.0,0.75,SAFE
2026-09-08 23:59:00,SGT.02,CSA BONTANG SIS,0.0,0.19,SAFE
2026-09-08 23:59:00,SMB.02,CSA BONTANG SIS,0.0,2.63,SAFE
2026-09-08 23:59:00,SMB.03,CSA BONTANG SIS,0.0,4.72,SAFE
2026-09-08 23:59:00,SNT.01,PITSTOP AMBON SIS,0.0,1.34,SAFE
2026-09-08 23:59:00,TJG.01,CSA BONTANG SIS,0.0,1.99,SAFE
2026-09-08 23:59:00,TJG.02,CSA BONTANG SIS,0.0,5.65,SAFE
2026-09-08 23:59:00,AMB.01,PITSTOP AMBON SIS,0.0,7.46,SAFE
2026-09-08 23:59:00,BDG.02,VP OB 1 SIS,0.0,19.31,SAFE
2026-09-08 23:59:00,BDG.03,VP OB 1 SIS,0.0,5.73,SAFE
2026-09-08 23:59:00,BDG.04,VP OB 1 SIS,0.0,1.07,SAFE
,BDG.05,ITABAL9,0.0,2.1,SAFE
2026-09-08 23:59:00,BGK.01,VP SABANG TIMUR SIS,0.0,1.59,SAFE
2026-09-08 23:59:00,BGK.02,VP SABANG TIMUR SIS,0.0,18.92,SAFE
,BGR.01,ITABAL9,0.0,1.34,SAFE
2026-09-08 23:59:00,BJB.03,CSA BONTANG SIS,0.0,1.34,SAFE
2026-09-08 23:59:00,BJM.01,PITSTOP AMBON SIS,0.0,3.86,SAFE
2026-09-08 23:59:00,BJM.02,CSA BONTANG SIS,0.0,1.68,SAFE
2026-09-09 07:27:43,BKL.01,ITABAL8,0.0,58.33,SAFE
2026-09-09 07:27:43,BKL.02,ITABAL8,0.0,0.72,SAFE
2026-09-09 07:27:43,BNE.02,ITABAL8,0.0,1.52,SAFE
2026-09-09 07:27:43,BNE.03,ITABAL8,0.0,0.63,SAFE
2026-09-09 07:27:43,BNE.04,ITABAL8,0.0,0.55,SAFE
2026-09-08 23:59:00,BNY.03,CSA BONTANG SIS,0.0,0.97,SAFE
2026-09-08 23:59:00,BTG.03,CSA BONTANG SIS,0.0,9.36,SAFE
2026-09-08 23:59:00,BTG.04,CSA BONTANG SIS,0.0,175.0,SAFE
2026-09-08 23:59:00,FLR.02,CSA BONTANG SIS,0.0,0.75,SAFE
,JKT.01,ITABAL9,0.0,25.36,SAFE
,JKT.02,ITABAL9,0.0,7.78,SAFE
,JKT.03,ITABAL9,0.0,4.16,SAFE
,JKT.04,ITABAL9,0.0,1.17,SAFE
,JKT.05,ITABAL9,0.0,5.68,SAFE
,JKT.06,ITABAL9,0.0,7.45,SAFE
,JKT.07,ITABAL9,0.0,11.55,SAFE
,JKT.08,ITABAL9,0.0,4.26,SAFE
2026-09-09 07:27:43,JMB.01,ITABAL8,0.0,3.07,SAFE
2026-09-09 07:27:43,JMB.03,ITABAL8,0.0,1.02,SAFE
,JMB.04,ITABAL9,0.0,0.77,SAFE
2026-09-08 23:59:00,KRC.02,VP SABANG TIMUR SIS,0.0,1.04,SAFE
2026-09-09 07:27:43,KRC.03,ITABAL8,0.0,1.31,SAFE
2026-09-08 23:59:00,KRC.05,VP SABANG TIMUR SIS,0.0,1.93,SAFE
2026-09-08 23:59:00,KRC.07,VP SABANG TIMUR SIS,0.0,2.15,SAFE
2026-09-09 07:27:43,LHT.01,ITABAL8,0.0,5.84,SAFE
2026-09-09 07:27:43,LPG.01,ITABAL8,0.0,2.05,SAFE
2026-09-09 07:27:43,LPG.02,ITABAL8,0.0,12.03,SAFE
2026-09-09 07:27:43,LPG.03,ITABAL8,0.0,6.96,SAFE
2026-09-09 07:27:43,LPG.06,ITABAL8,0.0,6.69,SAFE
2026-09-09 07:27:43,LPG.07,ITABAL8,0.0,12.92,SAFE
2026-09-09 07:27:43,MDN.01,ITABAL8,0.0,3.37,SAFE
2026-09-09 07:27:43,MDN.02,ITABAL8,0.0,2.53,SAFE
2026-09-09 07:27:43,MDN.03,ITABAL8,0.0,7.25,SAFE
2026-09-09 07:27:43,MDN.04,ITABAL8,0.0,1.95,SAFE
,MIA.01,ITABAL9,0.0,1.22,SAFE
,MIA.02,ITABAL9,0.0,17.59,SAFE
,MIA.03,ITABAL9,0.0,4.28,SAFE
2026-09-08 23:59:00,MIA.04,PITSTOP AMBON SIS,0.0,2.31,SAFE
,MIA.05,ITABAL9,0.0,20.96,SAFE
,MIA.06,ITABAL9,0.0,1.16,SAFE
2026-09-08 23:59:00,MKS.01,CSA BONTANG SIS,0.0,0.72,SAFE
2026-09-08 23:59:00,MKS.02,PITSTOP AMBON SIS,0.0,1.06,SAFE
,MKS.03,ROM 13,0.0,8.2,SAFE
,MKS.04,ROM 13,0.0,3.08,SAFE
2026-09-08 23:59:00,MND.02,CSA BONTANG SIS,0.0,2.49,SAFE
2026-09-08 23:59:00,MRK.01,VP SABANG TIMUR SIS,0.0,1.65,SAFE
2026-09-08 23:59:00,MTM.01,PITSTOP AMBON SIS,0.0,1.64,SAFE
2026-09-08 23:59:00,MTP.01,PITSTOP AMBON SIS,0.0,1.01,SAFE
2026-09-08 23:59:00,MTR.01,VP SABANG TIMUR SIS,0.0,1.67,SAFE
2026-09-09 07:27:43,NIS.01,ITABAL8,0.0,0.57,SAFE
2026-09-09 07:27:43,NIS.02,ITABAL8,0.0,0.86,SAFE
2026-09-09 07:27:43,NIS.03,ITABAL8,0.0,1.03,SAFE
,PDG.01,ITABAL9,0.0,0.52,SAFE
2026-09-09 07:27:43,PLB.01,ITABAL8,0.0,1.87,SAFE
2026-09-09 07:27:43,PLB.02,ITABAL8,0.0,0.84,SAFE
2026-09-09 07:27:43,PLB.03,ITABAL8,0.0,2.0,SAFE
2026-09-09 07:27:43,PLB.04,ITABAL8,0.0,13.62,SAFE
2026-09-08 23:59:00,PLU.04,CSA BONTANG SIS,0.0,2.36,SAFE
2026-09-08 23:59:00,RIU.02,VP SABANG TIMUR SIS,0.0,0.61,SAFE
2026-09-08 23:59:00,RIU.04,VP SABANG TIMUR SIS,0.0,0.51,SAFE
2026-09-08 23:59:00,SBG.02,VP SABANG TIMUR SIS,0.0,1.91,SAFE
2026-09-08 23:59:00,SBG.03,VP SABANG TIMUR SIS,0.0,5.65,SAFE
2026-09-08 23:59:00,SBG.04,VP SABANG TIMUR SIS,0.0,0.63,SAFE
2026-09-08 23:59:00,SBG.05,VP SABANG TIMUR SIS,0.0,21.21,SAFE
2026-09-09 07:27:43,SBG.06,ITABAL8,0.0,14.52,SAFE
2026-09-08 23:59:00,SBG.08,VP SABANG TIMUR SIS,0.0,1.35,SAFE
2026-09-08 23:59:00,SBG.10,VP SABANG TIMUR SIS,0.0,2.05,SAFE
2026-09-08 23:59:00,SBG.11,VP SABANG TIMUR SIS,0.0,0.75,SAFE
2026-09-08 23:59:00,SGT.02,CSA BONTANG SIS,0.0,0.19,SAFE
2026-09-08 23:59:00,SMB.02,CSA BONTANG SIS,0.0,2.63,SAFE
2026-09-08 23:59:00,SMB.03,CSA BONTANG SIS,0.0,4.72,SAFE
2026-09-08 23:59:00,SNT.01,PITSTOP AMBON SIS,0.0,1.34,SAFE
2026-09-08 23:59:00,TJG.01,CSA BONTANG SIS,0.0,1.99,SAFE
2026-09-08 23:59:00,TJG.02,CSA BONTANG SIS,0.0,5.65,SAFE
2026-09-09 09:24:00,AMB.01,PITSTOP AMBON SIS,0.0,7.46,SAFE
2026-09-09 09:22:00,BDG.02,VP OB 1 SIS,0.0,19.31,SAFE
2026-09-09 09:22:00,BDG.03,VP OB 1 SIS,0.0,5.73,SAFE
2026-09-09 09:22:00,BDG.04,VP OB 1 SIS,0.0,1.07,SAFE
,BDG.05,ITABAL9,0.0,2.1,SAFE
2026-09-09 09:23:00,BGK.01,VP SABANG TIMUR SIS,0.0,1.59,SAFE
2026-09-09 09:23:00,BGK.02,VP SABANG TIMUR SIS,0.0,18.92,SAFE
,BGR.01,ITABAL9,0.0,1.34,SAFE
2026-09-09 09:23:00,BJB.03,CSA BONTANG SIS,0.0,1.34,SAFE
2026-09-09 09:24:00,BJM.01,PITSTOP AMBON SIS,0.0,3.86,SAFE
2026-09-09 09:23:00,BJM.02,CSA BONTANG SIS,0.0,1.68,SAFE
2026-09-09 09:23:07,BKL.01,ITABAL8,0.0,58.33,SAFE
2026-09-09 09:23:07,BKL.02,ITABAL8,0.0,0.72,SAFE
2026-09-09 09:23:07,BNE.02,ITABAL8,0.0,1.52,SAFE
2026-09-09 09:23:07,BNE.03,ITABAL8,0.0,0.63,SAFE
2026-09-09 09:23:07,BNE.04,ITABAL8,0.0,0.55,SAFE
2026-09-09 09:23:00,BNY.03,CSA BONTANG SIS,0.0,0.97,SAFE
2026-09-09 09:23:00,BTG.03,CSA BONTANG SIS,0.0,9.36,SAFE
2026-09-09 09:23:00,BTG.04,CSA BONTANG SIS,0.0,175.0,SAFE
2026-09-09 09:23:00,FLR.02,CSA BONTANG SIS,0.0,0.75,SAFE
,JKT.01,ITABAL9,0.0,25.36,SAFE
,JKT.02,ITABAL9,0.0,7.78,SAFE
,JKT.03,ITABAL9,0.0,4.16,SAFE
,JKT.04,ITABAL9,0.0,1.17,SAFE
,JKT.05,ITABAL9,0.0,5.68,SAFE
,JKT.06,ITABAL9,0.0,7.45,SAFE
,JKT.07,ITABAL9,0.0,11.55,SAFE
,JKT.08,ITABAL9,0.0,4.26,SAFE
2026-09-09 09:23:07,JMB.01,ITABAL8,0.0,3.07,SAFE
2026-09-09 09:23:07,JMB.03,ITABAL8,0.0,1.02,SAFE
,JMB.04,ITABAL9,0.0,0.77,SAFE
2026-09-09 09:23:00,KRC.02,VP SABANG TIMUR SIS,0.0,1.04,SAFE
2026-09-09 09:23:07,KRC.03,ITABAL8,0.0,1.31,SAFE
2026-09-09 09:23:00,KRC.05,VP SABANG TIMUR SIS,0.0,1.93,SAFE
2026-09-09 09:23:00,KRC.07,VP SABANG TIMUR SIS,0.0,2.15,SAFE
2026-09-09 09:23:07,LHT.01,ITABAL8,0.0,5.84,SAFE
2026-09-09 09:23:07,LPG.01,ITABAL8,0.0,2.05,SAFE
2026-09-09 09:23:07,LPG.02,ITABAL8,0.0,12.03,SAFE
2026-09-09 09:23:07,LPG.03,ITABAL8,0.0,6.96,SAFE
2026-09-09 09:23:07,LPG.06,ITABAL8,0.0,6.69,SAFE
2026-09-09 09:23:07,LPG.07,ITABAL8,0.0,12.92,SAFE
2026-09-09 09:23:07,MDN.01,ITABAL8,0.0,3.37,SAFE
2026-09-09 09:23:07,MDN.02,ITABAL8,0.0,2.53,SAFE
2026-09-09 09:23:07,MDN.03,ITABAL8,0.0,7.25,SAFE
2026-09-09 09:23:07,MDN.04,ITABAL8,0.0,1.95,SAFE
,MIA.01,ITABAL9,0.0,1.22,SAFE
,MIA.02,ITABAL9,0.0,17.59,SAFE
,MIA.03,ITABAL9,0.0,4.28,SAFE
2026-09-09 09:24:00,MIA.04,PITSTOP AMBON SIS,0.0,2.31,SAFE
,MIA.05,ITABAL9,0.0,20.96,SAFE
,MIA.06,ITABAL9,0.0,1.16,SAFE
2026-09-09 09:23:00,MKS.01,CSA BONTANG SIS,0.0,0.72,SAFE
2026-09-09 09:24:00,MKS.02,PITSTOP AMBON SIS,0.0,1.06,SAFE
,MKS.03,ROM 13,0.0,8.2,SAFE
,MKS.04,ROM 13,0.0,3.08,SAFE
2026-09-09 09:23:00,MND.02,CSA BONTANG SIS,0.0,2.49,SAFE
2026-09-09 09:23:00,MRK.01,VP SABANG TIMUR SIS,0.0,1.65,SAFE
2026-09-09 09:24:00,MTM.01,PITSTOP AMBON SIS,0.0,1.64,SAFE
2026-09-09 09:24:00,MTP.01,PITSTOP AMBON SIS,0.0,1.01,SAFE
2026-09-09 09:23:00,MTR.01,VP SABANG TIMUR SIS,0.0,1.67,SAFE
2026-09-09 09:23:07,NIS.01,ITABAL8,0.0,0.57,SAFE
2026-09-09 09:23:07,NIS.02,ITABAL8,0.0,0.86,SAFE
2026-09-09 09:23:07,NIS.03,ITABAL8,0.0,1.03,SAFE
,PDG.01,ITABAL9,0.0,0.52,SAFE
2026-09-09 09:23:07,PLB.01,ITABAL8,0.0,1.87,SAFE
2026-09-09 09:23:07,PLB.02,ITABAL8,0.0,0.84,SAFE
2026-09-09 09:23:07,PLB.03,ITABAL8,0.0,2.0,SAFE
2026-09-09 09:23:07,PLB.04,ITABAL8,0.0,13.62,SAFE
2026-09-09 09:23:00,PLU.04,CSA BONTANG SIS,0.0,2.36,SAFE
2026-09-09 09:23:00,RIU.02,VP SABANG TIMUR SIS,0.0,0.61,SAFE
2026-09-09 09:23:00,RIU.04,VP SABANG TIMUR SIS,0.0,0.51,SAFE
2026-09-09 09:23:00,SBG.02,VP SABANG TIMUR SIS,0.0,1.91,SAFE
2026-09-09 09:23:00,SBG.03,VP SABANG TIMUR SIS,0.0,5.65,SAFE
2026-09-09 09:23:00,SBG.04,VP SABANG TIMUR SIS,0.0,0.63,SAFE
2026-09-09 09:23:00,SBG.05,VP SABANG TIMUR SIS,0.0,21.21,SAFE
2026-09-09 09:23:07,SBG.06,ITABAL8,0.0,14.52,SAFE
2026-09-09 09:23:00,SBG.08,VP SABANG TIMUR SIS,0.0,1.35,SAFE
2026-09-09 09:23:00,SBG.10,VP SABANG TIMUR SIS,0.0,2.05,SAFE
2026-09-09 09:23:00,SBG.11,VP SABANG TIMUR SIS,0.0,0.75,SAFE
2026-09-09 09:23:00,SGT.02,CSA BONTANG SIS,0.0,0.19,SAFE
2026-09-09 09:23:00,SMB.02,CSA BONTANG SIS,0.0,2.63,SAFE
2026-09-09 09:23:00,SMB.03,CSA BONTANG SIS,0.0,4.72,SAFE
2026-09-09 09:24:00,SNT.01,PITSTOP AMBON SIS,0.0,1.34,SAFE
2026-09-09 09:23:00,TJG.01,CSA BONTANG SIS,0.0,1.99,SAFE
2026-09-09 09:23:00,TJG.02,CSA BONTANG SIS,0.0,5.65,SAFE
2026-09-09 14:09:00,AMB.01,PITSTOP AMBON SIS,0.0,7.46,SAFE
2026-09-09 14:07:00,BDG.02,VP OB 1 SIS,0.0,19.31,SAFE
2026-09-09 14:07:00,BDG.03,VP OB 1 SIS,0.0,5.73,SAFE
2026-09-09 14:07:00,BDG.04,VP OB 1 SIS,0.0,1.07,SAFE
,BDG.05,ITABAL9,0.0,2.1,SAFE
2026-09-09 14:08:00,BGK.01,VP SABANG TIMUR SIS,0.0,1.59,SAFE
2026-09-09 14:08:00,BGK.02,VP SABANG TIMUR SIS,0.0,18.92,SAFE
,BGR.01,ITABAL9,0.0,1.34,SAFE
2026-09-09 14:08:00,BJB.03,CSA BONTANG SIS,0.0,1.34,SAFE
2026-09-09 14:09:00,BJM.01,PITSTOP AMBON SIS,0.0,3.86,SAFE
2026-09-09 14:08:00,BJM.02,CSA BONTANG SIS,0.0,1.68,SAFE
2026-09-09 14:08:09,BKL.01,ITABAL8,0.0,58.33,SAFE
2026-09-09 14:08:09,BKL.02,ITABAL8,0.0,0.72,SAFE
2026-09-09 14:08:09,BNE.02,ITABAL8,0.0,1.52,SAFE
2026-09-09 14:08:09,BNE.03,ITABAL8,0.0,0.63,SAFE
2026-09-09 14:08:09,BNE.04,ITABAL8,0.0,0.55,SAFE
2026-09-09 14:08:00,BNY.03,CSA BONTANG SIS,0.0,0.97,SAFE
2026-09-09 14:08:00,BTG.03,CSA BONTANG SIS,0.0,9.36,SAFE
2026-09-09 14:08:00,BTG.04,CSA BONTANG SIS,0.0,175.0,SAFE
2026-09-09 14:08:00,FLR.02,CSA BONTANG SIS,0.0,0.75,SAFE
,JKT.01,ITABAL9,0.0,25.36,SAFE
,JKT.02,ITABAL9,0.0,7.78,SAFE
,JKT.03,ITABAL9,0.0,4.16,SAFE
,JKT.04,ITABAL9,0.0,1.17,SAFE
,JKT.05,ITABAL9,0.0,5.68,SAFE
,JKT.06,ITABAL9,0.0,7.45,SAFE
,JKT.07,ITABAL9,0.0,11.55,SAFE
,JKT.08,ITABAL9,0.0,4.26,SAFE
2026-09-09 14:08:09,JMB.01,ITABAL8,0.0,3.07,SAFE
2026-09-09 14:08:09,JMB.03,ITABAL8,0.0,1.02,SAFE
,JMB.04,ITABAL9,0.0,0.77,SAFE
2026-09-09 14:08:00,KRC.02,VP SABANG TIMUR SIS,0.0,1.04,SAFE
2026-09-09 14:08:09,KRC.03,ITABAL8,0.0,1.31,SAFE
2026-09-09 14:08:00,KRC.05,VP SABANG TIMUR SIS,0.0,1.93,SAFE
2026-09-09 14:08:00,KRC.07,VP SABANG TIMUR SIS,0.0,2.15,SAFE
2026-09-09 14:08:09,LHT.01,ITABAL8,0.0,5.84,SAFE
2026-09-09 14:08:09,LPG.01,ITABAL8,0.0,2.05,SAFE
2026-09-09 14:08:09,LPG.02,ITABAL8,0.0,12.03,SAFE
2026-09-09 14:08:09,LPG.03,ITABAL8,0.0,6.96,SAFE
2026-09-09 14:08:09,LPG.06,ITABAL8,0.0,6.69,SAFE
2026-09-09 14:08:09,LPG.07,ITABAL8,0.0,12.92,SAFE
2026-09-09 14:08:09,MDN.01,ITABAL8,0.0,3.37,SAFE
2026-09-09 14:08:09,MDN.02,ITABAL8,0.0,2.53,SAFE
2026-09-09 14:08:09,MDN.03,ITABAL8,0.0,7.25,SAFE
2026-09-09 14:08:09,MDN.04,ITABAL8,0.0,1.95,SAFE
,MIA.01,ITABAL9,0.0,1.22,SAFE
,MIA.02,ITABAL9,0.0,17.59,SAFE
,MIA.03,ITABAL9,0.0,4.28,SAFE
2026-09-09 14:09:00,MIA.04,PITSTOP AMBON SIS,0.0,2.31,SAFE
,MIA.05,ITABAL9,0.0,20.96,SAFE
,MIA.06,ITABAL9,0.0,1.16,SAFE
2026-09-09 14:08:00,MKS.01,CSA BONTANG SIS,0.0,0.72,SAFE
2026-09-09 14:09:00,MKS.02,PITSTOP AMBON SIS,0.0,1.06,SAFE
,MKS.03,ROM 13,0.0,8.2,SAFE
,MKS.04,ROM 13,0.0,3.08,SAFE
2026-09-09 14:08:00,MND.02,CSA BONTANG SIS,0.0,2.49,SAFE
2026-09-09 14:08:00,MRK.01,VP SABANG TIMUR SIS,0.0,1.65,SAFE
2026-09-09 14:09:00,MTM.01,PITSTOP AMBON SIS,0.0,1.64,SAFE
2026-09-09 14:09:00,MTP.01,PITSTOP AMBON SIS,0.0,1.01,SAFE
2026-09-09 14:08:00,MTR.01,VP SABANG TIMUR SIS,0.0,1.67,SAFE
2026-09-09 14:08:09,NIS.01,ITABAL8,0.0,0.57,SAFE
2026-09-09 14:08:09,NIS.02,ITABAL8,0.0,0.86,SAFE
2026-09-09 14:08:09,NIS.03,ITABAL8,0.0,1.03,SAFE
,PDG.01,ITABAL9,0.0,0.52,SAFE
2026-09-09 14:08:09,PLB.01,ITABAL8,0.0,1.87,SAFE
2026-09-09 14:08:09,PLB.02,ITABAL8,0.0,0.84,SAFE
2026-09-09 14:08:09,PLB.03,ITABAL8,0.0,2.0,SAFE
2026-09-09 14:08:09,PLB.04,ITABAL8,0.0,13.62,SAFE
2026-09-09 14:08:00,PLU.04,CSA BONTANG SIS,0.0,2.36,SAFE
2026-09-09 14:08:00,RIU.02,VP SABANG TIMUR SIS,0.0,0.61,SAFE
2026-09-09 14:08:00,RIU.04,VP SABANG TIMUR SIS,0.0,0.51,SAFE
2026-09-09 14:08:00,SBG.02,VP SABANG TIMUR SIS,0.0,1.91,SAFE
2026-09-09 14:08:00,SBG.03,VP SABANG TIMUR SIS,0.0,5.65,SAFE
2026-09-09 14:08:00,SBG.04,VP SABANG TIMUR SIS,0.0,0.63,SAFE
2026-09-09 14:08:00,SBG.05,VP SABANG TIMUR SIS,0.0,21.21,SAFE
2026-09-09 14:08:09,SBG.06,ITABAL8,0.0,14.52,SAFE
2026-09-09 14:08:00,SBG.08,VP SABANG TIMUR SIS,0.0,1.35,SAFE
2026-09-09 14:08:00,SBG.10,VP SABANG TIMUR SIS,0.0,2.05,SAFE
2026-09-09 14:08:00,SBG.11,VP SABANG TIMUR SIS,0.0,0.75,SAFE
2026-09-09 14:08:00,SGT.02,CSA BONTANG SIS,0.0,0.19,SAFE
2026-09-09 14:08:00,SMB.02,CSA BONTANG SIS,0.0,2.63,SAFE
2026-09-09 14:08:00,SMB.03,CSA BONTANG SIS,0.0,4.72,SAFE
2026-09-09 14:09:00,SNT.01,PITSTOP AMBON SIS,0.0,1.34,SAFE
2026-09-09 14:08:00,TJG.01,CSA BONTANG SIS,0.0,1.99,SAFE
2026-09-09 14:08:00,TJG.02,CSA BONTANG SIS,0.0,5.65,SAFE
2026-09-09 19:17:00,AMB.01,PITSTOP AMBON SIS,0.0,7.46,SAFE
2026-09-09 19:15:00,BDG.02,VP OB 1 SIS,0.0,19.31,SAFE
2026-09-09 19:15:00,BDG.03,VP OB 1 SIS,0.0,5.73,SAFE
2026-09-09 19:15:00,BDG.04,VP OB 1 SIS,0.0,1.07,SAFE
,BDG.05,ITABAL9,0.0,2.1,SAFE
2026-09-09 19:16:00,BGK.01,VP SABANG TIMUR SIS,0.0,1.59,SAFE
2026-09-09 19:16:00,BGK.02,VP SABANG TIMUR SIS,0.0,18.92,SAFE
,BGR.01,ITABAL9,0.0,1.34,SAFE
2026-09-09 19:16:00,BJB.03,CSA BONTANG SIS,0.0,1.34,SAFE
2026-09-09 19:17:00,BJM.01,PITSTOP AMBON SIS,0.0,3.86,SAFE
2026-09-09 19:16:00,BJM.02,CSA BONTANG SIS,0.0,1.68,SAFE
2026-09-09 19:16:09,BKL.01,ITABAL8,0.0,58.33,SAFE
2026-09-09 19:16:09,BKL.02,ITABAL8,0.0,0.72,SAFE
2026-09-09 19:16:09,BNE.02,ITABAL8,0.0,1.52,SAFE
2026-09-09 19:16:09,BNE.03,ITABAL8,0.0,0.63,SAFE
2026-09-09 19:16:09,BNE.04,ITABAL8,0.0,0.55,SAFE
2026-09-09 19:16:00,BNY.03,CSA BONTANG SIS,0.0,0.97,SAFE
2026-09-09 19:16:00,BTG.03,CSA BONTANG SIS,0.0,9.36,SAFE
2026-09-09 19:16:00,BTG.04,CSA BONTANG SIS,0.0,175.0,SAFE
2026-09-09 19:16:00,FLR.02,CSA BONTANG SIS,0.0,0.75,SAFE
,JKT.01,ITABAL9,0.0,25.36,SAFE
,JKT.02,ITABAL9,0.0,7.78,SAFE
,JKT.03,ITABAL9,0.0,4.16,SAFE
,JKT.04,ITABAL9,0.0,1.17,SAFE
,JKT.05,ITABAL9,0.0,5.68,SAFE
,JKT.06,ITABAL9,0.0,7.45,SAFE
,JKT.07,ITABAL9,0.0,11.55,SAFE
,JKT.08,ITABAL9,0.0,4.26,SAFE
2026-09-09 19:16:09,JMB.01,ITABAL8,0.0,3.07,SAFE
2026-09-09 19:16:09,JMB.03,ITABAL8,0.0,1.02,SAFE
,JMB.04,ITABAL9,0.0,0.77,SAFE
2026-09-09 19:16:00,KRC.02,VP SABANG TIMUR SIS,0.0,1.04,SAFE
2026-09-09 19:16:09,KRC.03,ITABAL8,0.0,1.31,SAFE
2026-09-09 19:16:00,KRC.05,VP SABANG TIMUR SIS,0.0,1.93,SAFE
2026-09-09 19:16:00,KRC.07,VP SABANG TIMUR SIS,0.0,2.15,SAFE
2026-09-09 19:16:09,LHT.01,ITABAL8,0.0,5.84,SAFE
2026-09-09 19:16:09,LPG.01,ITABAL8,0.0,2.05,SAFE
2026-09-09 19:16:09,LPG.02,ITABAL8,0.0,12.03,SAFE
2026-09-09 19:16:09,LPG.03,ITABAL8,0.0,6.96,SAFE
2026-09-09 19:16:09,LPG.06,ITABAL8,0.0,6.69,SAFE
2026-09-09 19:16:09,LPG.07,ITABAL8,0.0,12.92,SAFE
2026-09-09 19:16:09,MDN.01,ITABAL8,0.0,3.37,SAFE
2026-09-09 19:16:09,MDN.02,ITABAL8,0.0,2.53,SAFE
2026-09-09 19:16:09,MDN.03,ITABAL8,0.0,7.25,SAFE
2026-09-09 19:16:09,MDN.04,ITABAL8,0.0,1.95,SAFE
,MIA.01,ITABAL9,0.0,1.22,SAFE
,MIA.02,ITABAL9,0.0,17.59,SAFE
,MIA.03,ITABAL9,0.0,4.28,SAFE
2026-09-09 19:17:00,MIA.04,PITSTOP AMBON SIS,0.0,2.31,SAFE
,MIA.05,ITABAL9,0.0,20.96,SAFE
,MIA.06,ITABAL9,0.0,1.16,SAFE
2026-09-09 19:16:00,MKS.01,CSA BONTANG SIS,0.0,0.72,SAFE
2026-09-09 19:17:00,MKS.02,PITSTOP AMBON SIS,0.0,1.06,SAFE
,MKS.03,ROM 13,0.0,8.2,SAFE
,MKS.04,ROM 13,0.0,3.08,SAFE
2026-09-09 19:16:00,MND.02,CSA BONTANG SIS,0.0,2.49,SAFE
2026-09-09 19:16:00,MRK.01,VP SABANG TIMUR SIS,0.0,1.65,SAFE
2026-09-09 19:17:00,MTM.01,PITSTOP AMBON SIS,0.0,1.64,SAFE
2026-09-09 19:17:00,MTP.01,PITSTOP AMBON SIS,0.0,1.01,SAFE
2026-09-09 19:16:00,MTR.01,VP SABANG TIMUR SIS,0.0,1.67,SAFE
2026-09-09 19:16:09,NIS.01,ITABAL8,0.0,0.57,SAFE
2026-09-09 19:16:09,NIS.02,ITABAL8,0.0,0.86,SAFE
2026-09-09 19:16:09,NIS.03,ITABAL8,0.0,1.03,SAFE
,PDG.01,ITABAL9,0.0,0.52,SAFE
2026-09-09 19:16:09,PLB.01,ITABAL8,0.0,1.87,SAFE
2026-09-09 19:16:09,PLB.02,ITABAL8,0.0,0.84,SAFE
2026-09-09 19:16:09,PLB.03,ITABAL8,0.0,2.0,SAFE
2026-09-09 19:16:09,PLB.04,ITABAL8,0.0,13.62,SAFE
2026-09-09 19:16:00,PLU.04,CSA BONTANG SIS,0.0,2.36,SAFE
2026-09-09 19:16:00,RIU.02,VP SABANG TIMUR SIS,0.0,0.61,SAFE
2026-09-09 19:16:00,RIU.04,VP SABANG TIMUR SIS,0.0,0.51,SAFE
2026-09-09 19:16:00,SBG.02,VP SABANG TIMUR SIS,0.0,1.91,SAFE
2026-09-09 19:16:00,SBG.03,VP SABANG TIMUR SIS,0.0,5.65,SAFE
2026-09-09 19:16:00,SBG.04,VP SABANG TIMUR SIS,0.0,0.63,SAFE
2026-09-09 19:16:00,SBG.05,VP SABANG TIMUR SIS,0.0,21.21,SAFE
2026-09-09 19:16:09,SBG.06,ITABAL8,0.0,14.52,SAFE
2026-09-09 19:16:00,SBG.08,VP SABANG TIMUR SIS,0.0,1.35,SAFE
2026-09-09 19:16:00,SBG.10,VP SABANG TIMUR SIS,0.0,2.05,SAFE
2026-09-09 19:16:00,SBG.11,VP SABANG TIMUR SIS,0.0,0.75,SAFE
2026-09-09 19:16:00,SGT.02,CSA BONTANG SIS,0.0,0.19,SAFE
2026-09-09 19:16:00,SMB.02,CSA BONTANG SIS,0.0,2.63,SAFE
2026-09-09 19:16:00,SMB.03,CSA BONTANG SIS,0.0,4.72,SAFE
2026-09-09 19:17:00,SNT.01,PITSTOP AMBON SIS,0.0,1.34,SAFE
2026-09-09 19:16:00,TJG.01,CSA BONTANG SIS,0.0,1.99,SAFE
2026-09-09 19:16:00,TJG.02,CSA BONTANG SIS,0.0,5.65,SAFE
2026-09-09 23:09:00,AMB.01,PITSTOP AMBON SIS,0.0,7.46,SAFE
2026-09-09 23:08:00,BDG.02,VP OB 1 SIS,0.0,19.31,SAFE
2026-09-09 23:08:00,BDG.03,VP OB 1 SIS,0.0,5.73,SAFE
2026-09-09 23:08:00,BDG.04,VP OB 1 SIS,0.0,1.07,SAFE
,BDG.05,ITABAL9,0.0,2.1,SAFE
2026-09-09 23:08:00,BGK.01,VP SABANG TIMUR SIS,0.0,1.59,SAFE
2026-09-09 23:08:00,BGK.02,VP SABANG TIMUR SIS,0.0,18.92,SAFE
,BGR.01,ITABAL9,0.0,1.34,SAFE
2026-09-09 23:08:00,BJB.03,CSA BONTANG SIS,0.0,1.34,SAFE
2026-09-09 23:09:00,BJM.01,PITSTOP AMBON SIS,0.0,3.86,SAFE
2026-09-09 23:08:00,BJM.02,CSA BONTANG SIS,0.0,1.68,SAFE
2026-09-09 23:08:34,BKL.01,ITABAL8,0.0,58.33,SAFE
2026-09-09 23:08:34,BKL.02,ITABAL8,0.0,0.72,SAFE
2026-09-09 23:08:34,BNE.02,ITABAL8,0.0,1.52,SAFE
2026-09-09 23:08:34,BNE.03,ITABAL8,0.0,0.63,SAFE
2026-09-09 23:08:34,BNE.04,ITABAL8,0.0,0.55,SAFE
2026-09-09 23:08:00,BNY.03,CSA BONTANG SIS,0.0,0.97,SAFE
2026-09-09 23:08:00,BTG.03,CSA BONTANG SIS,0.0,9.36,SAFE
2026-09-09 23:08:00,BTG.04,CSA BONTANG SIS,0.0,175.0,SAFE
2026-09-09 23:08:00,FLR.02,CSA BONTANG SIS,0.0,0.75,SAFE
,JKT.01,ITABAL9,0.0,25.36,SAFE
,JKT.02,ITABAL9,0.0,7.78,SAFE
,JKT.03,ITABAL9,0.0,4.16,SAFE
,JKT.04,ITABAL9,0.0,1.17,SAFE
,JKT.05,ITABAL9,0.0,5.68,SAFE
,JKT.06,ITABAL9,0.0,7.45,SAFE
,JKT.07,ITABAL9,0.0,11.55,SAFE
,JKT.08,ITABAL9,0.0,4.26,SAFE
2026-09-09 23:08:34,JMB.01,ITABAL8,0.0,3.07,SAFE
2026-09-09 23:08:34,JMB.03,ITABAL8,0.0,1.02,SAFE
,JMB.04,ITABAL9,0.0,0.77,SAFE
2026-09-09 23:08:00,KRC.02,VP SABANG TIMUR SIS,0.0,1.04,SAFE
2026-09-09 23:08:34,KRC.03,ITABAL8,0.0,1.31,SAFE
2026-09-09 23:08:00,KRC.05,VP SABANG TIMUR SIS,0.0,1.93,SAFE
2026-09-09 23:08:00,KRC.07,VP SABANG TIMUR SIS,0.0,2.15,SAFE
2026-09-09 23:08:34,LHT.01,ITABAL8,0.0,5.84,SAFE
2026-09-09 23:08:34,LPG.01,ITABAL8,0.0,2.05,SAFE
2026-09-09 23:08:34,LPG.02,ITABAL8,0.0,12.03,SAFE
2026-09-09 23:08:34,LPG.03,ITABAL8,0.0,6.96,SAFE
2026-09-09 23:08:34,LPG.06,ITABAL8,0.0,6.69,SAFE
2026-09-09 23:08:34,LPG.07,ITABAL8,0.0,12.92,SAFE
2026-09-09 23:08:34,MDN.01,ITABAL8,0.0,3.37,SAFE
2026-09-09 23:08:34,MDN.02,ITABAL8,0.0,2.53,SAFE
2026-09-09 23:08:34,MDN.03,ITABAL8,0.0,7.25,SAFE
2026-09-09 23:08:34,MDN.04,ITABAL8,0.0,1.95,SAFE
,MIA.01,ITABAL9,0.0,1.22,SAFE
,MIA.02,ITABAL9,0.0,17.59,SAFE
,MIA.03,ITABAL9,0.0,4.28,SAFE
2026-09-09 23:09:00,MIA.04,PITSTOP AMBON SIS,0.0,2.31,SAFE
,MIA.05,ITABAL9,0.0,20.96,SAFE
,MIA.06,ITABAL9,0.0,1.16,SAFE
2026-09-09 23:08:00,MKS.01,CSA BONTANG SIS,0.0,0.72,SAFE
2026-09-09 23:09:00,MKS.02,PITSTOP AMBON SIS,0.0,1.06,SAFE
,MKS.03,ROM 13,0.0,8.2,SAFE
,MKS.04,ROM 13,0.0,3.08,SAFE
2026-09-09 23:08:00,MND.02,CSA BONTANG SIS,0.0,2.49,SAFE
2026-09-09 23:08:00,MRK.01,VP SABANG TIMUR SIS,0.0,1.65,SAFE
2026-09-09 23:09:00,MTM.01,PITSTOP AMBON SIS,0.0,1.64,SAFE
2026-09-09 23:09:00,MTP.01,PITSTOP AMBON SIS,0.0,1.01,SAFE
2026-09-09 23:08:00,MTR.01,VP SABANG TIMUR SIS,0.0,1.67,SAFE
2026-09-09 23:08:34,NIS.01,ITABAL8,0.0,0.57,SAFE
2026-09-09 23:08:34,NIS.02,ITABAL8,0.0,0.86,SAFE
2026-09-09 23:08:34,NIS.03,ITABAL8,0.0,1.03,SAFE
,PDG.01,ITABAL9,0.0,0.52,SAFE
2026-09-09 23:08:34,PLB.01,ITABAL8,0.0,1.87,SAFE
2026-09-09 23:08:34,PLB.02,ITABAL8,0.0,0.84,SAFE
2026-09-09 23:08:34,PLB.03,ITABAL8,0.0,2.0,SAFE
2026-09-09 23:08:34,PLB.04,ITABAL8,0.0,13.62,SAFE
2026-09-09 23:08:00,PLU.04,CSA BONTANG SIS,0.0,2.36,SAFE
2026-09-09 23:08:00,RIU.02,VP SABANG TIMUR SIS,0.0,0.61,SAFE
2026-09-09 23:08:00,RIU.04,VP SABANG TIMUR SIS,0.0,0.51,SAFE
2026-09-09 23:08:00,SBG.02,VP SABANG TIMUR SIS,0.0,1.91,SAFE
2026-09-09 23:08:00,SBG.03,VP SABANG TIMUR SIS,0.0,5.65,SAFE
2026-09-09 23:08:00,SBG.04,VP SABANG TIMUR SIS,0.0,0.63,SAFE
2026-09-09 23:08:00,SBG.05,VP SABANG TIMUR SIS,0.0,21.21,SAFE
2026-09-09 23:08:34,SBG.06,ITABAL8,0.0,14.52,SAFE
2026-09-09 23:08:00,SBG.08,VP SABANG TIMUR SIS,0.0,1.35,SAFE
2026-09-09 23:08:00,SBG.10,VP SABANG TIMUR SIS,0.0,2.05,SAFE
2026-09-09 23:08:00,SBG.11,VP SABANG TIMUR SIS,0.0,0.75,SAFE
2026-09-09 23:08:00,SGT.02,CSA BONTANG SIS,0.0,0.19,SAFE
2026-09-09 23:08:00,SMB.02,CSA BONTANG SIS,0.0,2.63,SAFE
2026-09-09 23:08:00,SMB.03,CSA BONTANG SIS,0.0,4.72,SAFE
2026-09-09 23:09:00,SNT.01,PITSTOP AMBON SIS,0.0,1.34,SAFE
2026-09-09 23:08:00,TJG.01,CSA BONTANG SIS,0.0,1.99,SAFE
2026-09-09 23:08:00,TJG.02,CSA BONTANG SIS,0.0,5.65,SAFE
2026-09-09 23:59:00,AMB.01,PITSTOP AMBON SIS,0.0,7.46,SAFE
2026-09-09 23:59:00,BDG.02,VP OB 1 SIS,0.0,19.31,SAFE
2026-09-09 23:59:00,BDG.03,VP OB 1 SIS,0.0,5.73,SAFE
2026-09-09 23:59:00,BDG.04,VP OB 1 SIS,0.0,1.07,SAFE
,BDG.05,ITABAL9,0.0,2.1,SAFE
2026-09-09 23:59:00,BGK.01,VP SABANG TIMUR SIS,0.0,1.59,SAFE
2026-09-09 23:59:00,BGK.02,VP SABANG TIMUR SIS,0.0,18.92,SAFE
,BGR.01,ITABAL9,0.0,1.34,SAFE
2026-09-09 23:59:00,BJB.03,CSA BONTANG SIS,0.0,1.34,SAFE
2026-09-09 23:59:00,BJM.01,PITSTOP AMBON SIS,0.0,3.86,SAFE
2026-09-09 23:59:00,BJM.02,CSA BONTANG SIS,0.0,1.68,SAFE
2026-09-10 02:32:22,BKL.01,ITABAL8,0.0,58.33,SAFE
2026-09-10 02:32:22,BKL.02,ITABAL8,0.0,0.72,SAFE
2026-09-10 02:32:22,BNE.02,ITABAL8,0.0,1.52,SAFE
2026-09-10 02:32:22,BNE.03,ITABAL8,0.0,0.63,SAFE
2026-09-10 02:32:22,BNE.04,ITABAL8,0.0,0.55,SAFE
2026-09-09 23:59:00,BNY.03,CSA BONTANG SIS,0.0,0.97,SAFE
2026-09-09 23:59:00,BTG.03,CSA BONTANG SIS,0.0,9.36,SAFE
2026-09-09 23:59:00,BTG.04,CSA BONTANG SIS,0.0,175.0,SAFE
2026-09-09 23:59:00,FLR.02,CSA BONTANG SIS,0.0,0.75,SAFE
,JKT.01,ITABAL9,0.0,25.36,SAFE
,JKT.02,ITABAL9,0.0,7.78,SAFE
,JKT.03,ITABAL9,0.0,4.16,SAFE
,JKT.04,ITABAL9,0.0,1.17,SAFE
,JKT.05,ITABAL9,0.0,5.68,SAFE
,JKT.06,ITABAL9,0.0,7.45,SAFE
,JKT.07,ITABAL9,0.0,11.55,SAFE
,JKT.08,ITABAL9,0.0,4.26,SAFE
2026-09-10 02:32:22,JMB.01,ITABAL8,0.0,3.07,SAFE
2026-09-10 02:32:22,JMB.03,ITABAL8,0.0,1.02,SAFE
,JMB.04,ITABAL9,0.0,0.77,SAFE
2026-09-09 23:59:00,KRC.02,VP SABANG TIMUR SIS,0.0,1.04,SAFE
2026-09-10 02:32:22,KRC.03,ITABAL8,0.0,1.31,SAFE
2026-09-09 23:59:00,KRC.05,VP SABANG TIMUR SIS,0.0,1.93,SAFE
2026-09-09 23:59:00,KRC.07,VP SABANG TIMUR SIS,0.0,2.15,SAFE
2026-09-10 02:32:22,LHT.01,ITABAL8,0.0,5.84,SAFE
2026-09-10 02:32:22,LPG.01,ITABAL8,0.0,2.05,SAFE
2026-09-10 02:32:22,LPG.02,ITABAL8,0.0,12.03,SAFE
2026-09-10 02:32:22,LPG.03,ITABAL8,0.0,6.96,SAFE
2026-09-10 02:32:22,LPG.06,ITABAL8,0.0,6.69,SAFE
2026-09-10 02:32:22,LPG.07,ITABAL8,0.0,12.92,SAFE
2026-09-10 02:32:22,MDN.01,ITABAL8,0.0,3.37,SAFE
2026-09-10 02:32:22,MDN.02,ITABAL8,0.0,2.53,SAFE
2026-09-10 02:32:22,MDN.03,ITABAL8,0.0,7.25,SAFE
2026-09-10 02:32:22,MDN.04,ITABAL8,0.0,1.95,SAFE
,MIA.01,ITABAL9,0.0,1.22,SAFE
,MIA.02,ITABAL9,0.0,17.59,SAFE
,MIA.03,ITABAL9,0.0,4.28,SAFE
2026-09-09 23:59:00,MIA.04,PITSTOP AMBON SIS,0.0,2.31,SAFE
,MIA.05,ITABAL9,0.0,20.96,SAFE
,MIA.06,ITABAL9,0.0,1.16,SAFE
2026-09-09 23:59:00,MKS.01,CSA BONTANG SIS,0.0,0.72,SAFE
2026-09-09 23:59:00,MKS.02,PITSTOP AMBON SIS,0.0,1.06,SAFE
,MKS.03,ROM 13,0.0,8.2,SAFE
,MKS.04,ROM 13,0.0,3.08,SAFE
2026-09-09 23:59:00,MND.02,CSA BONTANG SIS,0.0,2.49,SAFE
2026-09-09 23:59:00,MRK.01,VP SABANG TIMUR SIS,0.0,1.65,SAFE
2026-09-09 23:59:00,MTM.01,PITSTOP AMBON SIS,0.0,1.64,SAFE
2026-09-09 23:59:00,MTP.01,PITSTOP AMBON SIS,0.0,1.01,SAFE
2026-09-09 23:59:00,MTR.01,VP SABANG TIMUR SIS,0.0,1.67,SAFE
2026-09-10 02:32:22,NIS.01,ITABAL8,0.0,0.57,SAFE
2026-09-10 02:32:22,NIS.02,ITABAL8,0.0,0.86,SAFE
2026-09-10 02:32:22,NIS.03,ITABAL8,0.0,1.03,SAFE
,PDG.01,ITABAL9,0.0,0.52,SAFE
2026-09-10 02:32:22,PLB.01,ITABAL8,0.0,1.87,SAFE
2026-09-10 02:32:22,PLB.02,ITABAL8,0.0,0.84,SAFE
2026-09-10 02:32:22,PLB.03,ITABAL8,0.0,2.0,SAFE
2026-09-10 02:32:22,PLB.04,ITABAL8,0.0,13.62,SAFE
2026-09-09 23:59:00,PLU.04,CSA BONTANG SIS,0.0,2.36,SAFE
2026-09-09 23:59:00,RIU.02,VP SABANG TIMUR SIS,0.0,0.61,SAFE
2026-09-09 23:59:00,RIU.04,VP SABANG TIMUR SIS,0.0,0.51,SAFE
2026-09-09 23:59:00,SBG.02,VP SABANG TIMUR SIS,0.0,1.91,SAFE
2026-09-09 23:59:00,SBG.03,VP SABANG TIMUR SIS,0.0,5.65,SAFE
2026-09-09 23:59:00,SBG.04,VP SABANG TIMUR SIS,0.0,0.63,SAFE
2026-09-09 23:59:00,SBG.05,VP SABANG TIMUR SIS,0.0,21.21,SAFE
2026-09-10 02:32:22,SBG.06,ITABAL8,0.0,14.52,SAFE
2026-09-09 23:59:00,SBG.08,VP SABANG TIMUR SIS,0.0,1.35,SAFE
2026-09-09 23:59:00,SBG.10,VP SABANG TIMUR SIS,0.0,2.05,SAFE
2026-09-09 23:59:00,SBG.11,VP SABANG TIMUR SIS,0.0,0.75,SAFE
2026-09-09 23:59:00,SGT.02,CSA BONTANG SIS,0.0,0.19,SAFE
2026-09-09 23:59:00,SMB.02,CSA BONTANG SIS,0.0,2.63,SAFE
2026-09-09 23:59:00,SMB.03,CSA BONTANG SIS,0.0,4.72,SAFE
2026-09-09 23:59:00,SNT.01,PITSTOP AMBON SIS,0.0,1.34,SAFE
2026-09-09 23:59:00,TJG.01,CSA BONTANG SIS,0.0,1.99,SAFE
2026-09-09 23:59:00,TJG.02,CSA BONTANG SIS,0.0,5.65,SAFE
2026-09-09 23:59:00,AMB.01,PITSTOP AMBON SIS,0.0,7.46,SAFE
2026-09-09 23:59:00,BDG.02,VP OB 1 SIS,0.0,19.31,SAFE
2026-09-09 23:59:00,BDG.03,VP OB 1 SIS,0.0,5.73,SAFE
2026-09-09 23:59:00,BDG.04,VP OB 1 SIS,0.0,1.07,SAFE
,BDG.05,ITABAL9,0.0,2.1,SAFE
2026-09-09 23:59:00,BGK.01,VP SABANG TIMUR SIS,0.0,1.59,SAFE
2026-09-09 23:59:00,BGK.02,VP SABANG TIMUR SIS,0.0,18.92,SAFE
,BGR.01,ITABAL9,0.0,1.34,SAFE
2026-09-09 23:59:00,BJB.03,CSA BONTANG SIS,0.0,1.34,SAFE
2026-09-09 23:59:00,BJM.01,PITSTOP AMBON SIS,0.0,3.86,SAFE
2026-09-09 23:59:00,BJM.02,CSA BONTANG SIS,0.0,1.68,SAFE
2026-09-10 05:06:58,BKL.01,ITABAL8,0.0,58.33,SAFE
2026-09-10 05:06:58,BKL.02,ITABAL8,0.0,0.72,SAFE
2026-09-10 05:06:58,BNE.02,ITABAL8,0.0,1.52,SAFE
2026-09-10 05:06:58,BNE.03,ITABAL8,0.0,0.63,SAFE
2026-09-10 05:06:58,BNE.04,ITABAL8,0.0,0.55,SAFE
2026-09-09 23:59:00,BNY.03,CSA BONTANG SIS,0.0,0.97,SAFE
2026-09-09 23:59:00,BTG.03,CSA BONTANG SIS,0.0,9.36,SAFE
2026-09-09 23:59:00,BTG.04,CSA BONTANG SIS,0.0,175.0,SAFE
2026-09-09 23:59:00,FLR.02,CSA BONTANG SIS,0.0,0.75,SAFE
,JKT.01,ITABAL9,0.0,25.36,SAFE
,JKT.02,ITABAL9,0.0,7.78,SAFE
,JKT.03,ITABAL9,0.0,4.16,SAFE
,JKT.04,ITABAL9,0.0,1.17,SAFE
,JKT.05,ITABAL9,0.0,5.68,SAFE
,JKT.06,ITABAL9,0.0,7.45,SAFE
,JKT.07,ITABAL9,0.0,11.55,SAFE
,JKT.08,ITABAL9,0.0,4.26,SAFE
2026-09-10 05:06:58,JMB.01,ITABAL8,0.0,3.07,SAFE
2026-09-10 05:06:58,JMB.03,ITABAL8,0.0,1.02,SAFE
,JMB.04,ITABAL9,0.0,0.77,SAFE
2026-09-09 23:59:00,KRC.02,VP SABANG TIMUR SIS,0.0,1.04,SAFE
2026-09-10 05:06:58,KRC.03,ITABAL8,0.0,1.31,SAFE
2026-09-09 23:59:00,KRC.05,VP SABANG TIMUR SIS,0.0,1.93,SAFE
2026-09-09 23:59:00,KRC.07,VP SABANG TIMUR SIS,0.0,2.15,SAFE
2026-09-10 05:06:58,LHT.01,ITABAL8,0.0,5.84,SAFE
2026-09-10 05:06:58,LPG.01,ITABAL8,0.0,2.05,SAFE
2026-09-10 05:06:58,LPG.02,ITABAL8,0.0,12.03,SAFE
2026-09-10 05:06:58,LPG.03,ITABAL8,0.0,6.96,SAFE
2026-09-10 05:06:58,LPG.06,ITABAL8,0.0,6.69,SAFE
2026-09-10 05:06:58,LPG.07,ITABAL8,0.0,12.92,SAFE
2026-09-10 05:06:58,MDN.01,ITABAL8,0.0,3.37,SAFE
2026-09-10 05:06:58,MDN.02,ITABAL8,0.0,2.53,SAFE
2026-09-10 05:06:58,MDN.03,ITABAL8,0.0,7.25,SAFE
2026-09-10 05:06:58,MDN.04,ITABAL8,0.0,1.95,SAFE
,MIA.01,ITABAL9,0.0,1.22,SAFE
,MIA.02,ITABAL9,0.0,17.59,SAFE
,MIA.03,ITABAL9,0.0,4.28,SAFE
2026-09-09 23:59:00,MIA.04,PITSTOP AMBON SIS,0.0,2.31,SAFE
,MIA.05,ITABAL9,0.0,20.96,SAFE
,MIA.06,ITABAL9,0.0,1.16,SAFE
2026-09-09 23:59:00,MKS.01,CSA BONTANG SIS,0.0,0.72,SAFE
2026-09-09 23:59:00,MKS.02,PITSTOP AMBON SIS,0.0,1.06,SAFE
,MKS.03,ROM 13,0.0,8.2,SAFE
,MKS.04,ROM 13,0.0,3.08,SAFE
2026-09-09 23:59:00,MND.02,CSA BONTANG SIS,0.0,2.49,SAFE
2026-09-09 23:59:00,MRK.01,VP SABANG TIMUR SIS,0.0,1.65,SAFE
2026-09-09 23:59:00,MTM.01,PITSTOP AMBON SIS,0.0,1.64,SAFE
2026-09-09 23:59:00,MTP.01,PITSTOP AMBON SIS,0.0,1.01,SAFE
2026-09-09 23:59:00,MTR.01,VP SABANG TIMUR SIS,0.0,1.67,SAFE
2026-09-10 05:06:58,NIS.01,ITABAL8,0.0,0.57,SAFE
2026-09-10 05:06:58,NIS.02,ITABAL8,0.0,0.86,SAFE
2026-09-10 05:06:58,NIS.03,ITABAL8,0.0,1.03,SAFE
,PDG.01,ITABAL9,0.0,0.52,SAFE
2026-09-10 05:06:58,PLB.01,ITABAL8,0.0,1.87,SAFE
2026-09-10 05:06:58,PLB.02,ITABAL8,0.0,0.84,SAFE
2026-09-10 05:06:58,PLB.03,ITABAL8,0.0,2.0,SAFE
2026-09-10 05:06:58,PLB.04,ITABAL8,0.0,13.62,SAFE
2026-09-09 23:59:00,PLU.04,CSA BONTANG SIS,0.0,2.36,SAFE
2026-09-09 23:59:00,RIU.02,VP SABANG TIMUR SIS,0.0,0.61,SAFE
2026-09-09 23:59:00,RIU.04,VP SABANG TIMUR SIS,0.0,0.51,SAFE
2026-09-09 23:59:00,SBG.02,VP SABANG TIMUR SIS,0.0,1.91,SAFE
2026-09-09 23:59:00,SBG.03,VP SABANG TIMUR SIS,0.0,5.65,SAFE
2026-09-09 23:59:00,SBG.04,VP SABANG TIMUR SIS,0.0,0.63,SAFE
2026-09-09 23:59:00,SBG.05,VP SABANG TIMUR SIS,0.0,21.21,SAFE
2026-09-10 05:06:58,SBG.06,ITABAL8,0.0,14.52,SAFE
2026-09-09 23:59:00,SBG.08,VP SABANG TIMUR SIS,0.0,1.35,SAFE
2026-09-09 23:59:00,SBG.10,VP SABANG TIMUR SIS,0.0,2.05,SAFE
2026-09-09 23:59:00,SBG.11,VP SABANG TIMUR SIS,0.0,0.75,SAFE
2026-09-09 23:59:00,SGT.02,CSA BONTANG SIS,0.0,0.19,SAFE
2026-09-09 23:59:00,SMB.02,CSA BONTANG SIS,0.0,2.63,SAFE
2026-09-09 23:59:00,SMB.03,CSA BONTANG SIS,0.0,4.72,SAFE
2026-09-09 23:59:00,SNT.01,PITSTOP AMBON SIS,0.0,1.34,SAFE
2026-09-09 23:59:00,TJG.01,CSA BONTANG SIS,0.0,1.99,SAFE
2026-09-09 23:59:00,TJG.02,CSA BONTANG SIS,0.0,5.65,SAFE
2026-09-09 23:59:00,AMB.01,PITSTOP AMBON SIS,0.0,7.46,SAFE
2026-09-09 23:59:00,BDG.02,VP OB 1 SIS,0.0,19.31,SAFE
2026-09-09 23:59:00,BDG.03,VP OB 1 SIS,0.0,5.73,SAFE
2026-09-09 23:59:00,BDG.04,VP OB 1 SIS,0.0,1.07,SAFE
,BDG.05,ITABAL9,0.0,2.1,SAFE
2026-09-09 23:59:00,BGK.01,VP SABANG TIMUR SIS,0.0,1.59,SAFE
2026-09-09 23:59:00,BGK.02,VP SABANG TIMUR SIS,0.0,18.92,SAFE
,BGR.01,ITABAL9,0.0,1.34,SAFE
2026-09-09 23:59:00,BJB.03,CSA BONTANG SIS,0.0,1.34,SAFE
2026-09-09 23:59:00,BJM.01,PITSTOP AMBON SIS,0.0,3.86,SAFE
2026-09-09 23:59:00,BJM.02,CSA BONTANG SIS,0.0,1.68,SAFE
2026-09-10 07:11:01,BKL.01,ITABAL8,0.0,58.33,SAFE
2026-09-10 07:11:01,BKL.02,ITABAL8,0.0,0.72,SAFE
2026-09-10 07:11:01,BNE.02,ITABAL8,0.0,1.52,SAFE
2026-09-10 07:11:01,BNE.03,ITABAL8,0.0,0.63,SAFE
2026-09-10 07:11:01,BNE.04,ITABAL8,0.0,0.55,SAFE
2026-09-09 23:59:00,BNY.03,CSA BONTANG SIS,0.0,0.97,SAFE
2026-09-09 23:59:00,BTG.03,CSA BONTANG SIS,0.0,9.36,SAFE
2026-09-09 23:59:00,BTG.04,CSA BONTANG SIS,0.0,175.0,SAFE
2026-09-09 23:59:00,FLR.02,CSA BONTANG SIS,0.0,0.75,SAFE
,JKT.01,ITABAL9,0.0,25.36,SAFE
,JKT.02,ITABAL9,0.0,7.78,SAFE
,JKT.03,ITABAL9,0.0,4.16,SAFE
,JKT.04,ITABAL9,0.0,1.17,SAFE
,JKT.05,ITABAL9,0.0,5.68,SAFE
,JKT.06,ITABAL9,0.0,7.45,SAFE
,JKT.07,ITABAL9,0.0,11.55,SAFE
,JKT.08,ITABAL9,0.0,4.26,SAFE
2026-09-10 07:11:01,JMB.01,ITABAL8,0.0,3.07,SAFE
2026-09-10 07:11:01,JMB.03,ITABAL8,0.0,1.02,SAFE
,JMB.04,ITABAL9,0.0,0.77,SAFE
2026-09-09 23:59:00,KRC.02,VP SABANG TIMUR SIS,0.0,1.04,SAFE
2026-09-10 07:11:01,KRC.03,ITABAL8,0.0,1.31,SAFE
2026-09-09 23:59:00,KRC.05,VP SABANG TIMUR SIS,0.0,1.93,SAFE
2026-09-09 23:59:00,KRC.07,VP SABANG TIMUR SIS,0.0,2.15,SAFE
2026-09-10 07:11:01,LHT.01,ITABAL8,0.0,5.84,SAFE
2026-09-10 07:11:01,LPG.01,ITABAL8,0.0,2.05,SAFE
2026-09-10 07:11:01,LPG.02,ITABAL8,0.0,12.03,SAFE
2026-09-10 07:11:01,LPG.03,ITABAL8,0.0,6.96,SAFE
2026-09-10 07:11:01,LPG.06,ITABAL8,0.0,6.69,SAFE
2026-09-10 07:11:01,LPG.07,ITABAL8,0.0,12.92,SAFE
2026-09-10 07:11:01,MDN.01,ITABAL8,0.0,3.37,SAFE
2026-09-10 07:11:01,MDN.02,ITABAL8,0.0,2.53,SAFE
2026-09-10 07:11:01,MDN.03,ITABAL8,0.0,7.25,SAFE
2026-09-10 07:11:01,MDN.04,ITABAL8,0.0,1.95,SAFE
,MIA.01,ITABAL9,0.0,1.22,SAFE
,MIA.02,ITABAL9,0.0,17.59,SAFE
,MIA.03,ITABAL9,0.0,4.28,SAFE
2026-09-09 23:59:00,MIA.04,PITSTOP AMBON SIS,0.0,2.31,SAFE
,MIA.05,ITABAL9,0.0,20.96,SAFE
,MIA.06,ITABAL9,0.0,1.16,SAFE
2026-09-09 23:59:00,MKS.01,CSA BONTANG SIS,0.0,0.72,SAFE
2026-09-09 23:59:00,MKS.02,PITSTOP AMBON SIS,0.0,1.06,SAFE
,MKS.03,ROM 13,0.0,8.2,SAFE
,MKS.04,ROM 13,0.0,3.08,SAFE
2026-09-09 23:59:00,MND.02,CSA BONTANG SIS,0.0,2.49,SAFE
2026-09-09 23:59:00,MRK.01,VP SABANG TIMUR SIS,0.0,1.65,SAFE
2026-09-09 23:59:00,MTM.01,PITSTOP AMBON SIS,0.0,1.64,SAFE
2026-09-09 23:59:00,MTP.01,PITSTOP AMBON SIS,0.0,1.01,SAFE
2026-09-09 23:59:00,MTR.01,VP SABANG TIMUR SIS,0.0,1.67,SAFE
2026-09-10 07:11:01,NIS.01,ITABAL8,0.0,0.57,SAFE
2026-09-10 07:11:01,NIS.02,ITABAL8,0.0,0.86,SAFE
2026-09-10 07:11:01,NIS.03,ITABAL8,0.0,1.03,SAFE
,PDG.01,ITABAL9,0.0,0.52,SAFE
2026-09-10 07:11:01,PLB.01,ITABAL8,0.0,1.87,SAFE
2026-09-10 07:11:01,PLB.02,ITABAL8,0.0,0.84,SAFE
2026-09-10 07:11:01,PLB.03,ITABAL8,0.0,2.0,SAFE
2026-09-10 07:11:01,PLB.04,ITABAL8,0.0,13.62,SAFE
2026-09-09 23:59:00,PLU.04,CSA BONTANG SIS,0.0,2.36,SAFE
2026-09-09 23:59:00,RIU.02,VP SABANG TIMUR SIS,0.0,0.61,SAFE
2026-09-09 23:59:00,RIU.04,VP SABANG TIMUR SIS,0.0,0.51,SAFE
2026-09-09 23:59:00,SBG.02,VP SABANG TIMUR SIS,0.0,1.91,SAFE
2026-09-09 23:59:00,SBG.03,VP SABANG TIMUR SIS,0.0,5.65,SAFE
2026-09-09 23:59:00,SBG.04,VP SABANG TIMUR SIS,0.0,0.63,SAFE
2026-09-09 23:59:00,SBG.05,VP SABANG TIMUR SIS,0.0,21.21,SAFE
2026-09-10 07:11:01,SBG.06,ITABAL8,0.0,14.52,SAFE
2026-09-09 23:59:00,SBG.08,VP SABANG TIMUR SIS,0.0,1.35,SAFE
2026-09-09 23:59:00,SBG.10,VP SABANG TIMUR SIS,0.0,2.05,SAFE
2026-09-09 23:59:00,SBG.11,VP SABANG TIMUR SIS,0.0,0.75,SAFE
2026-09-09 23:59:00,SGT.02,CSA BONTANG SIS,0.0,0.19,SAFE
2026-09-09 23:59:00,SMB.02,CSA BONTANG SIS,0.0,2.63,SAFE
2026-09-09 23:59:00,SMB.03,CSA BONTANG SIS,0.0,4.72,SAFE
2026-09-09 23:59:00,SNT.01,PITSTOP AMBON SIS,0.0,1.34,SAFE
2026-09-09 23:59:00,TJG.01,CSA BONTANG SIS,0.0,1.99,SAFE
2026-09-09 23:59:00,TJG.02,CSA BONTANG SIS,0.0,5.65,SAFE
2026-09-10 09:04:00,AMB.01,PITSTOP AMBON SIS,0.0,7.46,SAFE
2026-09-10 09:02:00,BDG.02,VP OB 1 SIS,0.0,19.31,SAFE
2026-09-10 09:02:00,BDG.03,VP OB 1 SIS,0.0,5.73,SAFE
2026-09-10 09:02:00,BDG.04,VP OB 1 SIS,0.0,1.07,SAFE
,BDG.05,ITABAL9,0.0,2.1,SAFE
2026-09-10 09:03:00,BGK.01,VP SABANG TIMUR SIS,0.0,1.59,SAFE
2026-09-10 09:03:00,BGK.02,VP SABANG TIMUR SIS,0.0,18.92,SAFE
,BGR.01,ITABAL9,0.0,1.34,SAFE
2026-09-10 09:03:00,BJB.03,CSA BONTANG SIS,0.0,1.34,SAFE
2026-09-10 09:04:00,BJM.01,PITSTOP AMBON SIS,0.0,3.86,SAFE
2026-09-10 09:03:00,BJM.02,CSA BONTANG SIS,0.0,1.68,SAFE
2026-09-10 09:03:08,BKL.01,ITABAL8,0.0,58.33,SAFE
2026-09-10 09:03:08,BKL.02,ITABAL8,0.0,0.72,SAFE
2026-09-10 09:03:08,BNE.02,ITABAL8,0.0,1.52,SAFE
2026-09-10 09:03:08,BNE.03,ITABAL8,0.0,0.63,SAFE
2026-09-10 09:03:08,BNE.04,ITABAL8,0.0,0.55,SAFE
2026-09-10 09:03:00,BNY.03,CSA BONTANG SIS,0.0,0.97,SAFE
2026-09-10 09:03:00,BTG.03,CSA BONTANG SIS,0.0,9.36,SAFE
2026-09-10 09:03:00,BTG.04,CSA BONTANG SIS,0.0,175.0,SAFE
2026-09-10 09:03:00,FLR.02,CSA BONTANG SIS,0.0,0.75,SAFE
,JKT.01,ITABAL9,0.0,25.36,SAFE
,JKT.02,ITABAL9,0.0,7.78,SAFE
,JKT.03,ITABAL9,0.0,4.16,SAFE
,JKT.04,ITABAL9,0.0,1.17,SAFE
,JKT.05,ITABAL9,0.0,5.68,SAFE
,JKT.06,ITABAL9,0.0,7.45,SAFE
,JKT.07,ITABAL9,0.0,11.55,SAFE
,JKT.08,ITABAL9,0.0,4.26,SAFE
2026-09-10 09:03:08,JMB.01,ITABAL8,0.0,3.07,SAFE
2026-09-10 09:03:08,JMB.03,ITABAL8,0.0,1.02,SAFE
,JMB.04,ITABAL9,0.0,0.77,SAFE
2026-09-10 09:03:00,KRC.02,VP SABANG TIMUR SIS,0.0,1.04,SAFE
2026-09-10 09:03:08,KRC.03,ITABAL8,0.0,1.31,SAFE
2026-09-10 09:03:00,KRC.05,VP SABANG TIMUR SIS,0.0,1.93,SAFE
2026-09-10 09:03:00,KRC.07,VP SABANG TIMUR SIS,0.0,2.15,SAFE
2026-09-10 09:03:08,LHT.01,ITABAL8,0.0,5.84,SAFE
2026-09-10 09:03:08,LPG.01,ITABAL8,0.0,2.05,SAFE
2026-09-10 09:03:08,LPG.02,ITABAL8,0.0,12.03,SAFE
2026-09-10 09:03:08,LPG.03,ITABAL8,0.0,6.96,SAFE
2026-09-10 09:03:08,LPG.06,ITABAL8,0.0,6.69,SAFE
2026-09-10 09:03:08,LPG.07,ITABAL8,0.0,12.92,SAFE
2026-09-10 09:03:08,MDN.01,ITABAL8,0.0,3.37,SAFE
2026-09-10 09:03:08,MDN.02,ITABAL8,0.0,2.53,SAFE
2026-09-10 09:03:08,MDN.03,ITABAL8,0.0,7.25,SAFE
2026-09-10 09:03:08,MDN.04,ITABAL8,0.0,1.95,SAFE
,MIA.01,ITABAL9,0.0,1.22,SAFE
,MIA.02,ITABAL9,0.0,17.59,SAFE
,MIA.03,ITABAL9,0.0,4.28,SAFE
2026-09-10 09:04:00,MIA.04,PITSTOP AMBON SIS,0.0,2.31,SAFE
,MIA.05,ITABAL9,0.0,20.96,SAFE
,MIA.06,ITABAL9,0.0,1.16,SAFE
2026-09-10 09:03:00,MKS.01,CSA BONTANG SIS,0.0,0.72,SAFE
2026-09-10 09:04:00,MKS.02,PITSTOP AMBON SIS,0.0,1.06,SAFE
,MKS.03,ROM 13,0.0,8.2,SAFE
,MKS.04,ROM 13,0.0,3.08,SAFE
2026-09-10 09:03:00,MND.02,CSA BONTANG SIS,0.0,2.49,SAFE
2026-09-10 09:03:00,MRK.01,VP SABANG TIMUR SIS,0.0,1.65,SAFE
2026-09-10 09:04:00,MTM.01,PITSTOP AMBON SIS,0.0,1.64,SAFE
2026-09-10 09:04:00,MTP.01,PITSTOP AMBON SIS,0.0,1.01,SAFE
2026-09-10 09:03:00,MTR.01,VP SABANG TIMUR SIS,0.0,1.67,SAFE
2026-09-10 09:03:08,NIS.01,ITABAL8,0.0,0.57,SAFE
2026-09-10 09:03:08,NIS.02,ITABAL8,0.0,0.86,SAFE
2026-09-10 09:03:08,NIS.03,ITABAL8,0.0,1.03,SAFE
,PDG.01,ITABAL9,0.0,0.52,SAFE
2026-09-10 09:03:08,PLB.01,ITABAL8,0.0,1.87,SAFE
2026-09-10 09:03:08,PLB.02,ITABAL8,0.0,0.84,SAFE
2026-09-10 09:03:08,PLB.03,ITABAL8,0.0,2.0,SAFE
2026-09-10 09:03:08,PLB.04,ITABAL8,0.0,13.62,SAFE
2026-09-10 09:03:00,PLU.04,CSA BONTANG SIS,0.0,2.36,SAFE
2026-09-10 09:03:00,RIU.02,VP SABANG TIMUR SIS,0.0,0.61,SAFE
2026-09-10 09:03:00,RIU.04,VP SABANG TIMUR SIS,0.0,0.51,SAFE
2026-09-10 09:03:00,SBG.02,VP SABANG TIMUR SIS,0.0,1.91,SAFE
2026-09-10 09:03:00,SBG.03,VP SABANG TIMUR SIS,0.0,5.65,SAFE
2026-09-10 09:03:00,SBG.04,VP SABANG TIMUR SIS,0.0,0.63,SAFE
2026-09-10 09:03:00,SBG.05,VP SABANG TIMUR SIS,0.0,21.21,SAFE
2026-09-10 09:03:08,SBG.06,ITABAL8,0.0,14.52,SAFE
2026-09-10 09:03:00,SBG.08,VP SABANG TIMUR SIS,0.0,1.35,SAFE
2026-09-10 09:03:00,SBG.10,VP SABANG TIMUR SIS,0.0,2.05,SAFE
2026-09-10 09:03:00,SBG.11,VP SABANG TIMUR SIS,0.0,0.75,SAFE
2026-09-10 09:03:00,SGT.02,CSA BONTANG SIS,0.0,0.19,SAFE
2026-09-10 09:03:00,SMB.02,CSA BONTANG SIS,0.0,2.63,SAFE
2026-09-10 09:03:00,SMB.03,CSA BONTANG SIS,0.0,4.72,SAFE
2026-09-10 09:04:00,SNT.01,PITSTOP AMBON SIS,0.0,1.34,SAFE
2026-09-10 09:03:00,TJG.01,CSA BONTANG SIS,0.0,1.99,SAFE
2026-09-10 09:03:00,TJG.02,CSA BONTANG SIS,0.0,5.65,SAFE
2026-09-10 13:52:00,AMB.01,PITSTOP AMBON SIS,0.0,7.46,SAFE
2026-09-10 13:51:00,BDG.02,VP OB 1 SIS,0.0,19.31,SAFE
2026-09-10 13:51:00,BDG.03,VP OB 1 SIS,0.0,5.73,SAFE
2026-09-10 13:51:00,BDG.04,VP OB 1 SIS,0.0,1.07,SAFE
,BDG.05,ITABAL9,0.0,2.1,SAFE
2026-09-10 13:51:00,BGK.01,VP SABANG TIMUR SIS,0.0,1.59,SAFE
2026-09-10 13:51:00,BGK.02,VP SABANG TIMUR SIS,0.0,18.92,SAFE
,BGR.01,ITABAL9,0.0,1.34,SAFE
2026-09-10 13:51:00,BJB.03,CSA BONTANG SIS,0.0,1.34,SAFE
2026-09-10 13:52:00,BJM.01,PITSTOP AMBON SIS,0.0,3.86,SAFE
2026-09-10 13:51:00,BJM.02,CSA BONTANG SIS,0.0,1.68,SAFE
2026-09-10 13:51:25,BKL.01,ITABAL8,0.0,58.33,SAFE
2026-09-10 13:51:25,BKL.02,ITABAL8,0.0,0.72,SAFE
2026-09-10 13:51:25,BNE.02,ITABAL8,0.0,1.52,SAFE
2026-09-10 13:51:25,BNE.03,ITABAL8,0.0,0.63,SAFE
2026-09-10 13:51:25,BNE.04,ITABAL8,0.0,0.55,SAFE
2026-09-10 13:51:00,BNY.03,CSA BONTANG SIS,0.0,0.97,SAFE
2026-09-10 13:51:00,BTG.03,CSA BONTANG SIS,0.0,9.36,SAFE
2026-09-10 13:51:00,BTG.04,CSA BONTANG SIS,0.0,175.0,SAFE
2026-09-10 13:51:00,FLR.02,CSA BONTANG SIS,0.0,0.75,SAFE
,JKT.01,ITABAL9,0.0,25.36,SAFE
,JKT.02,ITABAL9,0.0,7.78,SAFE
,JKT.03,ITABAL9,0.0,4.16,SAFE
,JKT.04,ITABAL9,0.0,1.17,SAFE
,JKT.05,ITABAL9,0.0,5.68,SAFE
,JKT.06,ITABAL9,0.0,7.45,SAFE
,JKT.07,ITABAL9,0.0,11.55,SAFE
,JKT.08,ITABAL9,0.0,4.26,SAFE
2026-09-10 13:51:25,JMB.01,ITABAL8,0.0,3.07,SAFE
2026-09-10 13:51:25,JMB.03,ITABAL8,0.0,1.02,SAFE
,JMB.04,ITABAL9,0.0,0.77,SAFE
2026-09-10 13:51:00,KRC.02,VP SABANG TIMUR SIS,0.0,1.04,SAFE
2026-09-10 13:51:25,KRC.03,ITABAL8,0.0,1.31,SAFE
2026-09-10 13:51:00,KRC.05,VP SABANG TIMUR SIS,0.0,1.93,SAFE
2026-09-10 13:51:00,KRC.07,VP SABANG TIMUR SIS,0.0,2.15,SAFE
2026-09-10 13:51:25,LHT.01,ITABAL8,0.0,5.84,SAFE
2026-09-10 13:51:25,LPG.01,ITABAL8,0.0,2.05,SAFE
2026-09-10 13:51:25,LPG.02,ITABAL8,0.0,12.03,SAFE
2026-09-10 13:51:25,LPG.03,ITABAL8,0.0,6.96,SAFE
2026-09-10 13:51:25,LPG.06,ITABAL8,0.0,6.69,SAFE
2026-09-10 13:51:25,LPG.07,ITABAL8,0.0,12.92,SAFE
2026-09-10 13:51:25,MDN.01,ITABAL8,0.0,3.37,SAFE
2026-09-10 13:51:25,MDN.02,ITABAL8,0.0,2.53,SAFE
2026-09-10 13:51:25,MDN.03,ITABAL8,0.0,7.25,SAFE
2026-09-10 13:51:25,MDN.04,ITABAL8,0.0,1.95,SAFE
,MIA.01,ITABAL9,0.0,1.22,SAFE
,MIA.02,ITABAL9,0.0,17.59,SAFE
,MIA.03,ITABAL9,0.0,4.28,SAFE
2026-09-10 13:52:00,MIA.04,PITSTOP AMBON SIS,0.0,2.31,SAFE
,MIA.05,ITABAL9,0.0,20.96,SAFE
,MIA.06,ITABAL9,0.0,1.16,SAFE
2026-09-10 13:51:00,MKS.01,CSA BONTANG SIS,0.0,0.72,SAFE
2026-09-10 13:52:00,MKS.02,PITSTOP AMBON SIS,0.0,1.06,SAFE
,MKS.03,ROM 13,0.0,8.2,SAFE
,MKS.04,ROM 13,0.0,3.08,SAFE
2026-09-10 13:51:00,MND.02,CSA BONTANG SIS,0.0,2.49,SAFE
2026-09-10 13:51:00,MRK.01,VP SABANG TIMUR SIS,0.0,1.65,SAFE
2026-09-10 13:52:00,MTM.01,PITSTOP AMBON SIS,0.0,1.64,SAFE
2026-09-10 13:52:00,MTP.01,PITSTOP AMBON SIS,0.0,1.01,SAFE
2026-09-10 13:51:00,MTR.01,VP SABANG TIMUR SIS,0.0,1.67,SAFE
2026-09-10 13:51:25,NIS.01,ITABAL8,0.0,0.57,SAFE
2026-09-10 13:51:25,NIS.02,ITABAL8,0.0,0.86,SAFE
2026-09-10 13:51:25,NIS.03,ITABAL8,0.0,1.03,SAFE
,PDG.01,ITABAL9,0.0,0.52,SAFE
2026-09-10 13:51:25,PLB.01,ITABAL8,0.0,1.87,SAFE
2026-09-10 13:51:25,PLB.02,ITABAL8,0.0,0.84,SAFE
2026-09-10 13:51:25,PLB.03,ITABAL8,0.0,2.0,SAFE
2026-09-10 13:51:25,PLB.04,ITABAL8,0.0,13.62,SAFE
2026-09-10 13:51:00,PLU.04,CSA BONTANG SIS,0.0,2.36,SAFE
2026-09-10 13:51:00,RIU.02,VP SABANG TIMUR SIS,0.0,0.61,SAFE
2026-09-10 13:51:00,RIU.04,VP SABANG TIMUR SIS,0.0,0.51,SAFE
2026-09-10 13:51:00,SBG.02,VP SABANG TIMUR SIS,0.0,1.91,SAFE
2026-09-10 13:51:00,SBG.03,VP SABANG TIMUR SIS,0.0,5.65,SAFE
2026-09-10 13:51:00,SBG.04,VP SABANG TIMUR SIS,0.0,0.63,SAFE
2026-09-10 13:51:00,SBG.05,VP SABANG TIMUR SIS,0.0,21.21,SAFE
2026-09-10 13:51:25,SBG.06,ITABAL8,0.0,14.52,SAFE
2026-09-10 13:51:00,SBG.08,VP SABANG TIMUR SIS,0.0,1.35,SAFE
2026-09-10 13:51:00,SBG.10,VP SABANG TIMUR SIS,0.0,2.05,SAFE
2026-09-10 13:51:00,SBG.11,VP SABANG TIMUR SIS,0.0,0.75,SAFE
2026-09-10 13:51:00,SGT.02,CSA BONTANG SIS,0.0,0.19,SAFE
2026-09-10 13:51:00,SMB.02,CSA BONTANG SIS,0.0,2.63,SAFE
2026-09-10 13:51:00,SMB.03,CSA BONTANG SIS,0.0,4.72,SAFE
2026-09-10 13:52:00,SNT.01,PITSTOP AMBON SIS,0.0,1.34,SAFE
2026-09-10 13:51:00,TJG.01,CSA BONTANG SIS,0.0,1.99,SAFE
2026-09-10 13:51:00,TJG.02,CSA BONTANG SIS,0.0,5.65,SAFE
2026-09-10 18:05:00,AMB.01,PITSTOP AMBON SIS,0.0,7.46,SAFE
2026-09-10 18:04:00,BDG.02,VP OB 1 SIS,0.0,19.31,SAFE
2026-09-10 18:04:00,BDG.03,VP OB 1 SIS,0.0,5.73,SAFE
2026-09-10 18:04:00,BDG.04,VP OB 1 SIS,0.0,1.07,SAFE
,BDG.05,ITABAL9,0.0,2.1,SAFE
2026-09-10 18:04:00,BGK.01,VP SABANG TIMUR SIS,0.0,1.59,SAFE
2026-09-10 18:04:00,BGK.02,VP SABANG TIMUR SIS,0.0,18.92,SAFE
,BGR.01,ITABAL9,0.0,1.34,SAFE
2026-09-10 18:04:00,BJB.03,CSA BONTANG SIS,0.0,1.34,SAFE
2026-09-10 18:05:00,BJM.01,PITSTOP AMBON SIS,0.0,3.86,SAFE
2026-09-10 18:04:00,BJM.02,CSA BONTANG SIS,0.0,1.68,SAFE
2026-09-10 18:04:49,BKL.01,ITABAL8,0.0,58.33,SAFE
2026-09-10 18:04:49,BKL.02,ITABAL8,0.0,0.72,SAFE
2026-09-10 18:04:49,BNE.02,ITABAL8,0.0,1.52,SAFE
2026-09-10 18:04:49,BNE.03,ITABAL8,0.0,0.63,SAFE
2026-09-10 18:04:49,BNE.04,ITABAL8,0.0,0.55,SAFE
2026-09-10 18:04:00,BNY.03,CSA BONTANG SIS,0.0,0.97,SAFE
2026-09-10 18:04:00,BTG.03,CSA BONTANG SIS,0.0,9.36,SAFE
2026-09-10 18:04:00,BTG.04,CSA BONTANG SIS,0.0,175.0,SAFE
2026-09-10 18:04:00,FLR.02,CSA BONTANG SIS,0.0,0.75,SAFE
,JKT.01,ITABAL9,0.0,25.36,SAFE
,JKT.02,ITABAL9,0.0,7.78,SAFE
,JKT.03,ITABAL9,0.0,4.16,SAFE
,JKT.04,ITABAL9,0.0,1.17,SAFE
,JKT.05,ITABAL9,0.0,5.68,SAFE
,JKT.06,ITABAL9,0.0,7.45,SAFE
,JKT.07,ITABAL9,0.0,11.55,SAFE
,JKT.08,ITABAL9,0.0,4.26,SAFE
2026-09-10 18:04:49,JMB.01,ITABAL8,0.0,3.07,SAFE
2026-09-10 18:04:49,JMB.03,ITABAL8,0.0,1.02,SAFE
,JMB.04,ITABAL9,0.0,0.77,SAFE
2026-09-10 18:04:00,KRC.02,VP SABANG TIMUR SIS,0.0,1.04,SAFE
2026-09-10 18:04:49,KRC.03,ITABAL8,0.0,1.31,SAFE
2026-09-10 18:04:00,KRC.05,VP SABANG TIMUR SIS,0.0,1.93,SAFE
2026-09-10 18:04:00,KRC.07,VP SABANG TIMUR SIS,0.0,2.15,SAFE
2026-09-10 18:04:49,LHT.01,ITABAL8,0.0,5.84,SAFE
2026-09-10 18:04:49,LPG.01,ITABAL8,0.0,2.05,SAFE
2026-09-10 18:04:49,LPG.02,ITABAL8,0.0,12.03,SAFE
2026-09-10 18:04:49,LPG.03,ITABAL8,0.0,6.96,SAFE
2026-09-10 18:04:49,LPG.06,ITABAL8,0.0,6.69,SAFE
2026-09-10 18:04:49,LPG.07,ITABAL8,0.0,12.92,SAFE
2026-09-10 18:04:49,MDN.01,ITABAL8,0.0,3.37,SAFE
2026-09-10 18:04:49,MDN.02,ITABAL8,0.0,2.53,SAFE
2026-09-10 18:04:49,MDN.03,ITABAL8,0.0,7.25,SAFE
2026-09-10 18:04:49,MDN.04,ITABAL8,0.0,1.95,SAFE
,MIA.01,ITABAL9,0.0,1.22,SAFE
,MIA.02,ITABAL9,0.0,17.59,SAFE
,MIA.03,ITABAL9,0.0,4.28,SAFE
2026-09-10 18:05:00,MIA.04,PITSTOP AMBON SIS,0.0,2.31,SAFE
,MIA.05,ITABAL9,0.0,20.96,SAFE
,MIA.06,ITABAL9,0.0,1.16,SAFE
2026-09-10 18:04:00,MKS.01,CSA BONTANG SIS,0.0,0.72,SAFE
2026-09-10 18:05:00,MKS.02,PITSTOP AMBON SIS,0.0,1.06,SAFE
,MKS.03,ROM 13,0.0,8.2,SAFE
,MKS.04,ROM 13,0.0,3.08,SAFE
2026-09-10 18:04:00,MND.02,CSA BONTANG SIS,0.0,2.49,SAFE
2026-09-10 18:04:00,MRK.01,VP SABANG TIMUR SIS,0.0,1.65,SAFE
2026-09-10 18:05:00,MTM.01,PITSTOP AMBON SIS,0.0,1.64,SAFE
2026-09-10 18:05:00,MTP.01,PITSTOP AMBON SIS,0.0,1.01,SAFE
2026-09-10 18:04:00,MTR.01,VP SABANG TIMUR SIS,0.0,1.67,SAFE
2026-09-10 18:04:49,NIS.01,ITABAL8,0.0,0.57,SAFE
2026-09-10 18:04:49,NIS.02,ITABAL8,0.0,0.86,SAFE
2026-09-10 18:04:49,NIS.03,ITABAL8,0.0,1.03,SAFE
,PDG.01,ITABAL9,0.0,0.52,SAFE
2026-09-10 18:04:49,PLB.01,ITABAL8,0.0,1.87,SAFE
2026-09-10 18:04:49,PLB.02,ITABAL8,0.0,0.84,SAFE
2026-09-10 18:04:49,PLB.03,ITABAL8,0.0,2.0,SAFE
2026-09-10 18:04:49,PLB.04,ITABAL8,0.0,13.62,SAFE
2026-09-10 18:04:00,PLU.04,CSA BONTANG SIS,0.0,2.36,SAFE
2026-09-10 18:04:00,RIU.02,VP SABANG TIMUR SIS,0.0,0.61,SAFE
2026-09-10 18:04:00,RIU.04,VP SABANG TIMUR SIS,0.0,0.51,SAFE
2026-09-10 18:04:00,SBG.02,VP SABANG TIMUR SIS,0.0,1.91,SAFE
2026-09-10 18:04:00,SBG.03,VP SABANG TIMUR SIS,0.0,5.65,SAFE
2026-09-10 18:04:00,SBG.04,VP SABANG TIMUR SIS,0.0,0.63,SAFE
2026-09-10 18:04:00,SBG.05,VP SABANG TIMUR SIS,0.0,21.21,SAFE
2026-09-10 18:04:49,SBG.06,ITABAL8,0.0,14.52,SAFE
2026-09-10 18:04:00,SBG.08,VP SABANG TIMUR SIS,0.0,1.35,SAFE
2026-09-10 18:04:00,SBG.10,VP SABANG TIMUR SIS,0.0,2.05,SAFE
2026-09-10 18:04:00,SBG.11,VP SABANG TIMUR SIS,0.0,0.75,SAFE
2026-09-10 18:04:00,SGT.02,CSA BONTANG SIS,0.0,0.19,SAFE
2026-09-10 18:04:00,SMB.02,CSA BONTANG SIS,0.0,2.63,SAFE
2026-09-10 18:04:00,SMB.03,CSA BONTANG SIS,0.0,4.72,SAFE
2026-09-10 18:05:00,SNT.01,PITSTOP AMBON SIS,0.0,1.34,SAFE
2026-09-10 18:04:00,TJG.01,CSA BONTANG SIS,0.0,1.99,SAFE
2026-09-10 18:04:00,TJG.02,CSA BONTANG SIS,0.0,5.65,SAFE
2026-09-10 22:21:00,AMB.01,PITSTOP AMBON SIS,0.0,7.46,SAFE
2026-09-10 22:19:00,BDG.02,VP OB 1 SIS,0.0,19.31,SAFE
2026-09-10 22:19:00,BDG.03,VP OB 1 SIS,0.0,5.73,SAFE
2026-09-10 22:19:00,BDG.04,VP OB 1 SIS,0.0,1.07,SAFE
,BDG.05,ITABAL9,0.0,2.1,SAFE
2026-09-10 22:20:00,BGK.01,VP SABANG TIMUR SIS,0.0,1.59,SAFE
2026-09-10 22:20:00,BGK.02,VP SABANG TIMUR SIS,0.0,18.92,SAFE
,BGR.01,ITABAL9,0.0,1.34,SAFE
2026-09-10 22:20:00,BJB.03,CSA BONTANG SIS,0.0,1.34,SAFE
2026-09-10 22:21:00,BJM.01,PITSTOP AMBON SIS,0.0,3.86,SAFE
2026-09-10 22:20:00,BJM.02,CSA BONTANG SIS,0.0,1.68,SAFE
2026-09-10 22:20:13,BKL.01,ITABAL8,0.0,58.33,SAFE
2026-09-10 22:20:13,BKL.02,ITABAL8,0.0,0.72,SAFE
2026-09-10 22:20:13,BNE.02,ITABAL8,0.0,1.52,SAFE
2026-09-10 22:20:13,BNE.03,ITABAL8,0.0,0.63,SAFE
2026-09-10 22:20:13,BNE.04,ITABAL8,0.0,0.55,SAFE
2026-09-10 22:20:00,BNY.03,CSA BONTANG SIS,0.0,0.97,SAFE
2026-09-10 22:20:00,BTG.03,CSA BONTANG SIS,0.0,9.36,SAFE
2026-09-10 22:20:00,BTG.04,CSA BONTANG SIS,0.0,175.0,SAFE
2026-09-10 22:20:00,FLR.02,CSA BONTANG SIS,0.0,0.75,SAFE
,JKT.01,ITABAL9,0.0,25.36,SAFE
,JKT.02,ITABAL9,0.0,7.78,SAFE
,JKT.03,ITABAL9,0.0,4.16,SAFE
,JKT.04,ITABAL9,0.0,1.17,SAFE
,JKT.05,ITABAL9,0.0,5.68,SAFE
,JKT.06,ITABAL9,0.0,7.45,SAFE
,JKT.07,ITABAL9,0.0,11.55,SAFE
,JKT.08,ITABAL9,0.0,4.26,SAFE
2026-09-10 22:20:13,JMB.01,ITABAL8,0.0,3.07,SAFE
2026-09-10 22:20:13,JMB.03,ITABAL8,0.0,1.02,SAFE
,JMB.04,ITABAL9,0.0,0.77,SAFE
2026-09-10 22:20:00,KRC.02,VP SABANG TIMUR SIS,0.0,1.04,SAFE
2026-09-10 22:20:13,KRC.03,ITABAL8,0.0,1.31,SAFE
2026-09-10 22:20:00,KRC.05,VP SABANG TIMUR SIS,0.0,1.93,SAFE
2026-09-10 22:20:00,KRC.07,VP SABANG TIMUR SIS,0.0,2.15,SAFE
2026-09-10 22:20:13,LHT.01,ITABAL8,0.0,5.84,SAFE
2026-09-10 22:20:13,LPG.01,ITABAL8,0.0,2.05,SAFE
2026-09-10 22:20:13,LPG.02,ITABAL8,0.0,12.03,SAFE
2026-09-10 22:20:13,LPG.03,ITABAL8,0.0,6.96,SAFE
2026-09-10 22:20:13,LPG.06,ITABAL8,0.0,6.69,SAFE
2026-09-10 22:20:13,LPG.07,ITABAL8,0.0,12.92,SAFE
2026-09-10 22:20:13,MDN.01,ITABAL8,0.0,3.37,SAFE
2026-09-10 22:20:13,MDN.02,ITABAL8,0.0,2.53,SAFE
2026-09-10 22:20:13,MDN.03,ITABAL8,0.0,7.25,SAFE
2026-09-10 22:20:13,MDN.04,ITABAL8,0.0,1.95,SAFE
,MIA.01,ITABAL9,0.0,1.22,SAFE
,MIA.02,ITABAL9,0.0,17.59,SAFE
,MIA.03,ITABAL9,0.0,4.28,SAFE
2026-09-10 22:21:00,MIA.04,PITSTOP AMBON SIS,0.0,2.31,SAFE
,MIA.05,ITABAL9,0.0,20.96,SAFE
,MIA.06,ITABAL9,0.0,1.16,SAFE
2026-09-10 22:20:00,MKS.01,CSA BONTANG SIS,0.0,0.72,SAFE
2026-09-10 22:21:00,MKS.02,PITSTOP AMBON SIS,0.0,1.06,SAFE
,MKS.03,ROM 13,0.0,8.2,SAFE
,MKS.04,ROM 13,0.0,3.08,SAFE
2026-09-10 22:20:00,MND.02,CSA BONTANG SIS,0.0,2.49,SAFE
2026-09-10 22:20:00,MRK.01,VP SABANG TIMUR SIS,0.0,1.65,SAFE
2026-09-10 22:21:00,MTM.01,PITSTOP AMBON SIS,0.0,1.64,SAFE
2026-09-10 22:21:00,MTP.01,PITSTOP AMBON SIS,0.0,1.01,SAFE
2026-09-10 22:20:00,MTR.01,VP SABANG TIMUR SIS,0.0,1.67,SAFE
2026-09-10 22:20:13,NIS.01,ITABAL8,0.0,0.57,SAFE
2026-09-10 22:20:13,NIS.02,ITABAL8,0.0,0.86,SAFE
2026-09-10 22:20:13,NIS.03,ITABAL8,0.0,1.03,SAFE
,PDG.01,ITABAL9,0.0,0.52,SAFE
2026-09-10 22:20:13,PLB.01,ITABAL8,0.0,1.87,SAFE
2026-09-10 22:20:13,PLB.02,ITABAL8,0.0,0.84,SAFE
2026-09-10 22:20:13,PLB.03,ITABAL8,0.0,2.0,SAFE
2026-09-10 22:20:13,PLB.04,ITABAL8,0.0,13.62,SAFE
2026-09-10 22:20:00,PLU.04,CSA BONTANG SIS,0.0,2.36,SAFE
2026-09-10 22:20:00,RIU.02,VP SABANG TIMUR SIS,0.0,0.61,SAFE
2026-09-10 22:20:00,RIU.04,VP SABANG TIMUR SIS,0.0,0.51,SAFE
2026-09-10 22:20:00,SBG.02,VP SABANG TIMUR SIS,0.0,1.91,SAFE
2026-09-10 22:20:00,SBG.03,VP SABANG TIMUR SIS,0.0,5.65,SAFE
2026-09-10 22:20:00,SBG.04,VP SABANG TIMUR SIS,0.0,0.63,SAFE
2026-09-10 22:20:00,SBG.05,VP SABANG TIMUR SIS,0.0,21.21,SAFE
2026-09-10 22:20:13,SBG.06,ITABAL8,0.0,14.52,SAFE
2026-09-10 22:20:00,SBG.08,VP SABANG TIMUR SIS,0.0,1.35,SAFE
2026-09-10 22:20:00,SBG.10,VP SABANG TIMUR SIS,0.0,2.05,SAFE
2026-09-10 22:20:00,SBG.11,VP SABANG TIMUR SIS,0.0,0.75,SAFE
2026-09-10 22:20:00,SGT.02,CSA BONTANG SIS,0.0,0.19,SAFE
2026-09-10 22:20:00,SMB.02,CSA BONTANG SIS,0.0,2.63,SAFE
2026-09-10 22:20:00,SMB.03,CSA BONTANG SIS,0.0,4.72,SAFE
2026-09-10 22:21:00,SNT.01,PITSTOP AMBON SIS,0.0,1.34,SAFE
2026-09-10 22:20:00,TJG.01,CSA BONTANG SIS,0.0,1.99,SAFE
2026-09-10 22:20:00,TJG.02,CSA BONTANG SIS,0.0,5.65,SAFE
2026-09-10 23:59:00,AMB.01,PITSTOP AMBON SIS,0.0,7.46,SAFE
2026-09-10 23:59:00,BDG.02,VP OB 1 SIS,0.0,19.31,SAFE
2026-09-10 23:59:00,BDG.03,VP OB 1 SIS,0.0,5.73,SAFE
2026-09-10 23:59:00,BDG.04,VP OB 1 SIS,0.0,1.07,SAFE
,BDG.05,ITABAL9,0.0,2.1,SAFE
2026-09-10 23:59:00,BGK.01,VP SABANG TIMUR SIS,0.0,1.59,SAFE
2026-09-10 23:59:00,BGK.02,VP SABANG TIMUR SIS,0.0,18.92,SAFE
,BGR.01,ITABAL9,0.0,1.34,SAFE
2026-09-10 23:59:00,BJB.03,CSA BONTANG SIS,0.0,1.34,SAFE
2026-09-10 23:59:00,BJM.01,PITSTOP AMBON SIS,0.0,3.86,SAFE
2026-09-10 23:59:00,BJM.02,CSA BONTANG SIS,0.0,1.68,SAFE
2026-09-11 01:44:12,BKL.01,ITABAL8,0.0,58.33,SAFE
2026-09-11 01:44:12,BKL.02,ITABAL8,0.0,0.72,SAFE
2026-09-11 01:44:12,BNE.02,ITABAL8,0.0,1.52,SAFE
2026-09-11 01:44:12,BNE.03,ITABAL8,0.0,0.63,SAFE
2026-09-11 01:44:12,BNE.04,ITABAL8,0.0,0.55,SAFE
2026-09-10 23:59:00,BNY.03,CSA BONTANG SIS,0.0,0.97,SAFE
2026-09-10 23:59:00,BTG.03,CSA BONTANG SIS,0.0,9.36,SAFE
2026-09-10 23:59:00,BTG.04,CSA BONTANG SIS,0.0,175.0,SAFE
2026-09-10 23:59:00,FLR.02,CSA BONTANG SIS,0.0,0.75,SAFE
,JKT.01,ITABAL9,0.0,25.36,SAFE
,JKT.02,ITABAL9,0.0,7.78,SAFE
,JKT.03,ITABAL9,0.0,4.16,SAFE
,JKT.04,ITABAL9,0.0,1.17,SAFE
,JKT.05,ITABAL9,0.0,5.68,SAFE
,JKT.06,ITABAL9,0.0,7.45,SAFE
,JKT.07,ITABAL9,0.0,11.55,SAFE
,JKT.08,ITABAL9,0.0,4.26,SAFE
2026-09-11 01:44:12,JMB.01,ITABAL8,0.0,3.07,SAFE
2026-09-11 01:44:12,JMB.03,ITABAL8,0.0,1.02,SAFE
,JMB.04,ITABAL9,0.0,0.77,SAFE
2026-09-10 23:59:00,KRC.02,VP SABANG TIMUR SIS,0.0,1.04,SAFE
2026-09-11 01:44:12,KRC.03,ITABAL8,0.0,1.31,SAFE
2026-09-10 23:59:00,KRC.05,VP SABANG TIMUR SIS,0.0,1.93,SAFE
2026-09-10 23:59:00,KRC.07,VP SABANG TIMUR SIS,0.0,2.15,SAFE
2026-09-11 01:44:12,LHT.01,ITABAL8,0.0,5.84,SAFE
2026-09-11 01:44:12,LPG.01,ITABAL8,0.0,2.05,SAFE
2026-09-11 01:44:12,LPG.02,ITABAL8,0.0,12.03,SAFE
2026-09-11 01:44:12,LPG.03,ITABAL8,0.0,6.96,SAFE
2026-09-11 01:44:12,LPG.06,ITABAL8,0.0,6.69,SAFE
2026-09-11 01:44:12,LPG.07,ITABAL8,0.0,12.92,SAFE
2026-09-11 01:44:12,MDN.01,ITABAL8,0.0,3.37,SAFE
2026-09-11 01:44:12,MDN.02,ITABAL8,0.0,2.53,SAFE
2026-09-11 01:44:12,MDN.03,ITABAL8,0.0,7.25,SAFE
2026-09-11 01:44:12,MDN.04,ITABAL8,0.0,1.95,SAFE
,MIA.01,ITABAL9,0.0,1.22,SAFE
,MIA.02,ITABAL9,0.0,17.59,SAFE
,MIA.03,ITABAL9,0.0,4.28,SAFE
2026-09-10 23:59:00,MIA.04,PITSTOP AMBON SIS,0.0,2.31,SAFE
,MIA.05,ITABAL9,0.0,20.96,SAFE
,MIA.06,ITABAL9,0.0,1.16,SAFE
2026-09-10 23:59:00,MKS.01,CSA BONTANG SIS,0.0,0.72,SAFE
2026-09-10 23:59:00,MKS.02,PITSTOP AMBON SIS,0.0,1.06,SAFE
,MKS.03,ROM 13,0.0,8.2,SAFE
,MKS.04,ROM 13,0.0,3.08,SAFE
2026-09-10 23:59:00,MND.02,CSA BONTANG SIS,0.0,2.49,SAFE
2026-09-10 23:59:00,MRK.01,VP SABANG TIMUR SIS,0.0,1.65,SAFE
2026-09-10 23:59:00,MTM.01,PITSTOP AMBON SIS,0.0,1.64,SAFE
2026-09-10 23:59:00,MTP.01,PITSTOP AMBON SIS,0.0,1.01,SAFE
2026-09-10 23:59:00,MTR.01,VP SABANG TIMUR SIS,0.0,1.67,SAFE
2026-09-11 01:44:12,NIS.01,ITABAL8,0.0,0.57,SAFE
2026-09-11 01:44:12,NIS.02,ITABAL8,0.0,0.86,SAFE
2026-09-11 01:44:12,NIS.03,ITABAL8,0.0,1.03,SAFE
,PDG.01,ITABAL9,0.0,0.52,SAFE
2026-09-11 01:44:12,PLB.01,ITABAL8,0.0,1.87,SAFE
2026-09-11 01:44:12,PLB.02,ITABAL8,0.0,0.84,SAFE
2026-09-11 01:44:12,PLB.03,ITABAL8,0.0,2.0,SAFE
2026-09-11 01:44:12,PLB.04,ITABAL8,0.0,13.62,SAFE
2026-09-10 23:59:00,PLU.04,CSA BONTANG SIS,0.0,2.36,SAFE
2026-09-10 23:59:00,RIU.02,VP SABANG TIMUR SIS,0.0,0.61,SAFE
2026-09-10 23:59:00,RIU.04,VP SABANG TIMUR SIS,0.0,0.51,SAFE
2026-09-10 23:59:00,SBG.02,VP SABANG TIMUR SIS,0.0,1.91,SAFE
2026-09-10 23:59:00,SBG.03,VP SABANG TIMUR SIS,0.0,5.65,SAFE
2026-09-10 23:59:00,SBG.04,VP SABANG TIMUR SIS,0.0,0.63,SAFE
2026-09-10 23:59:00,SBG.05,VP SABANG TIMUR SIS,0.0,21.21,SAFE
2026-09-11 01:44:12,SBG.06,ITABAL8,0.0,14.52,SAFE
2026-09-10 23:59:00,SBG.08,VP SABANG TIMUR SIS,0.0,1.35,SAFE
2026-09-10 23:59:00,SBG.10,VP SABANG TIMUR SIS,0.0,2.05,SAFE
2026-09-10 23:59:00,SBG.11,VP SABANG TIMUR SIS,0.0,0.75,SAFE
2026-09-10 23:59:00,SGT.02,CSA BONTANG SIS,0.0,0.19,SAFE
2026-09-10 23:59:00,SMB.02,CSA BONTANG SIS,0.0,2.63,SAFE
2026-09-10 23:59:00,SMB.03,CSA BONTANG SIS,0.0,4.72,SAFE
2026-09-10 23:59:00,SNT.01,PITSTOP AMBON SIS,0.0,1.34,SAFE
2026-09-10 23:59:00,TJG.01,CSA BONTANG SIS,0.0,1.99,SAFE
2026-09-10 23:59:00,TJG.02,CSA BONTANG SIS,0.0,5.65,SAFE
2026-09-10 23:59:00,AMB.01,PITSTOP AMBON SIS,0.0,7.46,SAFE
2026-09-10 23:59:00,BDG.02,VP OB 1 SIS,0.0,19.31,SAFE
2026-09-10 23:59:00,BDG.03,VP OB 1 SIS,0.0,5.73,SAFE
2026-09-10 23:59:00,BDG.04,VP OB 1 SIS,0.0,1.07,SAFE
2026-09-11 04:03:18,BDG.05,ITABAL9,0.0,2.1,SAFE
2026-09-10 23:59:00,BGK.01,VP SABANG TIMUR SIS,0.0,1.59,SAFE
2026-09-10 23:59:00,BGK.02,VP SABANG TIMUR SIS,0.0,18.92,SAFE
2026-09-11 04:03:18,BGR.01,ITABAL9,0.0,1.34,SAFE
2026-09-10 23:59:00,BJB.03,CSA BONTANG SIS,0.0,1.34,SAFE
2026-09-10 23:59:00,BJM.01,PITSTOP AMBON SIS,0.0,3.86,SAFE
2026-09-10 23:59:00,BJM.02,CSA BONTANG SIS,0.0,1.68,SAFE
2026-09-11 04:03:18,BKL.01,ITABAL8,0.0,58.33,SAFE
2026-09-11 04:03:18,BKL.02,ITABAL8,0.0,0.72,SAFE
2026-09-11 04:03:18,BNE.02,ITABAL8,0.0,1.52,SAFE
2026-09-11 04:03:18,BNE.03,ITABAL8,0.0,0.63,SAFE
2026-09-11 04:03:18,BNE.04,ITABAL8,0.0,0.55,SAFE
2026-09-10 23:59:00,BNY.03,CSA BONTANG SIS,0.0,0.97,SAFE
2026-09-10 23:59:00,BTG.03,CSA BONTANG SIS,0.0,9.36,SAFE
2026-09-10 23:59:00,BTG.04,CSA BONTANG SIS,0.0,175.0,SAFE
2026-09-10 23:59:00,FLR.02,CSA BONTANG SIS,0.0,0.75,SAFE
2026-09-11 04:03:18,JKT.01,ITABAL9,0.0,25.36,SAFE
2026-09-11 04:03:18,JKT.02,ITABAL9,0.0,7.78,SAFE
2026-09-11 04:03:18,JKT.03,ITABAL9,0.0,4.16,SAFE
2026-09-11 04:03:18,JKT.04,ITABAL9,0.0,1.17,SAFE
2026-09-11 04:03:18,JKT.05,ITABAL9,0.0,5.68,SAFE
2026-09-11 04:03:18,JKT.06,ITABAL9,0.0,7.45,SAFE
2026-09-11 04:03:18,JKT.07,ITABAL9,0.0,11.55,SAFE
2026-09-11 04:03:18,JKT.08,ITABAL9,0.0,4.26,SAFE
2026-09-11 04:03:18,JMB.01,ITABAL8,0.0,3.07,SAFE
2026-09-11 04:03:18,JMB.03,ITABAL8,0.0,1.02,SAFE
2026-09-11 04:03:18,JMB.04,ITABAL9,0.0,0.77,SAFE
2026-09-10 23:59:00,KRC.02,VP SABANG TIMUR SIS,0.0,1.04,SAFE
2026-09-11 04:03:18,KRC.03,ITABAL8,0.0,1.31,SAFE
2026-09-10 23:59:00,KRC.05,VP SABANG TIMUR SIS,0.0,1.93,SAFE
2026-09-10 23:59:00,KRC.07,VP SABANG TIMUR SIS,0.0,2.15,SAFE
2026-09-11 04:03:18,LHT.01,ITABAL8,0.0,5.84,SAFE
2026-09-11 04:03:18,LPG.01,ITABAL8,0.0,2.05,SAFE
2026-09-11 04:03:18,LPG.02,ITABAL8,0.0,12.03,SAFE
2026-09-11 04:03:18,LPG.03,ITABAL8,0.0,6.96,SAFE
2026-09-11 04:03:18,LPG.06,ITABAL8,0.0,6.69,SAFE
2026-09-11 04:03:18,LPG.07,ITABAL8,0.0,12.92,SAFE
2026-09-11 04:03:18,MDN.01,ITABAL8,0.0,3.37,SAFE
2026-09-11 04:03:18,MDN.02,ITABAL8,0.0,2.53,SAFE
2026-09-11 04:03:18,MDN.03,ITABAL8,0.0,7.25,SAFE
2026-09-11 04:03:18,MDN.04,ITABAL8,0.0,1.95,SAFE
2026-09-11 04:03:18,MIA.01,ITABAL9,0.0,1.22,SAFE
2026-09-11 04:03:18,MIA.02,ITABAL9,0.0,17.59,SAFE
2026-09-11 04:03:18,MIA.03,ITABAL9,0.0,4.28,SAFE
2026-09-10 23:59:00,MIA.04,PITSTOP AMBON SIS,0.0,2.31,SAFE
2026-09-11 04:03:18,MIA.05,ITABAL9,0.0,20.96,SAFE
2026-09-11 04:03:18,MIA.06,ITABAL9,0.0,1.16,SAFE
2026-09-10 23:59:00,MKS.01,CSA BONTANG SIS,0.0,0.72,SAFE
2026-09-10 23:59:00,MKS.02,PITSTOP AMBON SIS,0.0,1.06,SAFE
,MKS.03,ROM 13,0.0,8.2,SAFE
,MKS.04,ROM 13,0.0,3.08,SAFE
2026-09-10 23:59:00,MND.02,CSA BONTANG SIS,0.0,2.49,SAFE
2026-09-10 23:59:00,MRK.01,VP SABANG TIMUR SIS,0.0,1.65,SAFE
2026-09-10 23:59:00,MTM.01,PITSTOP AMBON SIS,0.0,1.64,SAFE
2026-09-10 23:59:00,MTP.01,PITSTOP AMBON SIS,0.0,1.01,SAFE
2026-09-10 23:59:00,MTR.01,VP SABANG TIMUR SIS,0.0,1.67,SAFE
2026-09-11 04:03:18,NIS.01,ITABAL8,0.0,0.57,SAFE
2026-09-11 04:03:18,NIS.02,ITABAL8,0.0,0.86,SAFE
2026-09-11 04:03:18,NIS.03,ITABAL8,0.0,1.03,SAFE
2026-09-11 04:03:18,PDG.01,ITABAL9,0.0,0.52,SAFE
2026-09-11 04:03:18,PLB.01,ITABAL8,0.0,1.87,SAFE
2026-09-11 04:03:18,PLB.02,ITABAL8,0.0,0.84,SAFE
2026-09-11 04:03:18,PLB.03,ITABAL8,0.0,2.0,SAFE
2026-09-11 04:03:18,PLB.04,ITABAL8,0.0,13.62,SAFE
2026-09-10 23:59:00,PLU.04,CSA BONTANG SIS,0.0,2.36,SAFE
2026-09-10 23:59:00,RIU.02,VP SABANG TIMUR SIS,0.0,0.61,SAFE
2026-09-10 23:59:00,RIU.04,VP SABANG TIMUR SIS,0.0,0.51,SAFE
2026-09-10 23:59:00,SBG.02,VP SABANG TIMUR SIS,0.0,1.91,SAFE
2026-09-10 23:59:00,SBG.03,VP SABANG TIMUR SIS,0.0,5.65,SAFE
2026-09-10 23:59:00,SBG.04,VP SABANG TIMUR SIS,0.0,0.63,SAFE
2026-09-10 23:59:00,SBG.05,VP SABANG TIMUR SIS,0.0,21.21,SAFE
2026-09-11 04:03:18,SBG.06,ITABAL8,0.0,14.52,SAFE
2026-09-10 23:59:00,SBG.08,VP SABANG TIMUR SIS,0.0,1.35,SAFE
2026-09-10 23:59:00,SBG.10,VP SABANG TIMUR SIS,0.0,2.05,SAFE
2026-09-10 23:59:00,SBG.11,VP SABANG TIMUR SIS,0.0,0.75,SAFE
2026-09-10 23:59:00,SGT.02,CSA BONTANG SIS,0.0,0.19,SAFE
2026-09-10 23:59:00,SMB.02,CSA BONTANG SIS,0.0,2.63,SAFE
2026-09-10 23:59:00,SMB.03,CSA BONTANG SIS,0.0,4.72,SAFE
2026-09-10 23:59:00,SNT.01,PITSTOP AMBON SIS,0.0,1.34,SAFE
2026-09-10 23:59:00,TJG.01,CSA BONTANG SIS,0.0,1.99,SAFE
2026-09-10 23:59:00,TJG.02,CSA BONTANG SIS,0.0,5.65,SAFE
2026-09-10 23:59:00,AMB.01,PITSTOP AMBON SIS,0.0,7.46,SAFE
2026-09-10 23:59:00,BDG.02,VP OB 1 SIS,0.0,19.31,SAFE
2026-09-10 23:59:00,BDG.03,VP OB 1 SIS,0.0,5.73,SAFE
2026-09-10 23:59:00,BDG.04,VP OB 1 SIS,0.0,1.07,SAFE
2026-09-11 04:03:18,BDG.05,ITABAL9,0.0,2.1,SAFE
2026-09-10 23:59:00,BGK.01,VP SABANG TIMUR SIS,0.0,1.59,SAFE
2026-09-10 23:59:00,BGK.02,VP SABANG TIMUR SIS,0.0,18.92,SAFE
2026-09-11 04:03:18,BGR.01,ITABAL9,0.0,1.34,SAFE
2026-09-10 23:59:00,BJB.03,CSA BONTANG SIS,0.0,1.34,SAFE
2026-09-10 23:59:00,BJM.01,PITSTOP AMBON SIS,0.0,3.86,SAFE
2026-09-10 23:59:00,BJM.02,CSA BONTANG SIS,0.0,1.68,SAFE
2026-09-11 06:28:09,BKL.01,ITABAL8,0.0,58.33,SAFE
2026-09-11 06:28:09,BKL.02,ITABAL8,0.0,0.72,SAFE
2026-09-11 06:28:09,BNE.02,ITABAL8,0.0,1.52,SAFE
2026-09-11 06:28:09,BNE.03,ITABAL8,0.0,0.63,SAFE
2026-09-11 06:28:09,BNE.04,ITABAL8,0.0,0.55,SAFE
2026-09-10 23:59:00,BNY.03,CSA BONTANG SIS,0.0,0.97,SAFE
2026-09-10 23:59:00,BTG.03,CSA BONTANG SIS,0.0,9.36,SAFE
2026-09-10 23:59:00,BTG.04,CSA BONTANG SIS,0.0,175.0,SAFE
2026-09-10 23:59:00,FLR.02,CSA BONTANG SIS,0.0,0.75,SAFE
2026-09-11 04:03:18,JKT.01,ITABAL9,0.0,25.36,SAFE
2026-09-11 04:03:18,JKT.02,ITABAL9,0.0,7.78,SAFE
2026-09-11 04:03:18,JKT.03,ITABAL9,0.0,4.16,SAFE
2026-09-11 04:03:18,JKT.04,ITABAL9,0.0,1.17,SAFE
2026-09-11 04:03:18,JKT.05,ITABAL9,0.0,5.68,SAFE
2026-09-11 04:03:18,JKT.06,ITABAL9,0.0,7.45,SAFE
2026-09-11 04:03:18,JKT.07,ITABAL9,0.0,11.55,SAFE
2026-09-11 04:03:18,JKT.08,ITABAL9,0.0,4.26,SAFE
2026-09-11 06:28:09,JMB.01,ITABAL8,0.0,3.07,SAFE
2026-09-11 06:28:09,JMB.03,ITABAL8,0.0,1.02,SAFE
2026-09-11 04:03:18,JMB.04,ITABAL9,0.0,0.77,SAFE
2026-09-10 23:59:00,KRC.02,VP SABANG TIMUR SIS,0.0,1.04,SAFE
2026-09-11 06:28:09,KRC.03,ITABAL8,0.0,1.31,SAFE
2026-09-10 23:59:00,KRC.05,VP SABANG TIMUR SIS,0.0,1.93,SAFE
2026-09-10 23:59:00,KRC.07,VP SABANG TIMUR SIS,0.0,2.15,SAFE
2026-09-11 06:28:09,LHT.01,ITABAL8,0.0,5.84,SAFE
2026-09-11 06:28:09,LPG.01,ITABAL8,0.0,2.05,SAFE
2026-09-11 06:28:09,LPG.02,ITABAL8,0.0,12.03,SAFE
2026-09-11 06:28:09,LPG.03,ITABAL8,0.0,6.96,SAFE
2026-09-11 06:28:09,LPG.06,ITABAL8,0.0,6.69,SAFE
2026-09-11 06:28:09,LPG.07,ITABAL8,0.0,12.92,SAFE
2026-09-11 06:28:09,MDN.01,ITABAL8,0.0,3.37,SAFE
2026-09-11 06:28:09,MDN.02,ITABAL8,0.0,2.53,SAFE
2026-09-11 06:28:09,MDN.03,ITABAL8,0.0,7.25,SAFE
2026-09-11 06:28:09,MDN.04,ITABAL8,0.0,1.95,SAFE
2026-09-11 04:03:18,MIA.01,ITABAL9,0.0,1.22,SAFE
2026-09-11 04:03:18,MIA.02,ITABAL9,0.0,17.59,SAFE
2026-09-11 04:03:18,MIA.03,ITABAL9,0.0,4.28,SAFE
2026-09-10 23:59:00,MIA.04,PITSTOP AMBON SIS,0.0,2.31,SAFE
2026-09-11 04:03:18,MIA.05,ITABAL9,0.0,20.96,SAFE
2026-09-11 04:03:18,MIA.06,ITABAL9,0.0,1.16,SAFE
2026-09-10 23:59:00,MKS.01,CSA BONTANG SIS,0.0,0.72,SAFE
2026-09-10 23:59:00,MKS.02,PITSTOP AMBON SIS,0.0,1.06,SAFE
,MKS.03,ROM 13,0.0,8.2,SAFE
,MKS.04,ROM 13,0.0,3.08,SAFE
2026-09-10 23:59:00,MND.02,CSA BONTANG SIS,0.0,2.49,SAFE
2026-09-10 23:59:00,MRK.01,VP SABANG TIMUR SIS,0.0,1.65,SAFE
2026-09-10 23:59:00,MTM.01,PITSTOP AMBON SIS,0.0,1.64,SAFE
2026-09-10 23:59:00,MTP.01,PITSTOP AMBON SIS,0.0,1.01,SAFE
2026-09-10 23:59:00,MTR.01,VP SABANG TIMUR SIS,0.0,1.67,SAFE
2026-09-11 06:28:09,NIS.01,ITABAL8,0.0,0.57,SAFE
2026-09-11 06:28:09,NIS.02,ITABAL8,0.0,0.86,SAFE
2026-09-11 06:28:09,NIS.03,ITABAL8,0.0,1.03,SAFE
2026-09-11 04:03:18,PDG.01,ITABAL9,0.0,0.52,SAFE
2026-09-11 06:28:09,PLB.01,ITABAL8,0.0,1.87,SAFE
2026-09-11 06:28:09,PLB.02,ITABAL8,0.0,0.84,SAFE
2026-09-11 06:28:09,PLB.03,ITABAL8,0.0,2.0,SAFE
2026-09-11 06:28:09,PLB.04,ITABAL8,0.0,13.62,SAFE
2026-09-10 23:59:00,PLU.04,CSA BONTANG SIS,0.0,2.36,SAFE
2026-09-10 23:59:00,RIU.02,VP SABANG TIMUR SIS,0.0,0.61,SAFE
2026-09-10 23:59:00,RIU.04,VP SABANG TIMUR SIS,0.0,0.51,SAFE
2026-09-10 23:59:00,SBG.02,VP SABANG TIMUR SIS,0.0,1.91,SAFE
2026-09-10 23:59:00,SBG.03,VP SABANG TIMUR SIS,0.0,5.65,SAFE
2026-09-10 23:59:00,SBG.04,VP SABANG TIMUR SIS,0.0,0.63,SAFE
2026-09-10 23:59:00,SBG.05,VP SABANG TIMUR SIS,0.0,21.21,SAFE
2026-09-11 06:28:09,SBG.06,ITABAL8,0.0,14.52,SAFE
2026-09-10 23:59:00,SBG.08,VP SABANG TIMUR SIS,0.0,1.35,SAFE
2026-09-10 23:59:00,SBG.10,VP SABANG TIMUR SIS,0.0,2.05,SAFE
2026-09-10 23:59:00,SBG.11,VP SABANG TIMUR SIS,0.0,0.75,SAFE
2026-09-10 23:59:00,SGT.02,CSA BONTANG SIS,0.0,0.19,SAFE
2026-09-10 23:59:00,SMB.02,CSA BONTANG SIS,0.0,2.63,SAFE
2026-09-10 23:59:00,SMB.03,CSA BONTANG SIS,0.0,4.72,SAFE
2026-09-10 23:59:00,SNT.01,PITSTOP AMBON SIS,0.0,1.34,SAFE
2026-09-10 23:59:00,TJG.01,CSA BONTANG SIS,0.0,1.99,SAFE
2026-09-10 23:59:00,TJG.02,CSA BONTANG SIS,0.0,5.65,SAFE
2026-09-11 08:23:00,AMB.01,PITSTOP AMBON SIS,0.0,7.46,SAFE
2026-09-11 08:22:00,BDG.02,VP OB 1 SIS,0.0,19.31,SAFE
2026-09-11 08:22:00,BDG.03,VP OB 1 SIS,0.0,5.73,SAFE
2026-09-11 08:22:00,BDG.04,VP OB 1 SIS,0.0,1.07,SAFE
2026-09-11 04:03:18,BDG.05,ITABAL9,0.0,2.1,SAFE
2026-09-11 08:22:00,BGK.01,VP SABANG TIMUR SIS,0.0,1.59,SAFE
2026-09-11 08:22:00,BGK.02,VP SABANG TIMUR SIS,0.0,18.92,SAFE
2026-09-11 04:03:18,BGR.01,ITABAL9,0.0,1.34,SAFE
2026-09-11 08:22:00,BJB.03,CSA BONTANG SIS,0.0,1.34,SAFE
2026-09-11 08:23:00,BJM.01,PITSTOP AMBON SIS,0.0,3.86,SAFE
2026-09-11 08:22:00,BJM.02,CSA BONTANG SIS,0.0,1.68,SAFE
2026-09-11 08:22:37,BKL.01,ITABAL8,0.0,58.33,SAFE
2026-09-11 08:22:37,BKL.02,ITABAL8,0.0,0.72,SAFE
2026-09-11 08:22:37,BNE.02,ITABAL8,0.0,1.52,SAFE
2026-09-11 08:22:37,BNE.03,ITABAL8,0.0,0.63,SAFE
2026-09-11 08:22:37,BNE.04,ITABAL8,0.0,0.55,SAFE
2026-09-11 08:22:00,BNY.03,CSA BONTANG SIS,0.0,0.97,SAFE
2026-09-11 08:22:00,BTG.03,CSA BONTANG SIS,0.0,9.36,SAFE
2026-09-11 08:22:00,BTG.04,CSA BONTANG SIS,0.0,175.0,SAFE
2026-09-11 08:22:00,FLR.02,CSA BONTANG SIS,0.0,0.75,SAFE
2026-09-11 04:03:18,JKT.01,ITABAL9,0.0,25.36,SAFE
2026-09-11 04:03:18,JKT.02,ITABAL9,0.0,7.78,SAFE
2026-09-11 04:03:18,JKT.03,ITABAL9,0.0,4.16,SAFE
2026-09-11 04:03:18,JKT.04,ITABAL9,0.0,1.17,SAFE
2026-09-11 04:03:18,JKT.05,ITABAL9,0.0,5.68,SAFE
2026-09-11 04:03:18,JKT.06,ITABAL9,0.0,7.45,SAFE
2026-09-11 04:03:18,JKT.07,ITABAL9,0.0,11.55,SAFE
2026-09-11 04:03:18,JKT.08,ITABAL9,0.0,4.26,SAFE
2026-09-11 08:22:37,JMB.01,ITABAL8,0.0,3.07,SAFE
2026-09-11 08:22:37,JMB.03,ITABAL8,0.0,1.02,SAFE
2026-09-11 04:03:18,JMB.04,ITABAL9,0.0,0.77,SAFE
2026-09-11 08:22:00,KRC.02,VP SABANG TIMUR SIS,0.0,1.04,SAFE
2026-09-11 08:22:37,KRC.03,ITABAL8,0.0,1.31,SAFE
2026-09-11 08:22:00,KRC.05,VP SABANG TIMUR SIS,0.0,1.93,SAFE
2026-09-11 08:22:00,KRC.07,VP SABANG TIMUR SIS,0.0,2.15,SAFE
2026-09-11 08:22:37,LHT.01,ITABAL8,0.0,5.84,SAFE
2026-09-11 08:22:37,LPG.01,ITABAL8,0.0,2.05,SAFE
2026-09-11 08:22:37,LPG.02,ITABAL8,0.0,12.03,SAFE
2026-09-11 08:22:37,LPG.03,ITABAL8,0.0,6.96,SAFE
2026-09-11 08:22:37,LPG.06,ITABAL8,0.0,6.69,SAFE
2026-09-11 08:22:37,LPG.07,ITABAL8,0.0,12.92,SAFE
2026-09-11 08:22:37,MDN.01,ITABAL8,0.0,3.37,SAFE
2026-09-11 08:22:37,MDN.02,ITABAL8,0.0,2.53,SAFE
2026-09-11 08:22:37,MDN.03,ITABAL8,0.0,7.25,SAFE
2026-09-11 08:22:37,MDN.04,ITABAL8,0.0,1.95,SAFE
2026-09-11 04:03:18,MIA.01,ITABAL9,0.0,1.22,SAFE
2026-09-11 04:03:18,MIA.02,ITABAL9,0.0,17.59,SAFE
2026-09-11 04:03:18,MIA.03,ITABAL9,0.0,4.28,SAFE
2026-09-11 08:23:00,MIA.04,PITSTOP AMBON SIS,0.0,2.31,SAFE
2026-09-11 04:03:18,MIA.05,ITABAL9,0.0,20.96,SAFE
2026-09-11 04:03:18,MIA.06,ITABAL9,0.0,1.16,SAFE
2026-09-11 08:22:00,MKS.01,CSA BONTANG SIS,0.0,0.72,SAFE
2026-09-11 08:23:00,MKS.02,PITSTOP AMBON SIS,0.0,1.06,SAFE
,MKS.03,ROM 13,0.0,8.2,SAFE
,MKS.04,ROM 13,0.0,3.08,SAFE
2026-09-11 08:22:00,MND.02,CSA BONTANG SIS,0.0,2.49,SAFE
2026-09-11 08:22:00,MRK.01,VP SABANG TIMUR SIS,0.0,1.65,SAFE
2026-09-11 08:23:00,MTM.01,PITSTOP AMBON SIS,0.0,1.64,SAFE
2026-09-11 08:23:00,MTP.01,PITSTOP AMBON SIS,0.0,1.01,SAFE
2026-09-11 08:22:00,MTR.01,VP SABANG TIMUR SIS,0.0,1.67,SAFE
2026-09-11 08:22:37,NIS.01,ITABAL8,0.0,0.57,SAFE
2026-09-11 08:22:37,NIS.02,ITABAL8,0.0,0.86,SAFE
2026-09-11 08:22:37,NIS.03,ITABAL8,0.0,1.03,SAFE
2026-09-11 04:03:18,PDG.01,ITABAL9,0.0,0.52,SAFE
2026-09-11 08:22:37,PLB.01,ITABAL8,0.0,1.87,SAFE
2026-09-11 08:22:37,PLB.02,ITABAL8,0.0,0.84,SAFE
2026-09-11 08:22:37,PLB.03,ITABAL8,0.0,2.0,SAFE
2026-09-11 08:22:37,PLB.04,ITABAL8,0.0,13.62,SAFE
2026-09-11 08:22:00,PLU.04,CSA BONTANG SIS,0.0,2.36,SAFE
2026-09-11 08:22:00,RIU.02,VP SABANG TIMUR SIS,0.0,0.61,SAFE
2026-09-11 08:22:00,RIU.04,VP SABANG TIMUR SIS,0.0,0.51,SAFE
2026-09-11 08:22:00,SBG.02,VP SABANG TIMUR SIS,0.0,1.91,SAFE
2026-09-11 08:22:00,SBG.03,VP SABANG TIMUR SIS,0.0,5.65,SAFE
2026-09-11 08:22:00,SBG.04,VP SABANG TIMUR SIS,0.0,0.63,SAFE
2026-09-11 08:22:00,SBG.05,VP SABANG TIMUR SIS,0.0,21.21,SAFE
2026-09-11 08:22:37,SBG.06,ITABAL8,0.0,14.52,SAFE
2026-09-11 08:22:00,SBG.08,VP SABANG TIMUR SIS,0.0,1.35,SAFE
2026-09-11 08:22:00,SBG.10,VP SABANG TIMUR SIS,0.0,2.05,SAFE
2026-09-11 08:22:00,SBG.11,VP SABANG TIMUR SIS,0.0,0.75,SAFE
2026-09-11 08:22:00,SGT.02,CSA BONTANG SIS,0.0,0.19,SAFE
2026-09-11 08:22:00,SMB.02,CSA BONTANG SIS,0.0,2.63,SAFE
2026-09-11 08:22:00,SMB.03,CSA BONTANG SIS,0.0,4.72,SAFE
2026-09-11 08:23:00,SNT.01,PITSTOP AMBON SIS,0.0,1.34,SAFE
2026-09-11 08:22:00,TJG.01,CSA BONTANG SIS,0.0,1.99,SAFE
2026-09-11 08:22:00,TJG.02,CSA BONTANG SIS,0.0,5.65,SAFE
2026-09-11 12:53:00,AMB.01,PITSTOP AMBON SIS,0.0,7.46,SAFE
2026-09-11 12:52:00,BDG.02,VP OB 1 SIS,0.0,19.31,SAFE
2026-09-11 12:52:00,BDG.03,VP OB 1 SIS,0.0,5.73,SAFE
2026-09-11 12:52:00,BDG.04,VP OB 1 SIS,0.0,1.07,SAFE
2026-09-11 04:03:18,BDG.05,ITABAL9,0.0,2.1,SAFE
2026-09-11 12:52:00,BGK.01,VP SABANG TIMUR SIS,0.0,1.59,SAFE
2026-09-11 12:52:00,BGK.02,VP SABANG TIMUR SIS,0.0,18.92,SAFE
2026-09-11 04:03:18,BGR.01,ITABAL9,0.0,1.34,SAFE
2026-09-11 12:52:00,BJB.03,CSA BONTANG SIS,0.0,1.34,SAFE
2026-09-11 12:53:00,BJM.01,PITSTOP AMBON SIS,0.0,3.86,SAFE
2026-09-11 12:52:00,BJM.02,CSA BONTANG SIS,0.0,1.68,SAFE
2026-09-11 12:52:39,BKL.01,ITABAL8,0.0,58.33,SAFE
2026-09-11 12:52:39,BKL.02,ITABAL8,0.0,0.72,SAFE
2026-09-11 12:52:39,BNE.02,ITABAL8,0.0,1.52,SAFE
2026-09-11 12:52:39,BNE.03,ITABAL8,0.0,0.63,SAFE
2026-09-11 12:52:39,BNE.04,ITABAL8,0.0,0.55,SAFE
2026-09-11 12:52:00,BNY.03,CSA BONTANG SIS,0.0,0.97,SAFE
2026-09-11 12:52:00,BTG.03,CSA BONTANG SIS,0.0,9.36,SAFE
2026-09-11 12:52:00,BTG.04,CSA BONTANG SIS,0.0,175.0,SAFE
2026-09-11 12:52:00,FLR.02,CSA BONTANG SIS,0.0,0.75,SAFE
2026-09-11 04:03:18,JKT.01,ITABAL9,0.0,25.36,SAFE
2026-09-11 04:03:18,JKT.02,ITABAL9,0.0,7.78,SAFE
2026-09-11 04:03:18,JKT.03,ITABAL9,0.0,4.16,SAFE
2026-09-11 04:03:18,JKT.04,ITABAL9,0.0,1.17,SAFE
2026-09-11 04:03:18,JKT.05,ITABAL9,0.0,5.68,SAFE
2026-09-11 04:03:18,JKT.06,ITABAL9,0.0,7.45,SAFE
2026-09-11 04:03:18,JKT.07,ITABAL9,0.0,11.55,SAFE
2026-09-11 04:03:18,JKT.08,ITABAL9,0.0,4.26,SAFE
2026-09-11 12:52:39,JMB.01,ITABAL8,0.0,3.07,SAFE
2026-09-11 12:52:39,JMB.03,ITABAL8,0.0,1.02,SAFE
2026-09-11 04:03:18,JMB.04,ITABAL9,0.0,0.77,SAFE
2026-09-11 12:52:00,KRC.02,VP SABANG TIMUR SIS,0.0,1.04,SAFE
2026-09-11 12:52:39,KRC.03,ITABAL8,0.0,1.31,SAFE
2026-09-11 12:52:00,KRC.05,VP SABANG TIMUR SIS,0.0,1.93,SAFE
2026-09-11 12:52:00,KRC.07,VP SABANG TIMUR SIS,0.0,2.15,SAFE
2026-09-11 12:52:39,LHT.01,ITABAL8,0.0,5.84,SAFE
2026-09-11 12:52:39,LPG.01,ITABAL8,0.0,2.05,SAFE
2026-09-11 12:52:39,LPG.02,ITABAL8,0.0,12.03,SAFE
2026-09-11 12:52:39,LPG.03,ITABAL8,0.0,6.96,SAFE
2026-09-11 12:52:39,LPG.06,ITABAL8,0.0,6.69,SAFE
2026-09-11 12:52:39,LPG.07,ITABAL8,0.0,12.92,SAFE
2026-09-11 12:52:39,MDN.01,ITABAL8,0.0,3.37,SAFE
2026-09-11 12:52:39,MDN.02,ITABAL8,0.0,2.53,SAFE
2026-09-11 12:52:39,MDN.03,ITABAL8,0.0,7.25,SAFE
2026-09-11 12:52:39,MDN.04,ITABAL8,0.0,1.95,SAFE
2026-09-11 04:03:18,MIA.01,ITABAL9,0.0,1.22,SAFE
2026-09-11 04:03:18,MIA.02,ITABAL9,0.0,17.59,SAFE
2026-09-11 04:03:18,MIA.03,ITABAL9,0.0,4.28,SAFE
2026-09-11 12:53:00,MIA.04,PITSTOP AMBON SIS,0.0,2.31,SAFE
2026-09-11 04:03:18,MIA.05,ITABAL9,0.0,20.96,SAFE
2026-09-11 04:03:18,MIA.06,ITABAL9,0.0,1.16,SAFE
2026-09-11 12:52:00,MKS.01,CSA BONTANG SIS,0.0,0.72,SAFE
2026-09-11 12:53:00,MKS.02,PITSTOP AMBON SIS,0.0,1.06,SAFE
,MKS.03,ROM 13,0.0,8.2,SAFE
,MKS.04,ROM 13,0.0,3.08,SAFE
2026-09-11 12:52:00,MND.02,CSA BONTANG SIS,0.0,2.49,SAFE
2026-09-11 12:52:00,MRK.01,VP SABANG TIMUR SIS,0.0,1.65,SAFE
2026-09-11 12:53:00,MTM.01,PITSTOP AMBON SIS,0.0,1.64,SAFE
2026-09-11 12:53:00,MTP.01,PITSTOP AMBON SIS,0.0,1.01,SAFE
2026-09-11 12:52:00,MTR.01,VP SABANG TIMUR SIS,0.0,1.67,SAFE
2026-09-11 12:52:39,NIS.01,ITABAL8,0.0,0.57,SAFE
2026-09-11 12:52:39,NIS.02,ITABAL8,0.0,0.86,SAFE
2026-09-11 12:52:39,NIS.03,ITABAL8,0.0,1.03,SAFE
2026-09-11 04:03:18,PDG.01,ITABAL9,0.0,0.52,SAFE
2026-09-11 12:52:39,PLB.01,ITABAL8,0.0,1.87,SAFE
2026-09-11 12:52:39,PLB.02,ITABAL8,0.0,0.84,SAFE
2026-09-11 12:52:39,PLB.03,ITABAL8,0.0,2.0,SAFE
2026-09-11 12:52:39,PLB.04,ITABAL8,0.0,13.62,SAFE
2026-09-11 12:52:00,PLU.04,CSA BONTANG SIS,0.0,2.36,SAFE
2026-09-11 12:52:00,RIU.02,VP SABANG TIMUR SIS,0.0,0.61,SAFE
2026-09-11 12:52:00,RIU.04,VP SABANG TIMUR SIS,0.0,0.51,SAFE
2026-09-11 12:52:00,SBG.02,VP SABANG TIMUR SIS,0.0,1.91,SAFE
2026-09-11 12:52:00,SBG.03,VP SABANG TIMUR SIS,0.0,5.65,SAFE
2026-09-11 12:52:00,SBG.04,VP SABANG TIMUR SIS,0.0,0.63,SAFE
2026-09-11 12:52:00,SBG.05,VP SABANG TIMUR SIS,0.0,21.21,SAFE
2026-09-11 12:52:39,SBG.06,ITABAL8,0.0,14.52,SAFE
2026-09-11 12:52:00,SBG.08,VP SABANG TIMUR SIS,0.0,1.35,SAFE
2026-09-11 12:52:00,SBG.10,VP SABANG TIMUR SIS,0.0,2.05,SAFE
2026-09-11 12:52:00,SBG.11,VP SABANG TIMUR SIS,0.0,0.75,SAFE
2026-09-11 12:52:00,SGT.02,CSA BONTANG SIS,0.0,0.19,SAFE
2026-09-11 12:52:00,SMB.02,CSA BONTANG SIS,0.0,2.63,SAFE
2026-09-11 12:52:00,SMB.03,CSA BONTANG SIS,0.0,4.72,SAFE
2026-09-11 12:53:00,SNT.01,PITSTOP AMBON SIS,0.0,1.34,SAFE
2026-09-11 12:52:00,TJG.01,CSA BONTANG SIS,0.0,1.99,SAFE
2026-09-11 12:52:00,TJG.02,CSA BONTANG SIS,0.0,5.65,SAFE
2026-09-11 17:12:00,AMB.01,PITSTOP AMBON SIS,0.0,7.46,SAFE
2026-09-11 17:11:00,BDG.02,VP OB 1 SIS,0.0,19.31,SAFE
2026-09-11 17:11:00,BDG.03,VP OB 1 SIS,0.0,5.73,SAFE
2026-09-11 17:11:00,BDG.04,VP OB 1 SIS,0.0,1.07,SAFE
2026-09-11 04:03:18,BDG.05,ITABAL9,0.0,2.1,SAFE
2026-09-11 17:11:00,BGK.01,VP SABANG TIMUR SIS,0.0,1.59,SAFE
2026-09-11 17:11:00,BGK.02,VP SABANG TIMUR SIS,0.0,18.92,SAFE
2026-09-11 04:03:18,BGR.01,ITABAL9,0.0,1.34,SAFE
2026-09-11 17:12:00,BJB.03,CSA BONTANG SIS,0.0,1.34,SAFE
2026-09-11 17:12:00,BJM.01,PITSTOP AMBON SIS,0.0,3.86,SAFE
2026-09-11 17:12:00,BJM.02,CSA BONTANG SIS,0.0,1.68,SAFE
2026-09-11 17:11:56,BKL.01,ITABAL8,0.0,58.33,SAFE
2026-09-11 17:11:56,BKL.02,ITABAL8,0.0,0.72,SAFE
2026-09-11 17:11:56,BNE.02,ITABAL8,0.0,1.52,SAFE
2026-09-11 17:11:56,BNE.03,ITABAL8,0.0,0.63,SAFE
2026-09-11 17:11:56,BNE.04,ITABAL8,0.0,0.55,SAFE
2026-09-11 17:12:00,BNY.03,CSA BONTANG SIS,0.0,0.97,SAFE
2026-09-11 17:12:00,BTG.03,CSA BONTANG SIS,0.0,9.36,SAFE
2026-09-11 17:12:00,BTG.04,CSA BONTANG SIS,0.0,175.0,SAFE
2026-09-11 17:12:00,FLR.02,CSA BONTANG SIS,0.0,0.75,SAFE
2026-09-11 04:03:18,JKT.01,ITABAL9,0.0,25.36,SAFE
2026-09-11 04:03:18,JKT.02,ITABAL9,0.0,7.78,SAFE
2026-09-11 04:03:18,JKT.03,ITABAL9,0.0,4.16,SAFE
2026-09-11 04:03:18,JKT.04,ITABAL9,0.0,1.17,SAFE
2026-09-11 04:03:18,JKT.05,ITABAL9,0.0,5.68,SAFE
2026-09-11 04:03:18,JKT.06,ITABAL9,0.0,7.45,SAFE
2026-09-11 04:03:18,JKT.07,ITABAL9,0.0,11.55,SAFE
2026-09-11 04:03:18,JKT.08,ITABAL9,0.0,4.26,SAFE
2026-09-11 17:11:56,JMB.01,ITABAL8,0.0,3.07,SAFE
2026-09-11 17:11:56,JMB.03,ITABAL8,0.0,1.02,SAFE
2026-09-11 04:03:18,JMB.04,ITABAL9,0.0,0.77,SAFE
2026-09-11 17:11:00,KRC.02,VP SABANG TIMUR SIS,0.0,1.04,SAFE
2026-09-11 17:11:56,KRC.03,ITABAL8,0.0,1.31,SAFE
2026-09-11 17:11:00,KRC.05,VP SABANG TIMUR SIS,0.0,1.93,SAFE
2026-09-11 17:11:00,KRC.07,VP SABANG TIMUR SIS,0.0,2.15,SAFE
2026-09-11 17:11:56,LHT.01,ITABAL8,0.0,5.84,SAFE
2026-09-11 17:11:56,LPG.01,ITABAL8,0.0,2.05,SAFE
2026-09-11 17:11:56,LPG.02,ITABAL8,0.0,12.03,SAFE
2026-09-11 17:11:56,LPG.03,ITABAL8,0.0,6.96,SAFE
2026-09-11 17:11:56,LPG.06,ITABAL8,0.0,6.69,SAFE
2026-09-11 17:11:56,LPG.07,ITABAL8,0.0,12.92,SAFE
2026-09-11 17:11:56,MDN.01,ITABAL8,0.0,3.37,SAFE
2026-09-11 17:11:56,MDN.02,ITABAL8,0.0,2.53,SAFE
2026-09-11 17:11:56,MDN.03,ITABAL8,0.0,7.25,SAFE
2026-09-11 17:11:56,MDN.04,ITABAL8,0.0,1.95,SAFE
2026-09-11 04:03:18,MIA.01,ITABAL9,0.0,1.22,SAFE
2026-09-11 04:03:18,MIA.02,ITABAL9,0.0,17.59,SAFE
2026-09-11 04:03:18,MIA.03,ITABAL9,0.0,4.28,SAFE
2026-09-11 17:12:00,MIA.04,PITSTOP AMBON SIS,0.0,2.31,SAFE
2026-09-11 04:03:18,MIA.05,ITABAL9,0.0,20.96,SAFE
2026-09-11 04:03:18,MIA.06,ITABAL9,0.0,1.16,SAFE
2026-09-11 17:12:00,MKS.01,CSA BONTANG SIS,0.0,0.72,SAFE
2026-09-11 17:12:00,MKS.02,PITSTOP AMBON SIS,0.0,1.06,SAFE
,MKS.03,ROM 13,0.0,8.2,SAFE
,MKS.04,ROM 13,0.0,3.08,SAFE
2026-09-11 17:12:00,MND.02,CSA BONTANG SIS,0.0,2.49,SAFE
2026-09-11 17:11:00,MRK.01,VP SABANG TIMUR SIS,0.0,1.65,SAFE
2026-09-11 17:12:00,MTM.01,PITSTOP AMBON SIS,0.0,1.64,SAFE
2026-09-11 17:12:00,MTP.01,PITSTOP AMBON SIS,0.0,1.01,SAFE
2026-09-11 17:11:00,MTR.01,VP SABANG TIMUR SIS,0.0,1.67,SAFE
2026-09-11 17:11:56,NIS.01,ITABAL8,0.0,0.57,SAFE
2026-09-11 17:11:56,NIS.02,ITABAL8,0.0,0.86,SAFE
2026-09-11 17:11:56,NIS.03,ITABAL8,0.0,1.03,SAFE
2026-09-11 04:03:18,PDG.01,ITABAL9,0.0,0.52,SAFE
2026-09-11 17:11:56,PLB.01,ITABAL8,0.0,1.87,SAFE
2026-09-11 17:11:56,PLB.02,ITABAL8,0.0,0.84,SAFE
2026-09-11 17:11:56,PLB.03,ITABAL8,0.0,2.0,SAFE
2026-09-11 17:11:56,PLB.04,ITABAL8,0.0,13.62,SAFE
2026-09-11 17:12:00,PLU.04,CSA BONTANG SIS,0.0,2.36,SAFE
2026-09-11 17:11:00,RIU.02,VP SABANG TIMUR SIS,0.0,0.61,SAFE
2026-09-11 17:11:00,RIU.04,VP SABANG TIMUR SIS,0.0,0.51,SAFE
2026-09-11 17:11:00,SBG.02,VP SABANG TIMUR SIS,0.0,1.91,SAFE
2026-09-11 17:11:00,SBG.03,VP SABANG TIMUR SIS,0.0,5.65,SAFE
2026-09-11 17:11:00,SBG.04,VP SABANG TIMUR SIS,0.0,0.63,SAFE
2026-09-11 17:11:00,SBG.05,VP SABANG TIMUR SIS,0.0,21.21,SAFE
2026-09-11 17:11:56,SBG.06,ITABAL8,0.0,14.52,SAFE
2026-09-11 17:11:00,SBG.08,VP SABANG TIMUR SIS,0.0,1.35,SAFE
2026-09-11 17:11:00,SBG.10,VP SABANG TIMUR SIS,0.0,2.05,SAFE
2026-09-11 17:11:00,SBG.11,VP SABANG TIMUR SIS,0.0,0.75,SAFE
2026-09-11 17:12:00,SGT.02,CSA BONTANG SIS,0.0,0.19,SAFE
2026-09-11 17:12:00,SMB.02,CSA BONTANG SIS,0.0,2.63,SAFE
2026-09-11 17:12:00,SMB.03,CSA BONTANG SIS,0.0,4.72,SAFE
2026-09-11 17:12:00,SNT.01,PITSTOP AMBON SIS,0.0,1.34,SAFE
2026-09-11 17:12:00,TJG.01,CSA BONTANG SIS,0.0,1.99,SAFE
2026-09-11 17:12:00,TJG.02,CSA BONTANG SIS,0.0,5.65,SAFE
2026-09-11 21:35:00,AMB.01,PITSTOP AMBON SIS,0.0,7.46,SAFE
2026-09-11 21:33:00,BDG.02,VP OB 1 SIS,0.0,19.31,SAFE
2026-09-11 21:33:00,BDG.03,VP OB 1 SIS,0.0,5.73,SAFE
2026-09-11 21:33:00,BDG.04,VP OB 1 SIS,0.0,1.07,SAFE
2026-09-11 04:03:18,BDG.05,ITABAL9,0.0,2.1,SAFE
2026-09-11 21:34:00,BGK.01,VP SABANG TIMUR SIS,0.0,1.59,SAFE
2026-09-11 21:34:00,BGK.02,VP SABANG TIMUR SIS,0.0,18.92,SAFE
2026-09-11 04:03:18,BGR.01,ITABAL9,0.0,1.34,SAFE
2026-09-11 21:34:00,BJB.03,CSA BONTANG SIS,0.0,1.34,SAFE
2026-09-11 21:35:00,BJM.01,PITSTOP AMBON SIS,0.0,3.86,SAFE
2026-09-11 21:34:00,BJM.02,CSA BONTANG SIS,0.0,1.68,SAFE
2026-09-11 21:34:03,BKL.01,ITABAL8,0.0,58.33,SAFE
2026-09-11 21:34:03,BKL.02,ITABAL8,0.0,0.72,SAFE
2026-09-11 21:34:03,BNE.02,ITABAL8,0.0,1.52,SAFE
2026-09-11 21:34:03,BNE.03,ITABAL8,0.0,0.63,SAFE
2026-09-11 21:34:03,BNE.04,ITABAL8,0.0,0.55,SAFE
2026-09-11 21:34:00,BNY.03,CSA BONTANG SIS,0.0,0.97,SAFE
2026-09-11 21:34:00,BTG.03,CSA BONTANG SIS,0.0,9.36,SAFE
2026-09-11 21:34:00,BTG.04,CSA BONTANG SIS,0.0,175.0,SAFE
2026-09-11 21:34:00,FLR.02,CSA BONTANG SIS,0.0,0.75,SAFE
2026-09-11 04:03:18,JKT.01,ITABAL9,0.0,25.36,SAFE
2026-09-11 04:03:18,JKT.02,ITABAL9,0.0,7.78,SAFE
2026-09-11 04:03:18,JKT.03,ITABAL9,0.0,4.16,SAFE
2026-09-11 04:03:18,JKT.04,ITABAL9,0.0,1.17,SAFE
2026-09-11 04:03:18,JKT.05,ITABAL9,0.0,5.68,SAFE
2026-09-11 04:03:18,JKT.06,ITABAL9,0.0,7.45,SAFE
2026-09-11 04:03:18,JKT.07,ITABAL9,0.0,11.55,SAFE
2026-09-11 04:03:18,JKT.08,ITABAL9,0.0,4.26,SAFE
2026-09-11 21:34:03,JMB.01,ITABAL8,0.0,3.07,SAFE
2026-09-11 21:34:03,JMB.03,ITABAL8,0.0,1.02,SAFE
2026-09-11 04:03:18,JMB.04,ITABAL9,0.0,0.77,SAFE
2026-09-11 21:34:00,KRC.02,VP SABANG TIMUR SIS,0.0,1.04,SAFE
2026-09-11 21:34:03,KRC.03,ITABAL8,0.0,1.31,SAFE
2026-09-11 21:34:00,KRC.05,VP SABANG TIMUR SIS,0.0,1.93,SAFE
2026-09-11 21:34:00,KRC.07,VP SABANG TIMUR SIS,0.0,2.15,SAFE
2026-09-11 21:34:03,LHT.01,ITABAL8,0.0,5.84,SAFE
2026-09-11 21:34:03,LPG.01,ITABAL8,0.0,2.05,SAFE
2026-09-11 21:34:03,LPG.02,ITABAL8,0.0,12.03,SAFE
2026-09-11 21:34:03,LPG.03,ITABAL8,0.0,6.96,SAFE
2026-09-11 21:34:03,LPG.06,ITABAL8,0.0,6.69,SAFE
2026-09-11 21:34:03,LPG.07,ITABAL8,0.0,12.92,SAFE
2026-09-11 21:34:03,MDN.01,ITABAL8,0.0,3.37,SAFE
2026-09-11 21:34:03,MDN.02,ITABAL8,0.0,2.53,SAFE
2026-09-11 21:34:03,MDN.03,ITABAL8,0.0,7.25,SAFE
2026-09-11 21:34:03,MDN.04,ITABAL8,0.0,1.95,SAFE
2026-09-11 04:03:18,MIA.01,ITABAL9,0.0,1.22,SAFE
2026-09-11 04:03:18,MIA.02,ITABAL9,0.0,17.59,SAFE
2026-09-11 04:03:18,MIA.03,ITABAL9,0.0,4.28,SAFE
2026-09-11 21:35:00,MIA.04,PITSTOP AMBON SIS,0.0,2.31,SAFE
2026-09-11 04:03:18,MIA.05,ITABAL9,0.0,20.96,SAFE
2026-09-11 04:03:18,MIA.06,ITABAL9,0.0,1.16,SAFE
2026-09-11 21:34:00,MKS.01,CSA BONTANG SIS,0.0,0.72,SAFE
2026-09-11 21:35:00,MKS.02,PITSTOP AMBON SIS,0.0,1.06,SAFE
,MKS.03,ROM 13,0.0,8.2,SAFE
,MKS.04,ROM 13,0.0,3.08,SAFE
2026-09-11 21:34:00,MND.02,CSA BONTANG SIS,0.0,2.49,SAFE
2026-09-11 21:34:00,MRK.01,VP SABANG TIMUR SIS,0.0,1.65,SAFE
2026-09-11 21:35:00,MTM.01,PITSTOP AMBON SIS,0.0,1.64,SAFE
2026-09-11 21:35:00,MTP.01,PITSTOP AMBON SIS,0.0,1.01,SAFE
2026-09-11 21:34:00,MTR.01,VP SABANG TIMUR SIS,0.0,1.67,SAFE
2026-09-11 21:34:03,NIS.01,ITABAL8,0.0,0.57,SAFE
2026-09-11 21:34:03,NIS.02,ITABAL8,0.0,0.86,SAFE
2026-09-11 21:34:03,NIS.03,ITABAL8,0.0,1.03,SAFE
2026-09-11 04:03:18,PDG.01,ITABAL9,0.0,0.52,SAFE
2026-09-11 21:34:03,PLB.01,ITABAL8,0.0,1.87,SAFE
2026-09-11 21:34:03,PLB.02,ITABAL8,0.0,0.84,SAFE
2026-09-11 21:34:03,PLB.03,ITABAL8,0.0,2.0,SAFE
2026-09-11 21:34:03,PLB.04,ITABAL8,0.0,13.62,SAFE
2026-09-11 21:34:00,PLU.04,CSA BONTANG SIS,0.0,2.36,SAFE
2026-09-11 21:34:00,RIU.02,VP SABANG TIMUR SIS,0.0,0.61,SAFE
2026-09-11 21:34:00,RIU.04,VP SABANG TIMUR SIS,0.0,0.51,SAFE
2026-09-11 21:34:00,SBG.02,VP SABANG TIMUR SIS,0.0,1.91,SAFE
2026-09-11 21:34:00,SBG.03,VP SABANG TIMUR SIS,0.0,5.65,SAFE
2026-09-11 21:34:00,SBG.04,VP SABANG TIMUR SIS,0.0,0.63,SAFE
2026-09-11 21:34:00,SBG.05,VP SABANG TIMUR SIS,0.0,21.21,SAFE
2026-09-11 21:34:03,SBG.06,ITABAL8,0.0,14.52,SAFE
2026-09-11 21:34:00,SBG.08,VP SABANG TIMUR SIS,0.0,1.35,SAFE
2026-09-11 21:34:00,SBG.10,VP SABANG TIMUR SIS,0.0,2.05,SAFE
2026-09-11 21:34:00,SBG.11,VP SABANG TIMUR SIS,0.0,0.75,SAFE
2026-09-11 21:34:00,SGT.02,CSA BONTANG SIS,0.0,0.19,SAFE
2026-09-11 21:34:00,SMB.02,CSA BONTANG SIS,0.0,2.63,SAFE
2026-09-11 21:34:00,SMB.03,CSA BONTANG SIS,0.0,4.72,SAFE
2026-09-11 21:35:00,SNT.01,PITSTOP AMBON SIS,0.0,1.34,SAFE
2026-09-11 21:34:00,TJG.01,CSA BONTANG SIS,0.0,1.99,SAFE
2026-09-11 21:34:00,TJG.02,CSA BONTANG SIS,0.0,5.65,SAFE
2026-09-11 23:59:00,AMB.01,PITSTOP AMBON SIS,0.0,7.46,SAFE
2026-09-11 23:59:00,BDG.02,VP OB 1 SIS,0.0,19.31,SAFE
2026-09-11 23:59:00,BDG.03,VP OB 1 SIS,0.0,5.73,SAFE
2026-09-11 23:59:00,BDG.04,VP OB 1 SIS,0.0,1.07,SAFE
2026-09-11 04:03:18,BDG.05,ITABAL9,0.0,2.1,SAFE
2026-09-11 23:59:00,BGK.01,VP SABANG TIMUR SIS,0.0,1.59,SAFE
2026-09-11 23:59:00,BGK.02,VP SABANG TIMUR SIS,0.0,18.92,SAFE
2026-09-11 04:03:18,BGR.01,ITABAL9,0.0,1.34,SAFE
2026-09-11 23:59:00,BJB.03,CSA BONTANG SIS,0.0,1.34,SAFE
2026-09-11 23:59:00,BJM.01,PITSTOP AMBON SIS,0.0,3.86,SAFE
2026-09-11 23:59:00,BJM.02,CSA BONTANG SIS,0.0,1.68,SAFE
2026-09-12 01:09:34,BKL.01,ITABAL8,0.0,58.33,SAFE
2026-09-12 01:09:34,BKL.02,ITABAL8,0.0,0.72,SAFE
2026-09-12 01:09:34,BNE.02,ITABAL8,0.0,1.52,SAFE
2026-09-12 01:09:34,BNE.03,ITABAL8,0.0,0.63,SAFE
2026-09-12 01:09:34,BNE.04,ITABAL8,0.0,0.55,SAFE
2026-09-11 23:59:00,BNY.03,CSA BONTANG SIS,0.0,0.97,SAFE
2026-09-11 23:59:00,BTG.03,CSA BONTANG SIS,0.0,9.36,SAFE
2026-09-11 23:59:00,BTG.04,CSA BONTANG SIS,0.0,175.0,SAFE
2026-09-11 23:59:00,FLR.02,CSA BONTANG SIS,0.0,0.75,SAFE
2026-09-11 04:03:18,JKT.01,ITABAL9,0.0,25.36,SAFE
2026-09-11 04:03:18,JKT.02,ITABAL9,0.0,7.78,SAFE
2026-09-11 04:03:18,JKT.03,ITABAL9,0.0,4.16,SAFE
2026-09-11 04:03:18,JKT.04,ITABAL9,0.0,1.17,SAFE
2026-09-11 04:03:18,JKT.05,ITABAL9,0.0,5.68,SAFE
2026-09-11 04:03:18,JKT.06,ITABAL9,0.0,7.45,SAFE
2026-09-11 04:03:18,JKT.07,ITABAL9,0.0,11.55,SAFE
2026-09-11 04:03:18,JKT.08,ITABAL9,0.0,4.26,SAFE
2026-09-12 01:09:34,JMB.01,ITABAL8,0.0,3.07,SAFE
2026-09-12 01:09:34,JMB.03,ITABAL8,0.0,1.02,SAFE
2026-09-11 04:03:18,JMB.04,ITABAL9,0.0,0.77,SAFE
2026-09-11 23:59:00,KRC.02,VP SABANG TIMUR SIS,0.0,1.04,SAFE
2026-09-12 01:09:34,KRC.03,ITABAL8,0.0,1.31,SAFE
2026-09-11 23:59:00,KRC.05,VP SABANG TIMUR SIS,0.0,1.93,SAFE
2026-09-11 23:59:00,KRC.07,VP SABANG TIMUR SIS,0.0,2.15,SAFE
2026-09-12 01:09:34,LHT.01,ITABAL8,0.0,5.84,SAFE
2026-09-12 01:09:34,LPG.01,ITABAL8,0.0,2.05,SAFE
2026-09-12 01:09:34,LPG.02,ITABAL8,0.0,12.03,SAFE
2026-09-12 01:09:34,LPG.03,ITABAL8,0.0,6.96,SAFE
2026-09-12 01:09:34,LPG.06,ITABAL8,0.0,6.69,SAFE
2026-09-12 01:09:34,LPG.07,ITABAL8,0.0,12.92,SAFE
2026-09-12 01:09:34,MDN.01,ITABAL8,0.0,3.37,SAFE
2026-09-12 01:09:34,MDN.02,ITABAL8,0.0,2.53,SAFE
2026-09-12 01:09:34,MDN.03,ITABAL8,0.0,7.25,SAFE
2026-09-12 01:09:34,MDN.04,ITABAL8,0.0,1.95,SAFE
2026-09-11 04:03:18,MIA.01,ITABAL9,0.0,1.22,SAFE
2026-09-11 04:03:18,MIA.02,ITABAL9,0.0,17.59,SAFE
2026-09-11 04:03:18,MIA.03,ITABAL9,0.0,4.28,SAFE
2026-09-11 23:59:00,MIA.04,PITSTOP AMBON SIS,0.0,2.31,SAFE
2026-09-11 04:03:18,MIA.05,ITABAL9,0.0,20.96,SAFE
2026-09-11 04:03:18,MIA.06,ITABAL9,0.0,1.16,SAFE
2026-09-11 23:59:00,MKS.01,CSA BONTANG SIS,0.0,0.72,SAFE
2026-09-11 23:59:00,MKS.02,PITSTOP AMBON SIS,0.0,1.06,SAFE
,MKS.03,ROM 13,0.0,8.2,SAFE
,MKS.04,ROM 13,0.0,3.08,SAFE
2026-09-11 23:59:00,MND.02,CSA BONTANG SIS,0.0,2.49,SAFE
2026-09-11 23:59:00,MRK.01,VP SABANG TIMUR SIS,0.0,1.65,SAFE
2026-09-11 23:59:00,MTM.01,PITSTOP AMBON SIS,0.0,1.64,SAFE
2026-09-11 23:59:00,MTP.01,PITSTOP AMBON SIS,0.0,1.01,SAFE
2026-09-11 23:59:00,MTR.01,VP SABANG TIMUR SIS,0.0,1.67,SAFE
2026-09-12 01:09:34,NIS.01,ITABAL8,0.0,0.57,SAFE
2026-09-12 01:09:34,NIS.02,ITABAL8,0.0,0.86,SAFE
2026-09-12 01:09:34,NIS.03,ITABAL8,0.0,1.03,SAFE
2026-09-11 04:03:18,PDG.01,ITABAL9,0.0,0.52,SAFE
2026-09-12 01:09:34,PLB.01,ITABAL8,0.0,1.87,SAFE
2026-09-12 01:09:34,PLB.02,ITABAL8,0.0,0.84,SAFE
2026-09-12 01:09:34,PLB.03,ITABAL8,0.0,2.0,SAFE
2026-09-12 01:09:34,PLB.04,ITABAL8,0.0,13.62,SAFE
2026-09-11 23:59:00,PLU.04,CSA BONTANG SIS,0.0,2.36,SAFE
2026-09-11 23:59:00,RIU.02,VP SABANG TIMUR SIS,0.0,0.61,SAFE
2026-09-11 23:59:00,RIU.04,VP SABANG TIMUR SIS,0.0,0.51,SAFE
2026-09-11 23:59:00,SBG.02,VP SABANG TIMUR SIS,0.0,1.91,SAFE
2026-09-11 23:59:00,SBG.03,VP SABANG TIMUR SIS,0.0,5.65,SAFE
2026-09-11 23:59:00,SBG.04,VP SABANG TIMUR SIS,0.0,0.63,SAFE
2026-09-11 23:59:00,SBG.05,VP SABANG TIMUR SIS,0.0,21.21,SAFE
2026-09-12 01:09:34,SBG.06,ITABAL8,0.0,14.52,SAFE
2026-09-11 23:59:00,SBG.08,VP SABANG TIMUR SIS,0.0,1.35,SAFE
2026-09-11 23:59:00,SBG.10,VP SABANG TIMUR SIS,0.0,2.05,SAFE
2026-09-11 23:59:00,SBG.11,VP SABANG TIMUR SIS,0.0,0.75,SAFE
2026-09-11 23:59:00,SGT.02,CSA BONTANG SIS,0.0,0.19,SAFE
2026-09-11 23:59:00,SMB.02,CSA BONTANG SIS,0.0,2.63,SAFE
2026-09-11 23:59:00,SMB.03,CSA BONTANG SIS,0.0,4.72,SAFE
2026-09-11 23:59:00,SNT.01,PITSTOP AMBON SIS,0.0,1.34,SAFE
2026-09-11 23:59:00,TJG.01,CSA BONTANG SIS,0.0,1.99,SAFE
2026-09-11 23:59:00,TJG.02,CSA BONTANG SIS,0.0,5.65,SAFE
2026-09-11 23:59:00,AMB.01,PITSTOP AMBON SIS,0.0,7.46,SAFE
2026-09-11 23:59:00,BDG.02,VP OB 1 SIS,0.0,19.31,SAFE
2026-09-11 23:59:00,BDG.03,VP OB 1 SIS,0.0,5.73,SAFE
2026-09-11 23:59:00,BDG.04,VP OB 1 SIS,0.0,1.07,SAFE
2026-09-11 04:03:18,BDG.05,ITABAL9,0.0,2.1,SAFE
2026-09-11 23:59:00,BGK.01,VP SABANG TIMUR SIS,0.0,1.59,SAFE
2026-09-11 23:59:00,BGK.02,VP SABANG TIMUR SIS,0.0,18.92,SAFE
2026-09-11 04:03:18,BGR.01,ITABAL9,0.0,1.34,SAFE
2026-09-11 23:59:00,BJB.03,CSA BONTANG SIS,0.0,1.34,SAFE
2026-09-11 23:59:00,BJM.01,PITSTOP AMBON SIS,0.0,3.86,SAFE
2026-09-11 23:59:00,BJM.02,CSA BONTANG SIS,0.0,1.68,SAFE
2026-09-12 03:40:09,BKL.01,ITABAL8,0.0,58.33,SAFE
2026-09-12 03:40:09,BKL.02,ITABAL8,0.0,0.72,SAFE
2026-09-12 03:40:09,BNE.02,ITABAL8,0.0,1.52,SAFE
2026-09-12 03:40:09,BNE.03,ITABAL8,0.0,0.63,SAFE
2026-09-12 03:40:09,BNE.04,ITABAL8,0.0,0.55,SAFE
2026-09-11 23:59:00,BNY.03,CSA BONTANG SIS,0.0,0.97,SAFE
2026-09-11 23:59:00,BTG.03,CSA BONTANG SIS,0.0,9.36,SAFE
2026-09-11 23:59:00,BTG.04,CSA BONTANG SIS,0.0,175.0,SAFE
2026-09-11 23:59:00,FLR.02,CSA BONTANG SIS,0.0,0.75,SAFE
2026-09-11 04:03:18,JKT.01,ITABAL9,0.0,25.36,SAFE
2026-09-11 04:03:18,JKT.02,ITABAL9,0.0,7.78,SAFE
2026-09-11 04:03:18,JKT.03,ITABAL9,0.0,4.16,SAFE
2026-09-11 04:03:18,JKT.04,ITABAL9,0.0,1.17,SAFE
2026-09-11 04:03:18,JKT.05,ITABAL9,0.0,5.68,SAFE
2026-09-11 04:03:18,JKT.06,ITABAL9,0.0,7.45,SAFE
2026-09-11 04:03:18,JKT.07,ITABAL9,0.0,11.55,SAFE
2026-09-11 04:03:18,JKT.08,ITABAL9,0.0,4.26,SAFE
2026-09-12 03:40:09,JMB.01,ITABAL8,0.0,3.07,SAFE
2026-09-12 03:40:09,JMB.03,ITABAL8,0.0,1.02,SAFE
2026-09-11 04:03:18,JMB.04,ITABAL9,0.0,0.77,SAFE
2026-09-11 23:59:00,KRC.02,VP SABANG TIMUR SIS,0.0,1.04,SAFE
2026-09-12 03:40:09,KRC.03,ITABAL8,0.0,1.31,SAFE
2026-09-11 23:59:00,KRC.05,VP SABANG TIMUR SIS,0.0,1.93,SAFE
2026-09-11 23:59:00,KRC.07,VP SABANG TIMUR SIS,0.0,2.15,SAFE
2026-09-12 03:40:09,LHT.01,ITABAL8,0.0,5.84,SAFE
2026-09-12 03:40:09,LPG.01,ITABAL8,0.0,2.05,SAFE
2026-09-12 03:40:09,LPG.02,ITABAL8,0.0,12.03,SAFE
2026-09-12 03:40:09,LPG.03,ITABAL8,0.0,6.96,SAFE
2026-09-12 03:40:09,LPG.06,ITABAL8,0.0,6.69,SAFE
2026-09-12 03:40:09,LPG.07,ITABAL8,0.0,12.92,SAFE
2026-09-12 03:40:09,MDN.01,ITABAL8,0.0,3.37,SAFE
2026-09-12 03:40:09,MDN.02,ITABAL8,0.0,2.53,SAFE
2026-09-12 03:40:09,MDN.03,ITABAL8,0.0,7.25,SAFE
2026-09-12 03:40:09,MDN.04,ITABAL8,0.0,1.95,SAFE
2026-09-11 04:03:18,MIA.01,ITABAL9,0.0,1.22,SAFE
2026-09-11 04:03:18,MIA.02,ITABAL9,0.0,17.59,SAFE
2026-09-11 04:03:18,MIA.03,ITABAL9,0.0,4.28,SAFE
2026-09-11 23:59:00,MIA.04,PITSTOP AMBON SIS,0.0,2.31,SAFE
2026-09-11 04:03:18,MIA.05,ITABAL9,0.0,20.96,SAFE
2026-09-11 04:03:18,MIA.06,ITABAL9,0.0,1.16,SAFE
2026-09-11 23:59:00,MKS.01,CSA BONTANG SIS,0.0,0.72,SAFE
2026-09-11 23:59:00,MKS.02,PITSTOP AMBON SIS,0.0,1.06,SAFE
,MKS.03,ROM 13,0.0,8.2,SAFE
,MKS.04,ROM 13,0.0,3.08,SAFE
2026-09-11 23:59:00,MND.02,CSA BONTANG SIS,0.0,2.49,SAFE
2026-09-11 23:59:00,MRK.01,VP SABANG TIMUR SIS,0.0,1.65,SAFE
2026-09-11 23:59:00,MTM.01,PITSTOP AMBON SIS,0.0,1.64,SAFE
2026-09-11 23:59:00,MTP.01,PITSTOP AMBON SIS,0.0,1.01,SAFE
2026-09-11 23:59:00,MTR.01,VP SABANG TIMUR SIS,0.0,1.67,SAFE
2026-09-12 03:40:09,NIS.01,ITABAL8,0.0,0.57,SAFE
2026-09-12 03:40:09,NIS.02,ITABAL8,0.0,0.86,SAFE
2026-09-12 03:40:09,NIS.03,ITABAL8,0.0,1.03,SAFE
2026-09-11 04:03:18,PDG.01,ITABAL9,0.0,0.52,SAFE
2026-09-12 03:40:09,PLB.01,ITABAL8,0.0,1.87,SAFE
2026-09-12 03:40:09,PLB.02,ITABAL8,0.0,0.84,SAFE
2026-09-12 03:40:09,PLB.03,ITABAL8,0.0,2.0,SAFE
2026-09-12 03:40:09,PLB.04,ITABAL8,0.0,13.62,SAFE
2026-09-11 23:59:00,PLU.04,CSA BONTANG SIS,0.0,2.36,SAFE
2026-09-11 23:59:00,RIU.02,VP SABANG TIMUR SIS,0.0,0.61,SAFE
2026-09-11 23:59:00,RIU.04,VP SABANG TIMUR SIS,0.0,0.51,SAFE
2026-09-11 23:59:00,SBG.02,VP SABANG TIMUR SIS,0.0,1.91,SAFE
2026-09-11 23:59:00,SBG.03,VP SABANG TIMUR SIS,0.0,5.65,SAFE
2026-09-11 23:59:00,SBG.04,VP SABANG TIMUR SIS,0.0,0.63,SAFE
2026-09-11 23:59:00,SBG.05,VP SABANG TIMUR SIS,0.0,21.21,SAFE
2026-09-12 03:40:09,SBG.06,ITABAL8,0.0,14.52,SAFE
2026-09-11 23:59:00,SBG.08,VP SABANG TIMUR SIS,0.0,1.35,SAFE
2026-09-11 23:59:00,SBG.10,VP SABANG TIMUR SIS,0.0,2.05,SAFE
2026-09-11 23:59:00,SBG.11,VP SABANG TIMUR SIS,0.0,0.75,SAFE
2026-09-11 23:59:00,SGT.02,CSA BONTANG SIS,0.0,0.19,SAFE
2026-09-11 23:59:00,SMB.02,CSA BONTANG SIS,0.0,2.63,SAFE
2026-09-11 23:59:00,SMB.03,CSA BONTANG SIS,0.0,4.72,SAFE
2026-09-11 23:59:00,SNT.01,PITSTOP AMBON SIS,0.0,1.34,SAFE
2026-09-11 23:59:00,TJG.01,CSA BONTANG SIS,0.0,1.99,SAFE
2026-09-11 23:59:00,TJG.02,CSA BONTANG SIS,0.0,5.65,SAFE
2026-09-11 23:59:00,AMB.01,PITSTOP AMBON SIS,0.0,7.46,SAFE
2026-09-11 23:59:00,BDG.02,VP OB 1 SIS,0.0,19.31,SAFE
2026-09-11 23:59:00,BDG.03,VP OB 1 SIS,0.0,5.73,SAFE
2026-09-11 23:59:00,BDG.04,VP OB 1 SIS,0.0,1.07,SAFE
2026-09-11 04:03:18,BDG.05,ITABAL9,0.0,2.1,SAFE
2026-09-11 23:59:00,BGK.01,VP SABANG TIMUR SIS,0.0,1.59,SAFE
2026-09-11 23:59:00,BGK.02,VP SABANG TIMUR SIS,0.0,18.92,SAFE
2026-09-11 04:03:18,BGR.01,ITABAL9,0.0,1.34,SAFE
2026-09-11 23:59:00,BJB.03,CSA BONTANG SIS,0.0,1.34,SAFE
2026-09-11 23:59:00,BJM.01,PITSTOP AMBON SIS,0.0,3.86,SAFE
2026-09-11 23:59:00,BJM.02,CSA BONTANG SIS,0.0,1.68,SAFE
2026-09-12 05:54:57,BKL.01,ITABAL8,0.0,58.33,SAFE
2026-09-12 05:54:57,BKL.02,ITABAL8,0.0,0.72,SAFE
2026-09-12 05:54:57,BNE.02,ITABAL8,0.0,1.52,SAFE
2026-09-12 05:54:57,BNE.03,ITABAL8,0.0,0.63,SAFE
2026-09-12 05:54:57,BNE.04,ITABAL8,0.0,0.55,SAFE
2026-09-11 23:59:00,BNY.03,CSA BONTANG SIS,0.0,0.97,SAFE
2026-09-11 23:59:00,BTG.03,CSA BONTANG SIS,0.0,9.36,SAFE
2026-09-11 23:59:00,BTG.04,CSA BONTANG SIS,0.0,175.0,SAFE
2026-09-11 23:59:00,FLR.02,CSA BONTANG SIS,0.0,0.75,SAFE
2026-09-11 04:03:18,JKT.01,ITABAL9,0.0,25.36,SAFE
2026-09-11 04:03:18,JKT.02,ITABAL9,0.0,7.78,SAFE
2026-09-11 04:03:18,JKT.03,ITABAL9,0.0,4.16,SAFE
2026-09-11 04:03:18,JKT.04,ITABAL9,0.0,1.17,SAFE
2026-09-11 04:03:18,JKT.05,ITABAL9,0.0,5.68,SAFE
2026-09-11 04:03:18,JKT.06,ITABAL9,0.0,7.45,SAFE
2026-09-11 04:03:18,JKT.07,ITABAL9,0.0,11.55,SAFE
2026-09-11 04:03:18,JKT.08,ITABAL9,0.0,4.26,SAFE
2026-09-12 05:54:57,JMB.01,ITABAL8,0.0,3.07,SAFE
2026-09-12 05:54:57,JMB.03,ITABAL8,0.0,1.02,SAFE
2026-09-11 04:03:18,JMB.04,ITABAL9,0.0,0.77,SAFE
2026-09-11 23:59:00,KRC.02,VP SABANG TIMUR SIS,0.0,1.04,SAFE
2026-09-12 05:54:57,KRC.03,ITABAL8,0.0,1.31,SAFE
2026-09-11 23:59:00,KRC.05,VP SABANG TIMUR SIS,0.0,1.93,SAFE
2026-09-11 23:59:00,KRC.07,VP SABANG TIMUR SIS,0.0,2.15,SAFE
2026-09-12 05:54:57,LHT.01,ITABAL8,0.0,5.84,SAFE
2026-09-12 05:54:57,LPG.01,ITABAL8,0.0,2.05,SAFE
2026-09-12 05:54:57,LPG.02,ITABAL8,0.0,12.03,SAFE
2026-09-12 05:54:57,LPG.03,ITABAL8,0.0,6.96,SAFE
2026-09-12 05:54:57,LPG.06,ITABAL8,0.0,6.69,SAFE
2026-09-12 05:54:57,LPG.07,ITABAL8,0.0,12.92,SAFE
2026-09-12 05:54:57,MDN.01,ITABAL8,0.0,3.37,SAFE
2026-09-12 05:54:57,MDN.02,ITABAL8,0.0,2.53,SAFE
2026-09-12 05:54:57,MDN.03,ITABAL8,0.0,7.25,SAFE
2026-09-12 05:54:57,MDN.04,ITABAL8,0.0,1.95,SAFE
2026-09-11 04:03:18,MIA.01,ITABAL9,0.0,1.22,SAFE
2026-09-11 04:03:18,MIA.02,ITABAL9,0.0,17.59,SAFE
2026-09-11 04:03:18,MIA.03,ITABAL9,0.0,4.28,SAFE
2026-09-11 23:59:00,MIA.04,PITSTOP AMBON SIS,0.0,2.31,SAFE
2026-09-11 04:03:18,MIA.05,ITABAL9,0.0,20.96,SAFE
2026-09-11 04:03:18,MIA.06,ITABAL9,0.0,1.16,SAFE
2026-09-11 23:59:00,MKS.01,CSA BONTANG SIS,0.0,0.72,SAFE
2026-09-11 23:59:00,MKS.02,PITSTOP AMBON SIS,0.0,1.06,SAFE
,MKS.03,ROM 13,0.0,8.2,SAFE
,MKS.04,ROM 13,0.0,3.08,SAFE
2026-09-11 23:59:00,MND.02,CSA BONTANG SIS,0.0,2.49,SAFE
2026-09-11 23:59:00,MRK.01,VP SABANG TIMUR SIS,0.0,1.65,SAFE
2026-09-11 23:59:00,MTM.01,PITSTOP AMBON SIS,0.0,1.64,SAFE
2026-09-11 23:59:00,MTP.01,PITSTOP AMBON SIS,0.0,1.01,SAFE
2026-09-11 23:59:00,MTR.01,VP SABANG TIMUR SIS,0.0,1.67,SAFE
2026-09-12 05:54:57,NIS.01,ITABAL8,0.0,0.57,SAFE
2026-09-12 05:54:57,NIS.02,ITABAL8,0.0,0.86,SAFE
2026-09-12 05:54:57,NIS.03,ITABAL8,0.0,1.03,SAFE
2026-09-11 04:03:18,PDG.01,ITABAL9,0.0,0.52,SAFE
2026-09-12 05:54:57,PLB.01,ITABAL8,0.0,1.87,SAFE
2026-09-12 05:54:57,PLB.02,ITABAL8,0.0,0.84,SAFE
2026-09-12 05:54:57,PLB.03,ITABAL8,0.0,2.0,SAFE
2026-09-12 05:54:57,PLB.04,ITABAL8,0.0,13.62,SAFE
2026-09-11 23:59:00,PLU.04,CSA BONTANG SIS,0.0,2.36,SAFE
2026-09-11 23:59:00,RIU.02,VP SABANG TIMUR SIS,0.0,0.61,SAFE
2026-09-11 23:59:00,RIU.04,VP SABANG TIMUR SIS,0.0,0.51,SAFE
2026-09-11 23:59:00,SBG.02,VP SABANG TIMUR SIS,0.0,1.91,SAFE
2026-09-11 23:59:00,SBG.03,VP SABANG TIMUR SIS,0.0,5.65,SAFE
2026-09-11 23:59:00,SBG.04,VP SABANG TIMUR SIS,0.0,0.63,SAFE
2026-09-11 23:59:00,SBG.05,VP SABANG TIMUR SIS,0.0,21.21,SAFE
2026-09-12 05:54:57,SBG.06,ITABAL8,0.0,14.52,SAFE
2026-09-11 23:59:00,SBG.08,VP SABANG TIMUR SIS,0.0,1.35,SAFE
2026-09-11 23:59:00,SBG.10,VP SABANG TIMUR SIS,0.0,2.05,SAFE
2026-09-11 23:59:00,SBG.11,VP SABANG TIMUR SIS,0.0,0.75,SAFE
2026-09-11 23:59:00,SGT.02,CSA BONTANG SIS,0.0,0.19,SAFE
2026-09-11 23:59:00,SMB.02,CSA BONTANG SIS,0.0,2.63,SAFE
2026-09-11 23:59:00,SMB.03,CSA BONTANG SIS,0.0,4.72,SAFE
2026-09-11 23:59:00,SNT.01,PITSTOP AMBON SIS,0.0,1.34,SAFE
2026-09-11 23:59:00,TJG.01,CSA BONTANG SIS,0.0,1.99,SAFE
2026-09-11 23:59:00,TJG.02,CSA BONTANG SIS,0.0,5.65,SAFE
2026-09-11 23:59:00,AMB.01,PITSTOP AMBON SIS,0.0,7.46,SAFE
2026-09-11 23:59:00,BDG.02,VP OB 1 SIS,0.0,19.31,SAFE
2026-09-11 23:59:00,BDG.03,VP OB 1 SIS,0.0,5.73,SAFE
2026-09-11 23:59:00,BDG.04,VP OB 1 SIS,0.0,1.07,SAFE
2026-09-11 04:03:18,BDG.05,ITABAL9,0.0,2.1,SAFE
2026-09-11 23:59:00,BGK.01,VP SABANG TIMUR SIS,0.0,1.59,SAFE
2026-09-11 23:59:00,BGK.02,VP SABANG TIMUR SIS,0.0,18.92,SAFE
2026-09-11 04:03:18,BGR.01,ITABAL9,0.0,1.34,SAFE
2026-09-11 23:59:00,BJB.03,CSA BONTANG SIS,0.0,1.34,SAFE
2026-09-11 23:59:00,BJM.01,PITSTOP AMBON SIS,0.0,3.86,SAFE
2026-09-11 23:59:00,BJM.02,CSA BONTANG SIS,0.0,1.68,SAFE
2026-09-12 07:45:05,BKL.01,ITABAL8,0.0,58.33,SAFE
2026-09-12 07:45:05,BKL.02,ITABAL8,0.0,0.72,SAFE
2026-09-12 07:45:05,BNE.02,ITABAL8,0.0,1.52,SAFE
2026-09-12 07:45:05,BNE.03,ITABAL8,0.0,0.63,SAFE
2026-09-12 07:45:05,BNE.04,ITABAL8,0.0,0.55,SAFE
2026-09-11 23:59:00,BNY.03,CSA BONTANG SIS,0.0,0.97,SAFE
2026-09-11 23:59:00,BTG.03,CSA BONTANG SIS,0.0,9.36,SAFE
2026-09-11 23:59:00,BTG.04,CSA BONTANG SIS,0.0,175.0,SAFE
2026-09-11 23:59:00,FLR.02,CSA BONTANG SIS,0.0,0.75,SAFE
2026-09-11 04:03:18,JKT.01,ITABAL9,0.0,25.36,SAFE
2026-09-11 04:03:18,JKT.02,ITABAL9,0.0,7.78,SAFE
2026-09-11 04:03:18,JKT.03,ITABAL9,0.0,4.16,SAFE
2026-09-11 04:03:18,JKT.04,ITABAL9,0.0,1.17,SAFE
2026-09-11 04:03:18,JKT.05,ITABAL9,0.0,5.68,SAFE
2026-09-11 04:03:18,JKT.06,ITABAL9,0.0,7.45,SAFE
2026-09-11 04:03:18,JKT.07,ITABAL9,0.0,11.55,SAFE
2026-09-11 04:03:18,JKT.08,ITABAL9,0.0,4.26,SAFE
2026-09-12 07:45:05,JMB.01,ITABAL8,0.0,3.07,SAFE
2026-09-12 07:45:05,JMB.03,ITABAL8,0.0,1.02,SAFE
2026-09-11 04:03:18,JMB.04,ITABAL9,0.0,0.77,SAFE
2026-09-11 23:59:00,KRC.02,VP SABANG TIMUR SIS,0.0,1.04,SAFE
2026-09-12 07:45:05,KRC.03,ITABAL8,0.0,1.31,SAFE
2026-09-11 23:59:00,KRC.05,VP SABANG TIMUR SIS,0.0,1.93,SAFE
2026-09-11 23:59:00,KRC.07,VP SABANG TIMUR SIS,0.0,2.15,SAFE
2026-09-12 07:45:05,LHT.01,ITABAL8,0.0,5.84,SAFE
2026-09-12 07:45:05,LPG.01,ITABAL8,0.0,2.05,SAFE
2026-09-12 07:45:05,LPG.02,ITABAL8,0.0,12.03,SAFE
2026-09-12 07:45:05,LPG.03,ITABAL8,0.0,6.96,SAFE
2026-09-12 07:45:05,LPG.06,ITABAL8,0.0,6.69,SAFE
2026-09-12 07:45:05,LPG.07,ITABAL8,0.0,12.92,SAFE
2026-09-12 07:45:05,MDN.01,ITABAL8,0.0,3.37,SAFE
2026-09-12 07:45:05,MDN.02,ITABAL8,0.0,2.53,SAFE
2026-09-12 07:45:05,MDN.03,ITABAL8,0.0,7.25,SAFE
2026-09-12 07:45:05,MDN.04,ITABAL8,0.0,1.95,SAFE
2026-09-11 04:03:18,MIA.01,ITABAL9,0.0,1.22,SAFE
2026-09-11 04:03:18,MIA.02,ITABAL9,0.0,17.59,SAFE
2026-09-11 04:03:18,MIA.03,ITABAL9,0.0,4.28,SAFE
2026-09-11 23:59:00,MIA.04,PITSTOP AMBON SIS,0.0,2.31,SAFE
2026-09-11 04:03:18,MIA.05,ITABAL9,0.0,20.96,SAFE
2026-09-11 04:03:18,MIA.06,ITABAL9,0.0,1.16,SAFE
2026-09-11 23:59:00,MKS.01,CSA BONTANG SIS,0.0,0.72,SAFE
2026-09-11 23:59:00,MKS.02,PITSTOP AMBON SIS,0.0,1.06,SAFE
,MKS.03,ROM 13,0.0,8.2,SAFE
,MKS.04,ROM 13,0.0,3.08,SAFE
2026-09-11 23:59:00,MND.02,CSA BONTANG SIS,0.0,2.49,SAFE
2026-09-11 23:59:00,MRK.01,VP SABANG TIMUR SIS,0.0,1.65,SAFE
2026-09-11 23:59:00,MTM.01,PITSTOP AMBON SIS,0.0,1.64,SAFE
2026-09-11 23:59:00,MTP.01,PITSTOP AMBON SIS,0.0,1.01,SAFE
2026-09-11 23:59:00,MTR.01,VP SABANG TIMUR SIS,0.0,1.67,SAFE
2026-09-12 07:45:05,NIS.01,ITABAL8,0.0,0.57,SAFE
2026-09-12 07:45:05,NIS.02,ITABAL8,0.0,0.86,SAFE
2026-09-12 07:45:05,NIS.03,ITABAL8,0.0,1.03,SAFE
2026-09-11 04:03:18,PDG.01,ITABAL9,0.0,0.52,SAFE
2026-09-12 07:45:05,PLB.01,ITABAL8,0.0,1.87,SAFE
2026-09-12 07:45:05,PLB.02,ITABAL8,0.0,0.84,SAFE
2026-09-12 07:45:05,PLB.03,ITABAL8,0.0,2.0,SAFE
2026-09-12 07:45:05,PLB.04,ITABAL8,0.0,13.62,SAFE
2026-09-11 23:59:00,PLU.04,CSA BONTANG SIS,0.0,2.36,SAFE
2026-09-11 23:59:00,RIU.02,VP SABANG TIMUR SIS,0.0,0.61,SAFE
2026-09-11 23:59:00,RIU.04,VP SABANG TIMUR SIS,0.0,0.51,SAFE
2026-09-11 23:59:00,SBG.02,VP SABANG TIMUR SIS,0.0,1.91,SAFE
2026-09-11 23:59:00,SBG.03,VP SABANG TIMUR SIS,0.0,5.65,SAFE
2026-09-11 23:59:00,SBG.04,VP SABANG TIMUR SIS,0.0,0.63,SAFE
2026-09-11 23:59:00,SBG.05,VP SABANG TIMUR SIS,0.0,21.21,SAFE
2026-09-12 07:45:05,SBG.06,ITABAL8,0.0,14.52,SAFE
2026-09-11 23:59:00,SBG.08,VP SABANG TIMUR SIS,0.0,1.35,SAFE
2026-09-11 23:59:00,SBG.10,VP SABANG TIMUR SIS,0.0,2.05,SAFE
2026-09-11 23:59:00,SBG.11,VP SABANG TIMUR SIS,0.0,0.75,SAFE
2026-09-11 23:59:00,SGT.02,CSA BONTANG SIS,0.0,0.19,SAFE
2026-09-11 23:59:00,SMB.02,CSA BONTANG SIS,0.0,2.63,SAFE
2026-09-11 23:59:00,SMB.03,CSA BONTANG SIS,0.0,4.72,SAFE
2026-09-11 23:59:00,SNT.01,PITSTOP AMBON SIS,0.0,1.34,SAFE
2026-09-11 23:59:00,TJG.01,CSA BONTANG SIS,0.0,1.99,SAFE
2026-09-11 23:59:00,TJG.02,CSA BONTANG SIS,0.0,5.65,SAFE
2026-09-12 09:36:00,AMB.01,PITSTOP AMBON SIS,0.0,7.46,SAFE
2026-09-12 09:35:00,BDG.02,VP OB 1 SIS,0.0,19.31,SAFE
2026-09-12 09:35:00,BDG.03,VP OB 1 SIS,0.0,5.73,SAFE
2026-09-12 09:35:00,BDG.04,VP OB 1 SIS,0.0,1.07,SAFE
2026-09-11 04:03:18,BDG.05,ITABAL9,0.0,2.1,SAFE
2026-09-12 09:35:00,BGK.01,VP SABANG TIMUR SIS,0.0,1.59,SAFE
2026-09-12 09:35:00,BGK.02,VP SABANG TIMUR SIS,0.0,18.92,SAFE
2026-09-11 04:03:18,BGR.01,ITABAL9,0.0,1.34,SAFE
2026-09-12 09:35:00,BJB.03,CSA BONTANG SIS,0.0,1.34,SAFE
2026-09-12 09:36:00,BJM.01,PITSTOP AMBON SIS,0.0,3.86,SAFE
2026-09-12 09:35:00,BJM.02,CSA BONTANG SIS,0.0,1.68,SAFE
2026-09-12 09:35:27,BKL.01,ITABAL8,0.0,58.33,SAFE
2026-09-12 09:35:27,BKL.02,ITABAL8,0.0,0.72,SAFE
2026-09-12 09:35:27,BNE.02,ITABAL8,0.0,1.52,SAFE
2026-09-12 09:35:27,BNE.03,ITABAL8,0.0,0.63,SAFE
2026-09-12 09:35:27,BNE.04,ITABAL8,0.0,0.55,SAFE
2026-09-12 09:35:00,BNY.03,CSA BONTANG SIS,0.0,0.97,SAFE
2026-09-12 09:35:00,BTG.03,CSA BONTANG SIS,0.0,9.36,SAFE
2026-09-12 09:35:00,BTG.04,CSA BONTANG SIS,0.0,175.0,SAFE
2026-09-12 09:35:00,FLR.02,CSA BONTANG SIS,0.0,0.75,SAFE
2026-09-11 04:03:18,JKT.01,ITABAL9,0.0,25.36,SAFE
2026-09-11 04:03:18,JKT.02,ITABAL9,0.0,7.78,SAFE
2026-09-11 04:03:18,JKT.03,ITABAL9,0.0,4.16,SAFE
2026-09-11 04:03:18,JKT.04,ITABAL9,0.0,1.17,SAFE
2026-09-11 04:03:18,JKT.05,ITABAL9,0.0,5.68,SAFE
2026-09-11 04:03:18,JKT.06,ITABAL9,0.0,7.45,SAFE
2026-09-11 04:03:18,JKT.07,ITABAL9,0.0,11.55,SAFE
2026-09-11 04:03:18,JKT.08,ITABAL9,0.0,4.26,SAFE
2026-09-12 09:35:27,JMB.01,ITABAL8,0.0,3.07,SAFE
2026-09-12 09:35:27,JMB.03,ITABAL8,0.0,1.02,SAFE
2026-09-11 04:03:18,JMB.04,ITABAL9,0.0,0.77,SAFE
2026-09-12 09:35:00,KRC.02,VP SABANG TIMUR SIS,0.0,1.04,SAFE
2026-09-12 09:35:27,KRC.03,ITABAL8,0.0,1.31,SAFE
2026-09-12 09:35:00,KRC.05,VP SABANG TIMUR SIS,0.0,1.93,SAFE
2026-09-12 09:35:00,KRC.07,VP SABANG TIMUR SIS,0.0,2.15,SAFE
2026-09-12 09:35:27,LHT.01,ITABAL8,0.0,5.84,SAFE
2026-09-12 09:35:27,LPG.01,ITABAL8,0.0,2.05,SAFE
2026-09-12 09:35:27,LPG.02,ITABAL8,0.0,12.03,SAFE
2026-09-12 09:35:27,LPG.03,ITABAL8,0.0,6.96,SAFE
2026-09-12 09:35:27,LPG.06,ITABAL8,0.0,6.69,SAFE
2026-09-12 09:35:27,LPG.07,ITABAL8,0.0,12.92,SAFE
2026-09-12 09:35:27,MDN.01,ITABAL8,0.0,3.37,SAFE
2026-09-12 09:35:27,MDN.02,ITABAL8,0.0,2.53,SAFE
2026-09-12 09:35:27,MDN.03,ITABAL8,0.0,7.25,SAFE
2026-09-12 09:35:27,MDN.04,ITABAL8,0.0,1.95,SAFE
2026-09-11 04:03:18,MIA.01,ITABAL9,0.0,1.22,SAFE
2026-09-11 04:03:18,MIA.02,ITABAL9,0.0,17.59,SAFE
2026-09-11 04:03:18,MIA.03,ITABAL9,0.0,4.28,SAFE
2026-09-12 09:36:00,MIA.04,PITSTOP AMBON SIS,0.0,2.31,SAFE
2026-09-11 04:03:18,MIA.05,ITABAL9,0.0,20.96,SAFE
2026-09-11 04:03:18,MIA.06,ITABAL9,0.0,1.16,SAFE
2026-09-12 09:35:00,MKS.01,CSA BONTANG SIS,0.0,0.72,SAFE
2026-09-12 09:36:00,MKS.02,PITSTOP AMBON SIS,0.0,1.06,SAFE
,MKS.03,ROM 13,0.0,8.2,SAFE
,MKS.04,ROM 13,0.0,3.08,SAFE
2026-09-12 09:35:00,MND.02,CSA BONTANG SIS,0.0,2.49,SAFE
2026-09-12 09:35:00,MRK.01,VP SABANG TIMUR SIS,0.0,1.65,SAFE
2026-09-12 09:36:00,MTM.01,PITSTOP AMBON SIS,0.0,1.64,SAFE
2026-09-12 09:36:00,MTP.01,PITSTOP AMBON SIS,0.0,1.01,SAFE
2026-09-12 09:35:00,MTR.01,VP SABANG TIMUR SIS,0.0,1.67,SAFE
2026-09-12 09:35:27,NIS.01,ITABAL8,0.0,0.57,SAFE
2026-09-12 09:35:27,NIS.02,ITABAL8,0.0,0.86,SAFE
2026-09-12 09:35:27,NIS.03,ITABAL8,0.0,1.03,SAFE
2026-09-11 04:03:18,PDG.01,ITABAL9,0.0,0.52,SAFE
2026-09-12 09:35:27,PLB.01,ITABAL8,0.0,1.87,SAFE
2026-09-12 09:35:27,PLB.02,ITABAL8,0.0,0.84,SAFE
2026-09-12 09:35:27,PLB.03,ITABAL8,0.0,2.0,SAFE
2026-09-12 09:35:27,PLB.04,ITABAL8,0.0,13.62,SAFE
2026-09-12 09:35:00,PLU.04,CSA BONTANG SIS,0.0,2.36,SAFE
2026-09-12 09:35:00,RIU.02,VP SABANG TIMUR SIS,0.0,0.61,SAFE
2026-09-12 09:35:00,RIU.04,VP SABANG TIMUR SIS,0.0,0.51,SAFE
2026-09-12 09:35:00,SBG.02,VP SABANG TIMUR SIS,0.0,1.91,SAFE
2026-09-12 09:35:00,SBG.03,VP SABANG TIMUR SIS,0.0,5.65,SAFE
2026-09-12 09:35:00,SBG.04,VP SABANG TIMUR SIS,0.0,0.63,SAFE
2026-09-12 09:35:00,SBG.05,VP SABANG TIMUR SIS,0.0,21.21,SAFE
2026-09-12 09:35:27,SBG.06,ITABAL8,0.0,14.52,SAFE
2026-09-12 09:35:00,SBG.08,VP SABANG TIMUR SIS,0.0,1.35,SAFE
2026-09-12 09:35:00,SBG.10,VP SABANG TIMUR SIS,0.0,2.05,SAFE
2026-09-12 09:35:00,SBG.11,VP SABANG TIMUR SIS,0.0,0.75,SAFE
2026-09-12 09:35:00,SGT.02,CSA BONTANG SIS,0.0,0.19,SAFE
2026-09-12 09:35:00,SMB.02,CSA BONTANG SIS,0.0,2.63,SAFE
2026-09-12 09:35:00,SMB.03,CSA BONTANG SIS,0.0,4.72,SAFE
2026-09-12 09:36:00,SNT.01,PITSTOP AMBON SIS,0.0,1.34,SAFE
2026-09-12 09:35:00,TJG.01,CSA BONTANG SIS,0.0,1.99,SAFE
2026-09-12 09:35:00,TJG.02,CSA BONTANG SIS,0.0,5.65,SAFE
2026-09-12 14:28:00,AMB.01,PITSTOP AMBON SIS,0.0,7.46,SAFE
2026-09-12 14:26:00,BDG.02,VP OB 1 SIS,0.0,19.31,SAFE
2026-09-12 14:26:00,BDG.03,VP OB 1 SIS,0.0,5.73,SAFE
2026-09-12 14:26:00,BDG.04,VP OB 1 SIS,0.0,1.07,SAFE
2026-09-11 04:03:18,BDG.05,ITABAL9,0.0,2.1,SAFE
2026-09-12 14:27:00,BGK.01,VP SABANG TIMUR SIS,0.0,1.59,SAFE
2026-09-12 14:27:00,BGK.02,VP SABANG TIMUR SIS,0.0,18.92,SAFE
2026-09-11 04:03:18,BGR.01,ITABAL9,0.0,1.34,SAFE
2026-09-12 14:27:00,BJB.03,CSA BONTANG SIS,0.0,1.34,SAFE
2026-09-12 14:28:00,BJM.01,PITSTOP AMBON SIS,0.0,3.86,SAFE
2026-09-12 14:27:00,BJM.02,CSA BONTANG SIS,0.0,1.68,SAFE
2026-09-12 14:27:01,BKL.01,ITABAL8,0.0,58.33,SAFE
2026-09-12 14:27:01,BKL.02,ITABAL8,0.0,0.72,SAFE
2026-09-12 14:27:01,BNE.02,ITABAL8,0.0,1.52,SAFE
2026-09-12 14:27:01,BNE.03,ITABAL8,0.0,0.63,SAFE
2026-09-12 14:27:01,BNE.04,ITABAL8,0.0,0.55,SAFE
2026-09-12 14:27:00,BNY.03,CSA BONTANG SIS,0.0,0.97,SAFE
2026-09-12 14:27:00,BTG.03,CSA BONTANG SIS,0.0,9.36,SAFE
2026-09-12 14:27:00,BTG.04,CSA BONTANG SIS,0.0,175.0,SAFE
2026-09-12 14:27:00,FLR.02,CSA BONTANG SIS,0.0,0.75,SAFE
2026-09-11 04:03:18,JKT.01,ITABAL9,0.0,25.36,SAFE
2026-09-11 04:03:18,JKT.02,ITABAL9,0.0,7.78,SAFE
2026-09-11 04:03:18,JKT.03,ITABAL9,0.0,4.16,SAFE
2026-09-11 04:03:18,JKT.04,ITABAL9,0.0,1.17,SAFE
2026-09-11 04:03:18,JKT.05,ITABAL9,0.0,5.68,SAFE
2026-09-11 04:03:18,JKT.06,ITABAL9,0.0,7.45,SAFE
2026-09-11 04:03:18,JKT.07,ITABAL9,0.0,11.55,SAFE
2026-09-11 04:03:18,JKT.08,ITABAL9,0.0,4.26,SAFE
2026-09-12 14:27:01,JMB.01,ITABAL8,0.0,3.07,SAFE
2026-09-12 14:27:01,JMB.03,ITABAL8,0.0,1.02,SAFE
2026-09-11 04:03:18,JMB.04,ITABAL9,0.0,0.77,SAFE
2026-09-12 14:27:00,KRC.02,VP SABANG TIMUR SIS,0.0,1.04,SAFE
2026-09-12 14:27:01,KRC.03,ITABAL8,0.0,1.31,SAFE
2026-09-12 14:27:00,KRC.05,VP SABANG TIMUR SIS,0.0,1.93,SAFE
2026-09-12 14:27:00,KRC.07,VP SABANG TIMUR SIS,0.0,2.15,SAFE
2026-09-12 14:27:01,LHT.01,ITABAL8,0.0,5.84,SAFE
2026-09-12 14:27:01,LPG.01,ITABAL8,0.0,2.05,SAFE
2026-09-12 14:27:01,LPG.02,ITABAL8,0.0,12.03,SAFE
2026-09-12 14:27:01,LPG.03,ITABAL8,0.0,6.96,SAFE
2026-09-12 14:27:01,LPG.06,ITABAL8,0.0,6.69,SAFE
2026-09-12 14:27:01,LPG.07,ITABAL8,0.0,12.92,SAFE
2026-09-12 14:27:01,MDN.01,ITABAL8,0.0,3.37,SAFE
2026-09-12 14:27:01,MDN.02,ITABAL8,0.0,2.53,SAFE
2026-09-12 14:27:01,MDN.03,ITABAL8,0.0,7.25,SAFE
2026-09-12 14:27:01,MDN.04,ITABAL8,0.0,1.95,SAFE
2026-09-11 04:03:18,MIA.01,ITABAL9,0.0,1.22,SAFE
2026-09-11 04:03:18,MIA.02,ITABAL9,0.0,17.59,SAFE
2026-09-11 04:03:18,MIA.03,ITABAL9,0.0,4.28,SAFE
2026-09-12 14:28:00,MIA.04,PITSTOP AMBON SIS,0.0,2.31,SAFE
2026-09-11 04:03:18,MIA.05,ITABAL9,0.0,20.96,SAFE
2026-09-11 04:03:18,MIA.06,ITABAL9,0.0,1.16,SAFE
2026-09-12 14:27:00,MKS.01,CSA BONTANG SIS,0.0,0.72,SAFE
2026-09-12 14:28:00,MKS.02,PITSTOP AMBON SIS,0.0,1.06,SAFE
,MKS.03,ROM 13,0.0,8.2,SAFE
,MKS.04,ROM 13,0.0,3.08,SAFE
2026-09-12 14:27:00,MND.02,CSA BONTANG SIS,0.0,2.49,SAFE
2026-09-12 14:27:00,MRK.01,VP SABANG TIMUR SIS,0.0,1.65,SAFE
2026-09-12 14:28:00,MTM.01,PITSTOP AMBON SIS,0.0,1.64,SAFE
2026-09-12 14:28:00,MTP.01,PITSTOP AMBON SIS,0.0,1.01,SAFE
2026-09-12 14:27:00,MTR.01,VP SABANG TIMUR SIS,0.0,1.67,SAFE
2026-09-12 14:27:01,NIS.01,ITABAL8,0.0,0.57,SAFE
2026-09-12 14:27:01,NIS.02,ITABAL8,0.0,0.86,SAFE
2026-09-12 14:27:01,NIS.03,ITABAL8,0.0,1.03,SAFE
2026-09-11 04:03:18,PDG.01,ITABAL9,0.0,0.52,SAFE
2026-09-12 14:27:01,PLB.01,ITABAL8,0.0,1.87,SAFE
2026-09-12 14:27:01,PLB.02,ITABAL8,0.0,0.84,SAFE
2026-09-12 14:27:01,PLB.03,ITABAL8,0.0,2.0,SAFE
2026-09-12 14:27:01,PLB.04,ITABAL8,0.0,13.62,SAFE
2026-09-12 14:27:00,PLU.04,CSA BONTANG SIS,0.0,2.36,SAFE
2026-09-12 14:27:00,RIU.02,VP SABANG TIMUR SIS,0.0,0.61,SAFE
2026-09-12 14:27:00,RIU.04,VP SABANG TIMUR SIS,0.0,0.51,SAFE
2026-09-12 14:27:00,SBG.02,VP SABANG TIMUR SIS,0.0,1.91,SAFE
2026-09-12 14:27:00,SBG.03,VP SABANG TIMUR SIS,0.0,5.65,SAFE
2026-09-12 14:27:00,SBG.04,VP SABANG TIMUR SIS,0.0,0.63,SAFE
2026-09-12 14:27:00,SBG.05,VP SABANG TIMUR SIS,0.0,21.21,SAFE
2026-09-12 14:27:01,SBG.06,ITABAL8,0.0,14.52,SAFE
2026-09-12 14:27:00,SBG.08,VP SABANG TIMUR SIS,0.0,1.35,SAFE
2026-09-12 14:27:00,SBG.10,VP SABANG TIMUR SIS,0.0,2.05,SAFE
2026-09-12 14:27:00,SBG.11,VP SABANG TIMUR SIS,0.0,0.75,SAFE
2026-09-12 14:27:00,SGT.02,CSA BONTANG SIS,0.0,0.19,SAFE
2026-09-12 14:27:00,SMB.02,CSA BONTANG SIS,0.0,2.63,SAFE
2026-09-12 14:27:00,SMB.03,CSA BONTANG SIS,0.0,4.72,SAFE
2026-09-12 14:28:00,SNT.01,PITSTOP AMBON SIS,0.0,1.34,SAFE
2026-09-12 14:27:00,TJG.01,CSA BONTANG SIS,0.0,1.99,SAFE
2026-09-12 14:27:00,TJG.02,CSA BONTANG SIS,0.0,5.65,SAFE
2026-09-12 19:05:00,AMB.01,PITSTOP AMBON SIS,0.0,7.46,SAFE
2026-09-12 19:04:00,BDG.02,VP OB 1 SIS,0.0,19.31,SAFE
2026-09-12 19:04:00,BDG.03,VP OB 1 SIS,0.0,5.73,SAFE
2026-09-12 19:04:00,BDG.04,VP OB 1 SIS,0.0,1.07,SAFE
2026-09-11 04:03:18,BDG.05,ITABAL9,0.0,2.1,SAFE
2026-09-12 19:04:00,BGK.01,VP SABANG TIMUR SIS,0.0,1.59,SAFE
2026-09-12 19:04:00,BGK.02,VP SABANG TIMUR SIS,0.0,18.92,SAFE
2026-09-11 04:03:18,BGR.01,ITABAL9,0.0,1.34,SAFE
2026-09-12 19:04:00,BJB.03,CSA BONTANG SIS,0.0,1.34,SAFE
2026-09-12 19:05:00,BJM.01,PITSTOP AMBON SIS,0.0,3.86,SAFE
2026-09-12 19:04:00,BJM.02,CSA BONTANG SIS,0.0,1.68,SAFE
2026-09-12 19:04:43,BKL.01,ITABAL8,0.0,58.33,SAFE
2026-09-12 19:04:43,BKL.02,ITABAL8,0.0,0.72,SAFE
2026-09-12 19:04:43,BNE.02,ITABAL8,0.0,1.52,SAFE
2026-09-12 19:04:43,BNE.03,ITABAL8,0.0,0.63,SAFE
2026-09-12 19:04:43,BNE.04,ITABAL8,0.0,0.55,SAFE
2026-09-12 19:04:00,BNY.03,CSA BONTANG SIS,0.0,0.97,SAFE
2026-09-12 19:04:00,BTG.03,CSA BONTANG SIS,0.0,9.36,SAFE
2026-09-12 19:04:00,BTG.04,CSA BONTANG SIS,0.0,175.0,SAFE
2026-09-12 19:04:00,FLR.02,CSA BONTANG SIS,0.0,0.75,SAFE
2026-09-11 04:03:18,JKT.01,ITABAL9,0.0,25.36,SAFE
2026-09-11 04:03:18,JKT.02,ITABAL9,0.0,7.78,SAFE
2026-09-11 04:03:18,JKT.03,ITABAL9,0.0,4.16,SAFE
2026-09-11 04:03:18,JKT.04,ITABAL9,0.0,1.17,SAFE
2026-09-11 04:03:18,JKT.05,ITABAL9,0.0,5.68,SAFE
2026-09-11 04:03:18,JKT.06,ITABAL9,0.0,7.45,SAFE
2026-09-11 04:03:18,JKT.07,ITABAL9,0.0,11.55,SAFE
2026-09-11 04:03:18,JKT.08,ITABAL9,0.0,4.26,SAFE
2026-09-12 19:04:43,JMB.01,ITABAL8,0.0,3.07,SAFE
2026-09-12 19:04:43,JMB.03,ITABAL8,0.0,1.02,SAFE
2026-09-11 04:03:18,JMB.04,ITABAL9,0.0,0.77,SAFE
2026-09-12 19:04:00,KRC.02,VP SABANG TIMUR SIS,0.0,1.04,SAFE
2026-09-12 19:04:43,KRC.03,ITABAL8,0.0,1.31,SAFE
2026-09-12 19:04:00,KRC.05,VP SABANG TIMUR SIS,0.0,1.93,SAFE
2026-09-12 19:04:00,KRC.07,VP SABANG TIMUR SIS,0.0,2.15,SAFE
2026-09-12 19:04:43,LHT.01,ITABAL8,0.0,5.84,SAFE
2026-09-12 19:04:43,LPG.01,ITABAL8,0.0,2.05,SAFE
2026-09-12 19:04:43,LPG.02,ITABAL8,0.0,12.03,SAFE
2026-09-12 19:04:43,LPG.03,ITABAL8,0.0,6.96,SAFE
2026-09-12 19:04:43,LPG.06,ITABAL8,0.0,6.69,SAFE
2026-09-12 19:04:43,LPG.07,ITABAL8,0.0,12.92,SAFE
2026-09-12 19:04:43,MDN.01,ITABAL8,0.0,3.37,SAFE
2026-09-12 19:04:43,MDN.02,ITABAL8,0.0,2.53,SAFE
2026-09-12 19:04:43,MDN.03,ITABAL8,0.0,7.25,SAFE
2026-09-12 19:04:43,MDN.04,ITABAL8,0.0,1.95,SAFE
2026-09-11 04:03:18,MIA.01,ITABAL9,0.0,1.22,SAFE
2026-09-11 04:03:18,MIA.02,ITABAL9,0.0,17.59,SAFE
2026-09-11 04:03:18,MIA.03,ITABAL9,0.0,4.28,SAFE
2026-09-12 19:05:00,MIA.04,PITSTOP AMBON SIS,0.0,2.31,SAFE
2026-09-11 04:03:18,MIA.05,ITABAL9,0.0,20.96,SAFE
2026-09-11 04:03:18,MIA.06,ITABAL9,0.0,1.16,SAFE
2026-09-12 19:04:00,MKS.01,CSA BONTANG SIS,0.0,0.72,SAFE
2026-09-12 19:05:00,MKS.02,PITSTOP AMBON SIS,0.0,1.06,SAFE
,MKS.03,ROM 13,0.0,8.2,SAFE
,MKS.04,ROM 13,0.0,3.08,SAFE
2026-09-12 19:04:00,MND.02,CSA BONTANG SIS,0.0,2.49,SAFE
2026-09-12 19:04:00,MRK.01,VP SABANG TIMUR SIS,0.0,1.65,SAFE
2026-09-12 19:05:00,MTM.01,PITSTOP AMBON SIS,0.0,1.64,SAFE
2026-09-12 19:05:00,MTP.01,PITSTOP AMBON SIS,0.0,1.01,SAFE
2026-09-12 19:04:00,MTR.01,VP SABANG TIMUR SIS,0.0,1.67,SAFE
2026-09-12 19:04:43,NIS.01,ITABAL8,0.0,0.57,SAFE
2026-09-12 19:04:43,NIS.02,ITABAL8,0.0,0.86,SAFE
2026-09-12 19:04:43,NIS.03,ITABAL8,0.0,1.03,SAFE
2026-09-11 04:03:18,PDG.01,ITABAL9,0.0,0.52,SAFE
2026-09-12 19:04:43,PLB.01,ITABAL8,0.0,1.87,SAFE
2026-09-12 19:04:43,PLB.02,ITABAL8,0.0,0.84,SAFE
2026-09-12 19:04:43,PLB.03,ITABAL8,0.0,2.0,SAFE
2026-09-12 19:04:43,PLB.04,ITABAL8,0.0,13.62,SAFE
2026-09-12 19:04:00,PLU.04,CSA BONTANG SIS,0.0,2.36,SAFE
2026-09-12 19:04:00,RIU.02,VP SABANG TIMUR SIS,0.0,0.61,SAFE
2026-09-12 19:04:00,RIU.04,VP SABANG TIMUR SIS,0.0,0.51,SAFE
2026-09-12 19:04:00,SBG.02,VP SABANG TIMUR SIS,0.0,1.91,SAFE
2026-09-12 19:04:00,SBG.03,VP SABANG TIMUR SIS,0.0,5.65,SAFE
2026-09-12 19:04:00,SBG.04,VP SABANG TIMUR SIS,0.0,0.63,SAFE
2026-09-12 19:04:00,SBG.05,VP SABANG TIMUR SIS,0.0,21.21,SAFE
2026-09-12 19:04:43,SBG.06,ITABAL8,0.0,14.52,SAFE
2026-09-12 19:04:00,SBG.08,VP SABANG TIMUR SIS,0.0,1.35,SAFE
2026-09-12 19:04:00,SBG.10,VP SABANG TIMUR SIS,0.0,2.05,SAFE
2026-09-12 19:04:00,SBG.11,VP SABANG TIMUR SIS,0.0,0.75,SAFE
2026-09-12 19:04:00,SGT.02,CSA BONTANG SIS,0.0,0.19,SAFE
2026-09-12 19:04:00,SMB.02,CSA BONTANG SIS,0.0,2.63,SAFE
2026-09-12 19:04:00,SMB.03,CSA BONTANG SIS,0.0,4.72,SAFE
2026-09-12 19:05:00,SNT.01,PITSTOP AMBON SIS,0.0,1.34,SAFE
2026-09-12 19:04:00,TJG.01,CSA BONTANG SIS,0.0,1.99,SAFE
2026-09-12 19:04:00,TJG.02,CSA BONTANG SIS,0.0,5.65,SAFE
2026-09-12 22:03:00,AMB.01,PITSTOP AMBON SIS,0.0,7.46,SAFE
2026-09-12 22:02:00,BDG.02,VP OB 1 SIS,0.0,19.31,SAFE
2026-09-12 22:02:00,BDG.03,VP OB 1 SIS,0.0,5.73,SAFE
2026-09-12 22:02:00,BDG.04,VP OB 1 SIS,0.0,1.07,SAFE
2026-09-11 04:03:18,BDG.05,ITABAL9,0.0,2.1,SAFE
2026-09-12 22:02:00,BGK.01,VP SABANG TIMUR SIS,0.0,1.59,SAFE
2026-09-12 22:02:00,BGK.02,VP SABANG TIMUR SIS,0.0,18.92,SAFE
2026-09-11 04:03:18,BGR.01,ITABAL9,0.0,1.34,SAFE
2026-09-12 22:02:00,BJB.03,CSA BONTANG SIS,0.0,1.34,SAFE
2026-09-12 22:03:00,BJM.01,PITSTOP AMBON SIS,0.0,3.86,SAFE
2026-09-12 22:02:00,BJM.02,CSA BONTANG SIS,0.0,1.68,SAFE
2026-09-12 22:02:35,BKL.01,ITABAL8,0.0,58.33,SAFE
2026-09-12 22:02:35,BKL.02,ITABAL8,0.0,0.72,SAFE
2026-09-12 22:02:35,BNE.02,ITABAL8,0.0,1.52,SAFE
2026-09-12 22:02:35,BNE.03,ITABAL8,0.0,0.63,SAFE
2026-09-12 22:02:35,BNE.04,ITABAL8,0.0,0.55,SAFE
2026-09-12 22:02:00,BNY.03,CSA BONTANG SIS,0.0,0.97,SAFE
2026-09-12 22:02:00,BTG.03,CSA BONTANG SIS,0.0,9.36,SAFE
2026-09-12 22:02:00,BTG.04,CSA BONTANG SIS,0.0,175.0,SAFE
2026-09-12 22:02:00,FLR.02,CSA BONTANG SIS,0.0,0.75,SAFE
2026-09-11 04:03:18,JKT.01,ITABAL9,0.0,25.36,SAFE
2026-09-11 04:03:18,JKT.02,ITABAL9,0.0,7.78,SAFE
2026-09-11 04:03:18,JKT.03,ITABAL9,0.0,4.16,SAFE
2026-09-11 04:03:18,JKT.04,ITABAL9,0.0,1.17,SAFE
2026-09-11 04:03:18,JKT.05,ITABAL9,0.0,5.68,SAFE
2026-09-11 04:03:18,JKT.06,ITABAL9,0.0,7.45,SAFE
2026-09-11 04:03:18,JKT.07,ITABAL9,0.0,11.55,SAFE
2026-09-11 04:03:18,JKT.08,ITABAL9,0.0,4.26,SAFE
2026-09-12 22:02:35,JMB.01,ITABAL8,0.0,3.07,SAFE
2026-09-12 22:02:35,JMB.03,ITABAL8,0.0,1.02,SAFE
2026-09-11 04:03:18,JMB.04,ITABAL9,0.0,0.77,SAFE
2026-09-12 22:02:00,KRC.02,VP SABANG TIMUR SIS,0.0,1.04,SAFE
2026-09-12 22:02:35,KRC.03,ITABAL8,0.0,1.31,SAFE
2026-09-12 22:02:00,KRC.05,VP SABANG TIMUR SIS,0.0,1.93,SAFE
2026-09-12 22:02:00,KRC.07,VP SABANG TIMUR SIS,0.0,2.15,SAFE
2026-09-12 22:02:35,LHT.01,ITABAL8,0.0,5.84,SAFE
2026-09-12 22:02:35,LPG.01,ITABAL8,0.0,2.05,SAFE
2026-09-12 22:02:35,LPG.02,ITABAL8,0.0,12.03,SAFE
2026-09-12 22:02:35,LPG.03,ITABAL8,0.0,6.96,SAFE
2026-09-12 22:02:35,LPG.06,ITABAL8,0.0,6.69,SAFE
2026-09-12 22:02:35,LPG.07,ITABAL8,0.0,12.92,SAFE
2026-09-12 22:02:35,MDN.01,ITABAL8,0.0,3.37,SAFE
2026-09-12 22:02:35,MDN.02,ITABAL8,0.0,2.53,SAFE
2026-09-12 22:02:35,MDN.03,ITABAL8,0.0,7.25,SAFE
2026-09-12 22:02:35,MDN.04,ITABAL8,0.0,1.95,SAFE
2026-09-11 04:03:18,MIA.01,ITABAL9,0.0,1.22,SAFE
2026-09-11 04:03:18,MIA.02,ITABAL9,0.0,17.59,SAFE
2026-09-11 04:03:18,MIA.03,ITABAL9,0.0,4.28,SAFE
2026-09-12 22:03:00,MIA.04,PITSTOP AMBON SIS,0.0,2.31,SAFE
2026-09-11 04:03:18,MIA.05,ITABAL9,0.0,20.96,SAFE
2026-09-11 04:03:18,MIA.06,ITABAL9,0.0,1.16,SAFE
2026-09-12 22:02:00,MKS.01,CSA BONTANG SIS,0.0,0.72,SAFE
2026-09-12 22:03:00,MKS.02,PITSTOP AMBON SIS,0.0,1.06,SAFE
,MKS.03,ROM 13,0.0,8.2,SAFE
,MKS.04,ROM 13,0.0,3.08,SAFE
2026-09-12 22:02:00,MND.02,CSA BONTANG SIS,0.0,2.49,SAFE
2026-09-12 22:02:00,MRK.01,VP SABANG TIMUR SIS,0.0,1.65,SAFE
2026-09-12 22:03:00,MTM.01,PITSTOP AMBON SIS,0.0,1.64,SAFE
2026-09-12 22:03:00,MTP.01,PITSTOP AMBON SIS,0.0,1.01,SAFE
2026-09-12 22:02:00,MTR.01,VP SABANG TIMUR SIS,0.0,1.67,SAFE
2026-09-12 22:02:35,NIS.01,ITABAL8,0.0,0.57,SAFE
2026-09-12 22:02:35,NIS.02,ITABAL8,0.0,0.86,SAFE
2026-09-12 22:02:35,NIS.03,ITABAL8,0.0,1.03,SAFE
2026-09-11 04:03:18,PDG.01,ITABAL9,0.0,0.52,SAFE
2026-09-12 22:02:35,PLB.01,ITABAL8,0.0,1.87,SAFE
2026-09-12 22:02:35,PLB.02,ITABAL8,0.0,0.84,SAFE
2026-09-12 22:02:35,PLB.03,ITABAL8,0.0,2.0,SAFE
2026-09-12 22:02:35,PLB.04,ITABAL8,0.0,13.62,SAFE
2026-09-12 22:02:00,PLU.04,CSA BONTANG SIS,0.0,2.36,SAFE
2026-09-12 22:02:00,RIU.02,VP SABANG TIMUR SIS,0.0,0.61,SAFE
2026-09-12 22:02:00,RIU.04,VP SABANG TIMUR SIS,0.0,0.51,SAFE
2026-09-12 22:02:00,SBG.02,VP SABANG TIMUR SIS,0.0,1.91,SAFE
2026-09-12 22:02:00,SBG.03,VP SABANG TIMUR SIS,0.0,5.65,SAFE
2026-09-12 22:02:00,SBG.04,VP SABANG TIMUR SIS,0.0,0.63,SAFE
2026-09-12 22:02:00,SBG.05,VP SABANG TIMUR SIS,0.0,21.21,SAFE
2026-09-12 22:02:35,SBG.06,ITABAL8,0.0,14.52,SAFE
2026-09-12 22:02:00,SBG.08,VP SABANG TIMUR SIS,0.0,1.35,SAFE
2026-09-12 22:02:00,SBG.10,VP SABANG TIMUR SIS,0.0,2.05,SAFE
2026-09-12 22:02:00,SBG.11,VP SABANG TIMUR SIS,0.0,0.75,SAFE
2026-09-12 22:02:00,SGT.02,CSA BONTANG SIS,0.0,0.19,SAFE
2026-09-12 22:02:00,SMB.02,CSA BONTANG SIS,0.0,2.63,SAFE
2026-09-12 22:02:00,SMB.03,CSA BONTANG SIS,0.0,4.72,SAFE
2026-09-12 22:03:00,SNT.01,PITSTOP AMBON SIS,0.0,1.34,SAFE
2026-09-12 22:02:00,TJG.01,CSA BONTANG SIS,0.0,1.99,SAFE
2026-09-12 22:02:00,TJG.02,CSA BONTANG SIS,0.0,5.65,SAFE
2026-09-12 23:59:00,AMB.01,PITSTOP AMBON SIS,0.0,7.46,SAFE
2026-09-12 23:59:00,BDG.02,VP OB 1 SIS,0.0,19.31,SAFE
2026-09-12 23:59:00,BDG.03,VP OB 1 SIS,0.0,5.73,SAFE
2026-09-12 23:59:00,BDG.04,VP OB 1 SIS,0.0,1.07,SAFE
2026-09-11 04:03:18,BDG.05,ITABAL9,0.0,2.1,SAFE
2026-09-12 23:59:00,BGK.01,VP SABANG TIMUR SIS,0.0,1.59,SAFE
2026-09-12 23:59:00,BGK.02,VP SABANG TIMUR SIS,0.0,18.92,SAFE
2026-09-11 04:03:18,BGR.01,ITABAL9,0.0,1.34,SAFE
2026-09-12 23:59:00,BJB.03,CSA BONTANG SIS,0.0,1.34,SAFE
2026-09-12 23:59:00,BJM.01,PITSTOP AMBON SIS,0.0,3.86,SAFE
2026-09-12 23:59:00,BJM.02,CSA BONTANG SIS,0.0,1.68,SAFE
2026-09-13 00:58:06,BKL.01,ITABAL8,0.0,58.33,SAFE
2026-09-13 00:58:06,BKL.02,ITABAL8,0.0,0.72,SAFE
2026-09-13 00:58:06,BNE.02,ITABAL8,0.0,1.52,SAFE
2026-09-13 00:58:06,BNE.03,ITABAL8,0.0,0.63,SAFE
2026-09-13 00:58:06,BNE.04,ITABAL8,0.0,0.55,SAFE
2026-09-12 23:59:00,BNY.03,CSA BONTANG SIS,0.0,0.97,SAFE
2026-09-12 23:59:00,BTG.03,CSA BONTANG SIS,0.0,9.36,SAFE
2026-09-12 23:59:00,BTG.04,CSA BONTANG SIS,0.0,175.0,SAFE
2026-09-12 23:59:00,FLR.02,CSA BONTANG SIS,0.0,0.75,SAFE
2026-09-11 04:03:18,JKT.01,ITABAL9,0.0,25.36,SAFE
2026-09-11 04:03:18,JKT.02,ITABAL9,0.0,7.78,SAFE
2026-09-11 04:03:18,JKT.03,ITABAL9,0.0,4.16,SAFE
2026-09-11 04:03:18,JKT.04,ITABAL9,0.0,1.17,SAFE
2026-09-11 04:03:18,JKT.05,ITABAL9,0.0,5.68,SAFE
2026-09-11 04:03:18,JKT.06,ITABAL9,0.0,7.45,SAFE
2026-09-11 04:03:18,JKT.07,ITABAL9,0.0,11.55,SAFE
2026-09-11 04:03:18,JKT.08,ITABAL9,0.0,4.26,SAFE
2026-09-13 00:58:06,JMB.01,ITABAL8,0.0,3.07,SAFE
2026-09-13 00:58:06,JMB.03,ITABAL8,0.0,1.02,SAFE
2026-09-11 04:03:18,JMB.04,ITABAL9,0.0,0.77,SAFE
2026-09-12 23:59:00,KRC.02,VP SABANG TIMUR SIS,0.0,1.04,SAFE
2026-09-13 00:58:06,KRC.03,ITABAL8,0.0,1.31,SAFE
2026-09-12 23:59:00,KRC.05,VP SABANG TIMUR SIS,0.0,1.93,SAFE
2026-09-12 23:59:00,KRC.07,VP SABANG TIMUR SIS,0.0,2.15,SAFE
2026-09-13 00:58:06,LHT.01,ITABAL8,0.0,5.84,SAFE
2026-09-13 00:58:06,LPG.01,ITABAL8,0.0,2.05,SAFE
2026-09-13 00:58:06,LPG.02,ITABAL8,0.0,12.03,SAFE
2026-09-13 00:58:06,LPG.03,ITABAL8,0.0,6.96,SAFE
2026-09-13 00:58:06,LPG.06,ITABAL8,0.0,6.69,SAFE
2026-09-13 00:58:06,LPG.07,ITABAL8,0.0,12.92,SAFE
2026-09-13 00:58:06,MDN.01,ITABAL8,0.0,3.37,SAFE
2026-09-13 00:58:06,MDN.02,ITABAL8,0.0,2.53,SAFE
2026-09-13 00:58:06,MDN.03,ITABAL8,0.0,7.25,SAFE
2026-09-13 00:58:06,MDN.04,ITABAL8,0.0,1.95,SAFE
2026-09-11 04:03:18,MIA.01,ITABAL9,0.0,1.22,SAFE
2026-09-11 04:03:18,MIA.02,ITABAL9,0.0,17.59,SAFE
2026-09-11 04:03:18,MIA.03,ITABAL9,0.0,4.28,SAFE
2026-09-12 23:59:00,MIA.04,PITSTOP AMBON SIS,0.0,2.31,SAFE
2026-09-11 04:03:18,MIA.05,ITABAL9,0.0,20.96,SAFE
2026-09-11 04:03:18,MIA.06,ITABAL9,0.0,1.16,SAFE
2026-09-12 23:59:00,MKS.01,CSA BONTANG SIS,0.0,0.72,SAFE
2026-09-12 23:59:00,MKS.02,PITSTOP AMBON SIS,0.0,1.06,SAFE
,MKS.03,ROM 13,0.0,8.2,SAFE
,MKS.04,ROM 13,0.0,3.08,SAFE
2026-09-12 23:59:00,MND.02,CSA BONTANG SIS,0.0,2.49,SAFE
2026-09-12 23:59:00,MRK.01,VP SABANG TIMUR SIS,0.0,1.65,SAFE
2026-09-12 23:59:00,MTM.01,PITSTOP AMBON SIS,0.0,1.64,SAFE
2026-09-12 23:59:00,MTP.01,PITSTOP AMBON SIS,0.0,1.01,SAFE
2026-09-12 23:59:00,MTR.01,VP SABANG TIMUR SIS,0.0,1.67,SAFE
2026-09-13 00:58:06,NIS.01,ITABAL8,0.0,0.57,SAFE
2026-09-13 00:58:06,NIS.02,ITABAL8,0.0,0.86,SAFE
2026-09-13 00:58:06,NIS.03,ITABAL8,0.0,1.03,SAFE
2026-09-11 04:03:18,PDG.01,ITABAL9,0.0,0.52,SAFE
2026-09-13 00:58:06,PLB.01,ITABAL8,0.0,1.87,SAFE
2026-09-13 00:58:06,PLB.02,ITABAL8,0.0,0.84,SAFE
2026-09-13 00:58:06,PLB.03,ITABAL8,0.0,2.0,SAFE
2026-09-13 00:58:06,PLB.04,ITABAL8,0.0,13.62,SAFE
2026-09-12 23:59:00,PLU.04,CSA BONTANG SIS,0.0,2.36,SAFE
2026-09-12 23:59:00,RIU.02,VP SABANG TIMUR SIS,0.0,0.61,SAFE
2026-09-12 23:59:00,RIU.04,VP SABANG TIMUR SIS,0.0,0.51,SAFE
2026-09-12 23:59:00,SBG.02,VP SABANG TIMUR SIS,0.0,1.91,SAFE
2026-09-12 23:59:00,SBG.03,VP SABANG TIMUR SIS,0.0,5.65,SAFE
2026-09-12 23:59:00,SBG.04,VP SABANG TIMUR SIS,0.0,0.63,SAFE
2026-09-12 23:59:00,SBG.05,VP SABANG TIMUR SIS,0.0,21.21,SAFE
2026-09-13 00:58:06,SBG.06,ITABAL8,0.0,14.52,SAFE
2026-09-12 23:59:00,SBG.08,VP SABANG TIMUR SIS,0.0,1.35,SAFE
2026-09-12 23:59:00,SBG.10,VP SABANG TIMUR SIS,0.0,2.05,SAFE
2026-09-12 23:59:00,SBG.11,VP SABANG TIMUR SIS,0.0,0.75,SAFE
2026-09-12 23:59:00,SGT.02,CSA BONTANG SIS,0.0,0.19,SAFE
2026-09-12 23:59:00,SMB.02,CSA BONTANG SIS,0.0,2.63,SAFE
2026-09-12 23:59:00,SMB.03,CSA BONTANG SIS,0.0,4.72,SAFE
2026-09-12 23:59:00,SNT.01,PITSTOP AMBON SIS,0.0,1.34,SAFE
2026-09-12 23:59:00,TJG.01,CSA BONTANG SIS,0.0,1.99,SAFE
2026-09-12 23:59:00,TJG.02,CSA BONTANG SIS,0.0,5.65,SAFE
2026-09-12 23:59:00,AMB.01,PITSTOP AMBON SIS,0.0,7.46,SAFE
2026-09-12 23:59:00,BDG.02,VP OB 1 SIS,0.0,19.31,SAFE
2026-09-12 23:59:00,BDG.03,VP OB 1 SIS,0.0,5.73,SAFE
2026-09-12 23:59:00,BDG.04,VP OB 1 SIS,0.0,1.07,SAFE
2026-09-11 04:03:18,BDG.05,ITABAL9,0.0,2.1,SAFE
2026-09-12 23:59:00,BGK.01,VP SABANG TIMUR SIS,0.0,1.59,SAFE
2026-09-12 23:59:00,BGK.02,VP SABANG TIMUR SIS,0.0,18.92,SAFE
2026-09-11 04:03:18,BGR.01,ITABAL9,0.0,1.34,SAFE
2026-09-12 23:59:00,BJB.03,CSA BONTANG SIS,0.0,1.34,SAFE
2026-09-12 23:59:00,BJM.01,PITSTOP AMBON SIS,0.0,3.86,SAFE
2026-09-12 23:59:00,BJM.02,CSA BONTANG SIS,0.0,1.68,SAFE
2026-09-13 02:59:23,BKL.01,ITABAL8,0.0,58.33,SAFE
2026-09-13 02:59:23,BKL.02,ITABAL8,0.0,0.72,SAFE
2026-09-13 02:59:23,BNE.02,ITABAL8,0.0,1.52,SAFE
2026-09-13 02:59:23,BNE.03,ITABAL8,0.0,0.63,SAFE
2026-09-13 02:59:23,BNE.04,ITABAL8,0.0,0.55,SAFE
2026-09-12 23:59:00,BNY.03,CSA BONTANG SIS,0.0,0.97,SAFE
2026-09-12 23:59:00,BTG.03,CSA BONTANG SIS,0.0,9.36,SAFE
2026-09-12 23:59:00,BTG.04,CSA BONTANG SIS,0.0,175.0,SAFE
2026-09-12 23:59:00,FLR.02,CSA BONTANG SIS,0.0,0.75,SAFE
2026-09-11 04:03:18,JKT.01,ITABAL9,0.0,25.36,SAFE
2026-09-11 04:03:18,JKT.02,ITABAL9,0.0,7.78,SAFE
2026-09-11 04:03:18,JKT.03,ITABAL9,0.0,4.16,SAFE
2026-09-11 04:03:18,JKT.04,ITABAL9,0.0,1.17,SAFE
2026-09-11 04:03:18,JKT.05,ITABAL9,0.0,5.68,SAFE
2026-09-11 04:03:18,JKT.06,ITABAL9,0.0,7.45,SAFE
2026-09-11 04:03:18,JKT.07,ITABAL9,0.0,11.55,SAFE
2026-09-11 04:03:18,JKT.08,ITABAL9,0.0,4.26,SAFE
2026-09-13 02:59:23,JMB.01,ITABAL8,0.0,3.07,SAFE
2026-09-13 02:59:23,JMB.03,ITABAL8,0.0,1.02,SAFE
2026-09-11 04:03:18,JMB.04,ITABAL9,0.0,0.77,SAFE
2026-09-12 23:59:00,KRC.02,VP SABANG TIMUR SIS,0.0,1.04,SAFE
2026-09-13 02:59:23,KRC.03,ITABAL8,0.0,1.31,SAFE
2026-09-12 23:59:00,KRC.05,VP SABANG TIMUR SIS,0.0,1.93,SAFE
2026-09-12 23:59:00,KRC.07,VP SABANG TIMUR SIS,0.0,2.15,SAFE
2026-09-13 02:59:23,LHT.01,ITABAL8,0.0,5.84,SAFE
2026-09-13 02:59:23,LPG.01,ITABAL8,0.0,2.05,SAFE
2026-09-13 02:59:23,LPG.02,ITABAL8,0.0,12.03,SAFE
2026-09-13 02:59:23,LPG.03,ITABAL8,0.0,6.96,SAFE
2026-09-13 02:59:23,LPG.06,ITABAL8,0.0,6.69,SAFE
2026-09-13 02:59:23,LPG.07,ITABAL8,0.0,12.92,SAFE
2026-09-13 02:59:23,MDN.01,ITABAL8,0.0,3.37,SAFE
2026-09-13 02:59:23,MDN.02,ITABAL8,0.0,2.53,SAFE
2026-09-13 02:59:23,MDN.03,ITABAL8,0.0,7.25,SAFE
2026-09-13 02:59:23,MDN.04,ITABAL8,0.0,1.95,SAFE
2026-09-11 04:03:18,MIA.01,ITABAL9,0.0,1.22,SAFE
2026-09-11 04:03:18,MIA.02,ITABAL9,0.0,17.59,SAFE
2026-09-11 04:03:18,MIA.03,ITABAL9,0.0,4.28,SAFE
2026-09-12 23:59:00,MIA.04,PITSTOP AMBON SIS,0.0,2.31,SAFE
2026-09-11 04:03:18,MIA.05,ITABAL9,0.0,20.96,SAFE
2026-09-11 04:03:18,MIA.06,ITABAL9,0.0,1.16,SAFE
2026-09-12 23:59:00,MKS.01,CSA BONTANG SIS,0.0,0.72,SAFE
2026-09-12 23:59:00,MKS.02,PITSTOP AMBON SIS,0.0,1.06,SAFE
,MKS.03,ROM 13,0.0,8.2,SAFE
,MKS.04,ROM 13,0.0,3.08,SAFE
2026-09-12 23:59:00,MND.02,CSA BONTANG SIS,0.0,2.49,SAFE
2026-09-12 23:59:00,MRK.01,VP SABANG TIMUR SIS,0.0,1.65,SAFE
2026-09-12 23:59:00,MTM.01,PITSTOP AMBON SIS,0.0,1.64,SAFE
2026-09-12 23:59:00,MTP.01,PITSTOP AMBON SIS,0.0,1.01,SAFE
2026-09-12 23:59:00,MTR.01,VP SABANG TIMUR SIS,0.0,1.67,SAFE
2026-09-13 02:59:23,NIS.01,ITABAL8,0.0,0.57,SAFE
2026-09-13 02:59:23,NIS.02,ITABAL8,0.0,0.86,SAFE
2026-09-13 02:59:23,NIS.03,ITABAL8,0.0,1.03,SAFE
2026-09-11 04:03:18,PDG.01,ITABAL9,0.0,0.52,SAFE
2026-09-13 02:59:23,PLB.01,ITABAL8,0.0,1.87,SAFE
2026-09-13 02:59:23,PLB.02,ITABAL8,0.0,0.84,SAFE
2026-09-13 02:59:23,PLB.03,ITABAL8,0.0,2.0,SAFE
2026-09-13 02:59:23,PLB.04,ITABAL8,0.0,13.62,SAFE
2026-09-12 23:59:00,PLU.04,CSA BONTANG SIS,0.0,2.36,SAFE
2026-09-12 23:59:00,RIU.02,VP SABANG TIMUR SIS,0.0,0.61,SAFE
2026-09-12 23:59:00,RIU.04,VP SABANG TIMUR SIS,0.0,0.51,SAFE
2026-09-12 23:59:00,SBG.02,VP SABANG TIMUR SIS,0.0,1.91,SAFE
2026-09-12 23:59:00,SBG.03,VP SABANG TIMUR SIS,0.0,5.65,SAFE
2026-09-12 23:59:00,SBG.04,VP SABANG TIMUR SIS,0.0,0.63,SAFE
2026-09-12 23:59:00,SBG.05,VP SABANG TIMUR SIS,0.0,21.21,SAFE
2026-09-13 02:59:23,SBG.06,ITABAL8,0.0,14.52,SAFE
2026-09-12 23:59:00,SBG.08,VP SABANG TIMUR SIS,0.0,1.35,SAFE
2026-09-12 23:59:00,SBG.10,VP SABANG TIMUR SIS,0.0,2.05,SAFE
2026-09-12 23:59:00,SBG.11,VP SABANG TIMUR SIS,0.0,0.75,SAFE
2026-09-12 23:59:00,SGT.02,CSA BONTANG SIS,0.0,0.19,SAFE
2026-09-12 23:59:00,SMB.02,CSA BONTANG SIS,0.0,2.63,SAFE
2026-09-12 23:59:00,SMB.03,CSA BONTANG SIS,0.0,4.72,SAFE
2026-09-12 23:59:00,SNT.01,PITSTOP AMBON SIS,0.0,1.34,SAFE
2026-09-12 23:59:00,TJG.01,CSA BONTANG SIS,0.0,1.99,SAFE
2026-09-12 23:59:00,TJG.02,CSA BONTANG SIS,0.0,5.65,SAFE
2026-09-12 23:59:00,AMB.01,PITSTOP AMBON SIS,0.0,7.46,SAFE
2026-09-12 23:59:00,BDG.02,VP OB 1 SIS,0.0,19.31,SAFE
2026-09-12 23:59:00,BDG.03,VP OB 1 SIS,0.0,5.73,SAFE
2026-09-12 23:59:00,BDG.04,VP OB 1 SIS,0.0,1.07,SAFE
2026-09-11 04:03:18,BDG.05,ITABAL9,0.0,2.1,SAFE
2026-09-12 23:59:00,BGK.01,VP SABANG TIMUR SIS,0.0,1.59,SAFE
2026-09-12 23:59:00,BGK.02,VP SABANG TIMUR SIS,0.0,18.92,SAFE
2026-09-11 04:03:18,BGR.01,ITABAL9,0.0,1.34,SAFE
2026-09-12 23:59:00,BJB.03,CSA BONTANG SIS,0.0,1.34,SAFE
2026-09-12 23:59:00,BJM.01,PITSTOP AMBON SIS,0.0,3.86,SAFE
2026-09-12 23:59:00,BJM.02,CSA BONTANG SIS,0.0,1.68,SAFE
2026-09-13 05:19:01,BKL.01,ITABAL8,0.0,58.33,SAFE
2026-09-13 05:19:01,BKL.02,ITABAL8,0.0,0.72,SAFE
2026-09-13 05:19:01,BNE.02,ITABAL8,0.0,1.52,SAFE
2026-09-13 05:19:01,BNE.03,ITABAL8,0.0,0.63,SAFE
2026-09-13 05:19:01,BNE.04,ITABAL8,0.0,0.55,SAFE
2026-09-12 23:59:00,BNY.03,CSA BONTANG SIS,0.0,0.97,SAFE
2026-09-12 23:59:00,BTG.03,CSA BONTANG SIS,0.0,9.36,SAFE
2026-09-12 23:59:00,BTG.04,CSA BONTANG SIS,0.0,175.0,SAFE
2026-09-12 23:59:00,FLR.02,CSA BONTANG SIS,0.0,0.75,SAFE
2026-09-11 04:03:18,JKT.01,ITABAL9,0.0,25.36,SAFE
2026-09-11 04:03:18,JKT.02,ITABAL9,0.0,7.78,SAFE
2026-09-11 04:03:18,JKT.03,ITABAL9,0.0,4.16,SAFE
2026-09-11 04:03:18,JKT.04,ITABAL9,0.0,1.17,SAFE
2026-09-11 04:03:18,JKT.05,ITABAL9,0.0,5.68,SAFE
2026-09-11 04:03:18,JKT.06,ITABAL9,0.0,7.45,SAFE
2026-09-11 04:03:18,JKT.07,ITABAL9,0.0,11.55,SAFE
2026-09-11 04:03:18,JKT.08,ITABAL9,0.0,4.26,SAFE
2026-09-13 05:19:01,JMB.01,ITABAL8,0.0,3.07,SAFE
2026-09-13 05:19:01,JMB.03,ITABAL8,0.0,1.02,SAFE
2026-09-11 04:03:18,JMB.04,ITABAL9,0.0,0.77,SAFE
2026-09-12 23:59:00,KRC.02,VP SABANG TIMUR SIS,0.0,1.04,SAFE
2026-09-13 05:19:01,KRC.03,ITABAL8,0.0,1.31,SAFE
2026-09-12 23:59:00,KRC.05,VP SABANG TIMUR SIS,0.0,1.93,SAFE
2026-09-12 23:59:00,KRC.07,VP SABANG TIMUR SIS,0.0,2.15,SAFE
2026-09-13 05:19:01,LHT.01,ITABAL8,0.0,5.84,SAFE
2026-09-13 05:19:01,LPG.01,ITABAL8,0.0,2.05,SAFE
2026-09-13 05:19:01,LPG.02,ITABAL8,0.0,12.03,SAFE
2026-09-13 05:19:01,LPG.03,ITABAL8,0.0,6.96,SAFE
2026-09-13 05:19:01,LPG.06,ITABAL8,0.0,6.69,SAFE
2026-09-13 05:19:01,LPG.07,ITABAL8,0.0,12.92,SAFE
2026-09-13 05:19:01,MDN.01,ITABAL8,0.0,3.37,SAFE
2026-09-13 05:19:01,MDN.02,ITABAL8,0.0,2.53,SAFE
2026-09-13 05:19:01,MDN.03,ITABAL8,0.0,7.25,SAFE
2026-09-13 05:19:01,MDN.04,ITABAL8,0.0,1.95,SAFE
2026-09-11 04:03:18,MIA.01,ITABAL9,0.0,1.22,SAFE
2026-09-11 04:03:18,MIA.02,ITABAL9,0.0,17.59,SAFE
2026-09-11 04:03:18,MIA.03,ITABAL9,0.0,4.28,SAFE
2026-09-12 23:59:00,MIA.04,PITSTOP AMBON SIS,0.0,2.31,SAFE
2026-09-11 04:03:18,MIA.05,ITABAL9,0.0,20.96,SAFE
2026-09-11 04:03:18,MIA.06,ITABAL9,0.0,1.16,SAFE
2026-09-12 23:59:00,MKS.01,CSA BONTANG SIS,0.0,0.72,SAFE
2026-09-12 23:59:00,MKS.02,PITSTOP AMBON SIS,0.0,1.06,SAFE
,MKS.03,ROM 13,0.0,8.2,SAFE
,MKS.04,ROM 13,0.0,3.08,SAFE
2026-09-12 23:59:00,MND.02,CSA BONTANG SIS,0.0,2.49,SAFE
2026-09-12 23:59:00,MRK.01,VP SABANG TIMUR SIS,0.0,1.65,SAFE
2026-09-12 23:59:00,MTM.01,PITSTOP AMBON SIS,0.0,1.64,SAFE
2026-09-12 23:59:00,MTP.01,PITSTOP AMBON SIS,0.0,1.01,SAFE
2026-09-12 23:59:00,MTR.01,VP SABANG TIMUR SIS,0.0,1.67,SAFE
2026-09-13 05:19:01,NIS.01,ITABAL8,0.0,0.57,SAFE
2026-09-13 05:19:01,NIS.02,ITABAL8,0.0,0.86,SAFE
2026-09-13 05:19:01,NIS.03,ITABAL8,0.0,1.03,SAFE
2026-09-11 04:03:18,PDG.01,ITABAL9,0.0,0.52,SAFE
2026-09-13 05:19:01,PLB.01,ITABAL8,0.0,1.87,SAFE
2026-09-13 05:19:01,PLB.02,ITABAL8,0.0,0.84,SAFE
2026-09-13 05:19:01,PLB.03,ITABAL8,0.0,2.0,SAFE
2026-09-13 05:19:01,PLB.04,ITABAL8,0.0,13.62,SAFE
2026-09-12 23:59:00,PLU.04,CSA BONTANG SIS,0.0,2.36,SAFE
2026-09-12 23:59:00,RIU.02,VP SABANG TIMUR SIS,0.0,0.61,SAFE
2026-09-12 23:59:00,RIU.04,VP SABANG TIMUR SIS,0.0,0.51,SAFE
2026-09-12 23:59:00,SBG.02,VP SABANG TIMUR SIS,0.0,1.91,SAFE
2026-09-12 23:59:00,SBG.03,VP SABANG TIMUR SIS,0.0,5.65,SAFE
2026-09-12 23:59:00,SBG.04,VP SABANG TIMUR SIS,0.0,0.63,SAFE
2026-09-12 23:59:00,SBG.05,VP SABANG TIMUR SIS,0.0,21.21,SAFE
2026-09-13 05:19:01,SBG.06,ITABAL8,0.0,14.52,SAFE
2026-09-12 23:59:00,SBG.08,VP SABANG TIMUR SIS,0.0,1.35,SAFE
2026-09-12 23:59:00,SBG.10,VP SABANG TIMUR SIS,0.0,2.05,SAFE
2026-09-12 23:59:00,SBG.11,VP SABANG TIMUR SIS,0.0,0.75,SAFE
2026-09-12 23:59:00,SGT.02,CSA BONTANG SIS,0.0,0.19,SAFE
2026-09-12 23:59:00,SMB.02,CSA BONTANG SIS,0.0,2.63,SAFE
2026-09-12 23:59:00,SMB.03,CSA BONTANG SIS,0.0,4.72,SAFE
2026-09-12 23:59:00,SNT.01,PITSTOP AMBON SIS,0.0,1.34,SAFE
2026-09-12 23:59:00,TJG.01,CSA BONTANG SIS,0.0,1.99,SAFE
2026-09-12 23:59:00,TJG.02,CSA BONTANG SIS,0.0,5.65,SAFE
2026-09-12 23:59:00,AMB.01,PITSTOP AMBON SIS,0.0,7.46,SAFE
2026-09-12 23:59:00,BDG.02,VP OB 1 SIS,0.0,19.31,SAFE
2026-09-12 23:59:00,BDG.03,VP OB 1 SIS,0.0,5.73,SAFE
2026-09-12 23:59:00,BDG.04,VP OB 1 SIS,0.0,1.07,SAFE
2026-09-11 04:03:18,BDG.05,ITABAL9,0.0,2.1,SAFE
2026-09-12 23:59:00,BGK.01,VP SABANG TIMUR SIS,0.0,1.59,SAFE
2026-09-12 23:59:00,BGK.02,VP SABANG TIMUR SIS,0.0,18.92,SAFE
2026-09-11 04:03:18,BGR.01,ITABAL9,0.0,1.34,SAFE
2026-09-12 23:59:00,BJB.03,CSA BONTANG SIS,0.0,1.34,SAFE
2026-09-12 23:59:00,BJM.01,PITSTOP AMBON SIS,0.0,3.86,SAFE
2026-09-12 23:59:00,BJM.02,CSA BONTANG SIS,0.0,1.68,SAFE
2026-09-13 07:04:58,BKL.01,ITABAL8,0.0,58.33,SAFE
2026-09-13 07:04:58,BKL.02,ITABAL8,0.0,0.72,SAFE
2026-09-13 07:04:58,BNE.02,ITABAL8,0.0,1.52,SAFE
2026-09-13 07:04:58,BNE.03,ITABAL8,0.0,0.63,SAFE
2026-09-13 07:04:58,BNE.04,ITABAL8,0.0,0.55,SAFE
2026-09-12 23:59:00,BNY.03,CSA BONTANG SIS,0.0,0.97,SAFE
2026-09-12 23:59:00,BTG.03,CSA BONTANG SIS,0.0,9.36,SAFE
2026-09-12 23:59:00,BTG.04,CSA BONTANG SIS,0.0,175.0,SAFE
2026-09-12 23:59:00,FLR.02,CSA BONTANG SIS,0.0,0.75,SAFE
2026-09-11 04:03:18,JKT.01,ITABAL9,0.0,25.36,SAFE
2026-09-11 04:03:18,JKT.02,ITABAL9,0.0,7.78,SAFE
2026-09-11 04:03:18,JKT.03,ITABAL9,0.0,4.16,SAFE
2026-09-11 04:03:18,JKT.04,ITABAL9,0.0,1.17,SAFE
2026-09-11 04:03:18,JKT.05,ITABAL9,0.0,5.68,SAFE
2026-09-11 04:03:18,JKT.06,ITABAL9,0.0,7.45,SAFE
2026-09-11 04:03:18,JKT.07,ITABAL9,0.0,11.55,SAFE
2026-09-11 04:03:18,JKT.08,ITABAL9,0.0,4.26,SAFE
2026-09-13 07:04:58,JMB.01,ITABAL8,0.0,3.07,SAFE
2026-09-13 07:04:58,JMB.03,ITABAL8,0.0,1.02,SAFE
2026-09-11 04:03:18,JMB.04,ITABAL9,0.0,0.77,SAFE
2026-09-12 23:59:00,KRC.02,VP SABANG TIMUR SIS,0.0,1.04,SAFE
2026-09-13 07:04:58,KRC.03,ITABAL8,0.0,1.31,SAFE
2026-09-12 23:59:00,KRC.05,VP SABANG TIMUR SIS,0.0,1.93,SAFE
2026-09-12 23:59:00,KRC.07,VP SABANG TIMUR SIS,0.0,2.15,SAFE
2026-09-13 07:04:58,LHT.01,ITABAL8,0.0,5.84,SAFE
2026-09-13 07:04:58,LPG.01,ITABAL8,0.0,2.05,SAFE
2026-09-13 07:04:58,LPG.02,ITABAL8,0.0,12.03,SAFE
2026-09-13 07:04:58,LPG.03,ITABAL8,0.0,6.96,SAFE
2026-09-13 07:04:58,LPG.06,ITABAL8,0.0,6.69,SAFE
2026-09-13 07:04:58,LPG.07,ITABAL8,0.0,12.92,SAFE
2026-09-13 07:04:58,MDN.01,ITABAL8,0.0,3.37,SAFE
2026-09-13 07:04:58,MDN.02,ITABAL8,0.0,2.53,SAFE
2026-09-13 07:04:58,MDN.03,ITABAL8,0.0,7.25,SAFE
2026-09-13 07:04:58,MDN.04,ITABAL8,0.0,1.95,SAFE
2026-09-11 04:03:18,MIA.01,ITABAL9,0.0,1.22,SAFE
2026-09-11 04:03:18,MIA.02,ITABAL9,0.0,17.59,SAFE
2026-09-11 04:03:18,MIA.03,ITABAL9,0.0,4.28,SAFE
2026-09-12 23:59:00,MIA.04,PITSTOP AMBON SIS,0.0,2.31,SAFE
2026-09-11 04:03:18,MIA.05,ITABAL9,0.0,20.96,SAFE
2026-09-11 04:03:18,MIA.06,ITABAL9,0.0,1.16,SAFE
2026-09-12 23:59:00,MKS.01,CSA BONTANG SIS,0.0,0.72,SAFE
2026-09-12 23:59:00,MKS.02,PITSTOP AMBON SIS,0.0,1.06,SAFE
,MKS.03,ROM 13,0.0,8.2,SAFE
,MKS.04,ROM 13,0.0,3.08,SAFE
2026-09-12 23:59:00,MND.02,CSA BONTANG SIS,0.0,2.49,SAFE
2026-09-12 23:59:00,MRK.01,VP SABANG TIMUR SIS,0.0,1.65,SAFE
2026-09-12 23:59:00,MTM.01,PITSTOP AMBON SIS,0.0,1.64,SAFE
2026-09-12 23:59:00,MTP.01,PITSTOP AMBON SIS,0.0,1.01,SAFE
2026-09-12 23:59:00,MTR.01,VP SABANG TIMUR SIS,0.0,1.67,SAFE
2026-09-13 07:04:58,NIS.01,ITABAL8,0.0,0.57,SAFE
2026-09-13 07:04:58,NIS.02,ITABAL8,0.0,0.86,SAFE
2026-09-13 07:04:58,NIS.03,ITABAL8,0.0,1.03,SAFE
2026-09-11 04:03:18,PDG.01,ITABAL9,0.0,0.52,SAFE
2026-09-13 07:04:58,PLB.01,ITABAL8,0.0,1.87,SAFE
2026-09-13 07:04:58,PLB.02,ITABAL8,0.0,0.84,SAFE
2026-09-13 07:04:58,PLB.03,ITABAL8,0.0,2.0,SAFE
2026-09-13 07:04:58,PLB.04,ITABAL8,0.0,13.62,SAFE
2026-09-12 23:59:00,PLU.04,CSA BONTANG SIS,0.0,2.36,SAFE
2026-09-12 23:59:00,RIU.02,VP SABANG TIMUR SIS,0.0,0.61,SAFE
2026-09-12 23:59:00,RIU.04,VP SABANG TIMUR SIS,0.0,0.51,SAFE
2026-09-12 23:59:00,SBG.02,VP SABANG TIMUR SIS,0.0,1.91,SAFE
2026-09-12 23:59:00,SBG.03,VP SABANG TIMUR SIS,0.0,5.65,SAFE
2026-09-12 23:59:00,SBG.04,VP SABANG TIMUR SIS,0.0,0.63,SAFE
2026-09-12 23:59:00,SBG.05,VP SABANG TIMUR SIS,0.0,21.21,SAFE
2026-09-13 07:04:58,SBG.06,ITABAL8,0.0,14.52,SAFE
2026-09-12 23:59:00,SBG.08,VP SABANG TIMUR SIS,0.0,1.35,SAFE
2026-09-12 23:59:00,SBG.10,VP SABANG TIMUR SIS,0.0,2.05,SAFE
2026-09-12 23:59:00,SBG.11,VP SABANG TIMUR SIS,0.0,0.75,SAFE
2026-09-12 23:59:00,SGT.02,CSA BONTANG SIS,0.0,0.19,SAFE
2026-09-12 23:59:00,SMB.02,CSA BONTANG SIS,0.0,2.63,SAFE
2026-09-12 23:59:00,SMB.03,CSA BONTANG SIS,0.0,4.72,SAFE
2026-09-12 23:59:00,SNT.01,PITSTOP AMBON SIS,0.0,1.34,SAFE
2026-09-12 23:59:00,TJG.01,CSA BONTANG SIS,0.0,1.99,SAFE
2026-09-12 23:59:00,TJG.02,CSA BONTANG SIS,0.0,5.65,SAFE
2026-09-13 08:54:00,AMB.01,PITSTOP AMBON SIS,0.0,7.46,SAFE
2026-09-13 08:53:00,BDG.02,VP OB 1 SIS,0.0,19.31,SAFE
2026-09-13 08:53:00,BDG.03,VP OB 1 SIS,0.0,5.73,SAFE
2026-09-13 08:53:00,BDG.04,VP OB 1 SIS,0.0,1.07,SAFE
2026-09-11 04:03:18,BDG.05,ITABAL9,0.0,2.1,SAFE
2026-09-13 08:54:00,BGK.01,VP SABANG TIMUR SIS,0.0,1.59,SAFE
2026-09-13 08:54:00,BGK.02,VP SABANG TIMUR SIS,0.0,18.92,SAFE
2026-09-11 04:03:18,BGR.01,ITABAL9,0.0,1.34,SAFE
2026-09-13 08:54:00,BJB.03,CSA BONTANG SIS,0.0,1.34,SAFE
2026-09-13 08:54:00,BJM.01,PITSTOP AMBON SIS,0.0,3.86,SAFE
2026-09-13 08:54:00,BJM.02,CSA BONTANG SIS,0.0,1.68,SAFE
2026-09-13 08:53:58,BKL.01,ITABAL8,0.0,58.33,SAFE
2026-09-13 08:53:58,BKL.02,ITABAL8,0.0,0.72,SAFE
2026-09-13 08:53:58,BNE.02,ITABAL8,0.0,1.52,SAFE
2026-09-13 08:53:58,BNE.03,ITABAL8,0.0,0.63,SAFE
2026-09-13 08:53:58,BNE.04,ITABAL8,0.0,0.55,SAFE
2026-09-13 08:54:00,BNY.03,CSA BONTANG SIS,0.0,0.97,SAFE
2026-09-13 08:54:00,BTG.03,CSA BONTANG SIS,0.0,9.36,SAFE
2026-09-13 08:54:00,BTG.04,CSA BONTANG SIS,0.0,175.0,SAFE
2026-09-13 08:54:00,FLR.02,CSA BONTANG SIS,0.0,0.75,SAFE
2026-09-11 04:03:18,JKT.01,ITABAL9,0.0,25.36,SAFE
2026-09-11 04:03:18,JKT.02,ITABAL9,0.0,7.78,SAFE
2026-09-11 04:03:18,JKT.03,ITABAL9,0.0,4.16,SAFE
2026-09-11 04:03:18,JKT.04,ITABAL9,0.0,1.17,SAFE
2026-09-11 04:03:18,JKT.05,ITABAL9,0.0,5.68,SAFE
2026-09-11 04:03:18,JKT.06,ITABAL9,0.0,7.45,SAFE
2026-09-11 04:03:18,JKT.07,ITABAL9,0.0,11.55,SAFE
2026-09-11 04:03:18,JKT.08,ITABAL9,0.0,4.26,SAFE
2026-09-13 08:53:58,JMB.01,ITABAL8,0.0,3.07,SAFE
2026-09-13 08:53:58,JMB.03,ITABAL8,0.0,1.02,SAFE
2026-09-11 04:03:18,JMB.04,ITABAL9,0.0,0.77,SAFE
2026-09-13 08:54:00,KRC.02,VP SABANG TIMUR SIS,0.0,1.04,SAFE
2026-09-13 08:53:58,KRC.03,ITABAL8,0.0,1.31,SAFE
2026-09-13 08:54:00,KRC.05,VP SABANG TIMUR SIS,0.0,1.93,SAFE
2026-09-13 08:54:00,KRC.07,VP SABANG TIMUR SIS,0.0,2.15,SAFE
2026-09-13 08:53:58,LHT.01,ITABAL8,0.0,5.84,SAFE
2026-09-13 08:53:58,LPG.01,ITABAL8,0.0,2.05,SAFE
2026-09-13 08:53:58,LPG.02,ITABAL8,0.0,12.03,SAFE
2026-09-13 08:53:58,LPG.03,ITABAL8,0.0,6.96,SAFE
2026-09-13 08:53:58,LPG.06,ITABAL8,0.0,6.69,SAFE
2026-09-13 08:53:58,LPG.07,ITABAL8,0.0,12.92,SAFE
2026-09-13 08:53:58,MDN.01,ITABAL8,0.0,3.37,SAFE
2026-09-13 08:53:58,MDN.02,ITABAL8,0.0,2.53,SAFE
2026-09-13 08:53:58,MDN.03,ITABAL8,0.0,7.25,SAFE
2026-09-13 08:53:58,MDN.04,ITABAL8,0.0,1.95,SAFE
2026-09-11 04:03:18,MIA.01,ITABAL9,0.0,1.22,SAFE
2026-09-11 04:03:18,MIA.02,ITABAL9,0.0,17.59,SAFE
2026-09-11 04:03:18,MIA.03,ITABAL9,0.0,4.28,SAFE
2026-09-13 08:54:00,MIA.04,PITSTOP AMBON SIS,0.0,2.31,SAFE
2026-09-11 04:03:18,MIA.05,ITABAL9,0.0,20.96,SAFE
2026-09-11 04:03:18,MIA.06,ITABAL9,0.0,1.16,SAFE
2026-09-13 08:54:00,MKS.01,CSA BONTANG SIS,0.0,0.72,SAFE
2026-09-13 08:54:00,MKS.02,PITSTOP AMBON SIS,0.0,1.06,SAFE
,MKS.03,ROM 13,0.0,8.2,SAFE
,MKS.04,ROM 13,0.0,3.08,SAFE
2026-09-13 08:54:00,MND.02,CSA BONTANG SIS,0.0,2.49,SAFE
2026-09-13 08:54:00,MRK.01,VP SABANG TIMUR SIS,0.0,1.65,SAFE
2026-09-13 08:54:00,MTM.01,PITSTOP AMBON SIS,0.0,1.64,SAFE
2026-09-13 08:54:00,MTP.01,PITSTOP AMBON SIS,0.0,1.01,SAFE
2026-09-13 08:54:00,MTR.01,VP SABANG TIMUR SIS,0.0,1.67,SAFE
2026-09-13 08:53:58,NIS.01,ITABAL8,0.0,0.57,SAFE
2026-09-13 08:53:58,NIS.02,ITABAL8,0.0,0.86,SAFE
2026-09-13 08:53:58,NIS.03,ITABAL8,0.0,1.03,SAFE
2026-09-11 04:03:18,PDG.01,ITABAL9,0.0,0.52,SAFE
2026-09-13 08:53:58,PLB.01,ITABAL8,0.0,1.87,SAFE
2026-09-13 08:53:58,PLB.02,ITABAL8,0.0,0.84,SAFE
2026-09-13 08:53:58,PLB.03,ITABAL8,0.0,2.0,SAFE
2026-09-13 08:53:58,PLB.04,ITABAL8,0.0,13.62,SAFE
2026-09-13 08:54:00,PLU.04,CSA BONTANG SIS,0.0,2.36,SAFE
2026-09-13 08:54:00,RIU.02,VP SABANG TIMUR SIS,0.0,0.61,SAFE
2026-09-13 08:54:00,RIU.04,VP SABANG TIMUR SIS,0.0,0.51,SAFE
2026-09-13 08:54:00,SBG.02,VP SABANG TIMUR SIS,0.0,1.91,SAFE
2026-09-13 08:54:00,SBG.03,VP SABANG TIMUR SIS,0.0,5.65,SAFE
2026-09-13 08:54:00,SBG.04,VP SABANG TIMUR SIS,0.0,0.63,SAFE
2026-09-13 08:54:00,SBG.05,VP SABANG TIMUR SIS,0.0,21.21,SAFE
2026-09-13 08:53:58,SBG.06,ITABAL8,0.0,14.52,SAFE
2026-09-13 08:54:00,SBG.08,VP SABANG TIMUR SIS,0.0,1.35,SAFE
2026-09-13 08:54:00,SBG.10,VP SABANG TIMUR SIS,0.0,2.05,SAFE
2026-09-13 08:54:00,SBG.11,VP SABANG TIMUR SIS,0.0,0.75,SAFE
2026-09-13 08:54:00,SGT.02,CSA BONTANG SIS,0.0,0.19,SAFE
2026-09-13 08:54:00,SMB.02,CSA BONTANG SIS,0.0,2.63,SAFE
2026-09-13 08:54:00,SMB.03,CSA BONTANG SIS,0.0,4.72,SAFE
2026-09-13 08:54:00,SNT.01,PITSTOP AMBON SIS,0.0,1.34,SAFE
2026-09-13 08:54:00,TJG.01,CSA BONTANG SIS,0.0,1.99,SAFE
2026-09-13 08:54:00,TJG.02,CSA BONTANG SIS,0.0,5.65,SAFE
2026-09-13 13:30:00,AMB.01,PITSTOP AMBON SIS,0.0,7.46,SAFE
2026-09-13 13:29:00,BDG.02,VP OB 1 SIS,0.0,19.31,SAFE
2026-09-13 13:29:00,BDG.03,VP OB 1 SIS,0.0,5.73,SAFE
2026-09-13 13:29:00,BDG.04,VP OB 1 SIS,0.0,1.07,SAFE
2026-09-11 04:03:18,BDG.05,ITABAL9,0.0,2.1,SAFE
2026-09-13 13:29:00,BGK.01,VP SABANG TIMUR SIS,0.0,1.59,SAFE
2026-09-13 13:29:00,BGK.02,VP SABANG TIMUR SIS,0.0,18.92,SAFE
2026-09-11 04:03:18,BGR.01,ITABAL9,0.0,1.34,SAFE
2026-09-13 13:29:00,BJB.03,CSA BONTANG SIS,0.0,1.34,SAFE
2026-09-13 13:30:00,BJM.01,PITSTOP AMBON SIS,0.0,3.86,SAFE
2026-09-13 13:29:00,BJM.02,CSA BONTANG SIS,0.0,1.68,SAFE
2026-09-13 13:29:34,BKL.01,ITABAL8,0.0,58.33,SAFE
2026-09-13 13:29:34,BKL.02,ITABAL8,0.0,0.72,SAFE
2026-09-13 13:29:34,BNE.02,ITABAL8,0.0,1.52,SAFE
2026-09-13 13:29:34,BNE.03,ITABAL8,0.0,0.63,SAFE
2026-09-13 13:29:34,BNE.04,ITABAL8,0.0,0.55,SAFE
2026-09-13 13:29:00,BNY.03,CSA BONTANG SIS,0.0,0.97,SAFE
2026-09-13 13:29:00,BTG.03,CSA BONTANG SIS,0.0,9.36,SAFE
2026-09-13 13:29:00,BTG.04,CSA BONTANG SIS,0.0,175.0,SAFE
2026-09-13 13:29:00,FLR.02,CSA BONTANG SIS,0.0,0.75,SAFE
2026-09-11 04:03:18,JKT.01,ITABAL9,0.0,25.36,SAFE
2026-09-11 04:03:18,JKT.02,ITABAL9,0.0,7.78,SAFE
2026-09-11 04:03:18,JKT.03,ITABAL9,0.0,4.16,SAFE
2026-09-11 04:03:18,JKT.04,ITABAL9,0.0,1.17,SAFE
2026-09-11 04:03:18,JKT.05,ITABAL9,0.0,5.68,SAFE
2026-09-11 04:03:18,JKT.06,ITABAL9,0.0,7.45,SAFE
2026-09-11 04:03:18,JKT.07,ITABAL9,0.0,11.55,SAFE
2026-09-11 04:03:18,JKT.08,ITABAL9,0.0,4.26,SAFE
2026-09-13 13:29:34,JMB.01,ITABAL8,0.0,3.07,SAFE
2026-09-13 13:29:34,JMB.03,ITABAL8,0.0,1.02,SAFE
2026-09-11 04:03:18,JMB.04,ITABAL9,0.0,0.77,SAFE
2026-09-13 13:29:00,KRC.02,VP SABANG TIMUR SIS,0.0,1.04,SAFE
2026-09-13 13:29:34,KRC.03,ITABAL8,0.0,1.31,SAFE
2026-09-13 13:29:00,KRC.05,VP SABANG TIMUR SIS,0.0,1.93,SAFE
2026-09-13 13:29:00,KRC.07,VP SABANG TIMUR SIS,0.0,2.15,SAFE
2026-09-13 13:29:34,LHT.01,ITABAL8,0.0,5.84,SAFE
2026-09-13 13:29:34,LPG.01,ITABAL8,0.0,2.05,SAFE
2026-09-13 13:29:34,LPG.02,ITABAL8,0.0,12.03,SAFE
2026-09-13 13:29:34,LPG.03,ITABAL8,0.0,6.96,SAFE
2026-09-13 13:29:34,LPG.06,ITABAL8,0.0,6.69,SAFE
2026-09-13 13:29:34,LPG.07,ITABAL8,0.0,12.92,SAFE
2026-09-13 13:29:34,MDN.01,ITABAL8,0.0,3.37,SAFE
2026-09-13 13:29:34,MDN.02,ITABAL8,0.0,2.53,SAFE
2026-09-13 13:29:34,MDN.03,ITABAL8,0.0,7.25,SAFE
2026-09-13 13:29:34,MDN.04,ITABAL8,0.0,1.95,SAFE
2026-09-11 04:03:18,MIA.01,ITABAL9,0.0,1.22,SAFE
2026-09-11 04:03:18,MIA.02,ITABAL9,0.0,17.59,SAFE
2026-09-11 04:03:18,MIA.03,ITABAL9,0.0,4.28,SAFE
2026-09-13 13:30:00,MIA.04,PITSTOP AMBON SIS,0.0,2.31,SAFE
2026-09-11 04:03:18,MIA.05,ITABAL9,0.0,20.96,SAFE
2026-09-11 04:03:18,MIA.06,ITABAL9,0.0,1.16,SAFE
2026-09-13 13:29:00,MKS.01,CSA BONTANG SIS,0.0,0.72,SAFE
2026-09-13 13:30:00,MKS.02,PITSTOP AMBON SIS,0.0,1.06,SAFE
,MKS.03,ROM 13,0.0,8.2,SAFE
,MKS.04,ROM 13,0.0,3.08,SAFE
2026-09-13 13:29:00,MND.02,CSA BONTANG SIS,0.0,2.49,SAFE
2026-09-13 13:29:00,MRK.01,VP SABANG TIMUR SIS,0.0,1.65,SAFE
2026-09-13 13:30:00,MTM.01,PITSTOP AMBON SIS,0.0,1.64,SAFE
2026-09-13 13:30:00,MTP.01,PITSTOP AMBON SIS,0.0,1.01,SAFE
2026-09-13 13:29:00,MTR.01,VP SABANG TIMUR SIS,0.0,1.67,SAFE
2026-09-13 13:29:34,NIS.01,ITABAL8,0.0,0.57,SAFE
2026-09-13 13:29:34,NIS.02,ITABAL8,0.0,0.86,SAFE
2026-09-13 13:29:34,NIS.03,ITABAL8,0.0,1.03,SAFE
2026-09-11 04:03:18,PDG.01,ITABAL9,0.0,0.52,SAFE
2026-09-13 13:29:34,PLB.01,ITABAL8,0.0,1.87,SAFE
2026-09-13 13:29:34,PLB.02,ITABAL8,0.0,0.84,SAFE
2026-09-13 13:29:34,PLB.03,ITABAL8,0.0,2.0,SAFE
2026-09-13 13:29:34,PLB.04,ITABAL8,0.0,13.62,SAFE
2026-09-13 13:29:00,PLU.04,CSA BONTANG SIS,0.0,2.36,SAFE
2026-09-13 13:29:00,RIU.02,VP SABANG TIMUR SIS,0.0,0.61,SAFE
2026-09-13 13:29:00,RIU.04,VP SABANG TIMUR SIS,0.0,0.51,SAFE
2026-09-13 13:29:00,SBG.02,VP SABANG TIMUR SIS,0.0,1.91,SAFE
2026-09-13 13:29:00,SBG.03,VP SABANG TIMUR SIS,0.0,5.65,SAFE
2026-09-13 13:29:00,SBG.04,VP SABANG TIMUR SIS,0.0,0.63,SAFE
2026-09-13 13:29:00,SBG.05,VP SABANG TIMUR SIS,0.0,21.21,SAFE
2026-09-13 13:29:34,SBG.06,ITABAL8,0.0,14.52,SAFE
2026-09-13 13:29:00,SBG.08,VP SABANG TIMUR SIS,0.0,1.35,SAFE
2026-09-13 13:29:00,SBG.10,VP SABANG TIMUR SIS,0.0,2.05,SAFE
2026-09-13 13:29:00,SBG.11,VP SABANG TIMUR SIS,0.0,0.75,SAFE
2026-09-13 13:29:00,SGT.02,CSA BONTANG SIS,0.0,0.19,SAFE
2026-09-13 13:29:00,SMB.02,CSA BONTANG SIS,0.0,2.63,SAFE
2026-09-13 13:29:00,SMB.03,CSA BONTANG SIS,0.0,4.72,SAFE
2026-09-13 13:30:00,SNT.01,PITSTOP AMBON SIS,0.0,1.34,SAFE
2026-09-13 13:29:00,TJG.01,CSA BONTANG SIS,0.0,1.99,SAFE
2026-09-13 13:29:00,TJG.02,CSA BONTANG SIS,0.0,5.65,SAFE
2026-09-13 18:32:00,AMB.01,PITSTOP AMBON SIS,0.0,7.46,SAFE
2026-09-13 18:31:00,BDG.02,VP OB 1 SIS,0.0,19.31,SAFE
2026-09-13 18:31:00,BDG.03,VP OB 1 SIS,0.0,5.73,SAFE
2026-09-13 18:31:00,BDG.04,VP OB 1 SIS,0.0,1.07,SAFE
2026-09-11 04:03:18,BDG.05,ITABAL9,0.0,2.1,SAFE
2026-09-13 18:31:00,BGK.01,VP SABANG TIMUR SIS,0.0,1.59,SAFE
2026-09-13 18:31:00,BGK.02,VP SABANG TIMUR SIS,0.0,18.92,SAFE
2026-09-11 04:03:18,BGR.01,ITABAL9,0.0,1.34,SAFE
2026-09-13 18:31:00,BJB.03,CSA BONTANG SIS,0.0,1.34,SAFE
2026-09-13 18:32:00,BJM.01,PITSTOP AMBON SIS,0.0,3.86,SAFE
2026-09-13 18:31:00,BJM.02,CSA BONTANG SIS,0.0,1.68,SAFE
2026-09-13 18:31:36,BKL.01,ITABAL8,0.0,58.33,SAFE
2026-09-13 18:31:36,BKL.02,ITABAL8,0.0,0.72,SAFE
2026-09-13 18:31:36,BNE.02,ITABAL8,0.0,1.52,SAFE
2026-09-13 18:31:36,BNE.03,ITABAL8,0.0,0.63,SAFE
2026-09-13 18:31:36,BNE.04,ITABAL8,0.0,0.55,SAFE
2026-09-13 18:31:00,BNY.03,CSA BONTANG SIS,0.0,0.97,SAFE
2026-09-13 18:31:00,BTG.03,CSA BONTANG SIS,0.0,9.36,SAFE
2026-09-13 18:31:00,BTG.04,CSA BONTANG SIS,0.0,175.0,SAFE
2026-09-13 18:31:00,FLR.02,CSA BONTANG SIS,0.0,0.75,SAFE
2026-09-11 04:03:18,JKT.01,ITABAL9,0.0,25.36,SAFE
2026-09-11 04:03:18,JKT.02,ITABAL9,0.0,7.78,SAFE
2026-09-11 04:03:18,JKT.03,ITABAL9,0.0,4.16,SAFE
2026-09-11 04:03:18,JKT.04,ITABAL9,0.0,1.17,SAFE
2026-09-11 04:03:18,JKT.05,ITABAL9,0.0,5.68,SAFE
2026-09-11 04:03:18,JKT.06,ITABAL9,0.0,7.45,SAFE
2026-09-11 04:03:18,JKT.07,ITABAL9,0.0,11.55,SAFE
2026-09-11 04:03:18,JKT.08,ITABAL9,0.0,4.26,SAFE
2026-09-13 18:31:36,JMB.01,ITABAL8,0.0,3.07,SAFE
2026-09-13 18:31:36,JMB.03,ITABAL8,0.0,1.02,SAFE
2026-09-11 04:03:18,JMB.04,ITABAL9,0.0,0.77,SAFE
2026-09-13 18:31:00,KRC.02,VP SABANG TIMUR SIS,0.0,1.04,SAFE
2026-09-13 18:31:36,KRC.03,ITABAL8,0.0,1.31,SAFE
2026-09-13 18:31:00,KRC.05,VP SABANG TIMUR SIS,0.0,1.93,SAFE
2026-09-13 18:31:00,KRC.07,VP SABANG TIMUR SIS,0.0,2.15,SAFE
2026-09-13 18:31:36,LHT.01,ITABAL8,0.0,5.84,SAFE
2026-09-13 18:31:36,LPG.01,ITABAL8,0.0,2.05,SAFE
2026-09-13 18:31:36,LPG.02,ITABAL8,0.0,12.03,SAFE
2026-09-13 18:31:36,LPG.03,ITABAL8,0.0,6.96,SAFE
2026-09-13 18:31:36,LPG.06,ITABAL8,0.0,6.69,SAFE
2026-09-13 18:31:36,LPG.07,ITABAL8,0.0,12.92,SAFE
2026-09-13 18:31:36,MDN.01,ITABAL8,0.0,3.37,SAFE
2026-09-13 18:31:36,MDN.02,ITABAL8,0.0,2.53,SAFE
2026-09-13 18:31:36,MDN.03,ITABAL8,0.0,7.25,SAFE
2026-09-13 18:31:36,MDN.04,ITABAL8,0.0,1.95,SAFE
2026-09-11 04:03:18,MIA.01,ITABAL9,0.0,1.22,SAFE
2026-09-11 04:03:18,MIA.02,ITABAL9,0.0,17.59,SAFE
2026-09-11 04:03:18,MIA.03,ITABAL9,0.0,4.28,SAFE
2026-09-13 18:32:00,MIA.04,PITSTOP AMBON SIS,0.0,2.31,SAFE
2026-09-11 04:03:18,MIA.05,ITABAL9,0.0,20.96,SAFE
2026-09-11 04:03:18,MIA.06,ITABAL9,0.0,1.16,SAFE
2026-09-13 18:31:00,MKS.01,CSA BONTANG SIS,0.0,0.72,SAFE
2026-09-13 18:32:00,MKS.02,PITSTOP AMBON SIS,0.0,1.06,SAFE
,MKS.03,ROM 13,0.0,8.2,SAFE
,MKS.04,ROM 13,0.0,3.08,SAFE
2026-09-13 18:31:00,MND.02,CSA BONTANG SIS,0.0,2.49,SAFE
2026-09-13 18:31:00,MRK.01,VP SABANG TIMUR SIS,0.0,1.65,SAFE
2026-09-13 18:32:00,MTM.01,PITSTOP AMBON SIS,0.0,1.64,SAFE
2026-09-13 18:32:00,MTP.01,PITSTOP AMBON SIS,0.0,1.01,SAFE
2026-09-13 18:31:00,MTR.01,VP SABANG TIMUR SIS,0.0,1.67,SAFE
2026-09-13 18:31:36,NIS.01,ITABAL8,0.0,0.57,SAFE
2026-09-13 18:31:36,NIS.02,ITABAL8,0.0,0.86,SAFE
2026-09-13 18:31:36,NIS.03,ITABAL8,0.0,1.03,SAFE
2026-09-11 04:03:18,PDG.01,ITABAL9,0.0,0.52,SAFE
2026-09-13 18:31:36,PLB.01,ITABAL8,0.0,1.87,SAFE
2026-09-13 18:31:36,PLB.02,ITABAL8,0.0,0.84,SAFE
2026-09-13 18:31:36,PLB.03,ITABAL8,0.0,2.0,SAFE
2026-09-13 18:31:36,PLB.04,ITABAL8,0.0,13.62,SAFE
2026-09-13 18:31:00,PLU.04,CSA BONTANG SIS,0.0,2.36,SAFE
2026-09-13 18:31:00,RIU.02,VP SABANG TIMUR SIS,0.0,0.61,SAFE
2026-09-13 18:31:00,RIU.04,VP SABANG TIMUR SIS,0.0,0.51,SAFE
2026-09-13 18:31:00,SBG.02,VP SABANG TIMUR SIS,0.0,1.91,SAFE
2026-09-13 18:31:00,SBG.03,VP SABANG TIMUR SIS,0.0,5.65,SAFE
2026-09-13 18:31:00,SBG.04,VP SABANG TIMUR SIS,0.0,0.63,SAFE
2026-09-13 18:31:00,SBG.05,VP SABANG TIMUR SIS,0.0,21.21,SAFE
2026-09-13 18:31:36,SBG.06,ITABAL8,0.0,14.52,SAFE
2026-09-13 18:31:00,SBG.08,VP SABANG TIMUR SIS,0.0,1.35,SAFE
2026-09-13 18:31:00,SBG.10,VP SABANG TIMUR SIS,0.0,2.05,SAFE
2026-09-13 18:31:00,SBG.11,VP SABANG TIMUR SIS,0.0,0.75,SAFE
2026-09-13 18:31:00,SGT.02,CSA BONTANG SIS,0.0,0.19,SAFE
2026-09-13 18:31:00,SMB.02,CSA BONTANG SIS,0.0,2.63,SAFE
2026-09-13 18:31:00,SMB.03,CSA BONTANG SIS,0.0,4.72,SAFE
2026-09-13 18:32:00,SNT.01,PITSTOP AMBON SIS,0.0,1.34,SAFE
2026-09-13 18:31:00,TJG.01,CSA BONTANG SIS,0.0,1.99,SAFE
2026-09-13 18:31:00,TJG.02,CSA BONTANG SIS,0.0,5.65,SAFE
2026-09-13 22:38:00,AMB.01,PITSTOP AMBON SIS,0.0,7.46,SAFE
2026-09-13 22:36:00,BDG.02,VP OB 1 SIS,0.0,19.31,SAFE
2026-09-13 22:36:00,BDG.03,VP OB 1 SIS,0.0,5.73,SAFE
2026-09-13 22:36:00,BDG.04,VP OB 1 SIS,0.0,1.07,SAFE
2026-09-11 04:03:18,BDG.05,ITABAL9,0.0,2.1,SAFE
2026-09-13 22:37:00,BGK.01,VP SABANG TIMUR SIS,0.0,1.59,SAFE
2026-09-13 22:37:00,BGK.02,VP SABANG TIMUR SIS,0.0,18.92,SAFE
2026-09-11 04:03:18,BGR.01,ITABAL9,0.0,1.34,SAFE
2026-09-13 22:37:00,BJB.03,CSA BONTANG SIS,0.0,1.34,SAFE
2026-09-13 22:38:00,BJM.01,PITSTOP AMBON SIS,0.0,3.86,SAFE
2026-09-13 22:37:00,BJM.02,CSA BONTANG SIS,0.0,1.68,SAFE
2026-09-13 22:37:09,BKL.01,ITABAL8,0.0,58.33,SAFE
2026-09-13 22:37:09,BKL.02,ITABAL8,0.0,0.72,SAFE
2026-09-13 22:37:09,BNE.02,ITABAL8,0.0,1.52,SAFE
2026-09-13 22:37:09,BNE.03,ITABAL8,0.0,0.63,SAFE
2026-09-13 22:37:09,BNE.04,ITABAL8,0.0,0.55,SAFE
2026-09-13 22:37:00,BNY.03,CSA BONTANG SIS,0.0,0.97,SAFE
2026-09-13 22:37:00,BTG.03,CSA BONTANG SIS,0.0,9.36,SAFE
2026-09-13 22:37:00,BTG.04,CSA BONTANG SIS,0.0,175.0,SAFE
2026-09-13 22:37:00,FLR.02,CSA BONTANG SIS,0.0,0.75,SAFE
2026-09-11 04:03:18,JKT.01,ITABAL9,0.0,25.36,SAFE
2026-09-11 04:03:18,JKT.02,ITABAL9,0.0,7.78,SAFE
2026-09-11 04:03:18,JKT.03,ITABAL9,0.0,4.16,SAFE
2026-09-11 04:03:18,JKT.04,ITABAL9,0.0,1.17,SAFE
2026-09-11 04:03:18,JKT.05,ITABAL9,0.0,5.68,SAFE
2026-09-11 04:03:18,JKT.06,ITABAL9,0.0,7.45,SAFE
2026-09-11 04:03:18,JKT.07,ITABAL9,0.0,11.55,SAFE
2026-09-11 04:03:18,JKT.08,ITABAL9,0.0,4.26,SAFE
2026-09-13 22:37:09,JMB.01,ITABAL8,0.0,3.07,SAFE
2026-09-13 22:37:09,JMB.03,ITABAL8,0.0,1.02,SAFE
2026-09-11 04:03:18,JMB.04,ITABAL9,0.0,0.77,SAFE
2026-09-13 22:37:00,KRC.02,VP SABANG TIMUR SIS,0.0,1.04,SAFE
2026-09-13 22:37:09,KRC.03,ITABAL8,0.0,1.31,SAFE
2026-09-13 22:37:00,KRC.05,VP SABANG TIMUR SIS,0.0,1.93,SAFE
2026-09-13 22:37:00,KRC.07,VP SABANG TIMUR SIS,0.0,2.15,SAFE
2026-09-13 22:37:09,LHT.01,ITABAL8,0.0,5.84,SAFE
2026-09-13 22:37:09,LPG.01,ITABAL8,0.0,2.05,SAFE
2026-09-13 22:37:09,LPG.02,ITABAL8,0.0,12.03,SAFE
2026-09-13 22:37:09,LPG.03,ITABAL8,0.0,6.96,SAFE
2026-09-13 22:37:09,LPG.06,ITABAL8,0.0,6.69,SAFE
2026-09-13 22:37:09,LPG.07,ITABAL8,0.0,12.92,SAFE
2026-09-13 22:37:09,MDN.01,ITABAL8,0.0,3.37,SAFE
2026-09-13 22:37:09,MDN.02,ITABAL8,0.0,2.53,SAFE
2026-09-13 22:37:09,MDN.03,ITABAL8,0.0,7.25,SAFE
2026-09-13 22:37:09,MDN.04,ITABAL8,0.0,1.95,SAFE
2026-09-11 04:03:18,MIA.01,ITABAL9,0.0,1.22,SAFE
2026-09-11 04:03:18,MIA.02,ITABAL9,0.0,17.59,SAFE
2026-09-11 04:03:18,MIA.03,ITABAL9,0.0,4.28,SAFE
2026-09-13 22:38:00,MIA.04,PITSTOP AMBON SIS,0.0,2.31,SAFE
2026-09-11 04:03:18,MIA.05,ITABAL9,0.0,20.96,SAFE
2026-09-11 04:03:18,MIA.06,ITABAL9,0.0,1.16,SAFE
2026-09-13 22:37:00,MKS.01,CSA BONTANG SIS,0.0,0.72,SAFE
2026-09-13 22:38:00,MKS.02,PITSTOP AMBON SIS,0.0,1.06,SAFE
,MKS.03,ROM 13,0.0,8.2,SAFE
,MKS.04,ROM 13,0.0,3.08,SAFE
2026-09-13 22:37:00,MND.02,CSA BONTANG SIS,0.0,2.49,SAFE
2026-09-13 22:37:00,MRK.01,VP SABANG TIMUR SIS,0.0,1.65,SAFE
2026-09-13 22:38:00,MTM.01,PITSTOP AMBON SIS,0.0,1.64,SAFE
2026-09-13 22:38:00,MTP.01,PITSTOP AMBON SIS,0.0,1.01,SAFE
2026-09-13 22:37:00,MTR.01,VP SABANG TIMUR SIS,0.0,1.67,SAFE
2026-09-13 22:37:09,NIS.01,ITABAL8,0.0,0.57,SAFE
2026-09-13 22:37:09,NIS.02,ITABAL8,0.0,0.86,SAFE
2026-09-13 22:37:09,NIS.03,ITABAL8,0.0,1.03,SAFE
2026-09-11 04:03:18,PDG.01,ITABAL9,0.0,0.52,SAFE
2026-09-13 22:37:09,PLB.01,ITABAL8,0.0,1.87,SAFE
2026-09-13 22:37:09,PLB.02,ITABAL8,0.0,0.84,SAFE
2026-09-13 22:37:09,PLB.03,ITABAL8,0.0,2.0,SAFE
2026-09-13 22:37:09,PLB.04,ITABAL8,0.0,13.62,SAFE
2026-09-13 22:37:00,PLU.04,CSA BONTANG SIS,0.0,2.36,SAFE
2026-09-13 22:37:00,RIU.02,VP SABANG TIMUR SIS,0.0,0.61,SAFE
2026-09-13 22:37:00,RIU.04,VP SABANG TIMUR SIS,0.0,0.51,SAFE
2026-09-13 22:37:00,SBG.02,VP SABANG TIMUR SIS,0.0,1.91,SAFE
2026-09-13 22:37:00,SBG.03,VP SABANG TIMUR SIS,0.0,5.65,SAFE
2026-09-13 22:37:00,SBG.04,VP SABANG TIMUR SIS,0.0,0.63,SAFE
2026-09-13 22:37:00,SBG.05,VP SABANG TIMUR SIS,0.0,21.21,SAFE
2026-09-13 22:37:09,SBG.06,ITABAL8,0.0,14.52,SAFE
2026-09-13 22:37:00,SBG.08,VP SABANG TIMUR SIS,0.0,1.35,SAFE
2026-09-13 22:37:00,SBG.10,VP SABANG TIMUR SIS,0.0,2.05,SAFE
2026-09-13 22:37:00,SBG.11,VP SABANG TIMUR SIS,0.0,0.75,SAFE
2026-09-13 22:37:00,SGT.02,CSA BONTANG SIS,0.0,0.19,SAFE
2026-09-13 22:37:00,SMB.02,CSA BONTANG SIS,0.0,2.63,SAFE
2026-09-13 22:37:00,SMB.03,CSA BONTANG SIS,0.0,4.72,SAFE
2026-09-13 22:38:00,SNT.01,PITSTOP AMBON SIS,0.0,1.34,SAFE
2026-09-13 22:37:00,TJG.01,CSA BONTANG SIS,0.0,1.99,SAFE
2026-09-13 22:37:00,TJG.02,CSA BONTANG SIS,0.0,5.65,SAFE
2026-09-13 23:59:00,AMB.01,PITSTOP AMBON SIS,0.0,7.46,SAFE
2026-09-13 23:59:00,BDG.02,VP OB 1 SIS,0.0,19.31,SAFE
2026-09-13 23:59:00,BDG.03,VP OB 1 SIS,0.0,5.73,SAFE
2026-09-13 23:59:00,BDG.04,VP OB 1 SIS,0.0,1.07,SAFE
2026-09-11 04:03:18,BDG.05,ITABAL9,0.0,2.1,SAFE
2026-09-13 23:59:00,BGK.01,VP SABANG TIMUR SIS,0.0,1.59,SAFE
2026-09-13 23:59:00,BGK.02,VP SABANG TIMUR SIS,0.0,18.92,SAFE
2026-09-11 04:03:18,BGR.01,ITABAL9,0.0,1.34,SAFE
2026-09-13 23:59:00,BJB.03,CSA BONTANG SIS,0.0,1.34,SAFE
2026-09-13 23:59:00,BJM.01,PITSTOP AMBON SIS,0.0,3.86,SAFE
2026-09-13 23:59:00,BJM.02,CSA BONTANG SIS,0.0,1.68,SAFE
2026-09-14 01:37:21,BKL.01,ITABAL8,0.0,58.33,SAFE
2026-09-14 01:37:21,BKL.02,ITABAL8,0.0,0.72,SAFE
2026-09-14 01:37:21,BNE.02,ITABAL8,0.0,1.52,SAFE
2026-09-14 01:37:21,BNE.03,ITABAL8,0.0,0.63,SAFE
2026-09-14 01:37:21,BNE.04,ITABAL8,0.0,0.55,SAFE
2026-09-13 23:59:00,BNY.03,CSA BONTANG SIS,0.0,0.97,SAFE
2026-09-13 23:59:00,BTG.03,CSA BONTANG SIS,0.0,9.36,SAFE
2026-09-13 23:59:00,BTG.04,CSA BONTANG SIS,0.0,175.0,SAFE
2026-09-13 23:59:00,FLR.02,CSA BONTANG SIS,0.0,0.75,SAFE
2026-09-11 04:03:18,JKT.01,ITABAL9,0.0,25.36,SAFE
2026-09-11 04:03:18,JKT.02,ITABAL9,0.0,7.78,SAFE
2026-09-11 04:03:18,JKT.03,ITABAL9,0.0,4.16,SAFE
2026-09-11 04:03:18,JKT.04,ITABAL9,0.0,1.17,SAFE
2026-09-11 04:03:18,JKT.05,ITABAL9,0.0,5.68,SAFE
2026-09-11 04:03:18,JKT.06,ITABAL9,0.0,7.45,SAFE
2026-09-11 04:03:18,JKT.07,ITABAL9,0.0,11.55,SAFE
2026-09-11 04:03:18,JKT.08,ITABAL9,0.0,4.26,SAFE
2026-09-14 01:37:21,JMB.01,ITABAL8,0.0,3.07,SAFE
2026-09-14 01:37:21,JMB.03,ITABAL8,0.0,1.02,SAFE
2026-09-11 04:03:18,JMB.04,ITABAL9,0.0,0.77,SAFE
2026-09-13 23:59:00,KRC.02,VP SABANG TIMUR SIS,0.0,1.04,SAFE
2026-09-14 01:37:21,KRC.03,ITABAL8,0.0,1.31,SAFE
2026-09-13 23:59:00,KRC.05,VP SABANG TIMUR SIS,0.0,1.93,SAFE
2026-09-13 23:59:00,KRC.07,VP SABANG TIMUR SIS,0.0,2.15,SAFE
2026-09-14 01:37:21,LHT.01,ITABAL8,0.0,5.84,SAFE
2026-09-14 01:37:21,LPG.01,ITABAL8,0.0,2.05,SAFE
2026-09-14 01:37:21,LPG.02,ITABAL8,0.0,12.03,SAFE
2026-09-14 01:37:21,LPG.03,ITABAL8,0.0,6.96,SAFE
2026-09-14 01:37:21,LPG.06,ITABAL8,0.0,6.69,SAFE
2026-09-14 01:37:21,LPG.07,ITABAL8,0.0,12.92,SAFE
2026-09-14 01:37:21,MDN.01,ITABAL8,0.0,3.37,SAFE
2026-09-14 01:37:21,MDN.02,ITABAL8,0.0,2.53,SAFE
2026-09-14 01:37:21,MDN.03,ITABAL8,0.0,7.25,SAFE
2026-09-14 01:37:21,MDN.04,ITABAL8,0.0,1.95,SAFE
2026-09-11 04:03:18,MIA.01,ITABAL9,0.0,1.22,SAFE
2026-09-11 04:03:18,MIA.02,ITABAL9,0.0,17.59,SAFE
2026-09-11 04:03:18,MIA.03,ITABAL9,0.0,4.28,SAFE
2026-09-13 23:59:00,MIA.04,PITSTOP AMBON SIS,0.0,2.31,SAFE
2026-09-11 04:03:18,MIA.05,ITABAL9,0.0,20.96,SAFE
2026-09-11 04:03:18,MIA.06,ITABAL9,0.0,1.16,SAFE
2026-09-13 23:59:00,MKS.01,CSA BONTANG SIS,0.0,0.72,SAFE
2026-09-13 23:59:00,MKS.02,PITSTOP AMBON SIS,0.0,1.06,SAFE
,MKS.03,ROM 13,0.0,8.2,SAFE
,MKS.04,ROM 13,0.0,3.08,SAFE
2026-09-13 23:59:00,MND.02,CSA BONTANG SIS,0.0,2.49,SAFE
2026-09-13 23:59:00,MRK.01,VP SABANG TIMUR SIS,0.0,1.65,SAFE
2026-09-13 23:59:00,MTM.01,PITSTOP AMBON SIS,0.0,1.64,SAFE
2026-09-13 23:59:00,MTP.01,PITSTOP AMBON SIS,0.0,1.01,SAFE
2026-09-13 23:59:00,MTR.01,VP SABANG TIMUR SIS,0.0,1.67,SAFE
2026-09-14 01:37:21,NIS.01,ITABAL8,0.0,0.57,SAFE
2026-09-14 01:37:21,NIS.02,ITABAL8,0.0,0.86,SAFE
2026-09-14 01:37:21,NIS.03,ITABAL8,0.0,1.03,SAFE
2026-09-11 04:03:18,PDG.01,ITABAL9,0.0,0.52,SAFE
2026-09-14 01:37:21,PLB.01,ITABAL8,0.0,1.87,SAFE
2026-09-14 01:37:21,PLB.02,ITABAL8,0.0,0.84,SAFE
2026-09-14 01:37:21,PLB.03,ITABAL8,0.0,2.0,SAFE
2026-09-14 01:37:21,PLB.04,ITABAL8,0.0,13.62,SAFE
2026-09-13 23:59:00,PLU.04,CSA BONTANG SIS,0.0,2.36,SAFE
2026-09-13 23:59:00,RIU.02,VP SABANG TIMUR SIS,0.0,0.61,SAFE
2026-09-13 23:59:00,RIU.04,VP SABANG TIMUR SIS,0.0,0.51,SAFE
2026-09-13 23:59:00,SBG.02,VP SABANG TIMUR SIS,0.0,1.91,SAFE
2026-09-13 23:59:00,SBG.03,VP SABANG TIMUR SIS,0.0,5.65,SAFE
2026-09-13 23:59:00,SBG.04,VP SABANG TIMUR SIS,0.0,0.63,SAFE
2026-09-13 23:59:00,SBG.05,VP SABANG TIMUR SIS,0.0,21.21,SAFE
2026-09-14 01:37:21,SBG.06,ITABAL8,0.0,14.52,SAFE
2026-09-13 23:59:00,SBG.08,VP SABANG TIMUR SIS,0.0,1.35,SAFE
2026-09-13 23:59:00,SBG.10,VP SABANG TIMUR SIS,0.0,2.05,SAFE
2026-09-13 23:59:00,SBG.11,VP SABANG TIMUR SIS,0.0,0.75,SAFE
2026-09-13 23:59:00,SGT.02,CSA BONTANG SIS,0.0,0.19,SAFE
2026-09-13 23:59:00,SMB.02,CSA BONTANG SIS,0.0,2.63,SAFE
2026-09-13 23:59:00,SMB.03,CSA BONTANG SIS,0.0,4.72,SAFE
2026-09-13 23:59:00,SNT.01,PITSTOP AMBON SIS,0.0,1.34,SAFE
2026-09-13 23:59:00,TJG.01,CSA BONTANG SIS,0.0,1.99,SAFE
2026-09-13 23:59:00,TJG.02,CSA BONTANG SIS,0.0,5.65,SAFE
2026-09-13 23:59:00,AMB.01,PITSTOP AMBON SIS,0.0,7.46,SAFE
2026-09-13 23:59:00,BDG.02,VP OB 1 SIS,0.0,19.31,SAFE
2026-09-13 23:59:00,BDG.03,VP OB 1 SIS,0.0,5.73,SAFE
2026-09-13 23:59:00,BDG.04,VP OB 1 SIS,0.0,1.07,SAFE
2026-09-11 04:03:18,BDG.05,ITABAL9,0.0,2.1,SAFE
2026-09-13 23:59:00,BGK.01,VP SABANG TIMUR SIS,0.0,1.59,SAFE
2026-09-13 23:59:00,BGK.02,VP SABANG TIMUR SIS,0.0,18.92,SAFE
2026-09-11 04:03:18,BGR.01,ITABAL9,0.0,1.34,SAFE
2026-09-13 23:59:00,BJB.03,CSA BONTANG SIS,0.0,1.34,SAFE
2026-09-13 23:59:00,BJM.01,PITSTOP AMBON SIS,0.0,3.86,SAFE
2026-09-13 23:59:00,BJM.02,CSA BONTANG SIS,0.0,1.68,SAFE
2026-09-14 03:44:48,BKL.01,ITABAL8,0.0,58.33,SAFE
2026-09-14 03:44:48,BKL.02,ITABAL8,0.0,0.72,SAFE
2026-09-14 03:44:48,BNE.02,ITABAL8,0.0,1.52,SAFE
2026-09-14 03:44:48,BNE.03,ITABAL8,0.0,0.63,SAFE
2026-09-14 03:44:48,BNE.04,ITABAL8,0.0,0.55,SAFE
2026-09-13 23:59:00,BNY.03,CSA BONTANG SIS,0.0,0.97,SAFE
2026-09-13 23:59:00,BTG.03,CSA BONTANG SIS,0.0,9.36,SAFE
2026-09-13 23:59:00,BTG.04,CSA BONTANG SIS,0.0,175.0,SAFE
2026-09-13 23:59:00,FLR.02,CSA BONTANG SIS,0.0,0.75,SAFE
2026-09-11 04:03:18,JKT.01,ITABAL9,0.0,25.36,SAFE
2026-09-11 04:03:18,JKT.02,ITABAL9,0.0,7.78,SAFE
2026-09-11 04:03:18,JKT.03,ITABAL9,0.0,4.16,SAFE
2026-09-11 04:03:18,JKT.04,ITABAL9,0.0,1.17,SAFE
2026-09-11 04:03:18,JKT.05,ITABAL9,0.0,5.68,SAFE
2026-09-11 04:03:18,JKT.06,ITABAL9,0.0,7.45,SAFE
2026-09-11 04:03:18,JKT.07,ITABAL9,0.0,11.55,SAFE
2026-09-11 04:03:18,JKT.08,ITABAL9,0.0,4.26,SAFE
2026-09-14 03:44:48,JMB.01,ITABAL8,0.0,3.07,SAFE
2026-09-14 03:44:48,JMB.03,ITABAL8,0.0,1.02,SAFE
2026-09-11 04:03:18,JMB.04,ITABAL9,0.0,0.77,SAFE
2026-09-13 23:59:00,KRC.02,VP SABANG TIMUR SIS,0.0,1.04,SAFE
2026-09-14 03:44:48,KRC.03,ITABAL8,0.0,1.31,SAFE
2026-09-13 23:59:00,KRC.05,VP SABANG TIMUR SIS,0.0,1.93,SAFE
2026-09-13 23:59:00,KRC.07,VP SABANG TIMUR SIS,0.0,2.15,SAFE
2026-09-14 03:44:48,LHT.01,ITABAL8,0.0,5.84,SAFE
2026-09-14 03:44:48,LPG.01,ITABAL8,0.0,2.05,SAFE
2026-09-14 03:44:48,LPG.02,ITABAL8,0.0,12.03,SAFE
2026-09-14 03:44:48,LPG.03,ITABAL8,0.0,6.96,SAFE
2026-09-14 03:44:48,LPG.06,ITABAL8,0.0,6.69,SAFE
2026-09-14 03:44:48,LPG.07,ITABAL8,0.0,12.92,SAFE
2026-09-14 03:44:48,MDN.01,ITABAL8,0.0,3.37,SAFE
2026-09-14 03:44:48,MDN.02,ITABAL8,0.0,2.53,SAFE
2026-09-14 03:44:48,MDN.03,ITABAL8,0.0,7.25,SAFE
2026-09-14 03:44:48,MDN.04,ITABAL8,0.0,1.95,SAFE
2026-09-11 04:03:18,MIA.01,ITABAL9,0.0,1.22,SAFE
2026-09-11 04:03:18,MIA.02,ITABAL9,0.0,17.59,SAFE
2026-09-11 04:03:18,MIA.03,ITABAL9,0.0,4.28,SAFE
2026-09-13 23:59:00,MIA.04,PITSTOP AMBON SIS,0.0,2.31,SAFE
2026-09-11 04:03:18,MIA.05,ITABAL9,0.0,20.96,SAFE
2026-09-11 04:03:18,MIA.06,ITABAL9,0.0,1.16,SAFE
2026-09-13 23:59:00,MKS.01,CSA BONTANG SIS,0.0,0.72,SAFE
2026-09-13 23:59:00,MKS.02,PITSTOP AMBON SIS,0.0,1.06,SAFE
,MKS.03,ROM 13,0.0,8.2,SAFE
,MKS.04,ROM 13,0.0,3.08,SAFE
2026-09-13 23:59:00,MND.02,CSA BONTANG SIS,0.0,2.49,SAFE
2026-09-13 23:59:00,MRK.01,VP SABANG TIMUR SIS,0.0,1.65,SAFE
2026-09-13 23:59:00,MTM.01,PITSTOP AMBON SIS,0.0,1.64,SAFE
2026-09-13 23:59:00,MTP.01,PITSTOP AMBON SIS,0.0,1.01,SAFE
2026-09-13 23:59:00,MTR.01,VP SABANG TIMUR SIS,0.0,1.67,SAFE
2026-09-14 03:44:48,NIS.01,ITABAL8,0.0,0.57,SAFE
2026-09-14 03:44:48,NIS.02,ITABAL8,0.0,0.86,SAFE
2026-09-14 03:44:48,NIS.03,ITABAL8,0.0,1.03,SAFE
2026-09-11 04:03:18,PDG.01,ITABAL9,0.0,0.52,SAFE
2026-09-14 03:44:48,PLB.01,ITABAL8,0.0,1.87,SAFE
2026-09-14 03:44:48,PLB.02,ITABAL8,0.0,0.84,SAFE
2026-09-14 03:44:48,PLB.03,ITABAL8,0.0,2.0,SAFE
2026-09-14 03:44:48,PLB.04,ITABAL8,0.0,13.62,SAFE
2026-09-13 23:59:00,PLU.04,CSA BONTANG SIS,0.0,2.36,SAFE
2026-09-13 23:59:00,RIU.02,VP SABANG TIMUR SIS,0.0,0.61,SAFE
2026-09-13 23:59:00,RIU.04,VP SABANG TIMUR SIS,0.0,0.51,SAFE
2026-09-13 23:59:00,SBG.02,VP SABANG TIMUR SIS,0.0,1.91,SAFE
2026-09-13 23:59:00,SBG.03,VP SABANG TIMUR SIS,0.0,5.65,SAFE
2026-09-13 23:59:00,SBG.04,VP SABANG TIMUR SIS,0.0,0.63,SAFE
2026-09-13 23:59:00,SBG.05,VP SABANG TIMUR SIS,0.0,21.21,SAFE
2026-09-14 03:44:48,SBG.06,ITABAL8,0.0,14.52,SAFE
2026-09-13 23:59:00,SBG.08,VP SABANG TIMUR SIS,0.0,1.35,SAFE
2026-09-13 23:59:00,SBG.10,VP SABANG TIMUR SIS,0.0,2.05,SAFE
2026-09-13 23:59:00,SBG.11,VP SABANG TIMUR SIS,0.0,0.75,SAFE
2026-09-13 23:59:00,SGT.02,CSA BONTANG SIS,0.0,0.19,SAFE
2026-09-13 23:59:00,SMB.02,CSA BONTANG SIS,0.0,2.63,SAFE
2026-09-13 23:59:00,SMB.03,CSA BONTANG SIS,0.0,4.72,SAFE
2026-09-13 23:59:00,SNT.01,PITSTOP AMBON SIS,0.0,1.34,SAFE
2026-09-13 23:59:00,TJG.01,CSA BONTANG SIS,0.0,1.99,SAFE
2026-09-13 23:59:00,TJG.02,CSA BONTANG SIS,0.0,5.65,SAFE
2026-09-13 23:59:00,AMB.01,PITSTOP AMBON SIS,0.0,7.46,SAFE
2026-09-13 23:59:00,BDG.02,VP OB 1 SIS,0.0,19.31,SAFE
2026-09-13 23:59:00,BDG.03,VP OB 1 SIS,0.0,5.73,SAFE
2026-09-13 23:59:00,BDG.04,VP OB 1 SIS,0.0,1.07,SAFE
2026-09-11 04:03:18,BDG.05,ITABAL9,0.0,2.1,SAFE
2026-09-13 23:59:00,BGK.01,VP SABANG TIMUR SIS,0.0,1.59,SAFE
2026-09-13 23:59:00,BGK.02,VP SABANG TIMUR SIS,0.0,18.92,SAFE
2026-09-11 04:03:18,BGR.01,ITABAL9,0.0,1.34,SAFE
2026-09-13 23:59:00,BJB.03,CSA BONTANG SIS,0.0,1.34,SAFE
2026-09-13 23:59:00,BJM.01,PITSTOP AMBON SIS,0.0,3.86,SAFE
2026-09-13 23:59:00,BJM.02,CSA BONTANG SIS,0.0,1.68,SAFE
2026-09-14 05:44:00,BKL.01,ITABAL8,0.0,58.33,SAFE
2026-09-14 05:44:00,BKL.02,ITABAL8,0.0,0.72,SAFE
2026-09-14 05:44:00,BNE.02,ITABAL8,0.0,1.52,SAFE
2026-09-14 05:44:00,BNE.03,ITABAL8,0.0,0.63,SAFE
2026-09-14 05:44:00,BNE.04,ITABAL8,0.0,0.55,SAFE
2026-09-13 23:59:00,BNY.03,CSA BONTANG SIS,0.0,0.97,SAFE
2026-09-13 23:59:00,BTG.03,CSA BONTANG SIS,0.0,9.36,SAFE
2026-09-13 23:59:00,BTG.04,CSA BONTANG SIS,0.0,175.0,SAFE
2026-09-13 23:59:00,FLR.02,CSA BONTANG SIS,0.0,0.75,SAFE
2026-09-11 04:03:18,JKT.01,ITABAL9,0.0,25.36,SAFE
2026-09-11 04:03:18,JKT.02,ITABAL9,0.0,7.78,SAFE
2026-09-11 04:03:18,JKT.03,ITABAL9,0.0,4.16,SAFE
2026-09-11 04:03:18,JKT.04,ITABAL9,0.0,1.17,SAFE
2026-09-11 04:03:18,JKT.05,ITABAL9,0.0,5.68,SAFE
2026-09-11 04:03:18,JKT.06,ITABAL9,0.0,7.45,SAFE
2026-09-11 04:03:18,JKT.07,ITABAL9,0.0,11.55,SAFE
2026-09-11 04:03:18,JKT.08,ITABAL9,0.0,4.26,SAFE
2026-09-14 05:44:00,JMB.01,ITABAL8,0.0,3.07,SAFE
2026-09-14 05:44:00,JMB.03,ITABAL8,0.0,1.02,SAFE
2026-09-11 04:03:18,JMB.04,ITABAL9,0.0,0.77,SAFE
2026-09-13 23:59:00,KRC.02,VP SABANG TIMUR SIS,0.0,1.04,SAFE
2026-09-14 05:44:00,KRC.03,ITABAL8,0.0,1.31,SAFE
2026-09-13 23:59:00,KRC.05,VP SABANG TIMUR SIS,0.0,1.93,SAFE
2026-09-13 23:59:00,KRC.07,VP SABANG TIMUR SIS,0.0,2.15,SAFE
2026-09-14 05:44:00,LHT.01,ITABAL8,0.0,5.84,SAFE
2026-09-14 05:44:00,LPG.01,ITABAL8,0.0,2.05,SAFE
2026-09-14 05:44:00,LPG.02,ITABAL8,0.0,12.03,SAFE
2026-09-14 05:44:00,LPG.03,ITABAL8,0.0,6.96,SAFE
2026-09-14 05:44:00,LPG.06,ITABAL8,0.0,6.69,SAFE
2026-09-14 05:44:00,LPG.07,ITABAL8,0.0,12.92,SAFE
2026-09-14 05:44:00,MDN.01,ITABAL8,0.0,3.37,SAFE
2026-09-14 05:44:00,MDN.02,ITABAL8,0.0,2.53,SAFE
2026-09-14 05:44:00,MDN.03,ITABAL8,0.0,7.25,SAFE
2026-09-14 05:44:00,MDN.04,ITABAL8,0.0,1.95,SAFE
2026-09-11 04:03:18,MIA.01,ITABAL9,0.0,1.22,SAFE
2026-09-11 04:03:18,MIA.02,ITABAL9,0.0,17.59,SAFE
2026-09-11 04:03:18,MIA.03,ITABAL9,0.0,4.28,SAFE
2026-09-13 23:59:00,MIA.04,PITSTOP AMBON SIS,0.0,2.31,SAFE
2026-09-11 04:03:18,MIA.05,ITABAL9,0.0,20.96,SAFE
2026-09-11 04:03:18,MIA.06,ITABAL9,0.0,1.16,SAFE
2026-09-13 23:59:00,MKS.01,CSA BONTANG SIS,0.0,0.72,SAFE
2026-09-13 23:59:00,MKS.02,PITSTOP AMBON SIS,0.0,1.06,SAFE
,MKS.03,ROM 13,0.0,8.2,SAFE
,MKS.04,ROM 13,0.0,3.08,SAFE
2026-09-13 23:59:00,MND.02,CSA BONTANG SIS,0.0,2.49,SAFE
2026-09-13 23:59:00,MRK.01,VP SABANG TIMUR SIS,0.0,1.65,SAFE
2026-09-13 23:59:00,MTM.01,PITSTOP AMBON SIS,0.0,1.64,SAFE
2026-09-13 23:59:00,MTP.01,PITSTOP AMBON SIS,0.0,1.01,SAFE
2026-09-13 23:59:00,MTR.01,VP SABANG TIMUR SIS,0.0,1.67,SAFE
2026-09-14 05:44:00,NIS.01,ITABAL8,0.0,0.57,SAFE
2026-09-14 05:44:00,NIS.02,ITABAL8,0.0,0.86,SAFE
2026-09-14 05:44:00,NIS.03,ITABAL8,0.0,1.03,SAFE
2026-09-11 04:03:18,PDG.01,ITABAL9,0.0,0.52,SAFE
2026-09-14 05:44:00,PLB.01,ITABAL8,0.0,1.87,SAFE
2026-09-14 05:44:00,PLB.02,ITABAL8,0.0,0.84,SAFE
2026-09-14 05:44:00,PLB.03,ITABAL8,0.0,2.0,SAFE
2026-09-14 05:44:00,PLB.04,ITABAL8,0.0,13.62,SAFE
2026-09-13 23:59:00,PLU.04,CSA BONTANG SIS,0.0,2.36,SAFE
2026-09-13 23:59:00,RIU.02,VP SABANG TIMUR SIS,0.0,0.61,SAFE
2026-09-13 23:59:00,RIU.04,VP SABANG TIMUR SIS,0.0,0.51,SAFE
2026-09-13 23:59:00,SBG.02,VP SABANG TIMUR SIS,0.0,1.91,SAFE
2026-09-13 23:59:00,SBG.03,VP SABANG TIMUR SIS,0.0,5.65,SAFE
2026-09-13 23:59:00,SBG.04,VP SABANG TIMUR SIS,0.0,0.63,SAFE
2026-09-13 23:59:00,SBG.05,VP SABANG TIMUR SIS,0.0,21.21,SAFE
2026-09-14 05:44:00,SBG.06,ITABAL8,0.0,14.52,SAFE
2026-09-13 23:59:00,SBG.08,VP SABANG TIMUR SIS,0.0,1.35,SAFE
2026-09-13 23:59:00,SBG.10,VP SABANG TIMUR SIS,0.0,2.05,SAFE
2026-09-13 23:59:00,SBG.11,VP SABANG TIMUR SIS,0.0,0.75,SAFE
2026-09-13 23:59:00,SGT.02,CSA BONTANG SIS,0.0,0.19,SAFE
2026-09-13 23:59:00,SMB.02,CSA BONTANG SIS,0.0,2.63,SAFE
2026-09-13 23:59:00,SMB.03,CSA BONTANG SIS,0.0,4.72,SAFE
2026-09-13 23:59:00,SNT.01,PITSTOP AMBON SIS,0.0,1.34,SAFE
2026-09-13 23:59:00,TJG.01,CSA BONTANG SIS,0.0,1.99,SAFE
2026-09-13 23:59:00,TJG.02,CSA BONTANG SIS,0.0,5.65,SAFE
2026-09-13 23:59:00,AMB.01,PITSTOP AMBON SIS,0.0,7.46,SAFE
2026-09-13 23:59:00,BDG.02,VP OB 1 SIS,0.0,19.31,SAFE
2026-09-13 23:59:00,BDG.03,VP OB 1 SIS,0.0,5.73,SAFE
2026-09-13 23:59:00,BDG.04,VP OB 1 SIS,0.0,1.07,SAFE
2026-09-11 04:03:18,BDG.05,ITABAL9,0.0,2.1,SAFE
2026-09-13 23:59:00,BGK.01,VP SABANG TIMUR SIS,0.0,1.59,SAFE
2026-09-13 23:59:00,BGK.02,VP SABANG TIMUR SIS,0.0,18.92,SAFE
2026-09-11 04:03:18,BGR.01,ITABAL9,0.0,1.34,SAFE
2026-09-13 23:59:00,BJB.03,CSA BONTANG SIS,0.0,1.34,SAFE
2026-09-13 23:59:00,BJM.01,PITSTOP AMBON SIS,0.0,3.86,SAFE
2026-09-13 23:59:00,BJM.02,CSA BONTANG SIS,0.0,1.68,SAFE
2026-09-14 07:34:32,BKL.01,ITABAL8,0.0,58.33,SAFE
2026-09-14 07:34:32,BKL.02,ITABAL8,0.0,0.72,SAFE
2026-09-14 07:34:32,BNE.02,ITABAL8,0.0,1.52,SAFE
2026-09-14 07:34:32,BNE.03,ITABAL8,0.0,0.63,SAFE
2026-09-14 07:34:32,BNE.04,ITABAL8,0.0,0.55,SAFE
2026-09-13 23:59:00,BNY.03,CSA BONTANG SIS,0.0,0.97,SAFE
2026-09-13 23:59:00,BTG.03,CSA BONTANG SIS,0.0,9.36,SAFE
2026-09-13 23:59:00,BTG.04,CSA BONTANG SIS,0.0,175.0,SAFE
2026-09-13 23:59:00,FLR.02,CSA BONTANG SIS,0.0,0.75,SAFE
2026-09-11 04:03:18,JKT.01,ITABAL9,0.0,25.36,SAFE
2026-09-11 04:03:18,JKT.02,ITABAL9,0.0,7.78,SAFE
2026-09-11 04:03:18,JKT.03,ITABAL9,0.0,4.16,SAFE
2026-09-11 04:03:18,JKT.04,ITABAL9,0.0,1.17,SAFE
2026-09-11 04:03:18,JKT.05,ITABAL9,0.0,5.68,SAFE
2026-09-11 04:03:18,JKT.06,ITABAL9,0.0,7.45,SAFE
2026-09-11 04:03:18,JKT.07,ITABAL9,0.0,11.55,SAFE
2026-09-11 04:03:18,JKT.08,ITABAL9,0.0,4.26,SAFE
2026-09-14 07:34:32,JMB.01,ITABAL8,0.0,3.07,SAFE
2026-09-14 07:34:32,JMB.03,ITABAL8,0.0,1.02,SAFE
2026-09-11 04:03:18,JMB.04,ITABAL9,0.0,0.77,SAFE
2026-09-13 23:59:00,KRC.02,VP SABANG TIMUR SIS,0.0,1.04,SAFE
2026-09-14 07:34:32,KRC.03,ITABAL8,0.0,1.31,SAFE
2026-09-13 23:59:00,KRC.05,VP SABANG TIMUR SIS,0.0,1.93,SAFE
2026-09-13 23:59:00,KRC.07,VP SABANG TIMUR SIS,0.0,2.15,SAFE
2026-09-14 07:34:32,LHT.01,ITABAL8,0.0,5.84,SAFE
2026-09-14 07:34:32,LPG.01,ITABAL8,0.0,2.05,SAFE
2026-09-14 07:34:32,LPG.02,ITABAL8,0.0,12.03,SAFE
2026-09-14 07:34:32,LPG.03,ITABAL8,0.0,6.96,SAFE
2026-09-14 07:34:32,LPG.06,ITABAL8,0.0,6.69,SAFE
2026-09-14 07:34:32,LPG.07,ITABAL8,0.0,12.92,SAFE
2026-09-14 07:34:32,MDN.01,ITABAL8,0.0,3.37,SAFE
2026-09-14 07:34:32,MDN.02,ITABAL8,0.0,2.53,SAFE
2026-09-14 07:34:32,MDN.03,ITABAL8,0.0,7.25,SAFE
2026-09-14 07:34:32,MDN.04,ITABAL8,0.0,1.95,SAFE
2026-09-11 04:03:18,MIA.01,ITABAL9,0.0,1.22,SAFE
2026-09-11 04:03:18,MIA.02,ITABAL9,0.0,17.59,SAFE
2026-09-11 04:03:18,MIA.03,ITABAL9,0.0,4.28,SAFE
2026-09-13 23:59:00,MIA.04,PITSTOP AMBON SIS,0.0,2.31,SAFE
2026-09-11 04:03:18,MIA.05,ITABAL9,0.0,20.96,SAFE
2026-09-11 04:03:18,MIA.06,ITABAL9,0.0,1.16,SAFE
2026-09-13 23:59:00,MKS.01,CSA BONTANG SIS,0.0,0.72,SAFE
2026-09-13 23:59:00,MKS.02,PITSTOP AMBON SIS,0.0,1.06,SAFE
,MKS.03,ROM 13,0.0,8.2,SAFE
,MKS.04,ROM 13,0.0,3.08,SAFE
2026-09-13 23:59:00,MND.02,CSA BONTANG SIS,0.0,2.49,SAFE
2026-09-13 23:59:00,MRK.01,VP SABANG TIMUR SIS,0.0,1.65,SAFE
2026-09-13 23:59:00,MTM.01,PITSTOP AMBON SIS,0.0,1.64,SAFE
2026-09-13 23:59:00,MTP.01,PITSTOP AMBON SIS,0.0,1.01,SAFE
2026-09-13 23:59:00,MTR.01,VP SABANG TIMUR SIS,0.0,1.67,SAFE
2026-09-14 07:34:32,NIS.01,ITABAL8,0.0,0.57,SAFE
2026-09-14 07:34:32,NIS.02,ITABAL8,0.0,0.86,SAFE
2026-09-14 07:34:32,NIS.03,ITABAL8,0.0,1.03,SAFE
2026-09-11 04:03:18,PDG.01,ITABAL9,0.0,0.52,SAFE
2026-09-14 07:34:32,PLB.01,ITABAL8,0.0,1.87,SAFE
2026-09-14 07:34:32,PLB.02,ITABAL8,0.0,0.84,SAFE
2026-09-14 07:34:32,PLB.03,ITABAL8,0.0,2.0,SAFE
2026-09-14 07:34:32,PLB.04,ITABAL8,0.0,13.62,SAFE
2026-09-13 23:59:00,PLU.04,CSA BONTANG SIS,0.0,2.36,SAFE
2026-09-13 23:59:00,RIU.02,VP SABANG TIMUR SIS,0.0,0.61,SAFE
2026-09-13 23:59:00,RIU.04,VP SABANG TIMUR SIS,0.0,0.51,SAFE
2026-09-13 23:59:00,SBG.02,VP SABANG TIMUR SIS,0.0,1.91,SAFE
2026-09-13 23:59:00,SBG.03,VP SABANG TIMUR SIS,0.0,5.65,SAFE
2026-09-13 23:59:00,SBG.04,VP SABANG TIMUR SIS,0.0,0.63,SAFE
2026-09-13 23:59:00,SBG.05,VP SABANG TIMUR SIS,0.0,21.21,SAFE
2026-09-14 07:34:32,SBG.06,ITABAL8,0.0,14.52,SAFE
2026-09-13 23:59:00,SBG.08,VP SABANG TIMUR SIS,0.0,1.35,SAFE
2026-09-13 23:59:00,SBG.10,VP SABANG TIMUR SIS,0.0,2.05,SAFE
2026-09-13 23:59:00,SBG.11,VP SABANG TIMUR SIS,0.0,0.75,SAFE
2026-09-13 23:59:00,SGT.02,CSA BONTANG SIS,0.0,0.19,SAFE
2026-09-13 23:59:00,SMB.02,CSA BONTANG SIS,0.0,2.63,SAFE
2026-09-13 23:59:00,SMB.03,CSA BONTANG SIS,0.0,4.72,SAFE
2026-09-13 23:59:00,SNT.01,PITSTOP AMBON SIS,0.0,1.34,SAFE
2026-09-13 23:59:00,TJG.01,CSA BONTANG SIS,0.0,1.99,SAFE
2026-09-13 23:59:00,TJG.02,CSA BONTANG SIS,0.0,5.65,SAFE
2026-09-14 09:35:00,AMB.01,PITSTOP AMBON SIS,0.0,7.46,SAFE
2026-09-14 09:33:00,BDG.02,VP OB 1 SIS,0.0,19.31,SAFE
2026-09-14 09:33:00,BDG.03,VP OB 1 SIS,0.0,5.73,SAFE
2026-09-14 09:33:00,BDG.04,VP OB 1 SIS,0.0,1.07,SAFE
2026-09-11 04:03:18,BDG.05,ITABAL9,0.0,2.1,SAFE
2026-09-14 09:34:00,BGK.01,VP SABANG TIMUR SIS,0.0,1.59,SAFE
2026-09-14 09:34:00,BGK.02,VP SABANG TIMUR SIS,0.0,18.92,SAFE
2026-09-11 04:03:18,BGR.01,ITABAL9,0.0,1.34,SAFE
2026-09-14 09:34:00,BJB.03,CSA BONTANG SIS,0.0,1.34,SAFE
2026-09-14 09:35:00,BJM.01,PITSTOP AMBON SIS,0.0,3.86,SAFE
2026-09-14 09:34:00,BJM.02,CSA BONTANG SIS,0.0,1.68,SAFE
2026-09-14 09:34:11,BKL.01,ITABAL8,0.0,58.33,SAFE
2026-09-14 09:34:11,BKL.02,ITABAL8,0.0,0.72,SAFE
2026-09-14 09:34:11,BNE.02,ITABAL8,0.0,1.52,SAFE
2026-09-14 09:34:11,BNE.03,ITABAL8,0.0,0.63,SAFE
2026-09-14 09:34:11,BNE.04,ITABAL8,0.0,0.55,SAFE
2026-09-14 09:34:00,BNY.03,CSA BONTANG SIS,0.0,0.97,SAFE
2026-09-14 09:34:00,BTG.03,CSA BONTANG SIS,0.0,9.36,SAFE
2026-09-14 09:34:00,BTG.04,CSA BONTANG SIS,0.0,175.0,SAFE
2026-09-14 09:34:00,FLR.02,CSA BONTANG SIS,0.0,0.75,SAFE
2026-09-11 04:03:18,JKT.01,ITABAL9,0.0,25.36,SAFE
2026-09-11 04:03:18,JKT.02,ITABAL9,0.0,7.78,SAFE
2026-09-11 04:03:18,JKT.03,ITABAL9,0.0,4.16,SAFE
2026-09-11 04:03:18,JKT.04,ITABAL9,0.0,1.17,SAFE
2026-09-11 04:03:18,JKT.05,ITABAL9,0.0,5.68,SAFE
2026-09-11 04:03:18,JKT.06,ITABAL9,0.0,7.45,SAFE
2026-09-11 04:03:18,JKT.07,ITABAL9,0.0,11.55,SAFE
2026-09-11 04:03:18,JKT.08,ITABAL9,0.0,4.26,SAFE
2026-09-14 09:34:11,JMB.01,ITABAL8,0.0,3.07,SAFE
2026-09-14 09:34:11,JMB.03,ITABAL8,0.0,1.02,SAFE
2026-09-11 04:03:18,JMB.04,ITABAL9,0.0,0.77,SAFE
2026-09-14 09:34:00,KRC.02,VP SABANG TIMUR SIS,0.0,1.04,SAFE
2026-09-14 09:34:11,KRC.03,ITABAL8,0.0,1.31,SAFE
2026-09-14 09:34:00,KRC.05,VP SABANG TIMUR SIS,0.0,1.93,SAFE
2026-09-14 09:34:00,KRC.07,VP SABANG TIMUR SIS,0.0,2.15,SAFE
2026-09-14 09:34:11,LHT.01,ITABAL8,0.0,5.84,SAFE
2026-09-14 09:34:11,LPG.01,ITABAL8,0.0,2.05,SAFE
2026-09-14 09:34:11,LPG.02,ITABAL8,0.0,12.03,SAFE
2026-09-14 09:34:11,LPG.03,ITABAL8,0.0,6.96,SAFE
2026-09-14 09:34:11,LPG.06,ITABAL8,0.0,6.69,SAFE
2026-09-14 09:34:11,LPG.07,ITABAL8,0.0,12.92,SAFE
2026-09-14 09:34:11,MDN.01,ITABAL8,0.0,3.37,SAFE
2026-09-14 09:34:11,MDN.02,ITABAL8,0.0,2.53,SAFE
2026-09-14 09:34:11,MDN.03,ITABAL8,0.0,7.25,SAFE
2026-09-14 09:34:11,MDN.04,ITABAL8,0.0,1.95,SAFE
2026-09-11 04:03:18,MIA.01,ITABAL9,0.0,1.22,SAFE
2026-09-11 04:03:18,MIA.02,ITABAL9,0.0,17.59,SAFE
2026-09-11 04:03:18,MIA.03,ITABAL9,0.0,4.28,SAFE
2026-09-14 09:35:00,MIA.04,PITSTOP AMBON SIS,0.0,2.31,SAFE
2026-09-11 04:03:18,MIA.05,ITABAL9,0.0,20.96,SAFE
2026-09-11 04:03:18,MIA.06,ITABAL9,0.0,1.16,SAFE
2026-09-14 09:34:00,MKS.01,CSA BONTANG SIS,0.0,0.72,SAFE
2026-09-14 09:35:00,MKS.02,PITSTOP AMBON SIS,0.0,1.06,SAFE
,MKS.03,ROM 13,0.0,8.2,SAFE
,MKS.04,ROM 13,0.0,3.08,SAFE
2026-09-14 09:34:00,MND.02,CSA BONTANG SIS,0.0,2.49,SAFE
2026-09-14 09:34:00,MRK.01,VP SABANG TIMUR SIS,0.0,1.65,SAFE
2026-09-14 09:35:00,MTM.01,PITSTOP AMBON SIS,0.0,1.64,SAFE
2026-09-14 09:35:00,MTP.01,PITSTOP AMBON SIS,0.0,1.01,SAFE
2026-09-14 09:34:00,MTR.01,VP SABANG TIMUR SIS,0.0,1.67,SAFE
2026-09-14 09:34:11,NIS.01,ITABAL8,0.0,0.57,SAFE
2026-09-14 09:34:11,NIS.02,ITABAL8,0.0,0.86,SAFE
2026-09-14 09:34:11,NIS.03,ITABAL8,0.0,1.03,SAFE
2026-09-11 04:03:18,PDG.01,ITABAL9,0.0,0.52,SAFE
2026-09-14 09:34:11,PLB.01,ITABAL8,0.0,1.87,SAFE
2026-09-14 09:34:11,PLB.02,ITABAL8,0.0,0.84,SAFE
2026-09-14 09:34:11,PLB.03,ITABAL8,0.0,2.0,SAFE
2026-09-14 09:34:11,PLB.04,ITABAL8,0.0,13.62,SAFE
2026-09-14 09:34:00,PLU.04,CSA BONTANG SIS,0.0,2.36,SAFE
2026-09-14 09:34:00,RIU.02,VP SABANG TIMUR SIS,0.0,0.61,SAFE
2026-09-14 09:34:00,RIU.04,VP SABANG TIMUR SIS,0.0,0.51,SAFE
2026-09-14 09:34:00,SBG.02,VP SABANG TIMUR SIS,0.0,1.91,SAFE
2026-09-14 09:34:00,SBG.03,VP SABANG TIMUR SIS,0.0,5.65,SAFE
2026-09-14 09:34:00,SBG.04,VP SABANG TIMUR SIS,0.0,0.63,SAFE
2026-09-14 09:34:00,SBG.05,VP SABANG TIMUR SIS,0.0,21.21,SAFE
2026-09-14 09:34:11,SBG.06,ITABAL8,0.0,14.52,SAFE
2026-09-14 09:34:00,SBG.08,VP SABANG TIMUR SIS,0.0,1.35,SAFE
2026-09-14 09:34:00,SBG.10,VP SABANG TIMUR SIS,0.0,2.05,SAFE
2026-09-14 09:34:00,SBG.11,VP SABANG TIMUR SIS,0.0,0.75,SAFE
2026-09-14 09:34:00,SGT.02,CSA BONTANG SIS,0.0,0.19,SAFE
2026-09-14 09:34:00,SMB.02,CSA BONTANG SIS,0.0,2.63,SAFE
2026-09-14 09:34:00,SMB.03,CSA BONTANG SIS,0.0,4.72,SAFE
2026-09-14 09:35:00,SNT.01,PITSTOP AMBON SIS,0.0,1.34,SAFE
2026-09-14 09:34:00,TJG.01,CSA BONTANG SIS,0.0,1.99,SAFE
2026-09-14 09:34:00,TJG.02,CSA BONTANG SIS,0.0,5.65,SAFE
2026-09-14 14:59:00,AMB.01,PITSTOP AMBON SIS,0.0,7.46,SAFE
2026-09-14 14:58:00,BDG.02,VP OB 1 SIS,0.0,19.31,SAFE
2026-09-14 14:58:00,BDG.03,VP OB 1 SIS,0.0,5.73,SAFE
2026-09-14 14:58:00,BDG.04,VP OB 1 SIS,0.0,1.07,SAFE
2026-09-11 04:03:18,BDG.05,ITABAL9,0.0,2.1,SAFE
2026-09-14 14:58:00,BGK.01,VP SABANG TIMUR SIS,0.0,1.59,SAFE
2026-09-14 14:58:00,BGK.02,VP SABANG TIMUR SIS,0.0,18.92,SAFE
2026-09-11 04:03:18,BGR.01,ITABAL9,0.0,1.34,SAFE
2026-09-14 14:59:00,BJB.03,CSA BONTANG SIS,0.0,1.34,SAFE
2026-09-14 14:59:00,BJM.01,PITSTOP AMBON SIS,0.0,3.86,SAFE
2026-09-14 14:59:00,BJM.02,CSA BONTANG SIS,0.0,1.68,SAFE
2026-09-14 14:58:43,BKL.01,ITABAL8,0.0,58.33,SAFE
2026-09-14 14:58:43,BKL.02,ITABAL8,0.0,0.72,SAFE
2026-09-14 14:58:43,BNE.02,ITABAL8,0.0,1.52,SAFE
2026-09-14 14:58:43,BNE.03,ITABAL8,0.0,0.63,SAFE
2026-09-14 14:58:43,BNE.04,ITABAL8,0.0,0.55,SAFE
2026-09-14 14:59:00,BNY.03,CSA BONTANG SIS,0.0,0.97,SAFE
2026-09-14 14:59:00,BTG.03,CSA BONTANG SIS,0.0,9.36,SAFE
2026-09-14 14:59:00,BTG.04,CSA BONTANG SIS,0.0,175.0,SAFE
2026-09-14 14:59:00,FLR.02,CSA BONTANG SIS,0.0,0.75,SAFE
2026-09-11 04:03:18,JKT.01,ITABAL9,0.0,25.36,SAFE
2026-09-11 04:03:18,JKT.02,ITABAL9,0.0,7.78,SAFE
2026-09-11 04:03:18,JKT.03,ITABAL9,0.0,4.16,SAFE
2026-09-11 04:03:18,JKT.04,ITABAL9,0.0,1.17,SAFE
2026-09-11 04:03:18,JKT.05,ITABAL9,0.0,5.68,SAFE
2026-09-11 04:03:18,JKT.06,ITABAL9,0.0,7.45,SAFE
2026-09-11 04:03:18,JKT.07,ITABAL9,0.0,11.55,SAFE
2026-09-11 04:03:18,JKT.08,ITABAL9,0.0,4.26,SAFE
2026-09-14 14:58:43,JMB.01,ITABAL8,0.0,3.07,SAFE
2026-09-14 14:58:43,JMB.03,ITABAL8,0.0,1.02,SAFE
2026-09-11 04:03:18,JMB.04,ITABAL9,0.0,0.77,SAFE
2026-09-14 14:58:00,KRC.02,VP SABANG TIMUR SIS,0.0,1.04,SAFE
2026-09-14 14:58:43,KRC.03,ITABAL8,0.0,1.31,SAFE
2026-09-14 14:58:00,KRC.05,VP SABANG TIMUR SIS,0.0,1.93,SAFE
2026-09-14 14:58:00,KRC.07,VP SABANG TIMUR SIS,0.0,2.15,SAFE
2026-09-14 14:58:43,LHT.01,ITABAL8,0.0,5.84,SAFE
2026-09-14 14:58:43,LPG.01,ITABAL8,0.0,2.05,SAFE
2026-09-14 14:58:43,LPG.02,ITABAL8,0.0,12.03,SAFE
2026-09-14 14:58:43,LPG.03,ITABAL8,0.0,6.96,SAFE
2026-09-14 14:58:43,LPG.06,ITABAL8,0.0,6.69,SAFE
2026-09-14 14:58:43,LPG.07,ITABAL8,0.0,12.92,SAFE
2026-09-14 14:58:43,MDN.01,ITABAL8,0.0,3.37,SAFE
2026-09-14 14:58:43,MDN.02,ITABAL8,0.0,2.53,SAFE
2026-09-14 14:58:43,MDN.03,ITABAL8,0.0,7.25,SAFE
2026-09-14 14:58:43,MDN.04,ITABAL8,0.0,1.95,SAFE
2026-09-11 04:03:18,MIA.01,ITABAL9,0.0,1.22,SAFE
2026-09-11 04:03:18,MIA.02,ITABAL9,0.0,17.59,SAFE
2026-09-11 04:03:18,MIA.03,ITABAL9,0.0,4.28,SAFE
2026-09-14 14:59:00,MIA.04,PITSTOP AMBON SIS,0.0,2.31,SAFE
2026-09-11 04:03:18,MIA.05,ITABAL9,0.0,20.96,SAFE
2026-09-11 04:03:18,MIA.06,ITABAL9,0.0,1.16,SAFE
2026-09-14 14:59:00,MKS.01,CSA BONTANG SIS,0.0,0.72,SAFE
2026-09-14 14:59:00,MKS.02,PITSTOP AMBON SIS,0.0,1.06,SAFE
,MKS.03,ROM 13,0.0,8.2,SAFE
,MKS.04,ROM 13,0.0,3.08,SAFE
2026-09-14 14:59:00,MND.02,CSA BONTANG SIS,0.0,2.49,SAFE
2026-09-14 14:58:00,MRK.01,VP SABANG TIMUR SIS,0.0,1.65,SAFE
2026-09-14 14:59:00,MTM.01,PITSTOP AMBON SIS,0.0,1.64,SAFE
2026-09-14 14:59:00,MTP.01,PITSTOP AMBON SIS,0.0,1.01,SAFE
2026-09-14 14:58:00,MTR.01,VP SABANG TIMUR SIS,0.0,1.67,SAFE
2026-09-14 14:58:43,NIS.01,ITABAL8,0.0,0.57,SAFE
2026-09-14 14:58:43,NIS.02,ITABAL8,0.0,0.86,SAFE
2026-09-14 14:58:43,NIS.03,ITABAL8,0.0,1.03,SAFE
2026-09-11 04:03:18,PDG.01,ITABAL9,0.0,0.52,SAFE
2026-09-14 14:58:43,PLB.01,ITABAL8,0.0,1.87,SAFE
2026-09-14 14:58:43,PLB.02,ITABAL8,0.0,0.84,SAFE
2026-09-14 14:58:43,PLB.03,ITABAL8,0.0,2.0,SAFE
2026-09-14 14:58:43,PLB.04,ITABAL8,0.0,13.62,SAFE
2026-09-14 14:59:00,PLU.04,CSA BONTANG SIS,0.0,2.36,SAFE
2026-09-14 14:58:00,RIU.02,VP SABANG TIMUR SIS,0.0,0.61,SAFE
2026-09-14 14:58:00,RIU.04,VP SABANG TIMUR SIS,0.0,0.51,SAFE
2026-09-14 14:58:00,SBG.02,VP SABANG TIMUR SIS,0.0,1.91,SAFE
2026-09-14 14:58:00,SBG.03,VP SABANG TIMUR SIS,0.0,5.65,SAFE
2026-09-14 14:58:00,SBG.04,VP SABANG TIMUR SIS,0.0,0.63,SAFE
2026-09-14 14:58:00,SBG.05,VP SABANG TIMUR SIS,0.0,21.21,SAFE
2026-09-14 14:58:43,SBG.06,ITABAL8,0.0,14.52,SAFE
2026-09-14 14:58:00,SBG.08,VP SABANG TIMUR SIS,0.0,1.35,SAFE
2026-09-14 14:58:00,SBG.10,VP SABANG TIMUR SIS,0.0,2.05,SAFE
2026-09-14 14:58:00,SBG.11,VP SABANG TIMUR SIS,0.0,0.75,SAFE
2026-09-14 14:59:00,SGT.02,CSA BONTANG SIS,0.0,0.19,SAFE
2026-09-14 14:59:00,SMB.02,CSA BONTANG SIS,0.0,2.63,SAFE
2026-09-14 14:59:00,SMB.03,CSA BONTANG SIS,0.0,4.72,SAFE
2026-09-14 14:59:00,SNT.01,PITSTOP AMBON SIS,0.0,1.34,SAFE
2026-09-14 14:59:00,TJG.01,CSA BONTANG SIS,0.0,1.99,SAFE
2026-09-14 14:59:00,TJG.02,CSA BONTANG SIS,0.0,5.65,SAFE
2026-09-14 21:45:00,AMB.01,PITSTOP AMBON SIS,0.0,7.46,SAFE
2026-09-14 21:44:00,BDG.02,VP OB 1 SIS,0.0,19.31,SAFE
2026-09-14 21:44:00,BDG.03,VP OB 1 SIS,0.0,5.73,SAFE
2026-09-14 21:44:00,BDG.04,VP OB 1 SIS,0.0,1.07,SAFE
2026-09-11 04:03:18,BDG.05,ITABAL9,0.0,2.1,SAFE
2026-09-14 21:45:00,BGK.01,VP SABANG TIMUR SIS,0.0,1.59,SAFE
2026-09-14 21:45:00,BGK.02,VP SABANG TIMUR SIS,0.0,18.92,SAFE
2026-09-11 04:03:18,BGR.01,ITABAL9,0.0,1.34,SAFE
2026-09-14 21:45:00,BJB.03,CSA BONTANG SIS,0.0,1.34,SAFE
2026-09-14 21:45:00,BJM.01,PITSTOP AMBON SIS,0.0,3.86,SAFE
2026-09-14 21:45:00,BJM.02,CSA BONTANG SIS,0.0,1.68,SAFE
2026-09-14 21:44:52,BKL.01,ITABAL8,0.0,58.33,SAFE
2026-09-14 21:44:52,BKL.02,ITABAL8,0.0,0.72,SAFE
2026-09-14 21:44:52,BNE.02,ITABAL8,0.0,1.52,SAFE
2026-09-14 21:44:52,BNE.03,ITABAL8,0.0,0.63,SAFE
2026-09-14 21:44:52,BNE.04,ITABAL8,0.0,0.55,SAFE
2026-09-14 21:45:00,BNY.03,CSA BONTANG SIS,0.0,0.97,SAFE
2026-09-14 21:45:00,BTG.03,CSA BONTANG SIS,0.0,9.36,SAFE
2026-09-14 21:45:00,BTG.04,CSA BONTANG SIS,0.0,175.0,SAFE
2026-09-14 21:45:00,FLR.02,CSA BONTANG SIS,0.0,0.75,SAFE
2026-09-11 04:03:18,JKT.01,ITABAL9,0.0,25.36,SAFE
2026-09-11 04:03:18,JKT.02,ITABAL9,0.0,7.78,SAFE
2026-09-11 04:03:18,JKT.03,ITABAL9,0.0,4.16,SAFE
2026-09-11 04:03:18,JKT.04,ITABAL9,0.0,1.17,SAFE
2026-09-11 04:03:18,JKT.05,ITABAL9,0.0,5.68,SAFE
2026-09-11 04:03:18,JKT.06,ITABAL9,0.0,7.45,SAFE
2026-09-11 04:03:18,JKT.07,ITABAL9,0.0,11.55,SAFE
2026-09-11 04:03:18,JKT.08,ITABAL9,0.0,4.26,SAFE
2026-09-14 21:44:52,JMB.01,ITABAL8,0.0,3.07,SAFE
2026-09-14 21:44:52,JMB.03,ITABAL8,0.0,1.02,SAFE
2026-09-11 04:03:18,JMB.04,ITABAL9,0.0,0.77,SAFE
2026-09-14 21:45:00,KRC.02,VP SABANG TIMUR SIS,0.0,1.04,SAFE
2026-09-14 21:44:52,KRC.03,ITABAL8,0.0,1.31,SAFE
2026-09-14 21:45:00,KRC.05,VP SABANG TIMUR SIS,0.0,1.93,SAFE
2026-09-14 21:45:00,KRC.07,VP SABANG TIMUR SIS,0.0,2.15,SAFE
2026-09-14 21:44:52,LHT.01,ITABAL8,0.0,5.84,SAFE
2026-09-14 21:44:52,LPG.01,ITABAL8,0.0,2.05,SAFE
2026-09-14 21:44:52,LPG.02,ITABAL8,0.0,12.03,SAFE
2026-09-14 21:44:52,LPG.03,ITABAL8,0.0,6.96,SAFE
2026-09-14 21:44:52,LPG.06,ITABAL8,0.0,6.69,SAFE
2026-09-14 21:44:52,LPG.07,ITABAL8,0.0,12.92,SAFE
2026-09-14 21:44:52,MDN.01,ITABAL8,0.0,3.37,SAFE
2026-09-14 21:44:52,MDN.02,ITABAL8,0.0,2.53,SAFE
2026-09-14 21:44:52,MDN.03,ITABAL8,0.0,7.25,SAFE
2026-09-14 21:44:52,MDN.04,ITABAL8,0.0,1.95,SAFE
2026-09-11 04:03:18,MIA.01,ITABAL9,0.0,1.22,SAFE
2026-09-11 04:03:18,MIA.02,ITABAL9,0.0,17.59,SAFE
2026-09-11 04:03:18,MIA.03,ITABAL9,0.0,4.28,SAFE
2026-09-14 21:45:00,MIA.04,PITSTOP AMBON SIS,0.0,2.31,SAFE
2026-09-11 04:03:18,MIA.05,ITABAL9,0.0,20.96,SAFE
2026-09-11 04:03:18,MIA.06,ITABAL9,0.0,1.16,SAFE
2026-09-14 21:45:00,MKS.01,CSA BONTANG SIS,0.0,0.72,SAFE
2026-09-14 21:45:00,MKS.02,PITSTOP AMBON SIS,0.0,1.06,SAFE
,MKS.03,ROM 13,0.0,8.2,SAFE
,MKS.04,ROM 13,0.0,3.08,SAFE
2026-09-14 21:45:00,MND.02,CSA BONTANG SIS,0.0,2.49,SAFE
2026-09-14 21:45:00,MRK.01,VP SABANG TIMUR SIS,0.0,1.65,SAFE
2026-09-14 21:45:00,MTM.01,PITSTOP AMBON SIS,0.0,1.64,SAFE
2026-09-14 21:45:00,MTP.01,PITSTOP AMBON SIS,0.0,1.01,SAFE
2026-09-14 21:45:00,MTR.01,VP SABANG TIMUR SIS,0.0,1.67,SAFE
2026-09-14 21:44:52,NIS.01,ITABAL8,0.0,0.57,SAFE
2026-09-14 21:44:52,NIS.02,ITABAL8,0.0,0.86,SAFE
2026-09-14 21:44:52,NIS.03,ITABAL8,0.0,1.03,SAFE
2026-09-11 04:03:18,PDG.01,ITABAL9,0.0,0.52,SAFE
2026-09-14 21:44:52,PLB.01,ITABAL8,0.0,1.87,SAFE
2026-09-14 21:44:52,PLB.02,ITABAL8,0.0,0.84,SAFE
2026-09-14 21:44:52,PLB.03,ITABAL8,0.0,2.0,SAFE
2026-09-14 21:44:52,PLB.04,ITABAL8,0.0,13.62,SAFE
2026-09-14 21:45:00,PLU.04,CSA BONTANG SIS,0.0,2.36,SAFE
2026-09-14 21:45:00,RIU.02,VP SABANG TIMUR SIS,0.0,0.61,SAFE
2026-09-14 21:45:00,RIU.04,VP SABANG TIMUR SIS,0.0,0.51,SAFE
2026-09-14 21:45:00,SBG.02,VP SABANG TIMUR SIS,0.0,1.91,SAFE
2026-09-14 21:45:00,SBG.03,VP SABANG TIMUR SIS,0.0,5.65,SAFE
2026-09-14 21:45:00,SBG.04,VP SABANG TIMUR SIS,0.0,0.63,SAFE
2026-09-14 21:45:00,SBG.05,VP SABANG TIMUR SIS,0.0,21.21,SAFE
2026-09-14 21:44:52,SBG.06,ITABAL8,0.0,14.52,SAFE
2026-09-14 21:45:00,SBG.08,VP SABANG TIMUR SIS,0.0,1.35,SAFE
2026-09-14 21:45:00,SBG.10,VP SABANG TIMUR SIS,0.0,2.05,SAFE
2026-09-14 21:45:00,SBG.11,VP SABANG TIMUR SIS,0.0,0.75,SAFE
2026-09-14 21:45:00,SGT.02,CSA BONTANG SIS,0.0,0.19,SAFE
2026-09-14 21:45:00,SMB.02,CSA BONTANG SIS,0.0,2.63,SAFE
2026-09-14 21:45:00,SMB.03,CSA BONTANG SIS,0.0,4.72,SAFE
2026-09-14 21:45:00,SNT.01,PITSTOP AMBON SIS,0.0,1.34,SAFE
2026-09-14 21:45:00,TJG.01,CSA BONTANG SIS,0.0,1.99,SAFE
2026-09-14 21:45:00,TJG.02,CSA BONTANG SIS,0.0,5.65,SAFE
2026-09-14 23:59:00,AMB.01,PITSTOP AMBON SIS,0.0,7.46,SAFE
2026-09-14 23:59:00,BDG.02,VP OB 1 SIS,0.0,19.31,SAFE
2026-09-14 23:59:00,BDG.03,VP OB 1 SIS,0.0,5.73,SAFE
2026-09-14 23:59:00,BDG.04,VP OB 1 SIS,0.0,1.07,SAFE
2026-09-11 04:03:18,BDG.05,ITABAL9,0.0,2.1,SAFE
2026-09-14 23:59:00,BGK.01,VP SABANG TIMUR SIS,0.0,1.59,SAFE
2026-09-14 23:59:00,BGK.02,VP SABANG TIMUR SIS,0.0,18.92,SAFE
2026-09-11 04:03:18,BGR.01,ITABAL9,0.0,1.34,SAFE
2026-09-14 23:59:00,BJB.03,CSA BONTANG SIS,0.0,1.34,SAFE
2026-09-14 23:59:00,BJM.01,PITSTOP AMBON SIS,0.0,3.86,SAFE
2026-09-14 23:59:00,BJM.02,CSA BONTANG SIS,0.0,1.68,SAFE
2026-09-15 02:53:15,BKL.01,ITABAL8,0.0,58.33,SAFE
2026-09-15 02:53:15,BKL.02,ITABAL8,0.0,0.72,SAFE
2026-09-15 02:53:15,BNE.02,ITABAL8,0.0,1.52,SAFE
2026-09-15 02:53:15,BNE.03,ITABAL8,0.0,0.63,SAFE
2026-09-15 02:53:15,BNE.04,ITABAL8,0.0,0.55,SAFE
2026-09-14 23:59:00,BNY.03,CSA BONTANG SIS,0.0,0.97,SAFE
2026-09-14 23:59:00,BTG.03,CSA BONTANG SIS,0.0,9.36,SAFE
2026-09-14 23:59:00,BTG.04,CSA BONTANG SIS,0.0,175.0,SAFE
2026-09-14 23:59:00,FLR.02,CSA BONTANG SIS,0.0,0.75,SAFE
2026-09-11 04:03:18,JKT.01,ITABAL9,0.0,25.36,SAFE
2026-09-11 04:03:18,JKT.02,ITABAL9,0.0,7.78,SAFE
2026-09-11 04:03:18,JKT.03,ITABAL9,0.0,4.16,SAFE
2026-09-11 04:03:18,JKT.04,ITABAL9,0.0,1.17,SAFE
2026-09-11 04:03:18,JKT.05,ITABAL9,0.0,5.68,SAFE
2026-09-11 04:03:18,JKT.06,ITABAL9,0.0,7.45,SAFE
2026-09-11 04:03:18,JKT.07,ITABAL9,0.0,11.55,SAFE
2026-09-11 04:03:18,JKT.08,ITABAL9,0.0,4.26,SAFE
2026-09-15 02:53:15,JMB.01,ITABAL8,0.0,3.07,SAFE
2026-09-15 02:53:15,JMB.03,ITABAL8,0.0,1.02,SAFE
2026-09-11 04:03:18,JMB.04,ITABAL9,0.0,0.77,SAFE
2026-09-14 23:59:00,KRC.02,VP SABANG TIMUR SIS,0.0,1.04,SAFE
2026-09-15 02:53:15,KRC.03,ITABAL8,0.0,1.31,SAFE
2026-09-14 23:59:00,KRC.05,VP SABANG TIMUR SIS,0.0,1.93,SAFE
2026-09-14 23:59:00,KRC.07,VP SABANG TIMUR SIS,0.0,2.15,SAFE
2026-09-15 02:53:15,LHT.01,ITABAL8,0.0,5.84,SAFE
2026-09-15 02:53:15,LPG.01,ITABAL8,0.0,2.05,SAFE
2026-09-15 02:53:15,LPG.02,ITABAL8,0.0,12.03,SAFE
2026-09-15 02:53:15,LPG.03,ITABAL8,0.0,6.96,SAFE
2026-09-15 02:53:15,LPG.06,ITABAL8,0.0,6.69,SAFE
2026-09-15 02:53:15,LPG.07,ITABAL8,0.0,12.92,SAFE
2026-09-15 02:53:15,MDN.01,ITABAL8,0.0,3.37,SAFE
2026-09-15 02:53:15,MDN.02,ITABAL8,0.0,2.53,SAFE
2026-09-15 02:53:15,MDN.03,ITABAL8,0.0,7.25,SAFE
2026-09-15 02:53:15,MDN.04,ITABAL8,0.0,1.95,SAFE
2026-09-11 04:03:18,MIA.01,ITABAL9,0.0,1.22,SAFE
2026-09-11 04:03:18,MIA.02,ITABAL9,0.0,17.59,SAFE
2026-09-11 04:03:18,MIA.03,ITABAL9,0.0,4.28,SAFE
2026-09-14 23:59:00,MIA.04,PITSTOP AMBON SIS,0.0,2.31,SAFE
2026-09-11 04:03:18,MIA.05,ITABAL9,0.0,20.96,SAFE
2026-09-11 04:03:18,MIA.06,ITABAL9,0.0,1.16,SAFE
2026-09-14 23:59:00,MKS.01,CSA BONTANG SIS,0.0,0.72,SAFE
2026-09-14 23:59:00,MKS.02,PITSTOP AMBON SIS,0.0,1.06,SAFE
,MKS.03,ROM 13,0.0,8.2,SAFE
,MKS.04,ROM 13,0.0,3.08,SAFE
2026-09-14 23:59:00,MND.02,CSA BONTANG SIS,0.0,2.49,SAFE
2026-09-14 23:59:00,MRK.01,VP SABANG TIMUR SIS,0.0,1.65,SAFE
2026-09-14 23:59:00,MTM.01,PITSTOP AMBON SIS,0.0,1.64,SAFE
2026-09-14 23:59:00,MTP.01,PITSTOP AMBON SIS,0.0,1.01,SAFE
2026-09-14 23:59:00,MTR.01,VP SABANG TIMUR SIS,0.0,1.67,SAFE
2026-09-15 02:53:15,NIS.01,ITABAL8,0.0,0.57,SAFE
2026-09-15 02:53:15,NIS.02,ITABAL8,0.0,0.86,SAFE
2026-09-15 02:53:15,NIS.03,ITABAL8,0.0,1.03,SAFE
2026-09-11 04:03:18,PDG.01,ITABAL9,0.0,0.52,SAFE
2026-09-15 02:53:15,PLB.01,ITABAL8,0.0,1.87,SAFE
2026-09-15 02:53:15,PLB.02,ITABAL8,0.0,0.84,SAFE
2026-09-15 02:53:15,PLB.03,ITABAL8,0.0,2.0,SAFE
2026-09-15 02:53:15,PLB.04,ITABAL8,0.0,13.62,SAFE
2026-09-14 23:59:00,PLU.04,CSA BONTANG SIS,0.0,2.36,SAFE
2026-09-14 23:59:00,RIU.02,VP SABANG TIMUR SIS,0.0,0.61,SAFE
2026-09-14 23:59:00,RIU.04,VP SABANG TIMUR SIS,0.0,0.51,SAFE
2026-09-14 23:59:00,SBG.02,VP SABANG TIMUR SIS,0.0,1.91,SAFE
2026-09-14 23:59:00,SBG.03,VP SABANG TIMUR SIS,0.0,5.65,SAFE
2026-09-14 23:59:00,SBG.04,VP SABANG TIMUR SIS,0.0,0.63,SAFE
2026-09-14 23:59:00,SBG.05,VP SABANG TIMUR SIS,0.0,21.21,SAFE
2026-09-15 02:53:15,SBG.06,ITABAL8,0.0,14.52,SAFE
2026-09-14 23:59:00,SBG.08,VP SABANG TIMUR SIS,0.0,1.35,SAFE
2026-09-14 23:59:00,SBG.10,VP SABANG TIMUR SIS,0.0,2.05,SAFE
2026-09-14 23:59:00,SBG.11,VP SABANG TIMUR SIS,0.0,0.75,SAFE
2026-09-14 23:59:00,SGT.02,CSA BONTANG SIS,0.0,0.19,SAFE
2026-09-14 23:59:00,SMB.02,CSA BONTANG SIS,0.0,2.63,SAFE
2026-09-14 23:59:00,SMB.03,CSA BONTANG SIS,0.0,4.72,SAFE
2026-09-14 23:59:00,SNT.01,PITSTOP AMBON SIS,0.0,1.34,SAFE
2026-09-14 23:59:00,TJG.01,CSA BONTANG SIS,0.0,1.99,SAFE
2026-09-14 23:59:00,TJG.02,CSA BONTANG SIS,0.0,5.65,SAFE
2026-09-14 23:59:00,AMB.01,PITSTOP AMBON SIS,0.0,7.46,SAFE
2026-09-14 23:59:00,BDG.02,VP OB 1 SIS,0.0,19.31,SAFE
2026-09-14 23:59:00,BDG.03,VP OB 1 SIS,0.0,5.73,SAFE
2026-09-14 23:59:00,BDG.04,VP OB 1 SIS,0.0,1.07,SAFE
2026-09-11 04:03:18,BDG.05,ITABAL9,0.0,2.1,SAFE
2026-09-14 23:59:00,BGK.01,VP SABANG TIMUR SIS,0.0,1.59,SAFE
2026-09-14 23:59:00,BGK.02,VP SABANG TIMUR SIS,0.0,18.92,SAFE
2026-09-11 04:03:18,BGR.01,ITABAL9,0.0,1.34,SAFE
2026-09-14 23:59:00,BJB.03,CSA BONTANG SIS,0.0,1.34,SAFE
2026-09-14 23:59:00,BJM.01,PITSTOP AMBON SIS,0.0,3.86,SAFE
2026-09-14 23:59:00,BJM.02,CSA BONTANG SIS,0.0,1.68,SAFE
2026-09-15 06:10:05,BKL.01,ITABAL8,0.0,58.33,SAFE
2026-09-15 06:10:05,BKL.02,ITABAL8,0.0,0.72,SAFE
2026-09-15 06:10:05,BNE.02,ITABAL8,0.0,1.52,SAFE
2026-09-15 06:10:05,BNE.03,ITABAL8,0.0,0.63,SAFE
2026-09-15 06:10:05,BNE.04,ITABAL8,0.0,0.55,SAFE
2026-09-14 23:59:00,BNY.03,CSA BONTANG SIS,0.0,0.97,SAFE
2026-09-14 23:59:00,BTG.03,CSA BONTANG SIS,0.0,9.36,SAFE
2026-09-14 23:59:00,BTG.04,CSA BONTANG SIS,0.0,175.0,SAFE
2026-09-14 23:59:00,FLR.02,CSA BONTANG SIS,0.0,0.75,SAFE
2026-09-11 04:03:18,JKT.01,ITABAL9,0.0,25.36,SAFE
2026-09-11 04:03:18,JKT.02,ITABAL9,0.0,7.78,SAFE
2026-09-11 04:03:18,JKT.03,ITABAL9,0.0,4.16,SAFE
2026-09-11 04:03:18,JKT.04,ITABAL9,0.0,1.17,SAFE
2026-09-11 04:03:18,JKT.05,ITABAL9,0.0,5.68,SAFE
2026-09-11 04:03:18,JKT.06,ITABAL9,0.0,7.45,SAFE
2026-09-11 04:03:18,JKT.07,ITABAL9,0.0,11.55,SAFE
2026-09-11 04:03:18,JKT.08,ITABAL9,0.0,4.26,SAFE
2026-09-15 06:10:05,JMB.01,ITABAL8,0.0,3.07,SAFE
2026-09-15 06:10:05,JMB.03,ITABAL8,0.0,1.02,SAFE
2026-09-11 04:03:18,JMB.04,ITABAL9,0.0,0.77,SAFE
2026-09-14 23:59:00,KRC.02,VP SABANG TIMUR SIS,0.0,1.04,SAFE
2026-09-15 06:10:05,KRC.03,ITABAL8,0.0,1.31,SAFE
2026-09-14 23:59:00,KRC.05,VP SABANG TIMUR SIS,0.0,1.93,SAFE
2026-09-14 23:59:00,KRC.07,VP SABANG TIMUR SIS,0.0,2.15,SAFE
2026-09-15 06:10:05,LHT.01,ITABAL8,0.0,5.84,SAFE
2026-09-15 06:10:05,LPG.01,ITABAL8,0.0,2.05,SAFE
2026-09-15 06:10:05,LPG.02,ITABAL8,0.0,12.03,SAFE
2026-09-15 06:10:05,LPG.03,ITABAL8,0.0,6.96,SAFE
2026-09-15 06:10:05,LPG.06,ITABAL8,0.0,6.69,SAFE
2026-09-15 06:10:05,LPG.07,ITABAL8,0.0,12.92,SAFE
2026-09-15 06:10:05,MDN.01,ITABAL8,0.0,3.37,SAFE
2026-09-15 06:10:05,MDN.02,ITABAL8,0.0,2.53,SAFE
2026-09-15 06:10:05,MDN.03,ITABAL8,0.0,7.25,SAFE
2026-09-15 06:10:05,MDN.04,ITABAL8,0.0,1.95,SAFE
2026-09-11 04:03:18,MIA.01,ITABAL9,0.0,1.22,SAFE
2026-09-11 04:03:18,MIA.02,ITABAL9,0.0,17.59,SAFE
2026-09-11 04:03:18,MIA.03,ITABAL9,0.0,4.28,SAFE
2026-09-14 23:59:00,MIA.04,PITSTOP AMBON SIS,0.0,2.31,SAFE
2026-09-11 04:03:18,MIA.05,ITABAL9,0.0,20.96,SAFE
2026-09-11 04:03:18,MIA.06,ITABAL9,0.0,1.16,SAFE
2026-09-14 23:59:00,MKS.01,CSA BONTANG SIS,0.0,0.72,SAFE
2026-09-14 23:59:00,MKS.02,PITSTOP AMBON SIS,0.0,1.06,SAFE
,MKS.03,ROM 13,0.0,8.2,SAFE
,MKS.04,ROM 13,0.0,3.08,SAFE
2026-09-14 23:59:00,MND.02,CSA BONTANG SIS,0.0,2.49,SAFE
2026-09-14 23:59:00,MRK.01,VP SABANG TIMUR SIS,0.0,1.65,SAFE
2026-09-14 23:59:00,MTM.01,PITSTOP AMBON SIS,0.0,1.64,SAFE
2026-09-14 23:59:00,MTP.01,PITSTOP AMBON SIS,0.0,1.01,SAFE
2026-09-14 23:59:00,MTR.01,VP SABANG TIMUR SIS,0.0,1.67,SAFE
2026-09-15 06:10:05,NIS.01,ITABAL8,0.0,0.57,SAFE
2026-09-15 06:10:05,NIS.02,ITABAL8,0.0,0.86,SAFE
2026-09-15 06:10:05,NIS.03,ITABAL8,0.0,1.03,SAFE
2026-09-11 04:03:18,PDG.01,ITABAL9,0.0,0.52,SAFE
2026-09-15 06:10:05,PLB.01,ITABAL8,0.0,1.87,SAFE
2026-09-15 06:10:05,PLB.02,ITABAL8,0.0,0.84,SAFE
2026-09-15 06:10:05,PLB.03,ITABAL8,0.0,2.0,SAFE
2026-09-15 06:10:05,PLB.04,ITABAL8,0.0,13.62,SAFE
2026-09-14 23:59:00,PLU.04,CSA BONTANG SIS,0.0,2.36,SAFE
2026-09-14 23:59:00,RIU.02,VP SABANG TIMUR SIS,0.0,0.61,SAFE
2026-09-14 23:59:00,RIU.04,VP SABANG TIMUR SIS,0.0,0.51,SAFE
2026-09-14 23:59:00,SBG.02,VP SABANG TIMUR SIS,0.0,1.91,SAFE
2026-09-14 23:59:00,SBG.03,VP SABANG TIMUR SIS,0.0,5.65,SAFE
2026-09-14 23:59:00,SBG.04,VP SABANG TIMUR SIS,0.0,0.63,SAFE
2026-09-14 23:59:00,SBG.05,VP SABANG TIMUR SIS,0.0,21.21,SAFE
2026-09-15 06:10:05,SBG.06,ITABAL8,0.0,14.52,SAFE
2026-09-14 23:59:00,SBG.08,VP SABANG TIMUR SIS,0.0,1.35,SAFE
2026-09-14 23:59:00,SBG.10,VP SABANG TIMUR SIS,0.0,2.05,SAFE
2026-09-14 23:59:00,SBG.11,VP SABANG TIMUR SIS,0.0,0.75,SAFE
2026-09-14 23:59:00,SGT.02,CSA BONTANG SIS,0.0,0.19,SAFE
2026-09-14 23:59:00,SMB.02,CSA BONTANG SIS,0.0,2.63,SAFE
2026-09-14 23:59:00,SMB.03,CSA BONTANG SIS,0.0,4.72,SAFE
2026-09-14 23:59:00,SNT.01,PITSTOP AMBON SIS,0.0,1.34,SAFE
2026-09-14 23:59:00,TJG.01,CSA BONTANG SIS,0.0,1.99,SAFE
2026-09-14 23:59:00,TJG.02,CSA BONTANG SIS,0.0,5.65,SAFE
2026-09-15 08:37:00,AMB.01,PITSTOP AMBON SIS,0.0,7.46,SAFE
2026-09-15 08:36:00,BDG.02,VP OB 1 SIS,0.0,19.31,SAFE
2026-09-15 08:36:00,BDG.03,VP OB 1 SIS,0.0,5.73,SAFE
2026-09-15 08:36:00,BDG.04,VP OB 1 SIS,0.0,1.07,SAFE
2026-09-11 04:03:18,BDG.05,ITABAL9,0.0,2.1,SAFE
2026-09-15 08:36:00,BGK.01,VP SABANG TIMUR SIS,0.0,1.59,SAFE
2026-09-15 08:36:00,BGK.02,VP SABANG TIMUR SIS,0.0,18.92,SAFE
2026-09-11 04:03:18,BGR.01,ITABAL9,0.0,1.34,SAFE
2026-09-15 08:36:00,BJB.03,CSA BONTANG SIS,0.0,1.34,SAFE
2026-09-15 08:37:00,BJM.01,PITSTOP AMBON SIS,0.0,3.86,SAFE
2026-09-15 08:36:00,BJM.02,CSA BONTANG SIS,0.0,1.68,SAFE
2026-09-15 08:36:34,BKL.01,ITABAL8,0.0,58.33,SAFE
2026-09-15 08:36:34,BKL.02,ITABAL8,0.0,0.72,SAFE
2026-09-15 08:36:34,BNE.02,ITABAL8,0.0,1.52,SAFE
2026-09-15 08:36:34,BNE.03,ITABAL8,0.0,0.63,SAFE
2026-09-15 08:36:34,BNE.04,ITABAL8,0.0,0.55,SAFE
2026-09-15 08:36:00,BNY.03,CSA BONTANG SIS,0.0,0.97,SAFE
2026-09-15 08:36:00,BTG.03,CSA BONTANG SIS,0.0,9.36,SAFE
2026-09-15 08:36:00,BTG.04,CSA BONTANG SIS,0.0,175.0,SAFE
2026-09-15 08:36:00,FLR.02,CSA BONTANG SIS,0.0,0.75,SAFE
2026-09-11 04:03:18,JKT.01,ITABAL9,0.0,25.36,SAFE
2026-09-11 04:03:18,JKT.02,ITABAL9,0.0,7.78,SAFE
2026-09-11 04:03:18,JKT.03,ITABAL9,0.0,4.16,SAFE
2026-09-11 04:03:18,JKT.04,ITABAL9,0.0,1.17,SAFE
2026-09-11 04:03:18,JKT.05,ITABAL9,0.0,5.68,SAFE
2026-09-11 04:03:18,JKT.06,ITABAL9,0.0,7.45,SAFE
2026-09-11 04:03:18,JKT.07,ITABAL9,0.0,11.55,SAFE
2026-09-11 04:03:18,JKT.08,ITABAL9,0.0,4.26,SAFE
2026-09-15 08:36:34,JMB.01,ITABAL8,0.0,3.07,SAFE
2026-09-15 08:36:34,JMB.03,ITABAL8,0.0,1.02,SAFE
2026-09-11 04:03:18,JMB.04,ITABAL9,0.0,0.77,SAFE
2026-09-15 08:36:00,KRC.02,VP SABANG TIMUR SIS,0.0,1.04,SAFE
2026-09-15 08:36:34,KRC.03,ITABAL8,0.0,1.31,SAFE
2026-09-15 08:36:00,KRC.05,VP SABANG TIMUR SIS,0.0,1.93,SAFE
2026-09-15 08:36:00,KRC.07,VP SABANG TIMUR SIS,0.0,2.15,SAFE
2026-09-15 08:36:34,LHT.01,ITABAL8,0.0,5.84,SAFE
2026-09-15 08:36:34,LPG.01,ITABAL8,0.0,2.05,SAFE
2026-09-15 08:36:34,LPG.02,ITABAL8,0.0,12.03,SAFE
2026-09-15 08:36:34,LPG.03,ITABAL8,0.0,6.96,SAFE
2026-09-15 08:36:34,LPG.06,ITABAL8,0.0,6.69,SAFE
2026-09-15 08:36:34,LPG.07,ITABAL8,0.0,12.92,SAFE
2026-09-15 08:36:34,MDN.01,ITABAL8,0.0,3.37,SAFE
2026-09-15 08:36:34,MDN.02,ITABAL8,0.0,2.53,SAFE
2026-09-15 08:36:34,MDN.03,ITABAL8,0.0,7.25,SAFE
2026-09-15 08:36:34,MDN.04,ITABAL8,0.0,1.95,SAFE
2026-09-11 04:03:18,MIA.01,ITABAL9,0.0,1.22,SAFE
2026-09-11 04:03:18,MIA.02,ITABAL9,0.0,17.59,SAFE
2026-09-11 04:03:18,MIA.03,ITABAL9,0.0,4.28,SAFE
2026-09-15 08:37:00,MIA.04,PITSTOP AMBON SIS,0.0,2.31,SAFE
2026-09-11 04:03:18,MIA.05,ITABAL9,0.0,20.96,SAFE
2026-09-11 04:03:18,MIA.06,ITABAL9,0.0,1.16,SAFE
2026-09-15 08:36:00,MKS.01,CSA BONTANG SIS,0.0,0.72,SAFE
2026-09-15 08:37:00,MKS.02,PITSTOP AMBON SIS,0.0,1.06,SAFE
,MKS.03,ROM 13,0.0,8.2,SAFE
,MKS.04,ROM 13,0.0,3.08,SAFE
2026-09-15 08:36:00,MND.02,CSA BONTANG SIS,0.0,2.49,SAFE
2026-09-15 08:36:00,MRK.01,VP SABANG TIMUR SIS,0.0,1.65,SAFE
2026-09-15 08:37:00,MTM.01,PITSTOP AMBON SIS,0.0,1.64,SAFE
2026-09-15 08:37:00,MTP.01,PITSTOP AMBON SIS,0.0,1.01,SAFE
2026-09-15 08:36:00,MTR.01,VP SABANG TIMUR SIS,0.0,1.67,SAFE
2026-09-15 08:36:34,NIS.01,ITABAL8,0.0,0.57,SAFE
2026-09-15 08:36:34,NIS.02,ITABAL8,0.0,0.86,SAFE
2026-09-15 08:36:34,NIS.03,ITABAL8,0.0,1.03,SAFE
2026-09-11 04:03:18,PDG.01,ITABAL9,0.0,0.52,SAFE
2026-09-15 08:36:34,PLB.01,ITABAL8,0.0,1.87,SAFE
2026-09-15 08:36:34,PLB.02,ITABAL8,0.0,0.84,SAFE
2026-09-15 08:36:34,PLB.03,ITABAL8,0.0,2.0,SAFE
2026-09-15 08:36:34,PLB.04,ITABAL8,0.0,13.62,SAFE
2026-09-15 08:36:00,PLU.04,CSA BONTANG SIS,0.0,2.36,SAFE
2026-09-15 08:36:00,RIU.02,VP SABANG TIMUR SIS,0.0,0.61,SAFE
2026-09-15 08:36:00,RIU.04,VP SABANG TIMUR SIS,0.0,0.51,SAFE
2026-09-15 08:36:00,SBG.02,VP SABANG TIMUR SIS,0.0,1.91,SAFE
2026-09-15 08:36:00,SBG.03,VP SABANG TIMUR SIS,0.0,5.65,SAFE
2026-09-15 08:36:00,SBG.04,VP SABANG TIMUR SIS,0.0,0.63,SAFE
2026-09-15 08:36:00,SBG.05,VP SABANG TIMUR SIS,0.0,21.21,SAFE
2026-09-15 08:36:34,SBG.06,ITABAL8,0.0,14.52,SAFE
2026-09-15 08:36:00,SBG.08,VP SABANG TIMUR SIS,0.0,1.35,SAFE
2026-09-15 08:36:00,SBG.10,VP SABANG TIMUR SIS,0.0,2.05,SAFE
2026-09-15 08:36:00,SBG.11,VP SABANG TIMUR SIS,0.0,0.75,SAFE
2026-09-15 08:36:00,SGT.02,CSA BONTANG SIS,0.0,0.19,SAFE
2026-09-15 08:36:00,SMB.02,CSA BONTANG SIS,0.0,2.63,SAFE
2026-09-15 08:36:00,SMB.03,CSA BONTANG SIS,0.0,4.72,SAFE
2026-09-15 08:37:00,SNT.01,PITSTOP AMBON SIS,0.0,1.34,SAFE
2026-09-15 08:36:00,TJG.01,CSA BONTANG SIS,0.0,1.99,SAFE
2026-09-15 08:36:00,TJG.02,CSA BONTANG SIS,0.0,5.65,SAFE
2026-09-15 13:18:00,AMB.01,PITSTOP AMBON SIS,0.0,7.46,SAFE
2026-09-15 13:16:00,BDG.02,VP OB 1 SIS,0.0,19.31,SAFE
2026-09-15 13:16:00,BDG.03,VP OB 1 SIS,0.0,5.73,SAFE
2026-09-15 13:16:00,BDG.04,VP OB 1 SIS,0.0,1.07,SAFE
2026-09-11 04:03:18,BDG.05,ITABAL9,0.0,2.1,SAFE
2026-09-15 13:17:00,BGK.01,VP SABANG TIMUR SIS,0.0,1.59,SAFE
2026-09-15 13:17:00,BGK.02,VP SABANG TIMUR SIS,0.0,18.92,SAFE
2026-09-11 04:03:18,BGR.01,ITABAL9,0.0,1.34,SAFE
2026-09-15 13:17:00,BJB.03,CSA BONTANG SIS,0.0,1.34,SAFE
2026-09-15 13:18:00,BJM.01,PITSTOP AMBON SIS,0.0,3.86,SAFE
2026-09-15 13:17:00,BJM.02,CSA BONTANG SIS,0.0,1.68,SAFE
2026-09-15 13:17:04,BKL.01,ITABAL8,0.0,58.33,SAFE
2026-09-15 13:17:04,BKL.02,ITABAL8,0.0,0.72,SAFE
2026-09-15 13:17:04,BNE.02,ITABAL8,0.0,1.52,SAFE
2026-09-15 13:17:04,BNE.03,ITABAL8,0.0,0.63,SAFE
2026-09-15 13:17:04,BNE.04,ITABAL8,0.0,0.55,SAFE
2026-09-15 13:17:00,BNY.03,CSA BONTANG SIS,0.0,0.97,SAFE
2026-09-15 13:17:00,BTG.03,CSA BONTANG SIS,0.0,9.36,SAFE
2026-09-15 13:17:00,BTG.04,CSA BONTANG SIS,0.0,175.0,SAFE
2026-09-15 13:17:00,FLR.02,CSA BONTANG SIS,0.0,0.75,SAFE
2026-09-11 04:03:18,JKT.01,ITABAL9,0.0,25.36,SAFE
2026-09-11 04:03:18,JKT.02,ITABAL9,0.0,7.78,SAFE
2026-09-11 04:03:18,JKT.03,ITABAL9,0.0,4.16,SAFE
2026-09-11 04:03:18,JKT.04,ITABAL9,0.0,1.17,SAFE
2026-09-11 04:03:18,JKT.05,ITABAL9,0.0,5.68,SAFE
2026-09-11 04:03:18,JKT.06,ITABAL9,0.0,7.45,SAFE
2026-09-11 04:03:18,JKT.07,ITABAL9,0.0,11.55,SAFE
2026-09-11 04:03:18,JKT.08,ITABAL9,0.0,4.26,SAFE
2026-09-15 13:17:04,JMB.01,ITABAL8,0.0,3.07,SAFE
2026-09-15 13:17:04,JMB.03,ITABAL8,0.0,1.02,SAFE
2026-09-11 04:03:18,JMB.04,ITABAL9,0.0,0.77,SAFE
2026-09-15 13:17:00,KRC.02,VP SABANG TIMUR SIS,0.0,1.04,SAFE
2026-09-15 13:17:04,KRC.03,ITABAL8,0.0,1.31,SAFE
2026-09-15 13:17:00,KRC.05,VP SABANG TIMUR SIS,0.0,1.93,SAFE
2026-09-15 13:17:00,KRC.07,VP SABANG TIMUR SIS,0.0,2.15,SAFE
2026-09-15 13:17:04,LHT.01,ITABAL8,0.0,5.84,SAFE
2026-09-15 13:17:04,LPG.01,ITABAL8,0.0,2.05,SAFE
2026-09-15 13:17:04,LPG.02,ITABAL8,0.0,12.03,SAFE
2026-09-15 13:17:04,LPG.03,ITABAL8,0.0,6.96,SAFE
2026-09-15 13:17:04,LPG.06,ITABAL8,0.0,6.69,SAFE
2026-09-15 13:17:04,LPG.07,ITABAL8,0.0,12.92,SAFE
2026-09-15 13:17:04,MDN.01,ITABAL8,0.0,3.37,SAFE
2026-09-15 13:17:04,MDN.02,ITABAL8,0.0,2.53,SAFE
2026-09-15 13:17:04,MDN.03,ITABAL8,0.0,7.25,SAFE
2026-09-15 13:17:04,MDN.04,ITABAL8,0.0,1.95,SAFE
2026-09-11 04:03:18,MIA.01,ITABAL9,0.0,1.22,SAFE
2026-09-11 04:03:18,MIA.02,ITABAL9,0.0,17.59,SAFE
2026-09-11 04:03:18,MIA.03,ITABAL9,0.0,4.28,SAFE
2026-09-15 13:18:00,MIA.04,PITSTOP AMBON SIS,0.0,2.31,SAFE
2026-09-11 04:03:18,MIA.05,ITABAL9,0.0,20.96,SAFE
2026-09-11 04:03:18,MIA.06,ITABAL9,0.0,1.16,SAFE
2026-09-15 13:17:00,MKS.01,CSA BONTANG SIS,0.0,0.72,SAFE
2026-09-15 13:18:00,MKS.02,PITSTOP AMBON SIS,0.0,1.06,SAFE
,MKS.03,ROM 13,0.0,8.2,SAFE
,MKS.04,ROM 13,0.0,3.08,SAFE
2026-09-15 13:17:00,MND.02,CSA BONTANG SIS,0.0,2.49,SAFE
2026-09-15 13:17:00,MRK.01,VP SABANG TIMUR SIS,0.0,1.65,SAFE
2026-09-15 13:18:00,MTM.01,PITSTOP AMBON SIS,0.0,1.64,SAFE
2026-09-15 13:18:00,MTP.01,PITSTOP AMBON SIS,0.0,1.01,SAFE
2026-09-15 13:17:00,MTR.01,VP SABANG TIMUR SIS,0.0,1.67,SAFE
2026-09-15 13:17:04,NIS.01,ITABAL8,0.0,0.57,SAFE
2026-09-15 13:17:04,NIS.02,ITABAL8,0.0,0.86,SAFE
2026-09-15 13:17:04,NIS.03,ITABAL8,0.0,1.03,SAFE
2026-09-11 04:03:18,PDG.01,ITABAL9,0.0,0.52,SAFE
2026-09-15 13:17:04,PLB.01,ITABAL8,0.0,1.87,SAFE
2026-09-15 13:17:04,PLB.02,ITABAL8,0.0,0.84,SAFE
2026-09-15 13:17:04,PLB.03,ITABAL8,0.0,2.0,SAFE
2026-09-15 13:17:04,PLB.04,ITABAL8,0.0,13.62,SAFE
2026-09-15 13:17:00,PLU.04,CSA BONTANG SIS,0.0,2.36,SAFE
2026-09-15 13:17:00,RIU.02,VP SABANG TIMUR SIS,0.0,0.61,SAFE
2026-09-15 13:17:00,RIU.04,VP SABANG TIMUR SIS,0.0,0.51,SAFE
2026-09-15 13:17:00,SBG.02,VP SABANG TIMUR SIS,0.0,1.91,SAFE
2026-09-15 13:17:00,SBG.03,VP SABANG TIMUR SIS,0.0,5.65,SAFE
2026-09-15 13:17:00,SBG.04,VP SABANG TIMUR SIS,0.0,0.63,SAFE
2026-09-15 13:17:00,SBG.05,VP SABANG TIMUR SIS,0.0,21.21,SAFE
2026-09-15 13:17:04,SBG.06,ITABAL8,0.0,14.52,SAFE
2026-09-15 13:17:00,SBG.08,VP SABANG TIMUR SIS,0.0,1.35,SAFE
2026-09-15 13:17:00,SBG.10,VP SABANG TIMUR SIS,0.0,2.05,SAFE
2026-09-15 13:17:00,SBG.11,VP SABANG TIMUR SIS,0.0,0.75,SAFE
2026-09-15 13:17:00,SGT.02,CSA BONTANG SIS,0.0,0.19,SAFE
2026-09-15 13:17:00,SMB.02,CSA BONTANG SIS,0.0,2.63,SAFE
2026-09-15 13:17:00,SMB.03,CSA BONTANG SIS,0.0,4.72,SAFE
2026-09-15 13:18:00,SNT.01,PITSTOP AMBON SIS,0.0,1.34,SAFE
2026-09-15 13:17:00,TJG.01,CSA BONTANG SIS,0.0,1.99,SAFE
2026-09-15 13:17:00,TJG.02,CSA BONTANG SIS,0.0,5.65,SAFE
2026-09-15 18:09:00,AMB.01,PITSTOP AMBON SIS,0.0,7.46,SAFE
2026-09-15 18:08:00,BDG.02,VP OB 1 SIS,0.0,19.31,SAFE
2026-09-15 18:08:00,BDG.03,VP OB 1 SIS,0.0,5.73,SAFE
2026-09-15 18:08:00,BDG.04,VP OB 1 SIS,0.0,1.07,SAFE
2026-09-11 04:03:18,BDG.05,ITABAL9,0.0,2.1,SAFE
2026-09-15 18:08:00,BGK.01,VP SABANG TIMUR SIS,0.0,1.59,SAFE
2026-09-15 18:08:00,BGK.02,VP SABANG TIMUR SIS,0.0,18.92,SAFE
2026-09-11 04:03:18,BGR.01,ITABAL9,0.0,1.34,SAFE
2026-09-15 18:08:00,BJB.03,CSA BONTANG SIS,0.0,1.34,SAFE
2026-09-15 18:09:00,BJM.01,PITSTOP AMBON SIS,0.0,3.86,SAFE
2026-09-15 18:08:00,BJM.02,CSA BONTANG SIS,0.0,1.68,SAFE
2026-09-15 18:08:31,BKL.01,ITABAL8,0.0,58.33,SAFE
2026-09-15 18:08:31,BKL.02,ITABAL8,0.0,0.72,SAFE
2026-09-15 18:08:31,BNE.02,ITABAL8,0.0,1.52,SAFE
2026-09-15 18:08:31,BNE.03,ITABAL8,0.0,0.63,SAFE
2026-09-15 18:08:31,BNE.04,ITABAL8,0.0,0.55,SAFE
2026-09-15 18:08:00,BNY.03,CSA BONTANG SIS,0.0,0.97,SAFE
2026-09-15 18:08:00,BTG.03,CSA BONTANG SIS,0.0,9.36,SAFE
2026-09-15 18:08:00,BTG.04,CSA BONTANG SIS,0.0,175.0,SAFE
2026-09-15 18:08:00,FLR.02,CSA BONTANG SIS,0.0,0.75,SAFE
2026-09-11 04:03:18,JKT.01,ITABAL9,0.0,25.36,SAFE
2026-09-11 04:03:18,JKT.02,ITABAL9,0.0,7.78,SAFE
2026-09-11 04:03:18,JKT.03,ITABAL9,0.0,4.16,SAFE
2026-09-11 04:03:18,JKT.04,ITABAL9,0.0,1.17,SAFE
2026-09-11 04:03:18,JKT.05,ITABAL9,0.0,5.68,SAFE
2026-09-11 04:03:18,JKT.06,ITABAL9,0.0,7.45,SAFE
2026-09-11 04:03:18,JKT.07,ITABAL9,0.0,11.55,SAFE
2026-09-11 04:03:18,JKT.08,ITABAL9,0.0,4.26,SAFE
2026-09-15 18:08:31,JMB.01,ITABAL8,0.0,3.07,SAFE
2026-09-15 18:08:31,JMB.03,ITABAL8,0.0,1.02,SAFE
2026-09-11 04:03:18,JMB.04,ITABAL9,0.0,0.77,SAFE
2026-09-15 18:08:00,KRC.02,VP SABANG TIMUR SIS,0.0,1.04,SAFE
2026-09-15 18:08:31,KRC.03,ITABAL8,0.0,1.31,SAFE
2026-09-15 18:08:00,KRC.05,VP SABANG TIMUR SIS,0.0,1.93,SAFE
2026-09-15 18:08:00,KRC.07,VP SABANG TIMUR SIS,0.0,2.15,SAFE
2026-09-15 18:08:31,LHT.01,ITABAL8,0.0,5.84,SAFE
2026-09-15 18:08:31,LPG.01,ITABAL8,0.0,2.05,SAFE
2026-09-15 18:08:31,LPG.02,ITABAL8,0.0,12.03,SAFE
2026-09-15 18:08:31,LPG.03,ITABAL8,0.0,6.96,SAFE
2026-09-15 18:08:31,LPG.06,ITABAL8,0.0,6.69,SAFE
2026-09-15 18:08:31,LPG.07,ITABAL8,0.0,12.92,SAFE
2026-09-15 18:08:31,MDN.01,ITABAL8,0.0,3.37,SAFE
2026-09-15 18:08:31,MDN.02,ITABAL8,0.0,2.53,SAFE
2026-09-15 18:08:31,MDN.03,ITABAL8,0.0,7.25,SAFE
2026-09-15 18:08:31,MDN.04,ITABAL8,0.0,1.95,SAFE
2026-09-11 04:03:18,MIA.01,ITABAL9,0.0,1.22,SAFE
2026-09-11 04:03:18,MIA.02,ITABAL9,0.0,17.59,SAFE
2026-09-11 04:03:18,MIA.03,ITABAL9,0.0,4.28,SAFE
2026-09-15 18:09:00,MIA.04,PITSTOP AMBON SIS,0.0,2.31,SAFE
2026-09-11 04:03:18,MIA.05,ITABAL9,0.0,20.96,SAFE
2026-09-11 04:03:18,MIA.06,ITABAL9,0.0,1.16,SAFE
2026-09-15 18:08:00,MKS.01,CSA BONTANG SIS,0.0,0.72,SAFE
2026-09-15 18:09:00,MKS.02,PITSTOP AMBON SIS,0.0,1.06,SAFE
,MKS.03,ROM 13,0.0,8.2,SAFE
,MKS.04,ROM 13,0.0,3.08,SAFE
2026-09-15 18:08:00,MND.02,CSA BONTANG SIS,0.0,2.49,SAFE
2026-09-15 18:08:00,MRK.01,VP SABANG TIMUR SIS,0.0,1.65,SAFE
2026-09-15 18:09:00,MTM.01,PITSTOP AMBON SIS,0.0,1.64,SAFE
2026-09-15 18:09:00,MTP.01,PITSTOP AMBON SIS,0.0,1.01,SAFE
2026-09-15 18:08:00,MTR.01,VP SABANG TIMUR SIS,0.0,1.67,SAFE
2026-09-15 18:08:31,NIS.01,ITABAL8,0.0,0.57,SAFE
2026-09-15 18:08:31,NIS.02,ITABAL8,0.0,0.86,SAFE
2026-09-15 18:08:31,NIS.03,ITABAL8,0.0,1.03,SAFE
2026-09-11 04:03:18,PDG.01,ITABAL9,0.0,0.52,SAFE
2026-09-15 18:08:31,PLB.01,ITABAL8,0.0,1.87,SAFE
2026-09-15 18:08:31,PLB.02,ITABAL8,0.0,0.84,SAFE
2026-09-15 18:08:31,PLB.03,ITABAL8,0.0,2.0,SAFE
2026-09-15 18:08:31,PLB.04,ITABAL8,0.0,13.62,SAFE
2026-09-15 18:08:00,PLU.04,CSA BONTANG SIS,0.0,2.36,SAFE
2026-09-15 18:08:00,RIU.02,VP SABANG TIMUR SIS,0.0,0.61,SAFE
2026-09-15 18:08:00,RIU.04,VP SABANG TIMUR SIS,0.0,0.51,SAFE
2026-09-15 18:08:00,SBG.02,VP SABANG TIMUR SIS,0.0,1.91,SAFE
2026-09-15 18:08:00,SBG.03,VP SABANG TIMUR SIS,0.0,5.65,SAFE
2026-09-15 18:08:00,SBG.04,VP SABANG TIMUR SIS,0.0,0.63,SAFE
2026-09-15 18:08:00,SBG.05,VP SABANG TIMUR SIS,0.0,21.21,SAFE
2026-09-15 18:08:31,SBG.06,ITABAL8,0.0,14.52,SAFE
2026-09-15 18:08:00,SBG.08,VP SABANG TIMUR SIS,0.0,1.35,SAFE
2026-09-15 18:08:00,SBG.10,VP SABANG TIMUR SIS,0.0,2.05,SAFE
2026-09-15 18:08:00,SBG.11,VP SABANG TIMUR SIS,0.0,0.75,SAFE
2026-09-15 18:08:00,SGT.02,CSA BONTANG SIS,0.0,0.19,SAFE
2026-09-15 18:08:00,SMB.02,CSA BONTANG SIS,0.0,2.63,SAFE
2026-09-15 18:08:00,SMB.03,CSA BONTANG SIS,0.0,4.72,SAFE
2026-09-15 18:09:00,SNT.01,PITSTOP AMBON SIS,0.0,1.34,SAFE
2026-09-15 18:08:00,TJG.01,CSA BONTANG SIS,0.0,1.99,SAFE
2026-09-15 18:08:00,TJG.02,CSA BONTANG SIS,0.0,5.65,SAFE
2026-09-15 22:59:00,AMB.01,PITSTOP AMBON SIS,0.0,7.46,SAFE
2026-09-15 22:57:00,BDG.02,VP OB 1 SIS,0.0,19.31,SAFE
2026-09-15 22:57:00,BDG.03,VP OB 1 SIS,0.0,5.73,SAFE
2026-09-15 22:57:00,BDG.04,VP OB 1 SIS,0.0,1.07,SAFE
2026-09-11 04:03:18,BDG.05,ITABAL9,0.0,2.1,SAFE
2026-09-15 22:58:00,BGK.01,VP SABANG TIMUR SIS,0.0,1.59,SAFE
2026-09-15 22:58:00,BGK.02,VP SABANG TIMUR SIS,0.0,18.92,SAFE
2026-09-11 04:03:18,BGR.01,ITABAL9,0.0,1.34,SAFE
2026-09-15 22:58:00,BJB.03,CSA BONTANG SIS,0.0,1.34,SAFE
2026-09-15 22:59:00,BJM.01,PITSTOP AMBON SIS,0.0,3.86,SAFE
2026-09-15 22:58:00,BJM.02,CSA BONTANG SIS,0.0,1.68,SAFE
2026-09-15 22:58:02,BKL.01,ITABAL8,0.0,58.33,SAFE
2026-09-15 22:58:02,BKL.02,ITABAL8,0.0,0.72,SAFE
2026-09-15 22:58:02,BNE.02,ITABAL8,0.0,1.52,SAFE
2026-09-15 22:58:02,BNE.03,ITABAL8,0.0,0.63,SAFE
2026-09-15 22:58:02,BNE.04,ITABAL8,0.0,0.55,SAFE
2026-09-15 22:58:00,BNY.03,CSA BONTANG SIS,0.0,0.97,SAFE
2026-09-15 22:58:00,BTG.03,CSA BONTANG SIS,0.0,9.36,SAFE
2026-09-15 22:58:00,BTG.04,CSA BONTANG SIS,0.0,175.0,SAFE
2026-09-15 22:58:00,FLR.02,CSA BONTANG SIS,0.0,0.75,SAFE
2026-09-11 04:03:18,JKT.01,ITABAL9,0.0,25.36,SAFE
2026-09-11 04:03:18,JKT.02,ITABAL9,0.0,7.78,SAFE
2026-09-11 04:03:18,JKT.03,ITABAL9,0.0,4.16,SAFE
2026-09-11 04:03:18,JKT.04,ITABAL9,0.0,1.17,SAFE
2026-09-11 04:03:18,JKT.05,ITABAL9,0.0,5.68,SAFE
2026-09-11 04:03:18,JKT.06,ITABAL9,0.0,7.45,SAFE
2026-09-11 04:03:18,JKT.07,ITABAL9,0.0,11.55,SAFE
2026-09-11 04:03:18,JKT.08,ITABAL9,0.0,4.26,SAFE
2026-09-15 22:58:02,JMB.01,ITABAL8,0.0,3.07,SAFE
2026-09-15 22:58:02,JMB.03,ITABAL8,0.0,1.02,SAFE
2026-09-11 04:03:18,JMB.04,ITABAL9,0.0,0.77,SAFE
2026-09-15 22:58:00,KRC.02,VP SABANG TIMUR SIS,0.0,1.04,SAFE
2026-09-15 22:58:02,KRC.03,ITABAL8,0.0,1.31,SAFE
2026-09-15 22:58:00,KRC.05,VP SABANG TIMUR SIS,0.0,1.93,SAFE
2026-09-15 22:58:00,KRC.07,VP SABANG TIMUR SIS,0.0,2.15,SAFE
2026-09-15 22:58:02,LHT.01,ITABAL8,0.0,5.84,SAFE
2026-09-15 22:58:02,LPG.01,ITABAL8,0.0,2.05,SAFE
2026-09-15 22:58:02,LPG.02,ITABAL8,0.0,12.03,SAFE
2026-09-15 22:58:02,LPG.03,ITABAL8,0.0,6.96,SAFE
2026-09-15 22:58:02,LPG.06,ITABAL8,0.0,6.69,SAFE
2026-09-15 22:58:02,LPG.07,ITABAL8,0.0,12.92,SAFE
2026-09-15 22:58:02,MDN.01,ITABAL8,0.0,3.37,SAFE
2026-09-15 22:58:02,MDN.02,ITABAL8,0.0,2.53,SAFE
2026-09-15 22:58:02,MDN.03,ITABAL8,0.0,7.25,SAFE
2026-09-15 22:58:02,MDN.04,ITABAL8,0.0,1.95,SAFE
2026-09-11 04:03:18,MIA.01,ITABAL9,0.0,1.22,SAFE
2026-09-11 04:03:18,MIA.02,ITABAL9,0.0,17.59,SAFE
2026-09-11 04:03:18,MIA.03,ITABAL9,0.0,4.28,SAFE
2026-09-15 22:59:00,MIA.04,PITSTOP AMBON SIS,0.0,2.31,SAFE
2026-09-11 04:03:18,MIA.05,ITABAL9,0.0,20.96,SAFE
2026-09-11 04:03:18,MIA.06,ITABAL9,0.0,1.16,SAFE
2026-09-15 22:58:00,MKS.01,CSA BONTANG SIS,0.0,0.72,SAFE
2026-09-15 22:59:00,MKS.02,PITSTOP AMBON SIS,0.0,1.06,SAFE
,MKS.03,ROM 13,0.0,8.2,SAFE
,MKS.04,ROM 13,0.0,3.08,SAFE
2026-09-15 22:58:00,MND.02,CSA BONTANG SIS,0.0,2.49,SAFE
2026-09-15 22:58:00,MRK.01,VP SABANG TIMUR SIS,0.0,1.65,SAFE
2026-09-15 22:59:00,MTM.01,PITSTOP AMBON SIS,0.0,1.64,SAFE
2026-09-15 22:59:00,MTP.01,PITSTOP AMBON SIS,0.0,1.01,SAFE
2026-09-15 22:58:00,MTR.01,VP SABANG TIMUR SIS,0.0,1.67,SAFE
2026-09-15 22:58:02,NIS.01,ITABAL8,0.0,0.57,SAFE
2026-09-15 22:58:02,NIS.02,ITABAL8,0.0,0.86,SAFE
2026-09-15 22:58:02,NIS.03,ITABAL8,0.0,1.03,SAFE
2026-09-11 04:03:18,PDG.01,ITABAL9,0.0,0.52,SAFE
2026-09-15 22:58:02,PLB.01,ITABAL8,0.0,1.87,SAFE
2026-09-15 22:58:02,PLB.02,ITABAL8,0.0,0.84,SAFE
2026-09-15 22:58:02,PLB.03,ITABAL8,0.0,2.0,SAFE
2026-09-15 22:58:02,PLB.04,ITABAL8,0.0,13.62,SAFE
2026-09-15 22:58:00,PLU.04,CSA BONTANG SIS,0.0,2.36,SAFE
2026-09-15 22:58:00,RIU.02,VP SABANG TIMUR SIS,0.0,0.61,SAFE
2026-09-15 22:58:00,RIU.04,VP SABANG TIMUR SIS,0.0,0.51,SAFE
2026-09-15 22:58:00,SBG.02,VP SABANG TIMUR SIS,0.0,1.91,SAFE
2026-09-15 22:58:00,SBG.03,VP SABANG TIMUR SIS,0.0,5.65,SAFE
2026-09-15 22:58:00,SBG.04,VP SABANG TIMUR SIS,0.0,0.63,SAFE
2026-09-15 22:58:00,SBG.05,VP SABANG TIMUR SIS,0.0,21.21,SAFE
2026-09-15 22:58:02,SBG.06,ITABAL8,0.0,14.52,SAFE
2026-09-15 22:58:00,SBG.08,VP SABANG TIMUR SIS,0.0,1.35,SAFE
2026-09-15 22:58:00,SBG.10,VP SABANG TIMUR SIS,0.0,2.05,SAFE
2026-09-15 22:58:00,SBG.11,VP SABANG TIMUR SIS,0.0,0.75,SAFE
2026-09-15 22:58:00,SGT.02,CSA BONTANG SIS,0.0,0.19,SAFE
2026-09-15 22:58:00,SMB.02,CSA BONTANG SIS,0.0,2.63,SAFE
2026-09-15 22:58:00,SMB.03,CSA BONTANG SIS,0.0,4.72,SAFE
2026-09-15 22:59:00,SNT.01,PITSTOP AMBON SIS,0.0,1.34,SAFE
2026-09-15 22:58:00,TJG.01,CSA BONTANG SIS,0.0,1.99,SAFE
2026-09-15 22:58:00,TJG.02,CSA BONTANG SIS,0.0,5.65,SAFE
2026-09-15 23:59:00,AMB.01,PITSTOP AMBON SIS,0.0,7.46,SAFE
2026-09-15 23:59:00,BDG.02,VP OB 1 SIS,0.0,19.31,SAFE
2026-09-15 23:59:00,BDG.03,VP OB 1 SIS,0.0,5.73,SAFE
2026-09-15 23:59:00,BDG.04,VP OB 1 SIS,0.0,1.07,SAFE
2026-09-11 04:03:18,BDG.05,ITABAL9,0.0,2.1,SAFE
2026-09-15 23:59:00,BGK.01,VP SABANG TIMUR SIS,0.0,1.59,SAFE
2026-09-15 23:59:00,BGK.02,VP SABANG TIMUR SIS,0.0,18.92,SAFE
2026-09-11 04:03:18,BGR.01,ITABAL9,0.0,1.34,SAFE
2026-09-15 23:59:00,BJB.03,CSA BONTANG SIS,0.0,1.34,SAFE
2026-09-15 23:59:00,BJM.01,PITSTOP AMBON SIS,0.0,3.86,SAFE
2026-09-15 23:59:00,BJM.02,CSA BONTANG SIS,0.0,1.68,SAFE
2026-09-16 02:44:06,BKL.01,ITABAL8,0.0,58.33,SAFE
2026-09-16 02:44:06,BKL.02,ITABAL8,0.0,0.72,SAFE
2026-09-16 02:44:06,BNE.02,ITABAL8,0.0,1.52,SAFE
2026-09-16 02:44:06,BNE.03,ITABAL8,0.0,0.63,SAFE
2026-09-16 02:44:06,BNE.04,ITABAL8,0.0,0.55,SAFE
2026-09-15 23:59:00,BNY.03,CSA BONTANG SIS,0.0,0.97,SAFE
2026-09-15 23:59:00,BTG.03,CSA BONTANG SIS,0.0,9.36,SAFE
2026-09-15 23:59:00,BTG.04,CSA BONTANG SIS,0.0,175.0,SAFE
2026-09-15 23:59:00,FLR.02,CSA BONTANG SIS,0.0,0.75,SAFE
2026-09-11 04:03:18,JKT.01,ITABAL9,0.0,25.36,SAFE
2026-09-11 04:03:18,JKT.02,ITABAL9,0.0,7.78,SAFE
2026-09-11 04:03:18,JKT.03,ITABAL9,0.0,4.16,SAFE
2026-09-11 04:03:18,JKT.04,ITABAL9,0.0,1.17,SAFE
2026-09-11 04:03:18,JKT.05,ITABAL9,0.0,5.68,SAFE
2026-09-11 04:03:18,JKT.06,ITABAL9,0.0,7.45,SAFE
2026-09-11 04:03:18,JKT.07,ITABAL9,0.0,11.55,SAFE
2026-09-11 04:03:18,JKT.08,ITABAL9,0.0,4.26,SAFE
2026-09-16 02:44:06,JMB.01,ITABAL8,0.0,3.07,SAFE
2026-09-16 02:44:06,JMB.03,ITABAL8,0.0,1.02,SAFE
2026-09-11 04:03:18,JMB.04,ITABAL9,0.0,0.77,SAFE
2026-09-15 23:59:00,KRC.02,VP SABANG TIMUR SIS,0.0,1.04,SAFE
2026-09-16 02:44:06,KRC.03,ITABAL8,0.0,1.31,SAFE
2026-09-15 23:59:00,KRC.05,VP SABANG TIMUR SIS,0.0,1.93,SAFE
2026-09-15 23:59:00,KRC.07,VP SABANG TIMUR SIS,0.0,2.15,SAFE
2026-09-16 02:44:06,LHT.01,ITABAL8,0.0,5.84,SAFE
2026-09-16 02:44:06,LPG.01,ITABAL8,0.0,2.05,SAFE
2026-09-16 02:44:06,LPG.02,ITABAL8,0.0,12.03,SAFE
2026-09-16 02:44:06,LPG.03,ITABAL8,0.0,6.96,SAFE
2026-09-16 02:44:06,LPG.06,ITABAL8,0.0,6.69,SAFE
2026-09-16 02:44:06,LPG.07,ITABAL8,0.0,12.92,SAFE
2026-09-16 02:44:06,MDN.01,ITABAL8,0.0,3.37,SAFE
2026-09-16 02:44:06,MDN.02,ITABAL8,0.0,2.53,SAFE
2026-09-16 02:44:06,MDN.03,ITABAL8,0.0,7.25,SAFE
2026-09-16 02:44:06,MDN.04,ITABAL8,0.0,1.95,SAFE
2026-09-11 04:03:18,MIA.01,ITABAL9,0.0,1.22,SAFE
2026-09-11 04:03:18,MIA.02,ITABAL9,0.0,17.59,SAFE
2026-09-11 04:03:18,MIA.03,ITABAL9,0.0,4.28,SAFE
2026-09-15 23:59:00,MIA.04,PITSTOP AMBON SIS,0.0,2.31,SAFE
2026-09-11 04:03:18,MIA.05,ITABAL9,0.0,20.96,SAFE
2026-09-11 04:03:18,MIA.06,ITABAL9,0.0,1.16,SAFE
2026-09-15 23:59:00,MKS.01,CSA BONTANG SIS,0.0,0.72,SAFE
2026-09-15 23:59:00,MKS.02,PITSTOP AMBON SIS,0.0,1.06,SAFE
,MKS.03,ROM 13,0.0,8.2,SAFE
,MKS.04,ROM 13,0.0,3.08,SAFE
2026-09-15 23:59:00,MND.02,CSA BONTANG SIS,0.0,2.49,SAFE
2026-09-15 23:59:00,MRK.01,VP SABANG TIMUR SIS,0.0,1.65,SAFE
2026-09-15 23:59:00,MTM.01,PITSTOP AMBON SIS,0.0,1.64,SAFE
2026-09-15 23:59:00,MTP.01,PITSTOP AMBON SIS,0.0,1.01,SAFE
2026-09-15 23:59:00,MTR.01,VP SABANG TIMUR SIS,0.0,1.67,SAFE
2026-09-16 02:44:06,NIS.01,ITABAL8,0.0,0.57,SAFE
2026-09-16 02:44:06,NIS.02,ITABAL8,0.0,0.86,SAFE
2026-09-16 02:44:06,NIS.03,ITABAL8,0.0,1.03,SAFE
2026-09-11 04:03:18,PDG.01,ITABAL9,0.0,0.52,SAFE
2026-09-16 02:44:06,PLB.01,ITABAL8,0.0,1.87,SAFE
2026-09-16 02:44:06,PLB.02,ITABAL8,0.0,0.84,SAFE
2026-09-16 02:44:06,PLB.03,ITABAL8,0.0,2.0,SAFE
2026-09-16 02:44:06,PLB.04,ITABAL8,0.0,13.62,SAFE
2026-09-15 23:59:00,PLU.04,CSA BONTANG SIS,0.0,2.36,SAFE
2026-09-15 23:59:00,RIU.02,VP SABANG TIMUR SIS,0.0,0.61,SAFE
2026-09-15 23:59:00,RIU.04,VP SABANG TIMUR SIS,0.0,0.51,SAFE
2026-09-15 23:59:00,SBG.02,VP SABANG TIMUR SIS,0.0,1.91,SAFE
2026-09-15 23:59:00,SBG.03,VP SABANG TIMUR SIS,0.0,5.65,SAFE
2026-09-15 23:59:00,SBG.04,VP SABANG TIMUR SIS,0.0,0.63,SAFE
2026-09-15 23:59:00,SBG.05,VP SABANG TIMUR SIS,0.0,21.21,SAFE
2026-09-16 02:44:06,SBG.06,ITABAL8,0.0,14.52,SAFE
2026-09-15 23:59:00,SBG.08,VP SABANG TIMUR SIS,0.0,1.35,SAFE
2026-09-15 23:59:00,SBG.10,VP SABANG TIMUR SIS,0.0,2.05,SAFE
2026-09-15 23:59:00,SBG.11,VP SABANG TIMUR SIS,0.0,0.75,SAFE
2026-09-15 23:59:00,SGT.02,CSA BONTANG SIS,0.0,0.19,SAFE
2026-09-15 23:59:00,SMB.02,CSA BONTANG SIS,0.0,2.63,SAFE
2026-09-15 23:59:00,SMB.03,CSA BONTANG SIS,0.0,4.72,SAFE
2026-09-15 23:59:00,SNT.01,PITSTOP AMBON SIS,0.0,1.34,SAFE
2026-09-15 23:59:00,TJG.01,CSA BONTANG SIS,0.0,1.99,SAFE
2026-09-15 23:59:00,TJG.02,CSA BONTANG SIS,0.0,5.65,SAFE
2026-09-15 23:59:00,AMB.01,PITSTOP AMBON SIS,0.0,7.46,SAFE
2026-09-15 23:59:00,BDG.02,VP OB 1 SIS,0.0,19.31,SAFE
2026-09-15 23:59:00,BDG.03,VP OB 1 SIS,0.0,5.73,SAFE
2026-09-15 23:59:00,BDG.04,VP OB 1 SIS,0.0,1.07,SAFE
2026-09-11 04:03:18,BDG.05,ITABAL9,0.0,2.1,SAFE
2026-09-15 23:59:00,BGK.01,VP SABANG TIMUR SIS,0.0,1.59,SAFE
2026-09-15 23:59:00,BGK.02,VP SABANG TIMUR SIS,0.0,18.92,SAFE
2026-09-11 04:03:18,BGR.01,ITABAL9,0.0,1.34,SAFE
2026-09-15 23:59:00,BJB.03,CSA BONTANG SIS,0.0,1.34,SAFE
2026-09-15 23:59:00,BJM.01,PITSTOP AMBON SIS,0.0,3.86,SAFE
2026-09-15 23:59:00,BJM.02,CSA BONTANG SIS,0.0,1.68,SAFE
2026-09-16 05:46:34,BKL.01,ITABAL8,0.0,58.33,SAFE
2026-09-16 05:46:34,BKL.02,ITABAL8,0.0,0.72,SAFE
2026-09-16 05:46:34,BNE.02,ITABAL8,0.0,1.52,SAFE
2026-09-16 05:46:34,BNE.03,ITABAL8,0.0,0.63,SAFE
2026-09-16 05:46:34,BNE.04,ITABAL8,0.0,0.55,SAFE
2026-09-15 23:59:00,BNY.03,CSA BONTANG SIS,0.0,0.97,SAFE
2026-09-15 23:59:00,BTG.03,CSA BONTANG SIS,0.0,9.36,SAFE
2026-09-15 23:59:00,BTG.04,CSA BONTANG SIS,0.0,175.0,SAFE
2026-09-15 23:59:00,FLR.02,CSA BONTANG SIS,0.0,0.75,SAFE
2026-09-11 04:03:18,JKT.01,ITABAL9,0.0,25.36,SAFE
2026-09-11 04:03:18,JKT.02,ITABAL9,0.0,7.78,SAFE
2026-09-11 04:03:18,JKT.03,ITABAL9,0.0,4.16,SAFE
2026-09-11 04:03:18,JKT.04,ITABAL9,0.0,1.17,SAFE
2026-09-11 04:03:18,JKT.05,ITABAL9,0.0,5.68,SAFE
2026-09-11 04:03:18,JKT.06,ITABAL9,0.0,7.45,SAFE
2026-09-11 04:03:18,JKT.07,ITABAL9,0.0,11.55,SAFE
2026-09-11 04:03:18,JKT.08,ITABAL9,0.0,4.26,SAFE
2026-09-16 05:46:34,JMB.01,ITABAL8,0.0,3.07,SAFE
2026-09-16 05:46:34,JMB.03,ITABAL8,0.0,1.02,SAFE
2026-09-11 04:03:18,JMB.04,ITABAL9,0.0,0.77,SAFE
2026-09-15 23:59:00,KRC.02,VP SABANG TIMUR SIS,0.0,1.04,SAFE
2026-09-16 05:46:34,KRC.03,ITABAL8,0.0,1.31,SAFE
2026-09-15 23:59:00,KRC.05,VP SABANG TIMUR SIS,0.0,1.93,SAFE
2026-09-15 23:59:00,KRC.07,VP SABANG TIMUR SIS,0.0,2.15,SAFE
2026-09-16 05:46:34,LHT.01,ITABAL8,0.0,5.84,SAFE
2026-09-16 05:46:34,LPG.01,ITABAL8,0.0,2.05,SAFE
2026-09-16 05:46:34,LPG.02,ITABAL8,0.0,12.03,SAFE
2026-09-16 05:46:34,LPG.03,ITABAL8,0.0,6.96,SAFE
2026-09-16 05:46:34,LPG.06,ITABAL8,0.0,6.69,SAFE
2026-09-16 05:46:34,LPG.07,ITABAL8,0.0,12.92,SAFE
2026-09-16 05:46:34,MDN.01,ITABAL8,0.0,3.37,SAFE
2026-09-16 05:46:34,MDN.02,ITABAL8,0.0,2.53,SAFE
2026-09-16 05:46:34,MDN.03,ITABAL8,0.0,7.25,SAFE
2026-09-16 05:46:34,MDN.04,ITABAL8,0.0,1.95,SAFE
2026-09-11 04:03:18,MIA.01,ITABAL9,0.0,1.22,SAFE
2026-09-11 04:03:18,MIA.02,ITABAL9,0.0,17.59,SAFE
2026-09-11 04:03:18,MIA.03,ITABAL9,0.0,4.28,SAFE
2026-09-15 23:59:00,MIA.04,PITSTOP AMBON SIS,0.0,2.31,SAFE
2026-09-11 04:03:18,MIA.05,ITABAL9,0.0,20.96,SAFE
2026-09-11 04:03:18,MIA.06,ITABAL9,0.0,1.16,SAFE
2026-09-15 23:59:00,MKS.01,CSA BONTANG SIS,0.0,0.72,SAFE
2026-09-15 23:59:00,MKS.02,PITSTOP AMBON SIS,0.0,1.06,SAFE
,MKS.03,ROM 13,0.0,8.2,SAFE
,MKS.04,ROM 13,0.0,3.08,SAFE
2026-09-15 23:59:00,MND.02,CSA BONTANG SIS,0.0,2.49,SAFE
2026-09-15 23:59:00,MRK.01,VP SABANG TIMUR SIS,0.0,1.65,SAFE
2026-09-15 23:59:00,MTM.01,PITSTOP AMBON SIS,0.0,1.64,SAFE
2026-09-15 23:59:00,MTP.01,PITSTOP AMBON SIS,0.0,1.01,SAFE
2026-09-15 23:59:00,MTR.01,VP SABANG TIMUR SIS,0.0,1.67,SAFE
2026-09-16 05:46:34,NIS.01,ITABAL8,0.0,0.57,SAFE
2026-09-16 05:46:34,NIS.02,ITABAL8,0.0,0.86,SAFE
2026-09-16 05:46:34,NIS.03,ITABAL8,0.0,1.03,SAFE
2026-09-11 04:03:18,PDG.01,ITABAL9,0.0,0.52,SAFE
2026-09-16 05:46:34,PLB.01,ITABAL8,0.0,1.87,SAFE
2026-09-16 05:46:34,PLB.02,ITABAL8,0.0,0.84,SAFE
2026-09-16 05:46:34,PLB.03,ITABAL8,0.0,2.0,SAFE
2026-09-16 05:46:34,PLB.04,ITABAL8,0.0,13.62,SAFE
2026-09-15 23:59:00,PLU.04,CSA BONTANG SIS,0.0,2.36,SAFE
2026-09-15 23:59:00,RIU.02,VP SABANG TIMUR SIS,0.0,0.61,SAFE
2026-09-15 23:59:00,RIU.04,VP SABANG TIMUR SIS,0.0,0.51,SAFE
2026-09-15 23:59:00,SBG.02,VP SABANG TIMUR SIS,0.0,1.91,SAFE
2026-09-15 23:59:00,SBG.03,VP SABANG TIMUR SIS,0.0,5.65,SAFE
2026-09-15 23:59:00,SBG.04,VP SABANG TIMUR SIS,0.0,0.63,SAFE
2026-09-15 23:59:00,SBG.05,VP SABANG TIMUR SIS,0.0,21.21,SAFE
2026-09-16 05:46:34,SBG.06,ITABAL8,0.0,14.52,SAFE
2026-09-15 23:59:00,SBG.08,VP SABANG TIMUR SIS,0.0,1.35,SAFE
2026-09-15 23:59:00,SBG.10,VP SABANG TIMUR SIS,0.0,2.05,SAFE
2026-09-15 23:59:00,SBG.11,VP SABANG TIMUR SIS,0.0,0.75,SAFE
2026-09-15 23:59:00,SGT.02,CSA BONTANG SIS,0.0,0.19,SAFE
2026-09-15 23:59:00,SMB.02,CSA BONTANG SIS,0.0,2.63,SAFE
2026-09-15 23:59:00,SMB.03,CSA BONTANG SIS,0.0,4.72,SAFE
2026-09-15 23:59:00,SNT.01,PITSTOP AMBON SIS,0.0,1.34,SAFE
2026-09-15 23:59:00,TJG.01,CSA BONTANG SIS,0.0,1.99,SAFE
2026-09-15 23:59:00,TJG.02,CSA BONTANG SIS,0.0,5.65,SAFE
2026-09-15 23:59:00,AMB.01,PITSTOP AMBON SIS,0.0,7.46,SAFE
2026-09-15 23:59:00,BDG.02,VP OB 1 SIS,0.0,19.31,SAFE
2026-09-15 23:59:00,BDG.03,VP OB 1 SIS,0.0,5.73,SAFE
2026-09-15 23:59:00,BDG.04,VP OB 1 SIS,0.0,1.07,SAFE
2026-09-11 04:03:18,BDG.05,ITABAL9,0.0,2.1,SAFE
2026-09-15 23:59:00,BGK.01,VP SABANG TIMUR SIS,0.0,1.59,SAFE
2026-09-15 23:59:00,BGK.02,VP SABANG TIMUR SIS,0.0,18.92,SAFE
2026-09-11 04:03:18,BGR.01,ITABAL9,0.0,1.34,SAFE
2026-09-15 23:59:00,BJB.03,CSA BONTANG SIS,0.0,1.34,SAFE
2026-09-15 23:59:00,BJM.01,PITSTOP AMBON SIS,0.0,3.86,SAFE
2026-09-15 23:59:00,BJM.02,CSA BONTANG SIS,0.0,1.68,SAFE
2026-09-16 07:44:50,BKL.01,ITABAL8,0.0,58.33,SAFE
2026-09-16 07:44:50,BKL.02,ITABAL8,0.0,0.72,SAFE
2026-09-16 07:44:50,BNE.02,ITABAL8,0.0,1.52,SAFE
2026-09-16 07:44:50,BNE.03,ITABAL8,0.0,0.63,SAFE
2026-09-16 07:44:50,BNE.04,ITABAL8,0.0,0.55,SAFE
2026-09-15 23:59:00,BNY.03,CSA BONTANG SIS,0.0,0.97,SAFE
2026-09-15 23:59:00,BTG.03,CSA BONTANG SIS,0.0,9.36,SAFE
2026-09-15 23:59:00,BTG.04,CSA BONTANG SIS,0.0,175.0,SAFE
2026-09-15 23:59:00,FLR.02,CSA BONTANG SIS,0.0,0.75,SAFE
2026-09-11 04:03:18,JKT.01,ITABAL9,0.0,25.36,SAFE
2026-09-11 04:03:18,JKT.02,ITABAL9,0.0,7.78,SAFE
2026-09-11 04:03:18,JKT.03,ITABAL9,0.0,4.16,SAFE
2026-09-11 04:03:18,JKT.04,ITABAL9,0.0,1.17,SAFE
2026-09-11 04:03:18,JKT.05,ITABAL9,0.0,5.68,SAFE
2026-09-11 04:03:18,JKT.06,ITABAL9,0.0,7.45,SAFE
2026-09-11 04:03:18,JKT.07,ITABAL9,0.0,11.55,SAFE
2026-09-11 04:03:18,JKT.08,ITABAL9,0.0,4.26,SAFE
2026-09-16 07:44:50,JMB.01,ITABAL8,0.0,3.07,SAFE
2026-09-16 07:44:50,JMB.03,ITABAL8,0.0,1.02,SAFE
2026-09-11 04:03:18,JMB.04,ITABAL9,0.0,0.77,SAFE
2026-09-15 23:59:00,KRC.02,VP SABANG TIMUR SIS,0.0,1.04,SAFE
2026-09-16 07:44:50,KRC.03,ITABAL8,0.0,1.31,SAFE
2026-09-15 23:59:00,KRC.05,VP SABANG TIMUR SIS,0.0,1.93,SAFE
2026-09-15 23:59:00,KRC.07,VP SABANG TIMUR SIS,0.0,2.15,SAFE
2026-09-16 07:44:50,LHT.01,ITABAL8,0.0,5.84,SAFE
2026-09-16 07:44:50,LPG.01,ITABAL8,0.0,2.05,SAFE
2026-09-16 07:44:50,LPG.02,ITABAL8,0.0,12.03,SAFE
2026-09-16 07:44:50,LPG.03,ITABAL8,0.0,6.96,SAFE
2026-09-16 07:44:50,LPG.06,ITABAL8,0.0,6.69,SAFE
2026-09-16 07:44:50,LPG.07,ITABAL8,0.0,12.92,SAFE
2026-09-16 07:44:50,MDN.01,ITABAL8,0.0,3.37,SAFE
2026-09-16 07:44:50,MDN.02,ITABAL8,0.0,2.53,SAFE
2026-09-16 07:44:50,MDN.03,ITABAL8,0.0,7.25,SAFE
2026-09-16 07:44:50,MDN.04,ITABAL8,0.0,1.95,SAFE
2026-09-11 04:03:18,MIA.01,ITABAL9,0.0,1.22,SAFE
2026-09-11 04:03:18,MIA.02,ITABAL9,0.0,17.59,SAFE
2026-09-11 04:03:18,MIA.03,ITABAL9,0.0,4.28,SAFE
2026-09-15 23:59:00,MIA.04,PITSTOP AMBON SIS,0.0,2.31,SAFE
2026-09-11 04:03:18,MIA.05,ITABAL9,0.0,20.96,SAFE
2026-09-11 04:03:18,MIA.06,ITABAL9,0.0,1.16,SAFE
2026-09-15 23:59:00,MKS.01,CSA BONTANG SIS,0.0,0.72,SAFE
2026-09-15 23:59:00,MKS.02,PITSTOP AMBON SIS,0.0,1.06,SAFE
,MKS.03,ROM 13,0.0,8.2,SAFE
,MKS.04,ROM 13,0.0,3.08,SAFE
2026-09-15 23:59:00,MND.02,CSA BONTANG SIS,0.0,2.49,SAFE
2026-09-15 23:59:00,MRK.01,VP SABANG TIMUR SIS,0.0,1.65,SAFE
2026-09-15 23:59:00,MTM.01,PITSTOP AMBON SIS,0.0,1.64,SAFE
2026-09-15 23:59:00,MTP.01,PITSTOP AMBON SIS,0.0,1.01,SAFE
2026-09-15 23:59:00,MTR.01,VP SABANG TIMUR SIS,0.0,1.67,SAFE
2026-09-16 07:44:50,NIS.01,ITABAL8,0.0,0.57,SAFE
2026-09-16 07:44:50,NIS.02,ITABAL8,0.0,0.86,SAFE
2026-09-16 07:44:50,NIS.03,ITABAL8,0.0,1.03,SAFE
2026-09-11 04:03:18,PDG.01,ITABAL9,0.0,0.52,SAFE
2026-09-16 07:44:50,PLB.01,ITABAL8,0.0,1.87,SAFE
2026-09-16 07:44:50,PLB.02,ITABAL8,0.0,0.84,SAFE
2026-09-16 07:44:50,PLB.03,ITABAL8,0.0,2.0,SAFE
2026-09-16 07:44:50,PLB.04,ITABAL8,0.0,13.62,SAFE
2026-09-15 23:59:00,PLU.04,CSA BONTANG SIS,0.0,2.36,SAFE
2026-09-15 23:59:00,RIU.02,VP SABANG TIMUR SIS,0.0,0.61,SAFE
2026-09-15 23:59:00,RIU.04,VP SABANG TIMUR SIS,0.0,0.51,SAFE
2026-09-15 23:59:00,SBG.02,VP SABANG TIMUR SIS,0.0,1.91,SAFE
2026-09-15 23:59:00,SBG.03,VP SABANG TIMUR SIS,0.0,5.65,SAFE
2026-09-15 23:59:00,SBG.04,VP SABANG TIMUR SIS,0.0,0.63,SAFE
2026-09-15 23:59:00,SBG.05,VP SABANG TIMUR SIS,0.0,21.21,SAFE
2026-09-16 07:44:50,SBG.06,ITABAL8,0.0,14.52,SAFE
2026-09-15 23:59:00,SBG.08,VP SABANG TIMUR SIS,0.0,1.35,SAFE
2026-09-15 23:59:00,SBG.10,VP SABANG TIMUR SIS,0.0,2.05,SAFE
2026-09-15 23:59:00,SBG.11,VP SABANG TIMUR SIS,0.0,0.75,SAFE
2026-09-15 23:59:00,SGT.02,CSA BONTANG SIS,0.0,0.19,SAFE
2026-09-15 23:59:00,SMB.02,CSA BONTANG SIS,0.0,2.63,SAFE
2026-09-15 23:59:00,SMB.03,CSA BONTANG SIS,0.0,4.72,SAFE
2026-09-15 23:59:00,SNT.01,PITSTOP AMBON SIS,0.0,1.34,SAFE
2026-09-15 23:59:00,TJG.01,CSA BONTANG SIS,0.0,1.99,SAFE
2026-09-15 23:59:00,TJG.02,CSA BONTANG SIS,0.0,5.65,SAFE
2026-09-16 09:44:00,AMB.01,PITSTOP AMBON SIS,0.0,7.46,SAFE
2026-09-16 09:43:00,BDG.02,VP OB 1 SIS,0.0,19.31,SAFE
2026-09-16 09:43:00,BDG.03,VP OB 1 SIS,0.0,5.73,SAFE
2026-09-16 09:43:00,BDG.04,VP OB 1 SIS,0.0,1.07,SAFE
2026-09-11 04:03:18,BDG.05,ITABAL9,0.0,2.1,SAFE
2026-09-16 09:43:00,BGK.01,VP SABANG TIMUR SIS,0.0,1.59,SAFE
2026-09-16 09:43:00,BGK.02,VP SABANG TIMUR SIS,0.0,18.92,SAFE
2026-09-11 04:03:18,BGR.01,ITABAL9,0.0,1.34,SAFE
2026-09-16 09:43:00,BJB.03,CSA BONTANG SIS,0.0,1.34,SAFE
2026-09-16 09:44:00,BJM.01,PITSTOP AMBON SIS,0.0,3.86,SAFE
2026-09-16 09:43:00,BJM.02,CSA BONTANG SIS,0.0,1.68,SAFE
2026-09-16 09:43:40,BKL.01,ITABAL8,0.0,58.33,SAFE
2026-09-16 09:43:40,BKL.02,ITABAL8,0.0,0.72,SAFE
2026-09-16 09:43:40,BNE.02,ITABAL8,0.0,1.52,SAFE
2026-09-16 09:43:40,BNE.03,ITABAL8,0.0,0.63,SAFE
2026-09-16 09:43:40,BNE.04,ITABAL8,0.0,0.55,SAFE
2026-09-16 09:43:00,BNY.03,CSA BONTANG SIS,0.0,0.97,SAFE
2026-09-16 09:43:00,BTG.03,CSA BONTANG SIS,0.0,9.36,SAFE
2026-09-16 09:43:00,BTG.04,CSA BONTANG SIS,0.0,175.0,SAFE
2026-09-16 09:43:00,FLR.02,CSA BONTANG SIS,0.0,0.75,SAFE
2026-09-11 04:03:18,JKT.01,ITABAL9,0.0,25.36,SAFE
2026-09-11 04:03:18,JKT.02,ITABAL9,0.0,7.78,SAFE
2026-09-11 04:03:18,JKT.03,ITABAL9,0.0,4.16,SAFE
2026-09-11 04:03:18,JKT.04,ITABAL9,0.0,1.17,SAFE
2026-09-11 04:03:18,JKT.05,ITABAL9,0.0,5.68,SAFE
2026-09-11 04:03:18,JKT.06,ITABAL9,0.0,7.45,SAFE
2026-09-11 04:03:18,JKT.07,ITABAL9,0.0,11.55,SAFE
2026-09-11 04:03:18,JKT.08,ITABAL9,0.0,4.26,SAFE
2026-09-16 09:43:40,JMB.01,ITABAL8,0.0,3.07,SAFE
2026-09-16 09:43:40,JMB.03,ITABAL8,0.0,1.02,SAFE
2026-09-11 04:03:18,JMB.04,ITABAL9,0.0,0.77,SAFE
2026-09-16 09:43:00,KRC.02,VP SABANG TIMUR SIS,0.0,1.04,SAFE
2026-09-16 09:43:40,KRC.03,ITABAL8,0.0,1.31,SAFE
2026-09-16 09:43:00,KRC.05,VP SABANG TIMUR SIS,0.0,1.93,SAFE
2026-09-16 09:43:00,KRC.07,VP SABANG TIMUR SIS,0.0,2.15,SAFE
2026-09-16 09:43:40,LHT.01,ITABAL8,0.0,5.84,SAFE
2026-09-16 09:43:40,LPG.01,ITABAL8,0.0,2.05,SAFE
2026-09-16 09:43:40,LPG.02,ITABAL8,0.0,12.03,SAFE
2026-09-16 09:43:40,LPG.03,ITABAL8,0.0,6.96,SAFE
2026-09-16 09:43:40,LPG.06,ITABAL8,0.0,6.69,SAFE
2026-09-16 09:43:40,LPG.07,ITABAL8,0.0,12.92,SAFE
2026-09-16 09:43:40,MDN.01,ITABAL8,0.0,3.37,SAFE
2026-09-16 09:43:40,MDN.02,ITABAL8,0.0,2.53,SAFE
2026-09-16 09:43:40,MDN.03,ITABAL8,0.0,7.25,SAFE
2026-09-16 09:43:40,MDN.04,ITABAL8,0.0,1.95,SAFE
2026-09-11 04:03:18,MIA.01,ITABAL9,0.0,1.22,SAFE
2026-09-11 04:03:18,MIA.02,ITABAL9,0.0,17.59,SAFE
2026-09-11 04:03:18,MIA.03,ITABAL9,0.0,4.28,SAFE
2026-09-16 09:44:00,MIA.04,PITSTOP AMBON SIS,0.0,2.31,SAFE
2026-09-11 04:03:18,MIA.05,ITABAL9,0.0,20.96,SAFE
2026-09-11 04:03:18,MIA.06,ITABAL9,0.0,1.16,SAFE
2026-09-16 09:43:00,MKS.01,CSA BONTANG SIS,0.0,0.72,SAFE
2026-09-16 09:44:00,MKS.02,PITSTOP AMBON SIS,0.0,1.06,SAFE
,MKS.03,ROM 13,0.0,8.2,SAFE
,MKS.04,ROM 13,0.0,3.08,SAFE
2026-09-16 09:43:00,MND.02,CSA BONTANG SIS,0.0,2.49,SAFE
2026-09-16 09:43:00,MRK.01,VP SABANG TIMUR SIS,0.0,1.65,SAFE
2026-09-16 09:44:00,MTM.01,PITSTOP AMBON SIS,0.0,1.64,SAFE
2026-09-16 09:44:00,MTP.01,PITSTOP AMBON SIS,0.0,1.01,SAFE
2026-09-16 09:43:00,MTR.01,VP SABANG TIMUR SIS,0.0,1.67,SAFE
2026-09-16 09:43:40,NIS.01,ITABAL8,0.0,0.57,SAFE
2026-09-16 09:43:40,NIS.02,ITABAL8,0.0,0.86,SAFE
2026-09-16 09:43:40,NIS.03,ITABAL8,0.0,1.03,SAFE
2026-09-11 04:03:18,PDG.01,ITABAL9,0.0,0.52,SAFE
2026-09-16 09:43:40,PLB.01,ITABAL8,0.0,1.87,SAFE
2026-09-16 09:43:40,PLB.02,ITABAL8,0.0,0.84,SAFE
2026-09-16 09:43:40,PLB.03,ITABAL8,0.0,2.0,SAFE
2026-09-16 09:43:40,PLB.04,ITABAL8,0.0,13.62,SAFE
2026-09-16 09:43:00,PLU.04,CSA BONTANG SIS,0.0,2.36,SAFE
2026-09-16 09:43:00,RIU.02,VP SABANG TIMUR SIS,0.0,0.61,SAFE
2026-09-16 09:43:00,RIU.04,VP SABANG TIMUR SIS,0.0,0.51,SAFE
2026-09-16 09:43:00,SBG.02,VP SABANG TIMUR SIS,0.0,1.91,SAFE
2026-09-16 09:43:00,SBG.03,VP SABANG TIMUR SIS,0.0,5.65,SAFE
2026-09-16 09:43:00,SBG.04,VP SABANG TIMUR SIS,0.0,0.63,SAFE
2026-09-16 09:43:00,SBG.05,VP SABANG TIMUR SIS,0.0,21.21,SAFE
2026-09-16 09:43:40,SBG.06,ITABAL8,0.0,14.52,SAFE
2026-09-16 09:43:00,SBG.08,VP SABANG TIMUR SIS,0.0,1.35,SAFE
2026-09-16 09:43:00,SBG.10,VP SABANG TIMUR SIS,0.0,2.05,SAFE
2026-09-16 09:43:00,SBG.11,VP SABANG TIMUR SIS,0.0,0.75,SAFE
2026-09-16 09:43:00,SGT.02,CSA BONTANG SIS,0.0,0.19,SAFE
2026-09-16 09:43:00,SMB.02,CSA BONTANG SIS,0.0,2.63,SAFE
2026-09-16 09:43:00,SMB.03,CSA BONTANG SIS,0.0,4.72,SAFE
2026-09-16 09:44:00,SNT.01,PITSTOP AMBON SIS,0.0,1.34,SAFE
2026-09-16 09:43:00,TJG.01,CSA BONTANG SIS,0.0,1.99,SAFE
2026-09-16 09:43:00,TJG.02,CSA BONTANG SIS,0.0,5.65,SAFE
2026-09-16 14:48:00,AMB.01,PITSTOP AMBON SIS,0.0,7.46,SAFE
2026-09-16 14:47:00,BDG.02,VP OB 1 SIS,0.0,19.31,SAFE
2026-09-16 14:47:00,BDG.03,VP OB 1 SIS,0.0,5.73,SAFE
2026-09-16 14:47:00,BDG.04,VP OB 1 SIS,0.0,1.07,SAFE
2026-09-16 14:47:30,BDG.05,ITABAL9,0.0,2.1,SAFE
2026-09-16 14:47:00,BGK.01,VP SABANG TIMUR SIS,0.0,1.59,SAFE
2026-09-16 14:47:00,BGK.02,VP SABANG TIMUR SIS,0.0,18.92,SAFE
2026-09-16 14:47:30,BGR.01,ITABAL9,0.0,1.34,SAFE
2026-09-16 14:47:00,BJB.03,CSA BONTANG SIS,0.0,1.34,SAFE
2026-09-16 14:48:00,BJM.01,PITSTOP AMBON SIS,0.0,3.86,SAFE
2026-09-16 14:47:00,BJM.02,CSA BONTANG SIS,0.0,1.68,SAFE
2026-09-16 14:47:30,BKL.01,ITABAL8,0.0,58.33,SAFE
2026-09-16 14:47:30,BKL.02,ITABAL8,0.0,0.72,SAFE
2026-09-16 14:47:30,BNE.02,ITABAL8,0.0,1.52,SAFE
2026-09-16 14:47:30,BNE.03,ITABAL8,0.0,0.63,SAFE
2026-09-16 14:47:30,BNE.04,ITABAL8,0.0,0.55,SAFE
2026-09-16 14:47:00,BNY.03,CSA BONTANG SIS,0.0,0.97,SAFE
2026-09-16 14:47:00,BTG.03,CSA BONTANG SIS,0.0,9.36,SAFE
2026-09-16 14:47:00,BTG.04,CSA BONTANG SIS,0.0,175.0,SAFE
2026-09-16 14:47:00,FLR.02,CSA BONTANG SIS,0.0,0.75,SAFE
2026-09-16 14:47:30,JKT.01,ITABAL9,0.0,25.36,SAFE
2026-09-16 14:47:30,JKT.02,ITABAL9,0.0,7.78,SAFE
2026-09-16 14:47:30,JKT.03,ITABAL9,0.0,4.16,SAFE
2026-09-16 14:47:30,JKT.04,ITABAL9,0.0,1.17,SAFE
2026-09-16 14:47:30,JKT.05,ITABAL9,0.0,5.68,SAFE
2026-09-16 14:47:30,JKT.06,ITABAL9,0.0,7.45,SAFE
2026-09-16 14:47:30,JKT.07,ITABAL9,0.0,11.55,SAFE
2026-09-16 14:47:30,JKT.08,ITABAL9,0.0,4.26,SAFE
2026-09-16 14:47:30,JMB.01,ITABAL8,0.0,3.07,SAFE
2026-09-16 14:47:30,JMB.03,ITABAL8,0.0,1.02,SAFE
2026-09-16 14:47:30,JMB.04,ITABAL9,0.0,0.77,SAFE
2026-09-16 14:47:00,KRC.02,VP SABANG TIMUR SIS,0.0,1.04,SAFE
2026-09-16 14:47:30,KRC.03,ITABAL8,0.0,1.31,SAFE
2026-09-16 14:47:00,KRC.05,VP SABANG TIMUR SIS,0.0,1.93,SAFE
2026-09-16 14:47:00,KRC.07,VP SABANG TIMUR SIS,0.0,2.15,SAFE
2026-09-16 14:47:30,LHT.01,ITABAL8,0.0,5.84,SAFE
2026-09-16 14:47:30,LPG.01,ITABAL8,0.0,2.05,SAFE
2026-09-16 14:47:30,LPG.02,ITABAL8,0.0,12.03,SAFE
2026-09-16 14:47:30,LPG.03,ITABAL8,0.0,6.96,SAFE
2026-09-16 14:47:30,LPG.06,ITABAL8,0.0,6.69,SAFE
2026-09-16 14:47:30,LPG.07,ITABAL8,0.0,12.92,SAFE
2026-09-16 14:47:30,MDN.01,ITABAL8,0.0,3.37,SAFE
2026-09-16 14:47:30,MDN.02,ITABAL8,0.0,2.53,SAFE
2026-09-16 14:47:30,MDN.03,ITABAL8,0.0,7.25,SAFE
2026-09-16 14:47:30,MDN.04,ITABAL8,0.0,1.95,SAFE
2026-09-16 14:47:30,MIA.01,ITABAL9,0.0,1.22,SAFE
2026-09-16 14:47:30,MIA.02,ITABAL9,0.0,17.59,SAFE
2026-09-16 14:47:30,MIA.03,ITABAL9,0.0,4.28,SAFE
2026-09-16 14:48:00,MIA.04,PITSTOP AMBON SIS,0.0,2.31,SAFE
2026-09-16 14:47:30,MIA.05,ITABAL9,0.0,20.96,SAFE
2026-09-16 14:47:30,MIA.06,ITABAL9,0.0,1.16,SAFE
2026-09-16 14:47:00,MKS.01,CSA BONTANG SIS,0.0,0.72,SAFE
2026-09-16 14:48:00,MKS.02,PITSTOP AMBON SIS,0.0,1.06,SAFE
,MKS.03,ROM 13,0.0,8.2,SAFE
,MKS.04,ROM 13,0.0,3.08,SAFE
2026-09-16 14:47:00,MND.02,CSA BONTANG SIS,0.0,2.49,SAFE
2026-09-16 14:47:00,MRK.01,VP SABANG TIMUR SIS,0.0,1.65,SAFE
2026-09-16 14:48:00,MTM.01,PITSTOP AMBON SIS,0.0,1.64,SAFE
2026-09-16 14:48:00,MTP.01,PITSTOP AMBON SIS,0.0,1.01,SAFE
2026-09-16 14:47:00,MTR.01,VP SABANG TIMUR SIS,0.0,1.67,SAFE
2026-09-16 14:47:30,NIS.01,ITABAL8,0.0,0.57,SAFE
2026-09-16 14:47:30,NIS.02,ITABAL8,0.0,0.86,SAFE
2026-09-16 14:47:30,NIS.03,ITABAL8,0.0,1.03,SAFE
2026-09-16 14:47:30,PDG.01,ITABAL9,0.0,0.52,SAFE
2026-09-16 14:47:30,PLB.01,ITABAL8,0.0,1.87,SAFE
2026-09-16 14:47:30,PLB.02,ITABAL8,0.0,0.84,SAFE
2026-09-16 14:47:30,PLB.03,ITABAL8,0.0,2.0,SAFE
2026-09-16 14:47:30,PLB.04,ITABAL8,0.0,13.62,SAFE
2026-09-16 14:47:00,PLU.04,CSA BONTANG SIS,0.0,2.36,SAFE
2026-09-16 14:47:00,RIU.02,VP SABANG TIMUR SIS,0.0,0.61,SAFE
2026-09-16 14:47:00,RIU.04,VP SABANG TIMUR SIS,0.0,0.51,SAFE
2026-09-16 14:47:00,SBG.02,VP SABANG TIMUR SIS,0.0,1.91,SAFE
2026-09-16 14:47:00,SBG.03,VP SABANG TIMUR SIS,0.0,5.65,SAFE
2026-09-16 14:47:00,SBG.04,VP SABANG TIMUR SIS,0.0,0.63,SAFE
2026-09-16 14:47:00,SBG.05,VP SABANG TIMUR SIS,0.0,21.21,SAFE
2026-09-16 14:47:30,SBG.06,ITABAL8,0.0,14.52,SAFE
2026-09-16 14:47:00,SBG.08,VP SABANG TIMUR SIS,0.0,1.35,SAFE
2026-09-16 14:47:00,SBG.10,VP SABANG TIMUR SIS,0.0,2.05,SAFE
2026-09-16 14:47:00,SBG.11,VP SABANG TIMUR SIS,0.0,0.75,SAFE
2026-09-16 14:47:00,SGT.02,CSA BONTANG SIS,0.0,0.19,SAFE
2026-09-16 14:47:00,SMB.02,CSA BONTANG SIS,0.0,2.63,SAFE
2026-09-16 14:47:00,SMB.03,CSA BONTANG SIS,0.0,4.72,SAFE
2026-09-16 14:48:00,SNT.01,PITSTOP AMBON SIS,0.0,1.34,SAFE
2026-09-16 14:47:00,TJG.01,CSA BONTANG SIS,0.0,1.99,SAFE
2026-09-16 14:47:00,TJG.02,CSA BONTANG SIS,0.0,5.65,SAFE
2026-09-16 20:11:00,AMB.01,PITSTOP AMBON SIS,0.0,7.46,SAFE
2026-09-16 20:10:00,BDG.02,VP OB 1 SIS,0.0,19.31,SAFE
2026-09-16 20:10:00,BDG.03,VP OB 1 SIS,0.0,5.73,SAFE
2026-09-16 20:10:00,BDG.04,VP OB 1 SIS,0.0,1.07,SAFE
2026-09-16 20:10:47,BDG.05,ITABAL9,0.0,2.1,SAFE
2026-09-16 20:11:00,BGK.01,VP SABANG TIMUR SIS,0.0,1.59,SAFE
2026-09-16 20:11:00,BGK.02,VP SABANG TIMUR SIS,0.0,18.92,SAFE
2026-09-16 20:10:47,BGR.01,ITABAL9,0.0,1.34,SAFE
2026-09-16 20:10:00,BJB.03,CSA BONTANG SIS,0.0,1.34,SAFE
2026-09-16 20:11:00,BJM.01,PITSTOP AMBON SIS,0.0,3.86,SAFE
2026-09-16 20:10:00,BJM.02,CSA BONTANG SIS,0.0,1.68,SAFE
2026-09-16 20:10:47,BKL.01,ITABAL8,0.0,58.33,SAFE
2026-09-16 20:10:47,BKL.02,ITABAL8,0.0,0.72,SAFE
2026-09-16 20:10:47,BNE.02,ITABAL8,0.0,1.52,SAFE
2026-09-16 20:10:47,BNE.03,ITABAL8,0.0,0.63,SAFE
2026-09-16 20:10:47,BNE.04,ITABAL8,0.0,0.55,SAFE
2026-09-16 20:10:00,BNY.03,CSA BONTANG SIS,0.0,0.97,SAFE
2026-09-16 20:10:00,BTG.03,CSA BONTANG SIS,0.0,9.36,SAFE
2026-09-16 20:10:00,BTG.04,CSA BONTANG SIS,0.0,175.0,SAFE
2026-09-16 20:10:00,FLR.02,CSA BONTANG SIS,0.0,0.75,SAFE
2026-09-16 20:10:47,JKT.01,ITABAL9,0.0,25.36,SAFE
2026-09-16 20:10:47,JKT.02,ITABAL9,0.0,7.78,SAFE
2026-09-16 20:10:47,JKT.03,ITABAL9,0.0,4.16,SAFE
2026-09-16 20:10:47,JKT.04,ITABAL9,0.0,1.17,SAFE
2026-09-16 20:10:47,JKT.05,ITABAL9,0.0,5.68,SAFE
2026-09-16 20:10:47,JKT.06,ITABAL9,0.0,7.45,SAFE
2026-09-16 20:10:47,JKT.07,ITABAL9,0.0,11.55,SAFE
2026-09-16 20:10:47,JKT.08,ITABAL9,0.0,4.26,SAFE
2026-09-16 20:10:47,JMB.01,ITABAL8,0.0,3.07,SAFE
2026-09-16 20:10:47,JMB.03,ITABAL8,0.0,1.02,SAFE
2026-09-16 20:10:47,JMB.04,ITABAL9,0.0,0.77,SAFE
2026-09-16 20:11:00,KRC.02,VP SABANG TIMUR SIS,0.0,1.04,SAFE
2026-09-16 20:10:47,KRC.03,ITABAL8,0.0,1.31,SAFE
2026-09-16 20:11:00,KRC.05,VP SABANG TIMUR SIS,0.0,1.93,SAFE
2026-09-16 20:11:00,KRC.07,VP SABANG TIMUR SIS,0.0,2.15,SAFE
2026-09-16 20:10:47,LHT.01,ITABAL8,0.0,5.84,SAFE
2026-09-16 20:10:47,LPG.01,ITABAL8,0.0,2.05,SAFE
2026-09-16 20:10:47,LPG.02,ITABAL8,0.0,12.03,SAFE
2026-09-16 20:10:47,LPG.03,ITABAL8,0.0,6.96,SAFE
2026-09-16 20:10:47,LPG.06,ITABAL8,0.0,6.69,SAFE
2026-09-16 20:10:47,LPG.07,ITABAL8,0.0,12.92,SAFE
2026-09-16 20:10:47,MDN.01,ITABAL8,0.0,3.37,SAFE
2026-09-16 20:10:47,MDN.02,ITABAL8,0.0,2.53,SAFE
2026-09-16 20:10:47,MDN.03,ITABAL8,0.0,7.25,SAFE
2026-09-16 20:10:47,MDN.04,ITABAL8,0.0,1.95,SAFE
2026-09-16 20:10:47,MIA.01,ITABAL9,0.0,1.22,SAFE
2026-09-16 20:10:47,MIA.02,ITABAL9,0.0,17.59,SAFE
2026-09-16 20:10:47,MIA.03,ITABAL9,0.0,4.28,SAFE
2026-09-16 20:11:00,MIA.04,PITSTOP AMBON SIS,0.0,2.31,SAFE
2026-09-16 20:10:47,MIA.05,ITABAL9,0.0,20.96,SAFE
2026-09-16 20:10:47,MIA.06,ITABAL9,0.0,1.16,SAFE
2026-09-16 20:10:00,MKS.01,CSA BONTANG SIS,0.0,0.72,SAFE
2026-09-16 20:11:00,MKS.02,PITSTOP AMBON SIS,0.0,1.06,SAFE
,MKS.03,ROM 13,0.0,8.2,SAFE
,MKS.04,ROM 13,0.0,3.08,SAFE
2026-09-16 20:10:00,MND.02,CSA BONTANG SIS,0.0,2.49,SAFE
2026-09-16 20:11:00,MRK.01,VP SABANG TIMUR SIS,0.0,1.65,SAFE
2026-09-16 20:11:00,MTM.01,PITSTOP AMBON SIS,0.0,1.64,SAFE
2026-09-16 20:11:00,MTP.01,PITSTOP AMBON SIS,0.0,1.01,SAFE
2026-09-16 20:11:00,MTR.01,VP SABANG TIMUR SIS,0.0,1.67,SAFE
2026-09-16 20:10:47,NIS.01,ITABAL8,0.0,0.57,SAFE
2026-09-16 20:10:47,NIS.02,ITABAL8,0.0,0.86,SAFE
2026-09-16 20:10:47,NIS.03,ITABAL8,0.0,1.03,SAFE
2026-09-16 20:10:47,PDG.01,ITABAL9,0.0,0.52,SAFE
2026-09-16 20:10:47,PLB.01,ITABAL8,0.0,1.87,SAFE
2026-09-16 20:10:47,PLB.02,ITABAL8,0.0,0.84,SAFE
2026-09-16 20:10:47,PLB.03,ITABAL8,0.0,2.0,SAFE
2026-09-16 20:10:47,PLB.04,ITABAL8,0.0,13.62,SAFE
2026-09-16 20:10:00,PLU.04,CSA BONTANG SIS,0.0,2.36,SAFE
2026-09-16 20:11:00,RIU.02,VP SABANG TIMUR SIS,0.0,0.61,SAFE
2026-09-16 20:11:00,RIU.04,VP SABANG TIMUR SIS,0.0,0.51,SAFE
2026-09-16 20:11:00,SBG.02,VP SABANG TIMUR SIS,0.0,1.91,SAFE
2026-09-16 20:11:00,SBG.03,VP SABANG TIMUR SIS,0.0,5.65,SAFE
2026-09-16 20:11:00,SBG.04,VP SABANG TIMUR SIS,0.0,0.63,SAFE
2026-09-16 20:11:00,SBG.05,VP SABANG TIMUR SIS,0.0,21.21,SAFE
2026-09-16 20:10:47,SBG.06,ITABAL8,0.0,14.52,SAFE
2026-09-16 20:11:00,SBG.08,VP SABANG TIMUR SIS,0.0,1.35,SAFE
2026-09-16 20:11:00,SBG.10,VP SABANG TIMUR SIS,0.0,2.05,SAFE
2026-09-16 20:11:00,SBG.11,VP SABANG TIMUR SIS,0.0,0.75,SAFE
2026-09-16 20:10:00,SGT.02,CSA BONTANG SIS,0.0,0.19,SAFE
2026-09-16 20:10:00,SMB.02,CSA BONTANG SIS,0.0,2.63,SAFE
2026-09-16 20:10:00,SMB.03,CSA BONTANG SIS,0.0,4.72,SAFE
2026-09-16 20:11:00,SNT.01,PITSTOP AMBON SIS,0.0,1.34,SAFE
2026-09-16 20:10:00,TJG.01,CSA BONTANG SIS,0.0,1.99,SAFE
2026-09-16 20:10:00,TJG.02,CSA BONTANG SIS,0.0,5.65,SAFE
2026-09-16 23:59:00,AMB.01,PITSTOP AMBON SIS,0.0,7.46,SAFE
2026-09-16 23:59:00,BDG.02,VP OB 1 SIS,0.0,19.31,SAFE
2026-09-16 23:59:00,BDG.03,VP OB 1 SIS,0.0,5.73,SAFE
2026-09-16 23:59:00,BDG.04,VP OB 1 SIS,0.0,1.07,SAFE
2026-09-17 00:52:24,BDG.05,ITABAL9,0.0,2.1,SAFE
2026-09-16 23:59:00,BGK.01,VP SABANG TIMUR SIS,0.0,1.59,SAFE
2026-09-16 23:59:00,BGK.02,VP SABANG TIMUR SIS,0.0,18.92,SAFE
2026-09-17 00:52:24,BGR.01,ITABAL9,0.0,1.34,SAFE
2026-09-16 23:59:00,BJB.03,CSA BONTANG SIS,0.0,1.34,SAFE
2026-09-16 23:59:00,BJM.01,PITSTOP AMBON SIS,0.0,3.86,SAFE
2026-09-16 23:59:00,BJM.02,CSA BONTANG SIS,0.0,1.68,SAFE
2026-09-17 00:52:24,BKL.01,ITABAL8,0.0,58.33,SAFE
2026-09-17 00:52:24,BKL.02,ITABAL8,0.0,0.72,SAFE
2026-09-17 00:52:24,BNE.02,ITABAL8,0.0,1.52,SAFE
2026-09-17 00:52:24,BNE.03,ITABAL8,0.0,0.63,SAFE
2026-09-17 00:52:24,BNE.04,ITABAL8,0.0,0.55,SAFE
2026-09-16 23:59:00,BNY.03,CSA BONTANG SIS,0.0,0.97,SAFE
2026-09-16 23:59:00,BTG.03,CSA BONTANG SIS,0.0,9.36,SAFE
2026-09-16 23:59:00,BTG.04,CSA BONTANG SIS,0.0,175.0,SAFE
2026-09-16 23:59:00,FLR.02,CSA BONTANG SIS,0.0,0.75,SAFE
2026-09-17 00:52:24,JKT.01,ITABAL9,0.0,25.36,SAFE
2026-09-17 00:52:24,JKT.02,ITABAL9,0.0,7.78,SAFE
2026-09-17 00:52:24,JKT.03,ITABAL9,0.0,4.16,SAFE
2026-09-17 00:52:24,JKT.04,ITABAL9,0.0,1.17,SAFE
2026-09-17 00:52:24,JKT.05,ITABAL9,0.0,5.68,SAFE
2026-09-17 00:52:24,JKT.06,ITABAL9,0.0,7.45,SAFE
2026-09-17 00:52:24,JKT.07,ITABAL9,0.0,11.55,SAFE
2026-09-17 00:52:24,JKT.08,ITABAL9,0.0,4.26,SAFE
2026-09-17 00:52:24,JMB.01,ITABAL8,0.0,3.07,SAFE
2026-09-17 00:52:24,JMB.03,ITABAL8,0.0,1.02,SAFE
2026-09-17 00:52:24,JMB.04,ITABAL9,0.0,0.77,SAFE
2026-09-16 23:59:00,KRC.02,VP SABANG TIMUR SIS,0.0,1.04,SAFE
2026-09-17 00:52:24,KRC.03,ITABAL8,0.0,1.31,SAFE
2026-09-16 23:59:00,KRC.05,VP SABANG TIMUR SIS,0.0,1.93,SAFE
2026-09-16 23:59:00,KRC.07,VP SABANG TIMUR SIS,0.0,2.15,SAFE
2026-09-17 00:52:24,LHT.01,ITABAL8,0.0,5.84,SAFE
2026-09-17 00:52:24,LPG.01,ITABAL8,0.0,2.05,SAFE
2026-09-17 00:52:24,LPG.02,ITABAL8,0.0,12.03,SAFE
2026-09-17 00:52:24,LPG.03,ITABAL8,0.0,6.96,SAFE
2026-09-17 00:52:24,LPG.06,ITABAL8,0.0,6.69,SAFE
2026-09-17 00:52:24,LPG.07,ITABAL8,0.0,12.92,SAFE
2026-09-17 00:52:24,MDN.01,ITABAL8,0.0,3.37,SAFE
2026-09-17 00:52:24,MDN.02,ITABAL8,0.0,2.53,SAFE
2026-09-17 00:52:24,MDN.03,ITABAL8,0.0,7.25,SAFE
2026-09-17 00:52:24,MDN.04,ITABAL8,0.0,1.95,SAFE
2026-09-17 00:52:24,MIA.01,ITABAL9,0.0,1.22,SAFE
2026-09-17 00:52:24,MIA.02,ITABAL9,0.0,17.59,SAFE
2026-09-17 00:52:24,MIA.03,ITABAL9,0.0,4.28,SAFE
2026-09-16 23:59:00,MIA.04,PITSTOP AMBON SIS,0.0,2.31,SAFE
2026-09-17 00:52:24,MIA.05,ITABAL9,0.0,20.96,SAFE
2026-09-17 00:52:24,MIA.06,ITABAL9,0.0,1.16,SAFE
2026-09-16 23:59:00,MKS.01,CSA BONTANG SIS,0.0,0.72,SAFE
2026-09-16 23:59:00,MKS.02,PITSTOP AMBON SIS,0.0,1.06,SAFE
,MKS.03,ROM 13,0.0,8.2,SAFE
,MKS.04,ROM 13,0.0,3.08,SAFE
2026-09-16 23:59:00,MND.02,CSA BONTANG SIS,0.0,2.49,SAFE
2026-09-16 23:59:00,MRK.01,VP SABANG TIMUR SIS,0.0,1.65,SAFE
2026-09-16 23:59:00,MTM.01,PITSTOP AMBON SIS,0.0,1.64,SAFE
2026-09-16 23:59:00,MTP.01,PITSTOP AMBON SIS,0.0,1.01,SAFE
2026-09-16 23:59:00,MTR.01,VP SABANG TIMUR SIS,0.0,1.67,SAFE
2026-09-17 00:52:24,NIS.01,ITABAL8,0.0,0.57,SAFE
2026-09-17 00:52:24,NIS.02,ITABAL8,0.0,0.86,SAFE
2026-09-17 00:52:24,NIS.03,ITABAL8,0.0,1.03,SAFE
2026-09-17 00:52:24,PDG.01,ITABAL9,0.0,0.52,SAFE
2026-09-17 00:52:24,PLB.01,ITABAL8,0.0,1.87,SAFE
2026-09-17 00:52:24,PLB.02,ITABAL8,0.0,0.84,SAFE
2026-09-17 00:52:24,PLB.03,ITABAL8,0.0,2.0,SAFE
2026-09-17 00:52:24,PLB.04,ITABAL8,0.0,13.62,SAFE
2026-09-16 23:59:00,PLU.04,CSA BONTANG SIS,0.0,2.36,SAFE
2026-09-16 23:59:00,RIU.02,VP SABANG TIMUR SIS,0.0,0.61,SAFE
2026-09-16 23:59:00,RIU.04,VP SABANG TIMUR SIS,0.0,0.51,SAFE
2026-09-16 23:59:00,SBG.02,VP SABANG TIMUR SIS,0.0,1.91,SAFE
2026-09-16 23:59:00,SBG.03,VP SABANG TIMUR SIS,0.0,5.65,SAFE
2026-09-16 23:59:00,SBG.04,VP SABANG TIMUR SIS,0.0,0.63,SAFE
2026-09-16 23:59:00,SBG.05,VP SABANG TIMUR SIS,0.0,21.21,SAFE
2026-09-17 00:52:24,SBG.06,ITABAL8,0.0,14.52,SAFE
2026-09-16 23:59:00,SBG.08,VP SABANG TIMUR SIS,0.0,1.35,SAFE
2026-09-16 23:59:00,SBG.10,VP SABANG TIMUR SIS,0.0,2.05,SAFE
2026-09-16 23:59:00,SBG.11,VP SABANG TIMUR SIS,0.0,0.75,SAFE
2026-09-16 23:59:00,SGT.02,CSA BONTANG SIS,0.0,0.19,SAFE
2026-09-16 23:59:00,SMB.02,CSA BONTANG SIS,0.0,2.63,SAFE
2026-09-16 23:59:00,SMB.03,CSA BONTANG SIS,0.0,4.72,SAFE
2026-09-16 23:59:00,SNT.01,PITSTOP AMBON SIS,0.0,1.34,SAFE
2026-09-16 23:59:00,TJG.01,CSA BONTANG SIS,0.0,1.99,SAFE
2026-09-16 23:59:00,TJG.02,CSA BONTANG SIS,0.0,5.65,SAFE
2026-09-16 23:59:00,AMB.01,PITSTOP AMBON SIS,0.0,7.46,SAFE
2026-09-16 23:59:00,BDG.02,VP OB 1 SIS,0.0,19.31,SAFE
2026-09-16 23:59:00,BDG.03,VP OB 1 SIS,0.0,5.73,SAFE
2026-09-16 23:59:00,BDG.04,VP OB 1 SIS,0.0,1.07,SAFE
2026-09-17 03:46:30,BDG.05,ITABAL9,0.0,2.1,SAFE
2026-09-16 23:59:00,BGK.01,VP SABANG TIMUR SIS,0.0,1.59,SAFE
2026-09-16 23:59:00,BGK.02,VP SABANG TIMUR SIS,0.0,18.92,SAFE
2026-09-17 03:46:30,BGR.01,ITABAL9,0.0,1.34,SAFE
2026-09-16 23:59:00,BJB.03,CSA BONTANG SIS,0.0,1.34,SAFE
2026-09-16 23:59:00,BJM.01,PITSTOP AMBON SIS,0.0,3.86,SAFE
2026-09-16 23:59:00,BJM.02,CSA BONTANG SIS,0.0,1.68,SAFE
2026-09-17 03:46:30,BKL.01,ITABAL8,0.0,58.33,SAFE
2026-09-17 03:46:30,BKL.02,ITABAL8,0.0,0.72,SAFE
2026-09-17 03:46:30,BNE.02,ITABAL8,0.0,1.52,SAFE
2026-09-17 03:46:30,BNE.03,ITABAL8,0.0,0.63,SAFE
2026-09-17 03:46:30,BNE.04,ITABAL8,0.0,0.55,SAFE
2026-09-16 23:59:00,BNY.03,CSA BONTANG SIS,0.0,0.97,SAFE
2026-09-16 23:59:00,BTG.03,CSA BONTANG SIS,0.0,9.36,SAFE
2026-09-16 23:59:00,BTG.04,CSA BONTANG SIS,0.0,175.0,SAFE
2026-09-16 23:59:00,FLR.02,CSA BONTANG SIS,0.0,0.75,SAFE
2026-09-17 03:46:30,JKT.01,ITABAL9,0.0,25.36,SAFE
2026-09-17 03:46:30,JKT.02,ITABAL9,0.0,7.78,SAFE
2026-09-17 03:46:30,JKT.03,ITABAL9,0.0,4.16,SAFE
2026-09-17 03:46:30,JKT.04,ITABAL9,0.0,1.17,SAFE
2026-09-17 03:46:30,JKT.05,ITABAL9,0.0,5.68,SAFE
2026-09-17 03:46:30,JKT.06,ITABAL9,0.0,7.45,SAFE
2026-09-17 03:46:30,JKT.07,ITABAL9,0.0,11.55,SAFE
2026-09-17 03:46:30,JKT.08,ITABAL9,0.0,4.26,SAFE
2026-09-17 03:46:30,JMB.01,ITABAL8,0.0,3.07,SAFE
2026-09-17 03:46:30,JMB.03,ITABAL8,0.0,1.02,SAFE
2026-09-17 03:46:30,JMB.04,ITABAL9,0.0,0.77,SAFE
2026-09-16 23:59:00,KRC.02,VP SABANG TIMUR SIS,0.0,1.04,SAFE
2026-09-17 03:46:30,KRC.03,ITABAL8,0.0,1.31,SAFE
2026-09-16 23:59:00,KRC.05,VP SABANG TIMUR SIS,0.0,1.93,SAFE
2026-09-16 23:59:00,KRC.07,VP SABANG TIMUR SIS,0.0,2.15,SAFE
2026-09-17 03:46:30,LHT.01,ITABAL8,0.0,5.84,SAFE
2026-09-17 03:46:30,LPG.01,ITABAL8,0.0,2.05,SAFE
2026-09-17 03:46:30,LPG.02,ITABAL8,0.0,12.03,SAFE
2026-09-17 03:46:30,LPG.03,ITABAL8,0.0,6.96,SAFE
2026-09-17 03:46:30,LPG.06,ITABAL8,0.0,6.69,SAFE
2026-09-17 03:46:30,LPG.07,ITABAL8,0.0,12.92,SAFE
2026-09-17 03:46:30,MDN.01,ITABAL8,0.0,3.37,SAFE
2026-09-17 03:46:30,MDN.02,ITABAL8,0.0,2.53,SAFE
2026-09-17 03:46:30,MDN.03,ITABAL8,0.0,7.25,SAFE
2026-09-17 03:46:30,MDN.04,ITABAL8,0.0,1.95,SAFE
2026-09-17 03:46:30,MIA.01,ITABAL9,0.0,1.22,SAFE
2026-09-17 03:46:30,MIA.02,ITABAL9,0.0,17.59,SAFE
2026-09-17 03:46:30,MIA.03,ITABAL9,0.0,4.28,SAFE
2026-09-16 23:59:00,MIA.04,PITSTOP AMBON SIS,0.0,2.31,SAFE
2026-09-17 03:46:30,MIA.05,ITABAL9,0.0,20.96,SAFE
2026-09-17 03:46:30,MIA.06,ITABAL9,0.0,1.16,SAFE
2026-09-16 23:59:00,MKS.01,CSA BONTANG SIS,0.0,0.72,SAFE
2026-09-16 23:59:00,MKS.02,PITSTOP AMBON SIS,0.0,1.06,SAFE
,MKS.03,ROM 13,0.0,8.2,SAFE
,MKS.04,ROM 13,0.0,3.08,SAFE
2026-09-16 23:59:00,MND.02,CSA BONTANG SIS,0.0,2.49,SAFE
2026-09-16 23:59:00,MRK.01,VP SABANG TIMUR SIS,0.0,1.65,SAFE
2026-09-16 23:59:00,MTM.01,PITSTOP AMBON SIS,0.0,1.64,SAFE
2026-09-16 23:59:00,MTP.01,PITSTOP AMBON SIS,0.0,1.01,SAFE
2026-09-16 23:59:00,MTR.01,VP SABANG TIMUR SIS,0.0,1.67,SAFE
2026-09-17 03:46:30,NIS.01,ITABAL8,0.0,0.57,SAFE
2026-09-17 03:46:30,NIS.02,ITABAL8,0.0,0.86,SAFE
2026-09-17 03:46:30,NIS.03,ITABAL8,0.0,1.03,SAFE
2026-09-17 03:46:30,PDG.01,ITABAL9,0.0,0.52,SAFE
2026-09-17 03:46:30,PLB.01,ITABAL8,0.0,1.87,SAFE
2026-09-17 03:46:30,PLB.02,ITABAL8,0.0,0.84,SAFE
2026-09-17 03:46:30,PLB.03,ITABAL8,0.0,2.0,SAFE
2026-09-17 03:46:30,PLB.04,ITABAL8,0.0,13.62,SAFE
2026-09-16 23:59:00,PLU.04,CSA BONTANG SIS,0.0,2.36,SAFE
2026-09-16 23:59:00,RIU.02,VP SABANG TIMUR SIS,0.0,0.61,SAFE
2026-09-16 23:59:00,RIU.04,VP SABANG TIMUR SIS,0.0,0.51,SAFE
2026-09-16 23:59:00,SBG.02,VP SABANG TIMUR SIS,0.0,1.91,SAFE
2026-09-16 23:59:00,SBG.03,VP SABANG TIMUR SIS,0.0,5.65,SAFE
2026-09-16 23:59:00,SBG.04,VP SABANG TIMUR SIS,0.0,0.63,SAFE
2026-09-16 23:59:00,SBG.05,VP SABANG TIMUR SIS,0.0,21.21,SAFE
2026-09-17 03:46:30,SBG.06,ITABAL8,0.0,14.52,SAFE
2026-09-16 23:59:00,SBG.08,VP SABANG TIMUR SIS,0.0,1.35,SAFE
2026-09-16 23:59:00,SBG.10,VP SABANG TIMUR SIS,0.0,2.05,SAFE
2026-09-16 23:59:00,SBG.11,VP SABANG TIMUR SIS,0.0,0.75,SAFE
2026-09-16 23:59:00,SGT.02,CSA BONTANG SIS,0.0,0.19,SAFE
2026-09-16 23:59:00,SMB.02,CSA BONTANG SIS,0.0,2.63,SAFE
2026-09-16 23:59:00,SMB.03,CSA BONTANG SIS,0.0,4.72,SAFE
2026-09-16 23:59:00,SNT.01,PITSTOP AMBON SIS,0.0,1.34,SAFE
2026-09-16 23:59:00,TJG.01,CSA BONTANG SIS,0.0,1.99,SAFE
2026-09-16 23:59:00,TJG.02,CSA BONTANG SIS,0.0,5.65,SAFE
2026-09-16 23:59:00,AMB.01,PITSTOP AMBON SIS,0.0,7.46,SAFE
2026-09-16 23:59:00,BDG.02,VP OB 1 SIS,0.0,19.31,SAFE
2026-09-16 23:59:00,BDG.03,VP OB 1 SIS,0.0,5.73,SAFE
2026-09-16 23:59:00,BDG.04,VP OB 1 SIS,0.0,1.07,SAFE
2026-09-17 06:23:17,BDG.05,ITABAL9,0.0,2.1,SAFE
2026-09-16 23:59:00,BGK.01,VP SABANG TIMUR SIS,0.0,1.59,SAFE
2026-09-16 23:59:00,BGK.02,VP SABANG TIMUR SIS,0.0,18.92,SAFE
2026-09-17 06:23:17,BGR.01,ITABAL9,0.0,1.34,SAFE
2026-09-16 23:59:00,BJB.03,CSA BONTANG SIS,0.0,1.34,SAFE
2026-09-16 23:59:00,BJM.01,PITSTOP AMBON SIS,0.0,3.86,SAFE
2026-09-16 23:59:00,BJM.02,CSA BONTANG SIS,0.0,1.68,SAFE
2026-09-17 06:23:17,BKL.01,ITABAL8,0.0,58.33,SAFE
2026-09-17 06:23:17,BKL.02,ITABAL8,0.0,0.72,SAFE
2026-09-17 06:23:17,BNE.02,ITABAL8,0.0,1.52,SAFE
2026-09-17 06:23:17,BNE.03,ITABAL8,0.0,0.63,SAFE
2026-09-17 06:23:17,BNE.04,ITABAL8,0.0,0.55,SAFE
2026-09-16 23:59:00,BNY.03,CSA BONTANG SIS,0.0,0.97,SAFE
2026-09-16 23:59:00,BTG.03,CSA BONTANG SIS,0.0,9.36,SAFE
2026-09-16 23:59:00,BTG.04,CSA BONTANG SIS,0.0,175.0,SAFE
2026-09-16 23:59:00,FLR.02,CSA BONTANG SIS,0.0,0.75,SAFE
2026-09-17 06:23:17,JKT.01,ITABAL9,0.0,25.36,SAFE
2026-09-17 06:23:17,JKT.02,ITABAL9,0.0,7.78,SAFE
2026-09-17 06:23:17,JKT.03,ITABAL9,0.0,4.16,SAFE
2026-09-17 06:23:17,JKT.04,ITABAL9,0.0,1.17,SAFE
2026-09-17 06:23:17,JKT.05,ITABAL9,0.0,5.68,SAFE
2026-09-17 06:23:17,JKT.06,ITABAL9,0.0,7.45,SAFE
2026-09-17 06:23:17,JKT.07,ITABAL9,0.0,11.55,SAFE
2026-09-17 06:23:17,JKT.08,ITABAL9,0.0,4.26,SAFE
2026-09-17 06:23:17,JMB.01,ITABAL8,0.0,3.07,SAFE
2026-09-17 06:23:17,JMB.03,ITABAL8,0.0,1.02,SAFE
2026-09-17 06:23:17,JMB.04,ITABAL9,0.0,0.77,SAFE
2026-09-16 23:59:00,KRC.02,VP SABANG TIMUR SIS,0.0,1.04,SAFE
2026-09-17 06:23:17,KRC.03,ITABAL8,0.0,1.31,SAFE
2026-09-16 23:59:00,KRC.05,VP SABANG TIMUR SIS,0.0,1.93,SAFE
2026-09-16 23:59:00,KRC.07,VP SABANG TIMUR SIS,0.0,2.15,SAFE
2026-09-17 06:23:17,LHT.01,ITABAL8,0.0,5.84,SAFE
2026-09-17 06:23:17,LPG.01,ITABAL8,0.0,2.05,SAFE
2026-09-17 06:23:17,LPG.02,ITABAL8,0.0,12.03,SAFE
2026-09-17 06:23:17,LPG.03,ITABAL8,0.0,6.96,SAFE
2026-09-17 06:23:17,LPG.06,ITABAL8,0.0,6.69,SAFE
2026-09-17 06:23:17,LPG.07,ITABAL8,0.0,12.92,SAFE
2026-09-17 06:23:17,MDN.01,ITABAL8,0.0,3.37,SAFE
2026-09-17 06:23:17,MDN.02,ITABAL8,0.0,2.53,SAFE
2026-09-17 06:23:17,MDN.03,ITABAL8,0.0,7.25,SAFE
2026-09-17 06:23:17,MDN.04,ITABAL8,0.0,1.95,SAFE
2026-09-17 06:23:17,MIA.01,ITABAL9,0.0,1.22,SAFE
2026-09-17 06:23:17,MIA.02,ITABAL9,0.0,17.59,SAFE
2026-09-17 06:23:17,MIA.03,ITABAL9,0.0,4.28,SAFE
2026-09-16 23:59:00,MIA.04,PITSTOP AMBON SIS,0.0,2.31,SAFE
2026-09-17 06:23:17,MIA.05,ITABAL9,0.0,20.96,SAFE
2026-09-17 06:23:17,MIA.06,ITABAL9,0.0,1.16,SAFE
2026-09-16 23:59:00,MKS.01,CSA BONTANG SIS,0.0,0.72,SAFE
2026-09-16 23:59:00,MKS.02,PITSTOP AMBON SIS,0.0,1.06,SAFE
,MKS.03,ROM 13,0.0,8.2,SAFE
,MKS.04,ROM 13,0.0,3.08,SAFE
2026-09-16 23:59:00,MND.02,CSA BONTANG SIS,0.0,2.49,SAFE
2026-09-16 23:59:00,MRK.01,VP SABANG TIMUR SIS,0.0,1.65,SAFE
2026-09-16 23:59:00,MTM.01,PITSTOP AMBON SIS,0.0,1.64,SAFE
2026-09-16 23:59:00,MTP.01,PITSTOP AMBON SIS,0.0,1.01,SAFE
2026-09-16 23:59:00,MTR.01,VP SABANG TIMUR SIS,0.0,1.67,SAFE
2026-09-17 06:23:17,NIS.01,ITABAL8,0.0,0.57,SAFE
2026-09-17 06:23:17,NIS.02,ITABAL8,0.0,0.86,SAFE
2026-09-17 06:23:17,NIS.03,ITABAL8,0.0,1.03,SAFE
2026-09-17 06:23:17,PDG.01,ITABAL9,0.0,0.52,SAFE
2026-09-17 06:23:17,PLB.01,ITABAL8,0.0,1.87,SAFE
2026-09-17 06:23:17,PLB.02,ITABAL8,0.0,0.84,SAFE
2026-09-17 06:23:17,PLB.03,ITABAL8,0.0,2.0,SAFE
2026-09-17 06:23:17,PLB.04,ITABAL8,0.0,13.62,SAFE
2026-09-16 23:59:00,PLU.04,CSA BONTANG SIS,0.0,2.36,SAFE
2026-09-16 23:59:00,RIU.02,VP SABANG TIMUR SIS,0.0,0.61,SAFE
2026-09-16 23:59:00,RIU.04,VP SABANG TIMUR SIS,0.0,0.51,SAFE
2026-09-16 23:59:00,SBG.02,VP SABANG TIMUR SIS,0.0,1.91,SAFE
2026-09-16 23:59:00,SBG.03,VP SABANG TIMUR SIS,0.0,5.65,SAFE
2026-09-16 23:59:00,SBG.04,VP SABANG TIMUR SIS,0.0,0.63,SAFE
2026-09-16 23:59:00,SBG.05,VP SABANG TIMUR SIS,0.0,21.21,SAFE
2026-09-17 06:23:17,SBG.06,ITABAL8,0.0,14.52,SAFE
2026-09-16 23:59:00,SBG.08,VP SABANG TIMUR SIS,0.0,1.35,SAFE
2026-09-16 23:59:00,SBG.10,VP SABANG TIMUR SIS,0.0,2.05,SAFE
2026-09-16 23:59:00,SBG.11,VP SABANG TIMUR SIS,0.0,0.75,SAFE
2026-09-16 23:59:00,SGT.02,CSA BONTANG SIS,0.0,0.19,SAFE
2026-09-16 23:59:00,SMB.02,CSA BONTANG SIS,0.0,2.63,SAFE
2026-09-16 23:59:00,SMB.03,CSA BONTANG SIS,0.0,4.72,SAFE
2026-09-16 23:59:00,SNT.01,PITSTOP AMBON SIS,0.0,1.34,SAFE
2026-09-16 23:59:00,TJG.01,CSA BONTANG SIS,0.0,1.99,SAFE
2026-09-16 23:59:00,TJG.02,CSA BONTANG SIS,0.0,5.65,SAFE
2026-09-17 08:42:00,AMB.01,PITSTOP AMBON SIS,0.0,7.46,SAFE
2026-09-17 08:41:00,BDG.02,VP OB 1 SIS,0.0,19.31,SAFE
2026-09-17 08:41:00,BDG.03,VP OB 1 SIS,0.0,5.73,SAFE
2026-09-17 08:41:00,BDG.04,VP OB 1 SIS,0.0,1.07,SAFE
2026-09-17 08:41:21,BDG.05,ITABAL9,0.0,2.1,SAFE
2026-09-17 08:41:00,BGK.01,VP SABANG TIMUR SIS,0.0,1.59,SAFE
2026-09-17 08:41:00,BGK.02,VP SABANG TIMUR SIS,0.0,18.92,SAFE
2026-09-17 08:41:21,BGR.01,ITABAL9,0.0,1.34,SAFE
2026-09-17 08:41:00,BJB.03,CSA BONTANG SIS,0.0,1.34,SAFE
2026-09-17 08:42:00,BJM.01,PITSTOP AMBON SIS,0.0,3.86,SAFE
2026-09-17 08:41:00,BJM.02,CSA BONTANG SIS,0.0,1.68,SAFE
2026-09-17 08:41:21,BKL.01,ITABAL8,0.0,58.33,SAFE
2026-09-17 08:41:21,BKL.02,ITABAL8,0.0,0.72,SAFE
2026-09-17 08:41:21,BNE.02,ITABAL8,0.0,1.52,SAFE
2026-09-17 08:41:21,BNE.03,ITABAL8,0.0,0.63,SAFE
2026-09-17 08:41:21,BNE.04,ITABAL8,0.0,0.55,SAFE
2026-09-17 08:41:00,BNY.03,CSA BONTANG SIS,0.0,0.97,SAFE
2026-09-17 08:41:00,BTG.03,CSA BONTANG SIS,0.0,9.36,SAFE
2026-09-17 08:41:00,BTG.04,CSA BONTANG SIS,0.0,175.0,SAFE
2026-09-17 08:41:00,FLR.02,CSA BONTANG SIS,0.0,0.75,SAFE
2026-09-17 08:41:21,JKT.01,ITABAL9,0.0,25.36,SAFE
2026-09-17 08:41:21,JKT.02,ITABAL9,0.0,7.78,SAFE
2026-09-17 08:41:21,JKT.03,ITABAL9,0.0,4.16,SAFE
2026-09-17 08:41:21,JKT.04,ITABAL9,0.0,1.17,SAFE
2026-09-17 08:41:21,JKT.05,ITABAL9,0.0,5.68,SAFE
2026-09-17 08:41:21,JKT.06,ITABAL9,0.0,7.45,SAFE
2026-09-17 08:41:21,JKT.07,ITABAL9,0.0,11.55,SAFE
2026-09-17 08:41:21,JKT.08,ITABAL9,0.0,4.26,SAFE
2026-09-17 08:41:21,JMB.01,ITABAL8,0.0,3.07,SAFE
2026-09-17 08:41:21,JMB.03,ITABAL8,0.0,1.02,SAFE
2026-09-17 08:41:21,JMB.04,ITABAL9,0.0,0.77,SAFE
2026-09-17 08:41:00,KRC.02,VP SABANG TIMUR SIS,0.0,1.04,SAFE
2026-09-17 08:41:21,KRC.03,ITABAL8,0.0,1.31,SAFE
2026-09-17 08:41:00,KRC.05,VP SABANG TIMUR SIS,0.0,1.93,SAFE
2026-09-17 08:41:00,KRC.07,VP SABANG TIMUR SIS,0.0,2.15,SAFE
2026-09-17 08:41:21,LHT.01,ITABAL8,0.0,5.84,SAFE
2026-09-17 08:41:21,LPG.01,ITABAL8,0.0,2.05,SAFE
2026-09-17 08:41:21,LPG.02,ITABAL8,0.0,12.03,SAFE
2026-09-17 08:41:21,LPG.03,ITABAL8,0.0,6.96,SAFE
2026-09-17 08:41:21,LPG.06,ITABAL8,0.0,6.69,SAFE
2026-09-17 08:41:21,LPG.07,ITABAL8,0.0,12.92,SAFE
2026-09-17 08:41:21,MDN.01,ITABAL8,0.0,3.37,SAFE
2026-09-17 08:41:21,MDN.02,ITABAL8,0.0,2.53,SAFE
2026-09-17 08:41:21,MDN.03,ITABAL8,0.0,7.25,SAFE
2026-09-17 08:41:21,MDN.04,ITABAL8,0.0,1.95,SAFE
2026-09-17 08:41:21,MIA.01,ITABAL9,0.0,1.22,SAFE
2026-09-17 08:41:21,MIA.02,ITABAL9,0.0,17.59,SAFE
2026-09-17 08:41:21,MIA.03,ITABAL9,0.0,4.28,SAFE
2026-09-17 08:42:00,MIA.04,PITSTOP AMBON SIS,0.0,2.31,SAFE
2026-09-17 08:41:21,MIA.05,ITABAL9,0.0,20.96,SAFE
2026-09-17 08:41:21,MIA.06,ITABAL9,0.0,1.16,SAFE
2026-09-17 08:41:00,MKS.01,CSA BONTANG SIS,0.0,0.72,SAFE
2026-09-17 08:42:00,MKS.02,PITSTOP AMBON SIS,0.0,1.06,SAFE
,MKS.03,ROM 13,0.0,8.2,SAFE
,MKS.04,ROM 13,0.0,3.08,SAFE
2026-09-17 08:41:00,MND.02,CSA BONTANG SIS,0.0,2.49,SAFE
2026-09-17 08:41:00,MRK.01,VP SABANG TIMUR SIS,0.0,1.65,SAFE
2026-09-17 08:42:00,MTM.01,PITSTOP AMBON SIS,0.0,1.64,SAFE
2026-09-17 08:42:00,MTP.01,PITSTOP AMBON SIS,0.0,1.01,SAFE
2026-09-17 08:41:00,MTR.01,VP SABANG TIMUR SIS,0.0,1.67,SAFE
2026-09-17 08:41:21,NIS.01,ITABAL8,0.0,0.57,SAFE
2026-09-17 08:41:21,NIS.02,ITABAL8,0.0,0.86,SAFE
2026-09-17 08:41:21,NIS.03,ITABAL8,0.0,1.03,SAFE
2026-09-17 08:41:21,PDG.01,ITABAL9,0.0,0.52,SAFE
2026-09-17 08:41:21,PLB.01,ITABAL8,0.0,1.87,SAFE
2026-09-17 08:41:21,PLB.02,ITABAL8,0.0,0.84,SAFE
2026-09-17 08:41:21,PLB.03,ITABAL8,0.0,2.0,SAFE
2026-09-17 08:41:21,PLB.04,ITABAL8,0.0,13.62,SAFE
2026-09-17 08:41:00,PLU.04,CSA BONTANG SIS,0.0,2.36,SAFE
2026-09-17 08:41:00,RIU.02,VP SABANG TIMUR SIS,0.0,0.61,SAFE
2026-09-17 08:41:00,RIU.04,VP SABANG TIMUR SIS,0.0,0.51,SAFE
2026-09-17 08:41:00,SBG.02,VP SABANG TIMUR SIS,0.0,1.91,SAFE
2026-09-17 08:41:00,SBG.03,VP SABANG TIMUR SIS,0.0,5.65,SAFE
2026-09-17 08:41:00,SBG.04,VP SABANG TIMUR SIS,0.0,0.63,SAFE
2026-09-17 08:41:00,SBG.05,VP SABANG TIMUR SIS,0.0,21.21,SAFE
2026-09-17 08:41:21,SBG.06,ITABAL8,0.0,14.52,SAFE
2026-09-17 08:41:00,SBG.08,VP SABANG TIMUR SIS,0.0,1.35,SAFE
2026-09-17 08:41:00,SBG.10,VP SABANG TIMUR SIS,0.0,2.05,SAFE
2026-09-17 08:41:00,SBG.11,VP SABANG TIMUR SIS,0.0,0.75,SAFE
2026-09-17 08:41:00,SGT.02,CSA BONTANG SIS,0.0,0.19,SAFE
2026-09-17 08:41:00,SMB.02,CSA BONTANG SIS,0.0,2.63,SAFE
2026-09-17 08:41:00,SMB.03,CSA BONTANG SIS,0.0,4.72,SAFE
2026-09-17 08:42:00,SNT.01,PITSTOP AMBON SIS,0.0,1.34,SAFE
2026-09-17 08:41:00,TJG.01,CSA BONTANG SIS,0.0,1.99,SAFE
2026-09-17 08:41:00,TJG.02,CSA BONTANG SIS,0.0,5.65,SAFE
2026-09-17 13:25:00,AMB.01,PITSTOP AMBON SIS,0.0,7.46,SAFE
2026-09-17 13:23:00,BDG.02,VP OB 1 SIS,0.0,19.31,SAFE
2026-09-17 13:23:00,BDG.03,VP OB 1 SIS,0.0,5.73,SAFE
2026-09-17 13:23:00,BDG.04,VP OB 1 SIS,0.0,1.07,SAFE
2026-09-17 13:24:17,BDG.05,ITABAL9,0.0,2.1,SAFE
2026-09-17 13:24:00,BGK.01,VP SABANG TIMUR SIS,0.0,1.59,SAFE
2026-09-17 13:24:00,BGK.02,VP SABANG TIMUR SIS,0.0,18.92,SAFE
2026-09-17 13:24:17,BGR.01,ITABAL9,0.0,1.34,SAFE
2026-09-17 13:24:00,BJB.03,CSA BONTANG SIS,0.0,1.34,SAFE
2026-09-17 13:25:00,BJM.01,PITSTOP AMBON SIS,0.0,3.86,SAFE
2026-09-17 13:24:00,BJM.02,CSA BONTANG SIS,0.0,1.68,SAFE
2026-09-17 13:24:17,BKL.01,ITABAL8,0.0,58.33,SAFE
2026-09-17 13:24:17,BKL.02,ITABAL8,0.0,0.72,SAFE
2026-09-17 13:24:17,BNE.02,ITABAL8,0.0,1.52,SAFE
2026-09-17 13:24:17,BNE.03,ITABAL8,0.0,0.63,SAFE
2026-09-17 13:24:17,BNE.04,ITABAL8,0.0,0.55,SAFE
2026-09-17 13:24:00,BNY.03,CSA BONTANG SIS,0.0,0.97,SAFE
2026-09-17 13:24:00,BTG.03,CSA BONTANG SIS,0.0,9.36,SAFE
2026-09-17 13:24:00,BTG.04,CSA BONTANG SIS,0.0,175.0,SAFE
2026-09-17 13:24:00,FLR.02,CSA BONTANG SIS,0.0,0.75,SAFE
2026-09-17 13:24:17,JKT.01,ITABAL9,0.0,25.36,SAFE
2026-09-17 13:24:17,JKT.02,ITABAL9,0.0,7.78,SAFE
2026-09-17 13:24:17,JKT.03,ITABAL9,0.0,4.16,SAFE
2026-09-17 13:24:17,JKT.04,ITABAL9,0.0,1.17,SAFE
2026-09-17 13:24:17,JKT.05,ITABAL9,0.0,5.68,SAFE
2026-09-17 13:24:17,JKT.06,ITABAL9,0.0,7.45,SAFE
2026-09-17 13:24:17,JKT.07,ITABAL9,0.0,11.55,SAFE
2026-09-17 13:24:17,JKT.08,ITABAL9,0.0,4.26,SAFE
2026-09-17 13:24:17,JMB.01,ITABAL8,0.0,3.07,SAFE
2026-09-17 13:24:17,JMB.03,ITABAL8,0.0,1.02,SAFE
2026-09-17 13:24:17,JMB.04,ITABAL9,0.0,0.77,SAFE
2026-09-17 13:24:00,KRC.02,VP SABANG TIMUR SIS,0.0,1.04,SAFE
2026-09-17 13:24:17,KRC.03,ITABAL8,0.0,1.31,SAFE
2026-09-17 13:24:00,KRC.05,VP SABANG TIMUR SIS,0.0,1.93,SAFE
2026-09-17 13:24:00,KRC.07,VP SABANG TIMUR SIS,0.0,2.15,SAFE
2026-09-17 13:24:17,LHT.01,ITABAL8,0.0,5.84,SAFE
2026-09-17 13:24:17,LPG.01,ITABAL8,0.0,2.05,SAFE
2026-09-17 13:24:17,LPG.02,ITABAL8,0.0,12.03,SAFE
2026-09-17 13:24:17,LPG.03,ITABAL8,0.0,6.96,SAFE
2026-09-17 13:24:17,LPG.06,ITABAL8,0.0,6.69,SAFE
2026-09-17 13:24:17,LPG.07,ITABAL8,0.0,12.92,SAFE
2026-09-17 13:24:17,MDN.01,ITABAL8,0.0,3.37,SAFE
2026-09-17 13:24:17,MDN.02,ITABAL8,0.0,2.53,SAFE
2026-09-17 13:24:17,MDN.03,ITABAL8,0.0,7.25,SAFE
2026-09-17 13:24:17,MDN.04,ITABAL8,0.0,1.95,SAFE
2026-09-17 13:24:17,MIA.01,ITABAL9,0.0,1.22,SAFE
2026-09-17 13:24:17,MIA.02,ITABAL9,0.0,17.59,SAFE
2026-09-17 13:24:17,MIA.03,ITABAL9,0.0,4.28,SAFE
2026-09-17 13:25:00,MIA.04,PITSTOP AMBON SIS,0.0,2.31,SAFE
2026-09-17 13:24:17,MIA.05,ITABAL9,0.0,20.96,SAFE
2026-09-17 13:24:17,MIA.06,ITABAL9,0.0,1.16,SAFE
2026-09-17 13:24:00,MKS.01,CSA BONTANG SIS,0.0,0.72,SAFE
2026-09-17 13:25:00,MKS.02,PITSTOP AMBON SIS,0.0,1.06,SAFE
,MKS.03,ROM 13,0.0,8.2,SAFE
,MKS.04,ROM 13,0.0,3.08,SAFE
2026-09-17 13:24:00,MND.02,CSA BONTANG SIS,0.0,2.49,SAFE
2026-09-17 13:24:00,MRK.01,VP SABANG TIMUR SIS,0.0,1.65,SAFE
2026-09-17 13:25:00,MTM.01,PITSTOP AMBON SIS,0.0,1.64,SAFE
2026-09-17 13:25:00,MTP.01,PITSTOP AMBON SIS,0.0,1.01,SAFE
2026-09-17 13:24:00,MTR.01,VP SABANG TIMUR SIS,0.0,1.67,SAFE
2026-09-17 13:24:17,NIS.01,ITABAL8,0.0,0.57,SAFE
2026-09-17 13:24:17,NIS.02,ITABAL8,0.0,0.86,SAFE
2026-09-17 13:24:17,NIS.03,ITABAL8,0.0,1.03,SAFE
2026-09-17 13:24:17,PDG.01,ITABAL9,0.0,0.52,SAFE
2026-09-17 13:24:17,PLB.01,ITABAL8,0.0,1.87,SAFE
2026-09-17 13:24:17,PLB.02,ITABAL8,0.0,0.84,SAFE
2026-09-17 13:24:17,PLB.03,ITABAL8,0.0,2.0,SAFE
2026-09-17 13:24:17,PLB.04,ITABAL8,0.0,13.62,SAFE
2026-09-17 13:24:00,PLU.04,CSA BONTANG SIS,0.0,2.36,SAFE
2026-09-17 13:24:00,RIU.02,VP SABANG TIMUR SIS,0.0,0.61,SAFE
2026-09-17 13:24:00,RIU.04,VP SABANG TIMUR SIS,0.0,0.51,SAFE
2026-09-17 13:24:00,SBG.02,VP SABANG TIMUR SIS,0.0,1.91,SAFE
2026-09-17 13:24:00,SBG.03,VP SABANG TIMUR SIS,0.0,5.65,SAFE
2026-09-17 13:24:00,SBG.04,VP SABANG TIMUR SIS,0.0,0.63,SAFE
2026-09-17 13:24:00,SBG.05,VP SABANG TIMUR SIS,0.0,21.21,SAFE
2026-09-17 13:24:17,SBG.06,ITABAL8,0.0,14.52,SAFE
2026-09-17 13:24:00,SBG.08,VP SABANG TIMUR SIS,0.0,1.35,SAFE
2026-09-17 13:24:00,SBG.10,VP SABANG TIMUR SIS,0.0,2.05,SAFE
2026-09-17 13:24:00,SBG.11,VP SABANG TIMUR SIS,0.0,0.75,SAFE
2026-09-17 13:24:00,SGT.02,CSA BONTANG SIS,0.0,0.19,SAFE
2026-09-17 13:24:00,SMB.02,CSA BONTANG SIS,0.0,2.63,SAFE
2026-09-17 13:24:00,SMB.03,CSA BONTANG SIS,0.0,4.72,SAFE
2026-09-17 13:25:00,SNT.01,PITSTOP AMBON SIS,0.0,1.34,SAFE
2026-09-17 13:24:00,TJG.01,CSA BONTANG SIS,0.0,1.99,SAFE
2026-09-17 13:24:00,TJG.02,CSA BONTANG SIS,0.0,5.65,SAFE
2026-09-17 18:11:00,AMB.01,PITSTOP AMBON SIS,0.0,7.46,SAFE
2026-09-17 18:10:00,BDG.02,VP OB 1 SIS,0.0,19.31,SAFE
2026-09-17 18:10:00,BDG.03,VP OB 1 SIS,0.0,5.73,SAFE
2026-09-17 18:10:00,BDG.04,VP OB 1 SIS,0.0,1.07,SAFE
2026-09-17 18:10:20,BDG.05,ITABAL9,0.0,2.1,SAFE
2026-09-17 18:10:00,BGK.01,VP SABANG TIMUR SIS,0.0,1.59,SAFE
2026-09-17 18:10:00,BGK.02,VP SABANG TIMUR SIS,0.0,18.92,SAFE
2026-09-17 18:10:20,BGR.01,ITABAL9,0.0,1.34,SAFE
2026-09-17 18:10:00,BJB.03,CSA BONTANG SIS,0.0,1.34,SAFE
2026-09-17 18:11:00,BJM.01,PITSTOP AMBON SIS,0.0,3.86,SAFE
2026-09-17 18:10:00,BJM.02,CSA BONTANG SIS,0.0,1.68,SAFE
2026-09-17 18:10:20,BKL.01,ITABAL8,0.0,58.33,SAFE
2026-09-17 18:10:20,BKL.02,ITABAL8,0.0,0.72,SAFE
2026-09-17 18:10:20,BNE.02,ITABAL8,0.0,1.52,SAFE
2026-09-17 18:10:20,BNE.03,ITABAL8,0.0,0.63,SAFE
2026-09-17 18:10:20,BNE.04,ITABAL8,0.0,0.55,SAFE
2026-09-17 18:10:00,BNY.03,CSA BONTANG SIS,0.0,0.97,SAFE
2026-09-17 18:10:00,BTG.03,CSA BONTANG SIS,0.0,9.36,SAFE
2026-09-17 18:10:00,BTG.04,CSA BONTANG SIS,0.0,175.0,SAFE
2026-09-17 18:10:00,FLR.02,CSA BONTANG SIS,0.0,0.75,SAFE
2026-09-17 18:10:20,JKT.01,ITABAL9,0.0,25.36,SAFE
2026-09-17 18:10:20,JKT.02,ITABAL9,0.0,7.78,SAFE
2026-09-17 18:10:20,JKT.03,ITABAL9,0.0,4.16,SAFE
2026-09-17 18:10:20,JKT.04,ITABAL9,0.0,1.17,SAFE
2026-09-17 18:10:20,JKT.05,ITABAL9,0.0,5.68,SAFE
2026-09-17 18:10:20,JKT.06,ITABAL9,0.0,7.45,SAFE
2026-09-17 18:10:20,JKT.07,ITABAL9,0.0,11.55,SAFE
2026-09-17 18:10:20,JKT.08,ITABAL9,0.0,4.26,SAFE
2026-09-17 18:10:20,JMB.01,ITABAL8,0.0,3.07,SAFE
2026-09-17 18:10:20,JMB.03,ITABAL8,0.0,1.02,SAFE
2026-09-17 18:10:20,JMB.04,ITABAL9,0.0,0.77,SAFE
2026-09-17 18:10:00,KRC.02,VP SABANG TIMUR SIS,0.0,1.04,SAFE
2026-09-17 18:10:20,KRC.03,ITABAL8,0.0,1.31,SAFE
2026-09-17 18:10:00,KRC.05,VP SABANG TIMUR SIS,0.0,1.93,SAFE
2026-09-17 18:10:00,KRC.07,VP SABANG TIMUR SIS,0.0,2.15,SAFE
2026-09-17 18:10:20,LHT.01,ITABAL8,0.0,5.84,SAFE
2026-09-17 18:10:20,LPG.01,ITABAL8,0.0,2.05,SAFE
2026-09-17 18:10:20,LPG.02,ITABAL8,0.0,12.03,SAFE
2026-09-17 18:10:20,LPG.03,ITABAL8,0.0,6.96,SAFE
2026-09-17 18:10:20,LPG.06,ITABAL8,0.0,6.69,SAFE
2026-09-17 18:10:20,LPG.07,ITABAL8,0.0,12.92,SAFE
2026-09-17 18:10:20,MDN.01,ITABAL8,0.0,3.37,SAFE
2026-09-17 18:10:20,MDN.02,ITABAL8,0.0,2.53,SAFE
2026-09-17 18:10:20,MDN.03,ITABAL8,0.0,7.25,SAFE
2026-09-17 18:10:20,MDN.04,ITABAL8,0.0,1.95,SAFE
2026-09-17 18:10:20,MIA.01,ITABAL9,0.0,1.22,SAFE
2026-09-17 18:10:20,MIA.02,ITABAL9,0.0,17.59,SAFE
2026-09-17 18:10:20,MIA.03,ITABAL9,0.0,4.28,SAFE
2026-09-17 18:11:00,MIA.04,PITSTOP AMBON SIS,0.0,2.31,SAFE
2026-09-17 18:10:20,MIA.05,ITABAL9,0.0,20.96,SAFE
2026-09-17 18:10:20,MIA.06,ITABAL9,0.0,1.16,SAFE
2026-09-17 18:10:00,MKS.01,CSA BONTANG SIS,0.0,0.72,SAFE
2026-09-17 18:11:00,MKS.02,PITSTOP AMBON SIS,0.0,1.06,SAFE
,MKS.03,ROM 13,0.0,8.2,SAFE
,MKS.04,ROM 13,0.0,3.08,SAFE
2026-09-17 18:10:00,MND.02,CSA BONTANG SIS,0.0,2.49,SAFE
2026-09-17 18:10:00,MRK.01,VP SABANG TIMUR SIS,0.0,1.65,SAFE
2026-09-17 18:11:00,MTM.01,PITSTOP AMBON SIS,0.0,1.64,SAFE
2026-09-17 18:11:00,MTP.01,PITSTOP AMBON SIS,0.0,1.01,SAFE
2026-09-17 18:10:00,MTR.01,VP SABANG TIMUR SIS,0.0,1.67,SAFE
2026-09-17 18:10:20,NIS.01,ITABAL8,0.0,0.57,SAFE
2026-09-17 18:10:20,NIS.02,ITABAL8,0.0,0.86,SAFE
2026-09-17 18:10:20,NIS.03,ITABAL8,0.0,1.03,SAFE
2026-09-17 18:10:20,PDG.01,ITABAL9,0.0,0.52,SAFE
2026-09-17 18:10:20,PLB.01,ITABAL8,0.0,1.87,SAFE
2026-09-17 18:10:20,PLB.02,ITABAL8,0.0,0.84,SAFE
2026-09-17 18:10:20,PLB.03,ITABAL8,0.0,2.0,SAFE
2026-09-17 18:10:20,PLB.04,ITABAL8,0.0,13.62,SAFE
2026-09-17 18:10:00,PLU.04,CSA BONTANG SIS,0.0,2.36,SAFE
2026-09-17 18:10:00,RIU.02,VP SABANG TIMUR SIS,0.0,0.61,SAFE
2026-09-17 18:10:00,RIU.04,VP SABANG TIMUR SIS,0.0,0.51,SAFE
2026-09-17 18:10:00,SBG.02,VP SABANG TIMUR SIS,0.0,1.91,SAFE
2026-09-17 18:10:00,SBG.03,VP SABANG TIMUR SIS,0.0,5.65,SAFE
2026-09-17 18:10:00,SBG.04,VP SABANG TIMUR SIS,0.0,0.63,SAFE
2026-09-17 18:10:00,SBG.05,VP SABANG TIMUR SIS,0.0,21.21,SAFE
2026-09-17 18:10:20,SBG.06,ITABAL8,0.0,14.52,SAFE
2026-09-17 18:10:00,SBG.08,VP SABANG TIMUR SIS,0.0,1.35,SAFE
2026-09-17 18:10:00,SBG.10,VP SABANG TIMUR SIS,0.0,2.05,SAFE
2026-09-17 18:10:00,SBG.11,VP SABANG TIMUR SIS,0.0,0.75,SAFE
2026-09-17 18:10:00,SGT.02,CSA BONTANG SIS,0.0,0.19,SAFE
2026-09-17 18:10:00,SMB.02,CSA BONTANG SIS,0.0,2.63,SAFE
2026-09-17 18:10:00,SMB.03,CSA BONTANG SIS,0.0,4.72,SAFE
2026-09-17 18:11:00,SNT.01,PITSTOP AMBON SIS,0.0,1.34,SAFE
2026-09-17 18:10:00,TJG.01,CSA BONTANG SIS,0.0,1.99,SAFE
2026-09-17 18:10:00,TJG.02,CSA BONTANG SIS,0.0,5.65,SAFE
2026-09-17 23:00:00,AMB.01,PITSTOP AMBON SIS,0.0,7.46,SAFE
2026-09-17 22:58:00,BDG.02,VP OB 1 SIS,0.0,19.31,SAFE
2026-09-17 22:58:00,BDG.03,VP OB 1 SIS,0.0,5.73,SAFE
2026-09-17 22:58:00,BDG.04,VP OB 1 SIS,0.0,1.07,SAFE
2026-09-17 22:58:58,BDG.05,ITABAL9,0.0,2.1,SAFE
2026-09-17 22:59:00,BGK.01,VP SABANG TIMUR SIS,0.0,1.59,SAFE
2026-09-17 22:59:00,BGK.02,VP SABANG TIMUR SIS,0.0,18.92,SAFE
2026-09-17 22:58:58,BGR.01,ITABAL9,0.0,1.34,SAFE
2026-09-17 22:59:00,BJB.03,CSA BONTANG SIS,0.0,1.34,SAFE
2026-09-17 23:00:00,BJM.01,PITSTOP AMBON SIS,0.0,3.86,SAFE
2026-09-17 22:59:00,BJM.02,CSA BONTANG SIS,0.0,1.68,SAFE
2026-09-17 22:58:58,BKL.01,ITABAL8,0.0,58.33,SAFE
2026-09-17 22:58:58,BKL.02,ITABAL8,0.0,0.72,SAFE
2026-09-17 22:58:58,BNE.02,ITABAL8,0.0,1.52,SAFE
2026-09-17 22:58:58,BNE.03,ITABAL8,0.0,0.63,SAFE
2026-09-17 22:58:58,BNE.04,ITABAL8,0.0,0.55,SAFE
2026-09-17 22:59:00,BNY.03,CSA BONTANG SIS,0.0,0.97,SAFE
2026-09-17 22:59:00,BTG.03,CSA BONTANG SIS,0.0,9.36,SAFE
2026-09-17 22:59:00,BTG.04,CSA BONTANG SIS,0.0,175.0,SAFE
2026-09-17 22:59:00,FLR.02,CSA BONTANG SIS,0.0,0.75,SAFE
2026-09-17 22:58:58,JKT.01,ITABAL9,0.0,25.36,SAFE
2026-09-17 22:58:58,JKT.02,ITABAL9,0.0,7.78,SAFE
2026-09-17 22:58:58,JKT.03,ITABAL9,0.0,4.16,SAFE
2026-09-17 22:58:58,JKT.04,ITABAL9,0.0,1.17,SAFE
2026-09-17 22:58:58,JKT.05,ITABAL9,0.0,5.68,SAFE
2026-09-17 22:58:58,JKT.06,ITABAL9,0.0,7.45,SAFE
2026-09-17 22:58:58,JKT.07,ITABAL9,0.0,11.55,SAFE
2026-09-17 22:58:58,JKT.08,ITABAL9,0.0,4.26,SAFE
2026-09-17 22:58:58,JMB.01,ITABAL8,0.0,3.07,SAFE
2026-09-17 22:58:58,JMB.03,ITABAL8,0.0,1.02,SAFE
2026-09-17 22:58:58,JMB.04,ITABAL9,0.0,0.77,SAFE
2026-09-17 22:59:00,KRC.02,VP SABANG TIMUR SIS,0.0,1.04,SAFE
2026-09-17 22:58:58,KRC.03,ITABAL8,0.0,1.31,SAFE
2026-09-17 22:59:00,KRC.05,VP SABANG TIMUR SIS,0.0,1.93,SAFE
2026-09-17 22:59:00,KRC.07,VP SABANG TIMUR SIS,0.0,2.15,SAFE
2026-09-17 22:58:58,LHT.01,ITABAL8,0.0,5.84,SAFE
2026-09-17 22:58:58,LPG.01,ITABAL8,0.0,2.05,SAFE
2026-09-17 22:58:58,LPG.02,ITABAL8,0.0,12.03,SAFE
2026-09-17 22:58:58,LPG.03,ITABAL8,0.0,6.96,SAFE
2026-09-17 22:58:58,LPG.06,ITABAL8,0.0,6.69,SAFE
2026-09-17 22:58:58,LPG.07,ITABAL8,0.0,12.92,SAFE
2026-09-17 22:58:58,MDN.01,ITABAL8,0.0,3.37,SAFE
2026-09-17 22:58:58,MDN.02,ITABAL8,0.0,2.53,SAFE
2026-09-17 22:58:58,MDN.03,ITABAL8,0.0,7.25,SAFE
2026-09-17 22:58:58,MDN.04,ITABAL8,0.0,1.95,SAFE
2026-09-17 22:58:58,MIA.01,ITABAL9,0.0,1.22,SAFE
2026-09-17 22:58:58,MIA.02,ITABAL9,0.0,17.59,SAFE
2026-09-17 22:58:58,MIA.03,ITABAL9,0.0,4.28,SAFE
2026-09-17 23:00:00,MIA.04,PITSTOP AMBON SIS,0.0,2.31,SAFE
2026-09-17 22:58:58,MIA.05,ITABAL9,0.0,20.96,SAFE
2026-09-17 22:58:58,MIA.06,ITABAL9,0.0,1.16,SAFE
2026-09-17 22:59:00,MKS.01,CSA BONTANG SIS,0.0,0.72,SAFE
2026-09-17 23:00:00,MKS.02,PITSTOP AMBON SIS,0.0,1.06,SAFE
,MKS.03,ROM 13,0.0,8.2,SAFE
,MKS.04,ROM 13,0.0,3.08,SAFE
2026-09-17 22:59:00,MND.02,CSA BONTANG SIS,0.0,2.49,SAFE
2026-09-17 22:59:00,MRK.01,VP SABANG TIMUR SIS,0.0,1.65,SAFE
2026-09-17 23:00:00,MTM.01,PITSTOP AMBON SIS,0.0,1.64,SAFE
2026-09-17 23:00:00,MTP.01,PITSTOP AMBON SIS,0.0,1.01,SAFE
2026-09-17 22:59:00,MTR.01,VP SABANG TIMUR SIS,0.0,1.67,SAFE
2026-09-17 22:58:58,NIS.01,ITABAL8,0.0,0.57,SAFE
2026-09-17 22:58:58,NIS.02,ITABAL8,0.0,0.86,SAFE
2026-09-17 22:58:58,NIS.03,ITABAL8,0.0,1.03,SAFE
2026-09-17 22:58:58,PDG.01,ITABAL9,0.0,0.52,SAFE
2026-09-17 22:58:58,PLB.01,ITABAL8,0.0,1.87,SAFE
2026-09-17 22:58:58,PLB.02,ITABAL8,0.0,0.84,SAFE
2026-09-17 22:58:58,PLB.03,ITABAL8,0.0,2.0,SAFE
2026-09-17 22:58:58,PLB.04,ITABAL8,0.0,13.62,SAFE
2026-09-17 22:59:00,PLU.04,CSA BONTANG SIS,0.0,2.36,SAFE
2026-09-17 22:59:00,RIU.02,VP SABANG TIMUR SIS,0.0,0.61,SAFE
2026-09-17 22:59:00,RIU.04,VP SABANG TIMUR SIS,0.0,0.51,SAFE
2026-09-17 22:59:00,SBG.02,VP SABANG TIMUR SIS,0.0,1.91,SAFE
2026-09-17 22:59:00,SBG.03,VP SABANG TIMUR SIS,0.0,5.65,SAFE
2026-09-17 22:59:00,SBG.04,VP SABANG TIMUR SIS,0.0,0.63,SAFE
2026-09-17 22:59:00,SBG.05,VP SABANG TIMUR SIS,0.0,21.21,SAFE
2026-09-17 22:58:58,SBG.06,ITABAL8,0.0,14.52,SAFE
2026-09-17 22:59:00,SBG.08,VP SABANG TIMUR SIS,0.0,1.35,SAFE
2026-09-17 22:59:00,SBG.10,VP SABANG TIMUR SIS,0.0,2.05,SAFE
2026-09-17 22:59:00,SBG.11,VP SABANG TIMUR SIS,0.0,0.75,SAFE
2026-09-17 22:59:00,SGT.02,CSA BONTANG SIS,0.0,0.19,SAFE
2026-09-17 22:59:00,SMB.02,CSA BONTANG SIS,0.0,2.63,SAFE
2026-09-17 22:59:00,SMB.03,CSA BONTANG SIS,0.0,4.72,SAFE
2026-09-17 23:00:00,SNT.01,PITSTOP AMBON SIS,0.0,1.34,SAFE
2026-09-17 22:59:00,TJG.01,CSA BONTANG SIS,0.0,1.99,SAFE
2026-09-17 22:59:00,TJG.02,CSA BONTANG SIS,0.0,5.65,SAFE
2026-09-17 23:59:00,AMB.01,PITSTOP AMBON SIS,0.0,7.46,SAFE
2026-09-17 23:59:00,BDG.02,VP OB 1 SIS,0.0,19.31,SAFE
2026-09-17 23:59:00,BDG.03,VP OB 1 SIS,0.0,5.73,SAFE
2026-09-17 23:59:00,BDG.04,VP OB 1 SIS,0.0,1.07,SAFE
2026-09-18 02:52:23,BDG.05,ITABAL9,0.0,2.1,SAFE
2026-09-17 23:59:00,BGK.01,VP SABANG TIMUR SIS,0.0,1.59,SAFE
2026-09-17 23:59:00,BGK.02,VP SABANG TIMUR SIS,0.0,18.92,SAFE
2026-09-18 02:52:23,BGR.01,ITABAL9,0.0,1.34,SAFE
2026-09-17 23:59:00,BJB.03,CSA BONTANG SIS,0.0,1.34,SAFE
2026-09-17 23:59:00,BJM.01,PITSTOP AMBON SIS,0.0,3.86,SAFE
2026-09-17 23:59:00,BJM.02,CSA BONTANG SIS,0.0,1.68,SAFE
2026-09-18 02:52:23,BKL.01,ITABAL8,0.0,58.33,SAFE
2026-09-18 02:52:23,BKL.02,ITABAL8,0.0,0.72,SAFE
2026-09-18 02:52:23,BNE.02,ITABAL8,0.0,1.52,SAFE
2026-09-18 02:52:23,BNE.03,ITABAL8,0.0,0.63,SAFE
2026-09-18 02:52:23,BNE.04,ITABAL8,0.0,0.55,SAFE
2026-09-17 23:59:00,BNY.03,CSA BONTANG SIS,0.0,0.97,SAFE
2026-09-17 23:59:00,BTG.03,CSA BONTANG SIS,0.0,9.36,SAFE
2026-09-17 23:59:00,BTG.04,CSA BONTANG SIS,0.0,175.0,SAFE
2026-09-17 23:59:00,FLR.02,CSA BONTANG SIS,0.0,0.75,SAFE
2026-09-18 02:52:23,JKT.01,ITABAL9,0.0,25.36,SAFE
2026-09-18 02:52:23,JKT.02,ITABAL9,0.0,7.78,SAFE
2026-09-18 02:52:23,JKT.03,ITABAL9,0.0,4.16,SAFE
2026-09-18 02:52:23,JKT.04,ITABAL9,0.0,1.17,SAFE
2026-09-18 02:52:23,JKT.05,ITABAL9,0.0,5.68,SAFE
2026-09-18 02:52:23,JKT.06,ITABAL9,0.0,7.45,SAFE
2026-09-18 02:52:23,JKT.07,ITABAL9,0.0,11.55,SAFE
2026-09-18 02:52:23,JKT.08,ITABAL9,0.0,4.26,SAFE
2026-09-18 02:52:23,JMB.01,ITABAL8,0.0,3.07,SAFE
2026-09-18 02:52:23,JMB.03,ITABAL8,0.0,1.02,SAFE
2026-09-18 02:52:23,JMB.04,ITABAL9,0.0,0.77,SAFE
2026-09-17 23:59:00,KRC.02,VP SABANG TIMUR SIS,0.0,1.04,SAFE
2026-09-18 02:52:23,KRC.03,ITABAL8,0.0,1.31,SAFE
2026-09-17 23:59:00,KRC.05,VP SABANG TIMUR SIS,0.0,1.93,SAFE
2026-09-17 23:59:00,KRC.07,VP SABANG TIMUR SIS,0.0,2.15,SAFE
2026-09-18 02:52:23,LHT.01,ITABAL8,0.0,5.84,SAFE
2026-09-18 02:52:23,LPG.01,ITABAL8,0.0,2.05,SAFE
2026-09-18 02:52:23,LPG.02,ITABAL8,0.0,12.03,SAFE
2026-09-18 02:52:23,LPG.03,ITABAL8,0.0,6.96,SAFE
2026-09-18 02:52:23,LPG.06,ITABAL8,0.0,6.69,SAFE
2026-09-18 02:52:23,LPG.07,ITABAL8,0.0,12.92,SAFE
2026-09-18 02:52:23,MDN.01,ITABAL8,0.0,3.37,SAFE
2026-09-18 02:52:23,MDN.02,ITABAL8,0.0,2.53,SAFE
2026-09-18 02:52:23,MDN.03,ITABAL8,0.0,7.25,SAFE
2026-09-18 02:52:23,MDN.04,ITABAL8,0.0,1.95,SAFE
2026-09-18 02:52:23,MIA.01,ITABAL9,0.0,1.22,SAFE
2026-09-18 02:52:23,MIA.02,ITABAL9,0.0,17.59,SAFE
2026-09-18 02:52:23,MIA.03,ITABAL9,0.0,4.28,SAFE
2026-09-17 23:59:00,MIA.04,PITSTOP AMBON SIS,0.0,2.31,SAFE
2026-09-18 02:52:23,MIA.05,ITABAL9,0.0,20.96,SAFE
2026-09-18 02:52:23,MIA.06,ITABAL9,0.0,1.16,SAFE
2026-09-17 23:59:00,MKS.01,CSA BONTANG SIS,0.0,0.72,SAFE
2026-09-17 23:59:00,MKS.02,PITSTOP AMBON SIS,0.0,1.06,SAFE
,MKS.03,ROM 13,0.0,8.2,SAFE
,MKS.04,ROM 13,0.0,3.08,SAFE
2026-09-17 23:59:00,MND.02,CSA BONTANG SIS,0.0,2.49,SAFE
2026-09-17 23:59:00,MRK.01,VP SABANG TIMUR SIS,0.0,1.65,SAFE
2026-09-17 23:59:00,MTM.01,PITSTOP AMBON SIS,0.0,1.64,SAFE
2026-09-17 23:59:00,MTP.01,PITSTOP AMBON SIS,0.0,1.01,SAFE
2026-09-17 23:59:00,MTR.01,VP SABANG TIMUR SIS,0.0,1.67,SAFE
2026-09-18 02:52:23,NIS.01,ITABAL8,0.0,0.57,SAFE
2026-09-18 02:52:23,NIS.02,ITABAL8,0.0,0.86,SAFE
2026-09-18 02:52:23,NIS.03,ITABAL8,0.0,1.03,SAFE
2026-09-18 02:52:23,PDG.01,ITABAL9,0.0,0.52,SAFE
2026-09-18 02:52:23,PLB.01,ITABAL8,0.0,1.87,SAFE
2026-09-18 02:52:23,PLB.02,ITABAL8,0.0,0.84,SAFE
2026-09-18 02:52:23,PLB.03,ITABAL8,0.0,2.0,SAFE
2026-09-18 02:52:23,PLB.04,ITABAL8,0.0,13.62,SAFE
2026-09-17 23:59:00,PLU.04,CSA BONTANG SIS,0.0,2.36,SAFE
2026-09-17 23:59:00,RIU.02,VP SABANG TIMUR SIS,0.0,0.61,SAFE
2026-09-17 23:59:00,RIU.04,VP SABANG TIMUR SIS,0.0,0.51,SAFE
2026-09-17 23:59:00,SBG.02,VP SABANG TIMUR SIS,0.0,1.91,SAFE
2026-09-17 23:59:00,SBG.03,VP SABANG TIMUR SIS,0.0,5.65,SAFE
2026-09-17 23:59:00,SBG.04,VP SABANG TIMUR SIS,0.0,0.63,SAFE
2026-09-17 23:59:00,SBG.05,VP SABANG TIMUR SIS,0.0,21.21,SAFE
2026-09-18 02:52:23,SBG.06,ITABAL8,0.0,14.52,SAFE
2026-09-17 23:59:00,SBG.08,VP SABANG TIMUR SIS,0.0,1.35,SAFE
2026-09-17 23:59:00,SBG.10,VP SABANG TIMUR SIS,0.0,2.05,SAFE
2026-09-17 23:59:00,SBG.11,VP SABANG TIMUR SIS,0.0,0.75,SAFE
2026-09-17 23:59:00,SGT.02,CSA BONTANG SIS,0.0,0.19,SAFE
2026-09-17 23:59:00,SMB.02,CSA BONTANG SIS,0.0,2.63,SAFE
2026-09-17 23:59:00,SMB.03,CSA BONTANG SIS,0.0,4.72,SAFE
2026-09-17 23:59:00,SNT.01,PITSTOP AMBON SIS,0.0,1.34,SAFE
2026-09-17 23:59:00,TJG.01,CSA BONTANG SIS,0.0,1.99,SAFE
2026-09-17 23:59:00,TJG.02,CSA BONTANG SIS,0.0,5.65,SAFE
2026-09-17 23:59:00,AMB.01,PITSTOP AMBON SIS,0.0,7.46,SAFE
2026-09-17 23:59:00,BDG.02,VP OB 1 SIS,0.0,19.31,SAFE
2026-09-17 23:59:00,BDG.03,VP OB 1 SIS,0.0,5.73,SAFE
2026-09-17 23:59:00,BDG.04,VP OB 1 SIS,0.0,1.07,SAFE
2026-09-18 05:48:53,BDG.05,ITABAL9,0.0,2.1,SAFE
2026-09-17 23:59:00,BGK.01,VP SABANG TIMUR SIS,0.0,1.59,SAFE
2026-09-17 23:59:00,BGK.02,VP SABANG TIMUR SIS,0.0,18.92,SAFE
2026-09-18 05:48:53,BGR.01,ITABAL9,0.0,1.34,SAFE
2026-09-17 23:59:00,BJB.03,CSA BONTANG SIS,0.0,1.34,SAFE
2026-09-17 23:59:00,BJM.01,PITSTOP AMBON SIS,0.0,3.86,SAFE
2026-09-17 23:59:00,BJM.02,CSA BONTANG SIS,0.0,1.68,SAFE
2026-09-18 05:48:53,BKL.01,ITABAL8,0.0,58.33,SAFE
2026-09-18 05:48:53,BKL.02,ITABAL8,0.0,0.72,SAFE
2026-09-18 05:48:53,BNE.02,ITABAL8,0.0,1.52,SAFE
2026-09-18 05:48:53,BNE.03,ITABAL8,0.0,0.63,SAFE
2026-09-18 05:48:53,BNE.04,ITABAL8,0.0,0.55,SAFE
2026-09-17 23:59:00,BNY.03,CSA BONTANG SIS,0.0,0.97,SAFE
2026-09-17 23:59:00,BTG.03,CSA BONTANG SIS,0.0,9.36,SAFE
2026-09-17 23:59:00,BTG.04,CSA BONTANG SIS,0.0,175.0,SAFE
2026-09-17 23:59:00,FLR.02,CSA BONTANG SIS,0.0,0.75,SAFE
2026-09-18 05:48:53,JKT.01,ITABAL9,0.0,25.36,SAFE
2026-09-18 05:48:53,JKT.02,ITABAL9,0.0,7.78,SAFE
2026-09-18 05:48:53,JKT.03,ITABAL9,0.0,4.16,SAFE
2026-09-18 05:48:53,JKT.04,ITABAL9,0.0,1.17,SAFE
2026-09-18 05:48:53,JKT.05,ITABAL9,0.0,5.68,SAFE
2026-09-18 05:48:53,JKT.06,ITABAL9,0.0,7.45,SAFE
2026-09-18 05:48:53,JKT.07,ITABAL9,0.0,11.55,SAFE
2026-09-18 05:48:53,JKT.08,ITABAL9,0.0,4.26,SAFE
2026-09-18 05:48:53,JMB.01,ITABAL8,0.0,3.07,SAFE
2026-09-18 05:48:53,JMB.03,ITABAL8,0.0,1.02,SAFE
2026-09-18 05:48:53,JMB.04,ITABAL9,0.0,0.77,SAFE
2026-09-17 23:59:00,KRC.02,VP SABANG TIMUR SIS,0.0,1.04,SAFE
2026-09-18 05:48:53,KRC.03,ITABAL8,0.0,1.31,SAFE
2026-09-17 23:59:00,KRC.05,VP SABANG TIMUR SIS,0.0,1.93,SAFE
2026-09-17 23:59:00,KRC.07,VP SABANG TIMUR SIS,0.0,2.15,SAFE
2026-09-18 05:48:53,LHT.01,ITABAL8,0.0,5.84,SAFE
2026-09-18 05:48:53,LPG.01,ITABAL8,0.0,2.05,SAFE
2026-09-18 05:48:53,LPG.02,ITABAL8,0.0,12.03,SAFE
2026-09-18 05:48:53,LPG.03,ITABAL8,0.0,6.96,SAFE
2026-09-18 05:48:53,LPG.06,ITABAL8,0.0,6.69,SAFE
2026-09-18 05:48:53,LPG.07,ITABAL8,0.0,12.92,SAFE
2026-09-18 05:48:53,MDN.01,ITABAL8,0.0,3.37,SAFE
2026-09-18 05:48:53,MDN.02,ITABAL8,0.0,2.53,SAFE
2026-09-18 05:48:53,MDN.03,ITABAL8,0.0,7.25,SAFE
2026-09-18 05:48:53,MDN.04,ITABAL8,0.0,1.95,SAFE
2026-09-18 05:48:53,MIA.01,ITABAL9,0.0,1.22,SAFE
2026-09-18 05:48:53,MIA.02,ITABAL9,0.0,17.59,SAFE
2026-09-18 05:48:53,MIA.03,ITABAL9,0.0,4.28,SAFE
2026-09-17 23:59:00,MIA.04,PITSTOP AMBON SIS,0.0,2.31,SAFE
2026-09-18 05:48:53,MIA.05,ITABAL9,0.0,20.96,SAFE
2026-09-18 05:48:53,MIA.06,ITABAL9,0.0,1.16,SAFE
2026-09-17 23:59:00,MKS.01,CSA BONTANG SIS,0.0,0.72,SAFE
2026-09-17 23:59:00,MKS.02,PITSTOP AMBON SIS,0.0,1.06,SAFE
,MKS.03,ROM 13,0.0,8.2,SAFE
,MKS.04,ROM 13,0.0,3.08,SAFE
2026-09-17 23:59:00,MND.02,CSA BONTANG SIS,0.0,2.49,SAFE
2026-09-17 23:59:00,MRK.01,VP SABANG TIMUR SIS,0.0,1.65,SAFE
2026-09-17 23:59:00,MTM.01,PITSTOP AMBON SIS,0.0,1.64,SAFE
2026-09-17 23:59:00,MTP.01,PITSTOP AMBON SIS,0.0,1.01,SAFE
2026-09-17 23:59:00,MTR.01,VP SABANG TIMUR SIS,0.0,1.67,SAFE
2026-09-18 05:48:53,NIS.01,ITABAL8,0.0,0.57,SAFE
2026-09-18 05:48:53,NIS.02,ITABAL8,0.0,0.86,SAFE
2026-09-18 05:48:53,NIS.03,ITABAL8,0.0,1.03,SAFE
2026-09-18 05:48:53,PDG.01,ITABAL9,0.0,0.52,SAFE
2026-09-18 05:48:53,PLB.01,ITABAL8,0.0,1.87,SAFE
2026-09-18 05:48:53,PLB.02,ITABAL8,0.0,0.84,SAFE
2026-09-18 05:48:53,PLB.03,ITABAL8,0.0,2.0,SAFE
2026-09-18 05:48:53,PLB.04,ITABAL8,0.0,13.62,SAFE
2026-09-17 23:59:00,PLU.04,CSA BONTANG SIS,0.0,2.36,SAFE
2026-09-17 23:59:00,RIU.02,VP SABANG TIMUR SIS,0.0,0.61,SAFE
2026-09-17 23:59:00,RIU.04,VP SABANG TIMUR SIS,0.0,0.51,SAFE
2026-09-17 23:59:00,SBG.02,VP SABANG TIMUR SIS,0.0,1.91,SAFE
2026-09-17 23:59:00,SBG.03,VP SABANG TIMUR SIS,0.0,5.65,SAFE
2026-09-17 23:59:00,SBG.04,VP SABANG TIMUR SIS,0.0,0.63,SAFE
2026-09-17 23:59:00,SBG.05,VP SABANG TIMUR SIS,0.0,21.21,SAFE
2026-09-18 05:48:53,SBG.06,ITABAL8,0.0,14.52,SAFE
2026-09-17 23:59:00,SBG.08,VP SABANG TIMUR SIS,0.0,1.35,SAFE
2026-09-17 23:59:00,SBG.10,VP SABANG TIMUR SIS,0.0,2.05,SAFE
2026-09-17 23:59:00,SBG.11,VP SABANG TIMUR SIS,0.0,0.75,SAFE
2026-09-17 23:59:00,SGT.02,CSA BONTANG SIS,0.0,0.19,SAFE
2026-09-17 23:59:00,SMB.02,CSA BONTANG SIS,0.0,2.63,SAFE
2026-09-17 23:59:00,SMB.03,CSA BONTANG SIS,0.0,4.72,SAFE
2026-09-17 23:59:00,SNT.01,PITSTOP AMBON SIS,0.0,1.34,SAFE
2026-09-17 23:59:00,TJG.01,CSA BONTANG SIS,0.0,1.99,SAFE
2026-09-17 23:59:00,TJG.02,CSA BONTANG SIS,0.0,5.65,SAFE
2026-09-17 23:59:00,AMB.01,PITSTOP AMBON SIS,0.0,7.46,SAFE
2026-09-17 23:59:00,BDG.02,VP OB 1 SIS,0.0,19.31,SAFE
2026-09-17 23:59:00,BDG.03,VP OB 1 SIS,0.0,5.73,SAFE
2026-09-17 23:59:00,BDG.04,VP OB 1 SIS,0.0,1.07,SAFE
2026-09-18 07:44:12,BDG.05,ITABAL9,0.0,2.1,SAFE
2026-09-17 23:59:00,BGK.01,VP SABANG TIMUR SIS,0.0,1.59,SAFE
2026-09-17 23:59:00,BGK.02,VP SABANG TIMUR SIS,0.0,18.92,SAFE
2026-09-18 07:44:12,BGR.01,ITABAL9,0.0,1.34,SAFE
2026-09-17 23:59:00,BJB.03,CSA BONTANG SIS,0.0,1.34,SAFE
2026-09-17 23:59:00,BJM.01,PITSTOP AMBON SIS,0.0,3.86,SAFE
2026-09-17 23:59:00,BJM.02,CSA BONTANG SIS,0.0,1.68,SAFE
2026-09-18 07:44:12,BKL.01,ITABAL8,0.0,58.33,SAFE
2026-09-18 07:44:12,BKL.02,ITABAL8,0.0,0.72,SAFE
2026-09-18 07:44:12,BNE.02,ITABAL8,0.0,1.52,SAFE
2026-09-18 07:44:12,BNE.03,ITABAL8,0.0,0.63,SAFE
2026-09-18 07:44:12,BNE.04,ITABAL8,0.0,0.55,SAFE
2026-09-17 23:59:00,BNY.03,CSA BONTANG SIS,0.0,0.97,SAFE
2026-09-17 23:59:00,BTG.03,CSA BONTANG SIS,0.0,9.36,SAFE
2026-09-17 23:59:00,BTG.04,CSA BONTANG SIS,0.0,175.0,SAFE
2026-09-17 23:59:00,FLR.02,CSA BONTANG SIS,0.0,0.75,SAFE
2026-09-18 07:44:12,JKT.01,ITABAL9,0.0,25.36,SAFE
2026-09-18 07:44:12,JKT.02,ITABAL9,0.0,7.78,SAFE
2026-09-18 07:44:12,JKT.03,ITABAL9,0.0,4.16,SAFE
2026-09-18 07:44:12,JKT.04,ITABAL9,0.0,1.17,SAFE
2026-09-18 07:44:12,JKT.05,ITABAL9,0.0,5.68,SAFE
2026-09-18 07:44:12,JKT.06,ITABAL9,0.0,7.45,SAFE
2026-09-18 07:44:12,JKT.07,ITABAL9,0.0,11.55,SAFE
2026-09-18 07:44:12,JKT.08,ITABAL9,0.0,4.26,SAFE
2026-09-18 07:44:12,JMB.01,ITABAL8,0.0,3.07,SAFE
2026-09-18 07:44:12,JMB.03,ITABAL8,0.0,1.02,SAFE
2026-09-18 07:44:12,JMB.04,ITABAL9,0.0,0.77,SAFE
2026-09-17 23:59:00,KRC.02,VP SABANG TIMUR SIS,0.0,1.04,SAFE
2026-09-18 07:44:12,KRC.03,ITABAL8,0.0,1.31,SAFE
2026-09-17 23:59:00,KRC.05,VP SABANG TIMUR SIS,0.0,1.93,SAFE
2026-09-17 23:59:00,KRC.07,VP SABANG TIMUR SIS,0.0,2.15,SAFE
2026-09-18 07:44:12,LHT.01,ITABAL8,0.0,5.84,SAFE
2026-09-18 07:44:12,LPG.01,ITABAL8,0.0,2.05,SAFE
2026-09-18 07:44:12,LPG.02,ITABAL8,0.0,12.03,SAFE
2026-09-18 07:44:12,LPG.03,ITABAL8,0.0,6.96,SAFE
2026-09-18 07:44:12,LPG.06,ITABAL8,0.0,6.69,SAFE
2026-09-18 07:44:12,LPG.07,ITABAL8,0.0,12.92,SAFE
2026-09-18 07:44:12,MDN.01,ITABAL8,0.0,3.37,SAFE
2026-09-18 07:44:12,MDN.02,ITABAL8,0.0,2.53,SAFE
2026-09-18 07:44:12,MDN.03,ITABAL8,0.0,7.25,SAFE
2026-09-18 07:44:12,MDN.04,ITABAL8,0.0,1.95,SAFE
2026-09-18 07:44:12,MIA.01,ITABAL9,0.0,1.22,SAFE
2026-09-18 07:44:12,MIA.02,ITABAL9,0.0,17.59,SAFE
2026-09-18 07:44:12,MIA.03,ITABAL9,0.0,4.28,SAFE
2026-09-17 23:59:00,MIA.04,PITSTOP AMBON SIS,0.0,2.31,SAFE
2026-09-18 07:44:12,MIA.05,ITABAL9,0.0,20.96,SAFE
2026-09-18 07:44:12,MIA.06,ITABAL9,0.0,1.16,SAFE
2026-09-17 23:59:00,MKS.01,CSA BONTANG SIS,0.0,0.72,SAFE
2026-09-17 23:59:00,MKS.02,PITSTOP AMBON SIS,0.0,1.06,SAFE
,MKS.03,ROM 13,0.0,8.2,SAFE
,MKS.04,ROM 13,0.0,3.08,SAFE
2026-09-17 23:59:00,MND.02,CSA BONTANG SIS,0.0,2.49,SAFE
2026-09-17 23:59:00,MRK.01,VP SABANG TIMUR SIS,0.0,1.65,SAFE
2026-09-17 23:59:00,MTM.01,PITSTOP AMBON SIS,0.0,1.64,SAFE
2026-09-17 23:59:00,MTP.01,PITSTOP AMBON SIS,0.0,1.01,SAFE
2026-09-17 23:59:00,MTR.01,VP SABANG TIMUR SIS,0.0,1.67,SAFE
2026-09-18 07:44:12,NIS.01,ITABAL8,0.0,0.57,SAFE
2026-09-18 07:44:12,NIS.02,ITABAL8,0.0,0.86,SAFE
2026-09-18 07:44:12,NIS.03,ITABAL8,0.0,1.03,SAFE
2026-09-18 07:44:12,PDG.01,ITABAL9,0.0,0.52,SAFE
2026-09-18 07:44:12,PLB.01,ITABAL8,0.0,1.87,SAFE
2026-09-18 07:44:12,PLB.02,ITABAL8,0.0,0.84,SAFE
2026-09-18 07:44:12,PLB.03,ITABAL8,0.0,2.0,SAFE
2026-09-18 07:44:12,PLB.04,ITABAL8,0.0,13.62,SAFE
2026-09-17 23:59:00,PLU.04,CSA BONTANG SIS,0.0,2.36,SAFE
2026-09-17 23:59:00,RIU.02,VP SABANG TIMUR SIS,0.0,0.61,SAFE
2026-09-17 23:59:00,RIU.04,VP SABANG TIMUR SIS,0.0,0.51,SAFE
2026-09-17 23:59:00,SBG.02,VP SABANG TIMUR SIS,0.0,1.91,SAFE
2026-09-17 23:59:00,SBG.03,VP SABANG TIMUR SIS,0.0,5.65,SAFE
2026-09-17 23:59:00,SBG.04,VP SABANG TIMUR SIS,0.0,0.63,SAFE
2026-09-17 23:59:00,SBG.05,VP SABANG TIMUR SIS,0.0,21.21,SAFE
2026-09-18 07:44:12,SBG.06,ITABAL8,0.0,14.52,SAFE
2026-09-17 23:59:00,SBG.08,VP SABANG TIMUR SIS,0.0,1.35,SAFE
2026-09-17 23:59:00,SBG.10,VP SABANG TIMUR SIS,0.0,2.05,SAFE
2026-09-17 23:59:00,SBG.11,VP SABANG TIMUR SIS,0.0,0.75,SAFE
2026-09-17 23:59:00,SGT.02,CSA BONTANG SIS,0.0,0.19,SAFE
2026-09-17 23:59:00,SMB.02,CSA BONTANG SIS,0.0,2.63,SAFE
2026-09-17 23:59:00,SMB.03,CSA BONTANG SIS,0.0,4.72,SAFE
2026-09-17 23:59:00,SNT.01,PITSTOP AMBON SIS,0.0,1.34,SAFE
2026-09-17 23:59:00,TJG.01,CSA BONTANG SIS,0.0,1.99,SAFE
2026-09-17 23:59:00,TJG.02,CSA BONTANG SIS,0.0,5.65,SAFE
2026-09-18 09:34:00,AMB.01,PITSTOP AMBON SIS,0.0,7.46,SAFE
2026-09-18 09:33:00,BDG.02,VP OB 1 SIS,0.0,19.31,SAFE
2026-09-18 09:33:00,BDG.03,VP OB 1 SIS,0.0,5.73,SAFE
2026-09-18 09:33:00,BDG.04,VP OB 1 SIS,0.0,1.07,SAFE
2026-09-18 09:33:22,BDG.05,ITABAL9,0.0,2.1,SAFE
2026-09-18 09:33:00,BGK.01,VP SABANG TIMUR SIS,0.0,1.59,SAFE
2026-09-18 09:33:00,BGK.02,VP SABANG TIMUR SIS,0.0,18.92,SAFE
2026-09-18 09:33:22,BGR.01,ITABAL9,0.0,1.34,SAFE
2026-09-18 09:33:00,BJB.03,CSA BONTANG SIS,0.0,1.34,SAFE
2026-09-18 09:34:00,BJM.01,PITSTOP AMBON SIS,0.0,3.86,SAFE
2026-09-18 09:33:00,BJM.02,CSA BONTANG SIS,0.0,1.68,SAFE
2026-09-18 09:33:22,BKL.01,ITABAL8,0.0,58.33,SAFE
2026-09-18 09:33:22,BKL.02,ITABAL8,0.0,0.72,SAFE
2026-09-18 09:33:22,BNE.02,ITABAL8,0.0,1.52,SAFE
2026-09-18 09:33:22,BNE.03,ITABAL8,0.0,0.63,SAFE
2026-09-18 09:33:22,BNE.04,ITABAL8,0.0,0.55,SAFE
2026-09-18 09:33:00,BNY.03,CSA BONTANG SIS,0.0,0.97,SAFE
2026-09-18 09:33:00,BTG.03,CSA BONTANG SIS,0.0,9.36,SAFE
2026-09-18 09:33:00,BTG.04,CSA BONTANG SIS,0.0,175.0,SAFE
2026-09-18 09:33:00,FLR.02,CSA BONTANG SIS,0.0,0.75,SAFE
2026-09-18 09:33:22,JKT.01,ITABAL9,0.0,25.36,SAFE
2026-09-18 09:33:22,JKT.02,ITABAL9,0.0,7.78,SAFE
2026-09-18 09:33:22,JKT.03,ITABAL9,0.0,4.16,SAFE
2026-09-18 09:33:22,JKT.04,ITABAL9,0.0,1.17,SAFE
2026-09-18 09:33:22,JKT.05,ITABAL9,0.0,5.68,SAFE
2026-09-18 09:33:22,JKT.06,ITABAL9,0.0,7.45,SAFE
2026-09-18 09:33:22,JKT.07,ITABAL9,0.0,11.55,SAFE
2026-09-18 09:33:22,JKT.08,ITABAL9,0.0,4.26,SAFE
2026-09-18 09:33:22,JMB.01,ITABAL8,0.0,3.07,SAFE
2026-09-18 09:33:22,JMB.03,ITABAL8,0.0,1.02,SAFE
2026-09-18 09:33:22,JMB.04,ITABAL9,0.0,0.77,SAFE
2026-09-18 09:33:00,KRC.02,VP SABANG TIMUR SIS,0.0,1.04,SAFE
2026-09-18 09:33:22,KRC.03,ITABAL8,0.0,1.31,SAFE
2026-09-18 09:33:00,KRC.05,VP SABANG TIMUR SIS,0.0,1.93,SAFE
2026-09-18 09:33:00,KRC.07,VP SABANG TIMUR SIS,0.0,2.15,SAFE
2026-09-18 09:33:22,LHT.01,ITABAL8,0.0,5.84,SAFE
2026-09-18 09:33:22,LPG.01,ITABAL8,0.0,2.05,SAFE
2026-09-18 09:33:22,LPG.02,ITABAL8,0.0,12.03,SAFE
2026-09-18 09:33:22,LPG.03,ITABAL8,0.0,6.96,SAFE
2026-09-18 09:33:22,LPG.06,ITABAL8,0.0,6.69,SAFE
2026-09-18 09:33:22,LPG.07,ITABAL8,0.0,12.92,SAFE
2026-09-18 09:33:22,MDN.01,ITABAL8,0.0,3.37,SAFE
2026-09-18 09:33:22,MDN.02,ITABAL8,0.0,2.53,SAFE
2026-09-18 09:33:22,MDN.03,ITABAL8,0.0,7.25,SAFE
2026-09-18 09:33:22,MDN.04,ITABAL8,0.0,1.95,SAFE
2026-09-18 09:33:22,MIA.01,ITABAL9,0.0,1.22,SAFE
2026-09-18 09:33:22,MIA.02,ITABAL9,0.0,17.59,SAFE
2026-09-18 09:33:22,MIA.03,ITABAL9,0.0,4.28,SAFE
2026-09-18 09:34:00,MIA.04,PITSTOP AMBON SIS,0.0,2.31,SAFE
2026-09-18 09:33:22,MIA.05,ITABAL9,0.0,20.96,SAFE
2026-09-18 09:33:22,MIA.06,ITABAL9,0.0,1.16,SAFE
2026-09-18 09:33:00,MKS.01,CSA BONTANG SIS,0.0,0.72,SAFE
2026-09-18 09:34:00,MKS.02,PITSTOP AMBON SIS,0.0,1.06,SAFE
,MKS.03,ROM 13,0.0,8.2,SAFE
,MKS.04,ROM 13,0.0,3.08,SAFE
2026-09-18 09:33:00,MND.02,CSA BONTANG SIS,0.0,2.49,SAFE
2026-09-18 09:33:00,MRK.01,VP SABANG TIMUR SIS,0.0,1.65,SAFE
2026-09-18 09:34:00,MTM.01,PITSTOP AMBON SIS,0.0,1.64,SAFE
2026-09-18 09:34:00,MTP.01,PITSTOP AMBON SIS,0.0,1.01,SAFE
2026-09-18 09:33:00,MTR.01,VP SABANG TIMUR SIS,0.0,1.67,SAFE
2026-09-18 09:33:22,NIS.01,ITABAL8,0.0,0.57,SAFE
2026-09-18 09:33:22,NIS.02,ITABAL8,0.0,0.86,SAFE
2026-09-18 09:33:22,NIS.03,ITABAL8,0.0,1.03,SAFE
2026-09-18 09:33:22,PDG.01,ITABAL9,0.0,0.52,SAFE
2026-09-18 09:33:22,PLB.01,ITABAL8,0.0,1.87,SAFE
2026-09-18 09:33:22,PLB.02,ITABAL8,0.0,0.84,SAFE
2026-09-18 09:33:22,PLB.03,ITABAL8,0.0,2.0,SAFE
2026-09-18 09:33:22,PLB.04,ITABAL8,0.0,13.62,SAFE
2026-09-18 09:33:00,PLU.04,CSA BONTANG SIS,0.0,2.36,SAFE
2026-09-18 09:33:00,RIU.02,VP SABANG TIMUR SIS,0.0,0.61,SAFE
2026-09-18 09:33:00,RIU.04,VP SABANG TIMUR SIS,0.0,0.51,SAFE
2026-09-18 09:33:00,SBG.02,VP SABANG TIMUR SIS,0.0,1.91,SAFE
2026-09-18 09:33:00,SBG.03,VP SABANG TIMUR SIS,0.0,5.65,SAFE
2026-09-18 09:33:00,SBG.04,VP SABANG TIMUR SIS,0.0,0.63,SAFE
2026-09-18 09:33:00,SBG.05,VP SABANG TIMUR SIS,0.0,21.21,SAFE
2026-09-18 09:33:22,SBG.06,ITABAL8,0.0,14.52,SAFE
2026-09-18 09:33:00,SBG.08,VP SABANG TIMUR SIS,0.0,1.35,SAFE
2026-09-18 09:33:00,SBG.10,VP SABANG TIMUR SIS,0.0,2.05,SAFE
2026-09-18 09:33:00,SBG.11,VP SABANG TIMUR SIS,0.0,0.75,SAFE
2026-09-18 09:33:00,SGT.02,CSA BONTANG SIS,0.0,0.19,SAFE
2026-09-18 09:33:00,SMB.02,CSA BONTANG SIS,0.0,2.63,SAFE
2026-09-18 09:33:00,SMB.03,CSA BONTANG SIS,0.0,4.72,SAFE
2026-09-18 09:34:00,SNT.01,PITSTOP AMBON SIS,0.0,1.34,SAFE
2026-09-18 09:33:00,TJG.01,CSA BONTANG SIS,0.0,1.99,SAFE
2026-09-18 09:33:00,TJG.02,CSA BONTANG SIS,0.0,5.65,SAFE
2026-09-18 14:35:00,AMB.01,PITSTOP AMBON SIS,0.0,7.46,SAFE
2026-09-18 14:33:00,BDG.02,VP OB 1 SIS,0.0,19.31,SAFE
2026-09-18 14:33:00,BDG.03,VP OB 1 SIS,0.0,5.73,SAFE
2026-09-18 14:33:00,BDG.04,VP OB 1 SIS,0.0,1.07,SAFE
2026-09-18 14:33:54,BDG.05,ITABAL9,0.0,2.1,SAFE
2026-09-18 14:34:00,BGK.01,VP SABANG TIMUR SIS,0.0,1.59,SAFE
2026-09-18 14:34:00,BGK.02,VP SABANG TIMUR SIS,0.0,18.92,SAFE
2026-09-18 14:33:54,BGR.01,ITABAL9,0.0,1.34,SAFE
2026-09-18 14:34:00,BJB.03,CSA BONTANG SIS,0.0,1.34,SAFE
2026-09-18 14:35:00,BJM.01,PITSTOP AMBON SIS,0.0,3.86,SAFE
2026-09-18 14:34:00,BJM.02,CSA BONTANG SIS,0.0,1.68,SAFE
2026-09-18 14:33:54,BKL.01,ITABAL8,0.0,58.33,SAFE
2026-09-18 14:33:54,BKL.02,ITABAL8,0.0,0.72,SAFE
2026-09-18 14:33:54,BNE.02,ITABAL8,0.0,1.52,SAFE
2026-09-18 14:33:54,BNE.03,ITABAL8,0.0,0.63,SAFE
2026-09-18 14:33:54,BNE.04,ITABAL8,0.0,0.55,SAFE
2026-09-18 14:34:00,BNY.03,CSA BONTANG SIS,0.0,0.97,SAFE
2026-09-18 14:34:00,BTG.03,CSA BONTANG SIS,0.0,9.36,SAFE
2026-09-18 14:34:00,BTG.04,CSA BONTANG SIS,0.0,175.0,SAFE
2026-09-18 14:34:00,FLR.02,CSA BONTANG SIS,0.0,0.75,SAFE
2026-09-18 14:33:54,JKT.01,ITABAL9,0.0,25.36,SAFE
2026-09-18 14:33:54,JKT.02,ITABAL9,0.0,7.78,SAFE
2026-09-18 14:33:54,JKT.03,ITABAL9,0.0,4.16,SAFE
2026-09-18 14:33:54,JKT.04,ITABAL9,0.0,1.17,SAFE
2026-09-18 14:33:54,JKT.05,ITABAL9,0.0,5.68,SAFE
2026-09-18 14:33:54,JKT.06,ITABAL9,0.0,7.45,SAFE
2026-09-18 14:33:54,JKT.07,ITABAL9,0.0,11.55,SAFE
2026-09-18 14:33:54,JKT.08,ITABAL9,0.0,4.26,SAFE
2026-09-18 14:33:54,JMB.01,ITABAL8,0.0,3.07,SAFE
2026-09-18 14:33:54,JMB.03,ITABAL8,0.0,1.02,SAFE
2026-09-18 14:33:54,JMB.04,ITABAL9,0.0,0.77,SAFE
2026-09-18 14:34:00,KRC.02,VP SABANG TIMUR SIS,0.0,1.04,SAFE
2026-09-18 14:33:54,KRC.03,ITABAL8,0.0,1.31,SAFE
2026-09-18 14:34:00,KRC.05,VP SABANG TIMUR SIS,0.0,1.93,SAFE
2026-09-18 14:34:00,KRC.07,VP SABANG TIMUR SIS,0.0,2.15,SAFE
2026-09-18 14:33:54,LHT.01,ITABAL8,0.0,5.84,SAFE
2026-09-18 14:33:54,LPG.01,ITABAL8,0.0,2.05,SAFE
2026-09-18 14:33:54,LPG.02,ITABAL8,0.0,12.03,SAFE
2026-09-18 14:33:54,LPG.03,ITABAL8,0.0,6.96,SAFE
2026-09-18 14:33:54,LPG.06,ITABAL8,0.0,6.69,SAFE
2026-09-18 14:33:54,LPG.07,ITABAL8,0.0,12.92,SAFE
2026-09-18 14:33:54,MDN.01,ITABAL8,0.0,3.37,SAFE
2026-09-18 14:33:54,MDN.02,ITABAL8,0.0,2.53,SAFE
2026-09-18 14:33:54,MDN.03,ITABAL8,0.0,7.25,SAFE
2026-09-18 14:33:54,MDN.04,ITABAL8,0.0,1.95,SAFE
2026-09-18 14:33:54,MIA.01,ITABAL9,0.0,1.22,SAFE
2026-09-18 14:33:54,MIA.02,ITABAL9,0.0,17.59,SAFE
2026-09-18 14:33:54,MIA.03,ITABAL9,0.0,4.28,SAFE
2026-09-18 14:35:00,MIA.04,PITSTOP AMBON SIS,0.0,2.31,SAFE
2026-09-18 14:33:54,MIA.05,ITABAL9,0.0,20.96,SAFE
2026-09-18 14:33:54,MIA.06,ITABAL9,0.0,1.16,SAFE
2026-09-18 14:34:00,MKS.01,CSA BONTANG SIS,0.0,0.72,SAFE
2026-09-18 14:35:00,MKS.02,PITSTOP AMBON SIS,0.0,1.06,SAFE
,MKS.03,ROM 13,0.0,8.2,SAFE
,MKS.04,ROM 13,0.0,3.08,SAFE
2026-09-18 14:34:00,MND.02,CSA BONTANG SIS,0.0,2.49,SAFE
2026-09-18 14:34:00,MRK.01,VP SABANG TIMUR SIS,0.0,1.65,SAFE
2026-09-18 14:35:00,MTM.01,PITSTOP AMBON SIS,0.0,1.64,SAFE
2026-09-18 14:35:00,MTP.01,PITSTOP AMBON SIS,0.0,1.01,SAFE
2026-09-18 14:34:00,MTR.01,VP SABANG TIMUR SIS,0.0,1.67,SAFE
2026-09-18 14:33:54,NIS.01,ITABAL8,0.0,0.57,SAFE
2026-09-18 14:33:54,NIS.02,ITABAL8,0.0,0.86,SAFE
2026-09-18 14:33:54,NIS.03,ITABAL8,0.0,1.03,SAFE
2026-09-18 14:33:54,PDG.01,ITABAL9,0.0,0.52,SAFE
2026-09-18 14:33:54,PLB.01,ITABAL8,0.0,1.87,SAFE
2026-09-18 14:33:54,PLB.02,ITABAL8,0.0,0.84,SAFE
2026-09-18 14:33:54,PLB.03,ITABAL8,0.0,2.0,SAFE
2026-09-18 14:33:54,PLB.04,ITABAL8,0.0,13.62,SAFE
2026-09-18 14:34:00,PLU.04,CSA BONTANG SIS,0.0,2.36,SAFE
2026-09-18 14:34:00,RIU.02,VP SABANG TIMUR SIS,0.0,0.61,SAFE
2026-09-18 14:34:00,RIU.04,VP SABANG TIMUR SIS,0.0,0.51,SAFE
2026-09-18 14:34:00,SBG.02,VP SABANG TIMUR SIS,0.0,1.91,SAFE
2026-09-18 14:34:00,SBG.03,VP SABANG TIMUR SIS,0.0,5.65,SAFE
2026-09-18 14:34:00,SBG.04,VP SABANG TIMUR SIS,0.0,0.63,SAFE
2026-09-18 14:34:00,SBG.05,VP SABANG TIMUR SIS,0.0,21.21,SAFE
2026-09-18 14:33:54,SBG.06,ITABAL8,0.0,14.52,SAFE
2026-09-18 14:34:00,SBG.08,VP SABANG TIMUR SIS,0.0,1.35,SAFE
2026-09-18 14:34:00,SBG.10,VP SABANG TIMUR SIS,0.0,2.05,SAFE
2026-09-18 14:34:00,SBG.11,VP SABANG TIMUR SIS,0.0,0.75,SAFE
2026-09-18 14:34:00,SGT.02,CSA BONTANG SIS,0.0,0.19,SAFE
2026-09-18 14:34:00,SMB.02,CSA BONTANG SIS,0.0,2.63,SAFE
2026-09-18 14:34:00,SMB.03,CSA BONTANG SIS,0.0,4.72,SAFE
2026-09-18 14:35:00,SNT.01,PITSTOP AMBON SIS,0.0,1.34,SAFE
2026-09-18 14:34:00,TJG.01,CSA BONTANG SIS,0.0,1.99,SAFE
2026-09-18 14:34:00,TJG.02,CSA BONTANG SIS,0.0,5.65,SAFE
2026-09-18 19:44:00,AMB.01,PITSTOP AMBON SIS,0.0,7.46,SAFE
2026-09-18 19:43:00,BDG.02,VP OB 1 SIS,0.0,19.31,SAFE
2026-09-18 19:43:00,BDG.03,VP OB 1 SIS,0.0,5.73,SAFE
2026-09-18 19:43:00,BDG.04,VP OB 1 SIS,0.0,1.07,SAFE
2026-09-18 19:43:47,BDG.05,ITABAL9,0.0,2.1,SAFE
2026-09-18 19:44:00,BGK.01,VP SABANG TIMUR SIS,0.0,1.59,SAFE
2026-09-18 19:44:00,BGK.02,VP SABANG TIMUR SIS,0.0,18.92,SAFE
2026-09-18 19:43:47,BGR.01,ITABAL9,0.0,1.34,SAFE
2026-09-18 19:44:00,BJB.03,CSA BONTANG SIS,0.0,1.34,SAFE
2026-09-18 19:44:00,BJM.01,PITSTOP AMBON SIS,0.0,3.86,SAFE
2026-09-18 19:44:00,BJM.02,CSA BONTANG SIS,0.0,1.68,SAFE
2026-09-18 19:43:47,BKL.01,ITABAL8,0.0,58.33,SAFE
2026-09-18 19:43:47,BKL.02,ITABAL8,0.0,0.72,SAFE
2026-09-18 19:43:47,BNE.02,ITABAL8,0.0,1.52,SAFE
2026-09-18 19:43:47,BNE.03,ITABAL8,0.0,0.63,SAFE
2026-09-18 19:43:47,BNE.04,ITABAL8,0.0,0.55,SAFE
2026-09-18 19:44:00,BNY.03,CSA BONTANG SIS,0.0,0.97,SAFE
2026-09-18 19:44:00,BTG.03,CSA BONTANG SIS,0.0,9.36,SAFE
2026-09-18 19:44:00,BTG.04,CSA BONTANG SIS,0.0,175.0,SAFE
2026-09-18 19:44:00,FLR.02,CSA BONTANG SIS,0.0,0.75,SAFE
2026-09-18 19:43:47,JKT.01,ITABAL9,0.0,25.36,SAFE
2026-09-18 19:43:47,JKT.02,ITABAL9,0.0,7.78,SAFE
2026-09-18 19:43:47,JKT.03,ITABAL9,0.0,4.16,SAFE
2026-09-18 19:43:47,JKT.04,ITABAL9,0.0,1.17,SAFE
2026-09-18 19:43:47,JKT.05,ITABAL9,0.0,5.68,SAFE
2026-09-18 19:43:47,JKT.06,ITABAL9,0.0,7.45,SAFE
2026-09-18 19:43:47,JKT.07,ITABAL9,0.0,11.55,SAFE
2026-09-18 19:43:47,JKT.08,ITABAL9,0.0,4.26,SAFE
2026-09-18 19:43:47,JMB.01,ITABAL8,0.0,3.07,SAFE
2026-09-18 19:43:47,JMB.03,ITABAL8,0.0,1.02,SAFE
2026-09-18 19:43:47,JMB.04,ITABAL9,0.0,0.77,SAFE
2026-09-18 19:44:00,KRC.02,VP SABANG TIMUR SIS,0.0,1.04,SAFE
2026-09-18 19:43:47,KRC.03,ITABAL8,0.0,1.31,SAFE
2026-09-18 19:44:00,KRC.05,VP SABANG TIMUR SIS,0.0,1.93,SAFE
2026-09-18 19:44:00,KRC.07,VP SABANG TIMUR SIS,0.0,2.15,SAFE
2026-09-18 19:43:47,LHT.01,ITABAL8,0.0,5.84,SAFE
2026-09-18 19:43:47,LPG.01,ITABAL8,0.0,2.05,SAFE
2026-09-18 19:43:47,LPG.02,ITABAL8,0.0,12.03,SAFE
2026-09-18 19:43:47,LPG.03,ITABAL8,0.0,6.96,SAFE
2026-09-18 19:43:47,LPG.06,ITABAL8,0.0,6.69,SAFE
2026-09-18 19:43:47,LPG.07,ITABAL8,0.0,12.92,SAFE
2026-09-18 19:43:47,MDN.01,ITABAL8,0.0,3.37,SAFE
2026-09-18 19:43:47,MDN.02,ITABAL8,0.0,2.53,SAFE
2026-09-18 19:43:47,MDN.03,ITABAL8,0.0,7.25,SAFE
2026-09-18 19:43:47,MDN.04,ITABAL8,0.0,1.95,SAFE
2026-09-18 19:43:47,MIA.01,ITABAL9,0.0,1.22,SAFE
2026-09-18 19:43:47,MIA.02,ITABAL9,0.0,17.59,SAFE
2026-09-18 19:43:47,MIA.03,ITABAL9,0.0,4.28,SAFE
2026-09-18 19:44:00,MIA.04,PITSTOP AMBON SIS,0.0,2.31,SAFE
2026-09-18 19:43:47,MIA.05,ITABAL9,0.0,20.96,SAFE
2026-09-18 19:43:47,MIA.06,ITABAL9,0.0,1.16,SAFE
2026-09-18 19:44:00,MKS.01,CSA BONTANG SIS,0.0,0.72,SAFE
2026-09-18 19:44:00,MKS.02,PITSTOP AMBON SIS,0.0,1.06,SAFE
,MKS.03,ROM 13,0.0,8.2,SAFE
,MKS.04,ROM 13,0.0,3.08,SAFE
2026-09-18 19:44:00,MND.02,CSA BONTANG SIS,0.0,2.49,SAFE
2026-09-18 19:44:00,MRK.01,VP SABANG TIMUR SIS,0.0,1.65,SAFE
2026-09-18 19:44:00,MTM.01,PITSTOP AMBON SIS,0.0,1.64,SAFE
2026-09-18 19:44:00,MTP.01,PITSTOP AMBON SIS,0.0,1.01,SAFE
2026-09-18 19:44:00,MTR.01,VP SABANG TIMUR SIS,0.0,1.67,SAFE
2026-09-18 19:43:47,NIS.01,ITABAL8,0.0,0.57,SAFE
2026-09-18 19:43:47,NIS.02,ITABAL8,0.0,0.86,SAFE
2026-09-18 19:43:47,NIS.03,ITABAL8,0.0,1.03,SAFE
2026-09-18 19:43:47,PDG.01,ITABAL9,0.0,0.52,SAFE
2026-09-18 19:43:47,PLB.01,ITABAL8,0.0,1.87,SAFE
2026-09-18 19:43:47,PLB.02,ITABAL8,0.0,0.84,SAFE
2026-09-18 19:43:47,PLB.03,ITABAL8,0.0,2.0,SAFE
2026-09-18 19:43:47,PLB.04,ITABAL8,0.0,13.62,SAFE
2026-09-18 19:44:00,PLU.04,CSA BONTANG SIS,0.0,2.36,SAFE
2026-09-18 19:44:00,RIU.02,VP SABANG TIMUR SIS,0.0,0.61,SAFE
2026-09-18 19:44:00,RIU.04,VP SABANG TIMUR SIS,0.0,0.51,SAFE
2026-09-18 19:44:00,SBG.02,VP SABANG TIMUR SIS,0.0,1.91,SAFE
2026-09-18 19:44:00,SBG.03,VP SABANG TIMUR SIS,0.0,5.65,SAFE
2026-09-18 19:44:00,SBG.04,VP SABANG TIMUR SIS,0.0,0.63,SAFE
2026-09-18 19:44:00,SBG.05,VP SABANG TIMUR SIS,0.0,21.21,SAFE
2026-09-18 19:43:47,SBG.06,ITABAL8,0.0,14.52,SAFE
2026-09-18 19:44:00,SBG.08,VP SABANG TIMUR SIS,0.0,1.35,SAFE
2026-09-18 19:44:00,SBG.10,VP SABANG TIMUR SIS,0.0,2.05,SAFE
2026-09-18 19:44:00,SBG.11,VP SABANG TIMUR SIS,0.0,0.75,SAFE
2026-09-18 19:44:00,SGT.02,CSA BONTANG SIS,0.0,0.19,SAFE
2026-09-18 19:44:00,SMB.02,CSA BONTANG SIS,0.0,2.63,SAFE
2026-09-18 19:44:00,SMB.03,CSA BONTANG SIS,0.0,4.72,SAFE
2026-09-18 19:44:00,SNT.01,PITSTOP AMBON SIS,0.0,1.34,SAFE
2026-09-18 19:44:00,TJG.01,CSA BONTANG SIS,0.0,1.99,SAFE
2026-09-18 19:44:00,TJG.02,CSA BONTANG SIS,0.0,5.65,SAFE
2026-09-18 23:11:00,AMB.01,PITSTOP AMBON SIS,0.0,7.46,SAFE
2026-09-18 23:10:00,BDG.02,VP OB 1 SIS,0.0,19.31,SAFE
2026-09-18 23:10:00,BDG.03,VP OB 1 SIS,0.0,5.73,SAFE
2026-09-18 23:10:00,BDG.04,VP OB 1 SIS,0.0,1.07,SAFE
2026-09-18 23:10:18,BDG.05,ITABAL9,0.0,2.1,SAFE
2026-09-18 23:10:00,BGK.01,VP SABANG TIMUR SIS,0.0,1.59,SAFE
2026-09-18 23:10:00,BGK.02,VP SABANG TIMUR SIS,0.0,18.92,SAFE
2026-09-18 23:10:18,BGR.01,ITABAL9,0.0,1.34,SAFE
2026-09-18 23:10:00,BJB.03,CSA BONTANG SIS,0.0,1.34,SAFE
2026-09-18 23:11:00,BJM.01,PITSTOP AMBON SIS,0.0,3.86,SAFE
2026-09-18 23:10:00,BJM.02,CSA BONTANG SIS,0.0,1.68,SAFE
2026-09-18 23:10:18,BKL.01,ITABAL8,0.0,58.33,SAFE
2026-09-18 23:10:18,BKL.02,ITABAL8,0.0,0.72,SAFE
2026-09-18 23:10:18,BNE.02,ITABAL8,0.0,1.52,SAFE
2026-09-18 23:10:18,BNE.03,ITABAL8,0.0,0.63,SAFE
2026-09-18 23:10:18,BNE.04,ITABAL8,0.0,0.55,SAFE
2026-09-18 23:10:00,BNY.03,CSA BONTANG SIS,0.0,0.97,SAFE
2026-09-18 23:10:00,BTG.03,CSA BONTANG SIS,0.0,9.36,SAFE
2026-09-18 23:10:00,BTG.04,CSA BONTANG SIS,0.0,175.0,SAFE
2026-09-18 23:10:00,FLR.02,CSA BONTANG SIS,0.0,0.75,SAFE
2026-09-18 23:10:18,JKT.01,ITABAL9,0.0,25.36,SAFE
2026-09-18 23:10:18,JKT.02,ITABAL9,0.0,7.78,SAFE
2026-09-18 23:10:18,JKT.03,ITABAL9,0.0,4.16,SAFE
2026-09-18 23:10:18,JKT.04,ITABAL9,0.0,1.17,SAFE
2026-09-18 23:10:18,JKT.05,ITABAL9,0.0,5.68,SAFE
2026-09-18 23:10:18,JKT.06,ITABAL9,0.0,7.45,SAFE
2026-09-18 23:10:18,JKT.07,ITABAL9,0.0,11.55,SAFE
2026-09-18 23:10:18,JKT.08,ITABAL9,0.0,4.26,SAFE
2026-09-18 23:10:18,JMB.01,ITABAL8,0.0,3.07,SAFE
2026-09-18 23:10:18,JMB.03,ITABAL8,0.0,1.02,SAFE
2026-09-18 23:10:18,JMB.04,ITABAL9,0.0,0.77,SAFE
2026-09-18 23:10:00,KRC.02,VP SABANG TIMUR SIS,0.0,1.04,SAFE
2026-09-18 23:10:18,KRC.03,ITABAL8,0.0,1.31,SAFE
2026-09-18 23:10:00,KRC.05,VP SABANG TIMUR SIS,0.0,1.93,SAFE
2026-09-18 23:10:00,KRC.07,VP SABANG TIMUR SIS,0.0,2.15,SAFE
2026-09-18 23:10:18,LHT.01,ITABAL8,0.0,5.84,SAFE
2026-09-18 23:10:18,LPG.01,ITABAL8,0.0,2.05,SAFE
2026-09-18 23:10:18,LPG.02,ITABAL8,0.0,12.03,SAFE
2026-09-18 23:10:18,LPG.03,ITABAL8,0.0,6.96,SAFE
2026-09-18 23:10:18,LPG.06,ITABAL8,0.0,6.69,SAFE
2026-09-18 23:10:18,LPG.07,ITABAL8,0.0,12.92,SAFE
2026-09-18 23:10:18,MDN.01,ITABAL8,0.0,3.37,SAFE
2026-09-18 23:10:18,MDN.02,ITABAL8,0.0,2.53,SAFE
2026-09-18 23:10:18,MDN.03,ITABAL8,0.0,7.25,SAFE
2026-09-18 23:10:18,MDN.04,ITABAL8,0.0,1.95,SAFE
2026-09-18 23:10:18,MIA.01,ITABAL9,0.0,1.22,SAFE
2026-09-18 23:10:18,MIA.02,ITABAL9,0.0,17.59,SAFE
2026-09-18 23:10:18,MIA.03,ITABAL9,0.0,4.28,SAFE
2026-09-18 23:11:00,MIA.04,PITSTOP AMBON SIS,0.0,2.31,SAFE
2026-09-18 23:10:18,MIA.05,ITABAL9,0.0,20.96,SAFE
2026-09-18 23:10:18,MIA.06,ITABAL9,0.0,1.16,SAFE
2026-09-18 23:10:00,MKS.01,CSA BONTANG SIS,0.0,0.72,SAFE
2026-09-18 23:11:00,MKS.02,PITSTOP AMBON SIS,0.0,1.06,SAFE
,MKS.03,ROM 13,0.0,8.2,SAFE
,MKS.04,ROM 13,0.0,3.08,SAFE
2026-09-18 23:10:00,MND.02,CSA BONTANG SIS,0.0,2.49,SAFE
2026-09-18 23:10:00,MRK.01,VP SABANG TIMUR SIS,0.0,1.65,SAFE
2026-09-18 23:11:00,MTM.01,PITSTOP AMBON SIS,0.0,1.64,SAFE
2026-09-18 23:11:00,MTP.01,PITSTOP AMBON SIS,0.0,1.01,SAFE
2026-09-18 23:10:00,MTR.01,VP SABANG TIMUR SIS,0.0,1.67,SAFE
2026-09-18 23:10:18,NIS.01,ITABAL8,0.0,0.57,SAFE
2026-09-18 23:10:18,NIS.02,ITABAL8,0.0,0.86,SAFE
2026-09-18 23:10:18,NIS.03,ITABAL8,0.0,1.03,SAFE
2026-09-18 23:10:18,PDG.01,ITABAL9,0.0,0.52,SAFE
2026-09-18 23:10:18,PLB.01,ITABAL8,0.0,1.87,SAFE
2026-09-18 23:10:18,PLB.02,ITABAL8,0.0,0.84,SAFE
2026-09-18 23:10:18,PLB.03,ITABAL8,0.0,2.0,SAFE
2026-09-18 23:10:18,PLB.04,ITABAL8,0.0,13.62,SAFE
2026-09-18 23:10:00,PLU.04,CSA BONTANG SIS,0.0,2.36,SAFE
2026-09-18 23:10:00,RIU.02,VP SABANG TIMUR SIS,0.0,0.61,SAFE
2026-09-18 23:10:00,RIU.04,VP SABANG TIMUR SIS,0.0,0.51,SAFE
2026-09-18 23:10:00,SBG.02,VP SABANG TIMUR SIS,0.0,1.91,SAFE
2026-09-18 23:10:00,SBG.03,VP SABANG TIMUR SIS,0.0,5.65,SAFE
2026-09-18 23:10:00,SBG.04,VP SABANG TIMUR SIS,0.0,0.63,SAFE
2026-09-18 23:10:00,SBG.05,VP SABANG TIMUR SIS,0.0,21.21,SAFE
2026-09-18 23:10:18,SBG.06,ITABAL8,0.0,14.52,SAFE
2026-09-18 23:10:00,SBG.08,VP SABANG TIMUR SIS,0.0,1.35,SAFE
2026-09-18 23:10:00,SBG.10,VP SABANG TIMUR SIS,0.0,2.05,SAFE
2026-09-18 23:10:00,SBG.11,VP SABANG TIMUR SIS,0.0,0.75,SAFE
2026-09-18 23:10:00,SGT.02,CSA BONTANG SIS,0.0,0.19,SAFE
2026-09-18 23:10:00,SMB.02,CSA BONTANG SIS,0.0,2.63,SAFE
2026-09-18 23:10:00,SMB.03,CSA BONTANG SIS,0.0,4.72,SAFE
2026-09-18 23:11:00,SNT.01,PITSTOP AMBON SIS,0.0,1.34,SAFE
2026-09-18 23:10:00,TJG.01,CSA BONTANG SIS,0.0,1.99,SAFE
2026-09-18 23:10:00,TJG.02,CSA BONTANG SIS,0.0,5.65,SAFE
2026-09-18 23:59:00,AMB.01,PITSTOP AMBON SIS,0.0,7.46,SAFE
2026-09-18 23:59:00,BDG.02,VP OB 1 SIS,0.0,19.31,SAFE
2026-09-18 23:59:00,BDG.03,VP OB 1 SIS,0.0,5.73,SAFE
2026-09-18 23:59:00,BDG.04,VP OB 1 SIS,0.0,1.07,SAFE
2026-09-19 02:26:24,BDG.05,ITABAL9,0.0,2.1,SAFE
2026-09-18 23:59:00,BGK.01,VP SABANG TIMUR SIS,0.0,1.59,SAFE
2026-09-18 23:59:00,BGK.02,VP SABANG TIMUR SIS,0.0,18.92,SAFE
2026-09-19 02:26:24,BGR.01,ITABAL9,0.0,1.34,SAFE
2026-09-18 23:59:00,BJB.03,CSA BONTANG SIS,0.0,1.34,SAFE
2026-09-18 23:59:00,BJM.01,PITSTOP AMBON SIS,0.0,3.86,SAFE
2026-09-18 23:59:00,BJM.02,CSA BONTANG SIS,0.0,1.68,SAFE
2026-09-19 02:26:24,BKL.01,ITABAL8,0.0,58.33,SAFE
2026-09-19 02:26:24,BKL.02,ITABAL8,0.0,0.72,SAFE
2026-09-19 02:26:24,BNE.02,ITABAL8,0.0,1.52,SAFE
2026-09-19 02:26:24,BNE.03,ITABAL8,0.0,0.63,SAFE
2026-09-19 02:26:24,BNE.04,ITABAL8,0.0,0.55,SAFE
2026-09-18 23:59:00,BNY.03,CSA BONTANG SIS,0.0,0.97,SAFE
2026-09-18 23:59:00,BTG.03,CSA BONTANG SIS,0.0,9.36,SAFE
2026-09-18 23:59:00,BTG.04,CSA BONTANG SIS,0.0,175.0,SAFE
2026-09-18 23:59:00,FLR.02,CSA BONTANG SIS,0.0,0.75,SAFE
2026-09-19 02:26:24,JKT.01,ITABAL9,0.0,25.36,SAFE
2026-09-19 02:26:24,JKT.02,ITABAL9,0.0,7.78,SAFE
2026-09-19 02:26:24,JKT.03,ITABAL9,0.0,4.16,SAFE
2026-09-19 02:26:24,JKT.04,ITABAL9,0.0,1.17,SAFE
2026-09-19 02:26:24,JKT.05,ITABAL9,0.0,5.68,SAFE
2026-09-19 02:26:24,JKT.06,ITABAL9,0.0,7.45,SAFE
2026-09-19 02:26:24,JKT.07,ITABAL9,0.0,11.55,SAFE
2026-09-19 02:26:24,JKT.08,ITABAL9,0.0,4.26,SAFE
2026-09-19 02:26:24,JMB.01,ITABAL8,0.0,3.07,SAFE
2026-09-19 02:26:24,JMB.03,ITABAL8,0.0,1.02,SAFE
2026-09-19 02:26:24,JMB.04,ITABAL9,0.0,0.77,SAFE
2026-09-18 23:59:00,KRC.02,VP SABANG TIMUR SIS,0.0,1.04,SAFE
2026-09-19 02:26:24,KRC.03,ITABAL8,0.0,1.31,SAFE
2026-09-18 23:59:00,KRC.05,VP SABANG TIMUR SIS,0.0,1.93,SAFE
2026-09-18 23:59:00,KRC.07,VP SABANG TIMUR SIS,0.0,2.15,SAFE
2026-09-19 02:26:24,LHT.01,ITABAL8,0.0,5.84,SAFE
2026-09-19 02:26:24,LPG.01,ITABAL8,0.0,2.05,SAFE
2026-09-19 02:26:24,LPG.02,ITABAL8,0.0,12.03,SAFE
2026-09-19 02:26:24,LPG.03,ITABAL8,0.0,6.96,SAFE
2026-09-19 02:26:24,LPG.06,ITABAL8,0.0,6.69,SAFE
2026-09-19 02:26:24,LPG.07,ITABAL8,0.0,12.92,SAFE
2026-09-19 02:26:24,MDN.01,ITABAL8,0.0,3.37,SAFE
2026-09-19 02:26:24,MDN.02,ITABAL8,0.0,2.53,SAFE
2026-09-19 02:26:24,MDN.03,ITABAL8,0.0,7.25,SAFE
2026-09-19 02:26:24,MDN.04,ITABAL8,0.0,1.95,SAFE
2026-09-19 02:26:24,MIA.01,ITABAL9,0.0,1.22,SAFE
2026-09-19 02:26:24,MIA.02,ITABAL9,0.0,17.59,SAFE
2026-09-19 02:26:24,MIA.03,ITABAL9,0.0,4.28,SAFE
2026-09-18 23:59:00,MIA.04,PITSTOP AMBON SIS,0.0,2.31,SAFE
2026-09-19 02:26:24,MIA.05,ITABAL9,0.0,20.96,SAFE
2026-09-19 02:26:24,MIA.06,ITABAL9,0.0,1.16,SAFE
2026-09-18 23:59:00,MKS.01,CSA BONTANG SIS,0.0,0.72,SAFE
2026-09-18 23:59:00,MKS.02,PITSTOP AMBON SIS,0.0,1.06,SAFE
,MKS.03,ROM 13,0.0,8.2,SAFE
,MKS.04,ROM 13,0.0,3.08,SAFE
2026-09-18 23:59:00,MND.02,CSA BONTANG SIS,0.0,2.49,SAFE
2026-09-18 23:59:00,MRK.01,VP SABANG TIMUR SIS,0.0,1.65,SAFE
2026-09-18 23:59:00,MTM.01,PITSTOP AMBON SIS,0.0,1.64,SAFE
2026-09-18 23:59:00,MTP.01,PITSTOP AMBON SIS,0.0,1.01,SAFE
2026-09-18 23:59:00,MTR.01,VP SABANG TIMUR SIS,0.0,1.67,SAFE
2026-09-19 02:26:24,NIS.01,ITABAL8,0.0,0.57,SAFE
2026-09-19 02:26:24,NIS.02,ITABAL8,0.0,0.86,SAFE
2026-09-19 02:26:24,NIS.03,ITABAL8,0.0,1.03,SAFE
2026-09-19 02:26:24,PDG.01,ITABAL9,0.0,0.52,SAFE
2026-09-19 02:26:24,PLB.01,ITABAL8,0.0,1.87,SAFE
2026-09-19 02:26:24,PLB.02,ITABAL8,0.0,0.84,SAFE
2026-09-19 02:26:24,PLB.03,ITABAL8,0.0,2.0,SAFE
2026-09-19 02:26:24,PLB.04,ITABAL8,0.0,13.62,SAFE
2026-09-18 23:59:00,PLU.04,CSA BONTANG SIS,0.0,2.36,SAFE
2026-09-18 23:59:00,RIU.02,VP SABANG TIMUR SIS,0.0,0.61,SAFE
2026-09-18 23:59:00,RIU.04,VP SABANG TIMUR SIS,0.0,0.51,SAFE
2026-09-18 23:59:00,SBG.02,VP SABANG TIMUR SIS,0.0,1.91,SAFE
2026-09-18 23:59:00,SBG.03,VP SABANG TIMUR SIS,0.0,5.65,SAFE
2026-09-18 23:59:00,SBG.04,VP SABANG TIMUR SIS,0.0,0.63,SAFE
2026-09-18 23:59:00,SBG.05,VP SABANG TIMUR SIS,0.0,21.21,SAFE
2026-09-19 02:26:24,SBG.06,ITABAL8,0.0,14.52,SAFE
2026-09-18 23:59:00,SBG.08,VP SABANG TIMUR SIS,0.0,1.35,SAFE
2026-09-18 23:59:00,SBG.10,VP SABANG TIMUR SIS,0.0,2.05,SAFE
2026-09-18 23:59:00,SBG.11,VP SABANG TIMUR SIS,0.0,0.75,SAFE
2026-09-18 23:59:00,SGT.02,CSA BONTANG SIS,0.0,0.19,SAFE
2026-09-18 23:59:00,SMB.02,CSA BONTANG SIS,0.0,2.63,SAFE
2026-09-18 23:59:00,SMB.03,CSA BONTANG SIS,0.0,4.72,SAFE
2026-09-18 23:59:00,SNT.01,PITSTOP AMBON SIS,0.0,1.34,SAFE
2026-09-18 23:59:00,TJG.01,CSA BONTANG SIS,0.0,1.99,SAFE
2026-09-18 23:59:00,TJG.02,CSA BONTANG SIS,0.0,5.65,SAFE
2026-09-18 23:59:00,AMB.01,PITSTOP AMBON SIS,0.0,7.46,SAFE
2026-09-18 23:59:00,BDG.02,VP OB 1 SIS,0.0,19.31,SAFE
2026-09-18 23:59:00,BDG.03,VP OB 1 SIS,0.0,5.73,SAFE
2026-09-18 23:59:00,BDG.04,VP OB 1 SIS,0.0,1.07,SAFE
2026-09-19 05:06:12,BDG.05,ITABAL9,0.0,2.1,SAFE
2026-09-18 23:59:00,BGK.01,VP SABANG TIMUR SIS,0.0,1.59,SAFE
2026-09-18 23:59:00,BGK.02,VP SABANG TIMUR SIS,0.0,18.92,SAFE
2026-09-19 05:06:12,BGR.01,ITABAL9,0.0,1.34,SAFE
2026-09-18 23:59:00,BJB.03,CSA BONTANG SIS,0.0,1.34,SAFE
2026-09-18 23:59:00,BJM.01,PITSTOP AMBON SIS,0.0,3.86,SAFE
2026-09-18 23:59:00,BJM.02,CSA BONTANG SIS,0.0,1.68,SAFE
2026-09-19 05:06:12,BKL.01,ITABAL8,0.0,58.33,SAFE
2026-09-19 05:06:12,BKL.02,ITABAL8,0.0,0.72,SAFE
2026-09-19 05:06:12,BNE.02,ITABAL8,0.0,1.52,SAFE
2026-09-19 05:06:12,BNE.03,ITABAL8,0.0,0.63,SAFE
2026-09-19 05:06:12,BNE.04,ITABAL8,0.0,0.55,SAFE
2026-09-18 23:59:00,BNY.03,CSA BONTANG SIS,0.0,0.97,SAFE
2026-09-18 23:59:00,BTG.03,CSA BONTANG SIS,0.0,9.36,SAFE
2026-09-18 23:59:00,BTG.04,CSA BONTANG SIS,0.0,175.0,SAFE
2026-09-18 23:59:00,FLR.02,CSA BONTANG SIS,0.0,0.75,SAFE
2026-09-19 05:06:12,JKT.01,ITABAL9,0.0,25.36,SAFE
2026-09-19 05:06:12,JKT.02,ITABAL9,0.0,7.78,SAFE
2026-09-19 05:06:12,JKT.03,ITABAL9,0.0,4.16,SAFE
2026-09-19 05:06:12,JKT.04,ITABAL9,0.0,1.17,SAFE
2026-09-19 05:06:12,JKT.05,ITABAL9,0.0,5.68,SAFE
2026-09-19 05:06:12,JKT.06,ITABAL9,0.0,7.45,SAFE
2026-09-19 05:06:12,JKT.07,ITABAL9,0.0,11.55,SAFE
2026-09-19 05:06:12,JKT.08,ITABAL9,0.0,4.26,SAFE
2026-09-19 05:06:12,JMB.01,ITABAL8,0.0,3.07,SAFE
2026-09-19 05:06:12,JMB.03,ITABAL8,0.0,1.02,SAFE
2026-09-19 05:06:12,JMB.04,ITABAL9,0.0,0.77,SAFE
2026-09-18 23:59:00,KRC.02,VP SABANG TIMUR SIS,0.0,1.04,SAFE
2026-09-19 05:06:12,KRC.03,ITABAL8,0.0,1.31,SAFE
2026-09-18 23:59:00,KRC.05,VP SABANG TIMUR SIS,0.0,1.93,SAFE
2026-09-18 23:59:00,KRC.07,VP SABANG TIMUR SIS,0.0,2.15,SAFE
2026-09-19 05:06:12,LHT.01,ITABAL8,0.0,5.84,SAFE
2026-09-19 05:06:12,LPG.01,ITABAL8,0.0,2.05,SAFE
2026-09-19 05:06:12,LPG.02,ITABAL8,0.0,12.03,SAFE
2026-09-19 05:06:12,LPG.03,ITABAL8,0.0,6.96,SAFE
2026-09-19 05:06:12,LPG.06,ITABAL8,0.0,6.69,SAFE
2026-09-19 05:06:12,LPG.07,ITABAL8,0.0,12.92,SAFE
2026-09-19 05:06:12,MDN.01,ITABAL8,0.0,3.37,SAFE
2026-09-19 05:06:12,MDN.02,ITABAL8,0.0,2.53,SAFE
2026-09-19 05:06:12,MDN.03,ITABAL8,0.0,7.25,SAFE
2026-09-19 05:06:12,MDN.04,ITABAL8,0.0,1.95,SAFE
2026-09-19 05:06:12,MIA.01,ITABAL9,0.0,1.22,SAFE
2026-09-19 05:06:12,MIA.02,ITABAL9,0.0,17.59,SAFE
2026-09-19 05:06:12,MIA.03,ITABAL9,0.0,4.28,SAFE
2026-09-18 23:59:00,MIA.04,PITSTOP AMBON SIS,0.0,2.31,SAFE
2026-09-19 05:06:12,MIA.05,ITABAL9,0.0,20.96,SAFE
2026-09-19 05:06:12,MIA.06,ITABAL9,0.0,1.16,SAFE
2026-09-18 23:59:00,MKS.01,CSA BONTANG SIS,0.0,0.72,SAFE
2026-09-18 23:59:00,MKS.02,PITSTOP AMBON SIS,0.0,1.06,SAFE
,MKS.03,ROM 13,0.0,8.2,SAFE
,MKS.04,ROM 13,0.0,3.08,SAFE
2026-09-18 23:59:00,MND.02,CSA BONTANG SIS,0.0,2.49,SAFE
2026-09-18 23:59:00,MRK.01,VP SABANG TIMUR SIS,0.0,1.65,SAFE
2026-09-18 23:59:00,MTM.01,PITSTOP AMBON SIS,0.0,1.64,SAFE
2026-09-18 23:59:00,MTP.01,PITSTOP AMBON SIS,0.0,1.01,SAFE
2026-09-18 23:59:00,MTR.01,VP SABANG TIMUR SIS,0.0,1.67,SAFE
2026-09-19 05:06:12,NIS.01,ITABAL8,0.0,0.57,SAFE
2026-09-19 05:06:12,NIS.02,ITABAL8,0.0,0.86,SAFE
2026-09-19 05:06:12,NIS.03,ITABAL8,0.0,1.03,SAFE
2026-09-19 05:06:12,PDG.01,ITABAL9,0.0,0.52,SAFE
2026-09-19 05:06:12,PLB.01,ITABAL8,0.0,1.87,SAFE
2026-09-19 05:06:12,PLB.02,ITABAL8,0.0,0.84,SAFE
2026-09-19 05:06:12,PLB.03,ITABAL8,0.0,2.0,SAFE
2026-09-19 05:06:12,PLB.04,ITABAL8,0.0,13.62,SAFE
2026-09-18 23:59:00,PLU.04,CSA BONTANG SIS,0.0,2.36,SAFE
2026-09-18 23:59:00,RIU.02,VP SABANG TIMUR SIS,0.0,0.61,SAFE
2026-09-18 23:59:00,RIU.04,VP SABANG TIMUR SIS,0.0,0.51,SAFE
2026-09-18 23:59:00,SBG.02,VP SABANG TIMUR SIS,0.0,1.91,SAFE
2026-09-18 23:59:00,SBG.03,VP SABANG TIMUR SIS,0.0,5.65,SAFE
2026-09-18 23:59:00,SBG.04,VP SABANG TIMUR SIS,0.0,0.63,SAFE
2026-09-18 23:59:00,SBG.05,VP SABANG TIMUR SIS,0.0,21.21,SAFE
2026-09-19 05:06:12,SBG.06,ITABAL8,0.0,14.52,SAFE
2026-09-18 23:59:00,SBG.08,VP SABANG TIMUR SIS,0.0,1.35,SAFE
2026-09-18 23:59:00,SBG.10,VP SABANG TIMUR SIS,0.0,2.05,SAFE
2026-09-18 23:59:00,SBG.11,VP SABANG TIMUR SIS,0.0,0.75,SAFE
2026-09-18 23:59:00,SGT.02,CSA BONTANG SIS,0.0,0.19,SAFE
2026-09-18 23:59:00,SMB.02,CSA BONTANG SIS,0.0,2.63,SAFE
2026-09-18 23:59:00,SMB.03,CSA BONTANG SIS,0.0,4.72,SAFE
2026-09-18 23:59:00,SNT.01,PITSTOP AMBON SIS,0.0,1.34,SAFE
2026-09-18 23:59:00,TJG.01,CSA BONTANG SIS,0.0,1.99,SAFE
2026-09-18 23:59:00,TJG.02,CSA BONTANG SIS,0.0,5.65,SAFE
2026-09-18 23:59:00,AMB.01,PITSTOP AMBON SIS,0.0,7.46,SAFE
2026-09-18 23:59:00,BDG.02,VP OB 1 SIS,0.0,19.31,SAFE
2026-09-18 23:59:00,BDG.03,VP OB 1 SIS,0.0,5.73,SAFE
2026-09-18 23:59:00,BDG.04,VP OB 1 SIS,0.0,1.07,SAFE
2026-09-19 07:14:20,BDG.05,ITABAL9,0.0,2.1,SAFE
2026-09-18 23:59:00,BGK.01,VP SABANG TIMUR SIS,0.0,1.59,SAFE
2026-09-18 23:59:00,BGK.02,VP SABANG TIMUR SIS,0.0,18.92,SAFE
2026-09-19 07:14:20,BGR.01,ITABAL9,0.0,1.34,SAFE
2026-09-18 23:59:00,BJB.03,CSA BONTANG SIS,0.0,1.34,SAFE
2026-09-18 23:59:00,BJM.01,PITSTOP AMBON SIS,0.0,3.86,SAFE
2026-09-18 23:59:00,BJM.02,CSA BONTANG SIS,0.0,1.68,SAFE
2026-09-19 07:14:20,BKL.01,ITABAL8,0.0,58.33,SAFE
2026-09-19 07:14:20,BKL.02,ITABAL8,0.0,0.72,SAFE
2026-09-19 07:14:20,BNE.02,ITABAL8,0.0,1.52,SAFE
2026-09-19 07:14:20,BNE.03,ITABAL8,0.0,0.63,SAFE
2026-09-19 07:14:20,BNE.04,ITABAL8,0.0,0.55,SAFE
2026-09-18 23:59:00,BNY.03,CSA BONTANG SIS,0.0,0.97,SAFE
2026-09-18 23:59:00,BTG.03,CSA BONTANG SIS,0.0,9.36,SAFE
2026-09-18 23:59:00,BTG.04,CSA BONTANG SIS,0.0,175.0,SAFE
2026-09-18 23:59:00,FLR.02,CSA BONTANG SIS,0.0,0.75,SAFE
2026-09-19 07:14:20,JKT.01,ITABAL9,0.0,25.36,SAFE
2026-09-19 07:14:20,JKT.02,ITABAL9,0.0,7.78,SAFE
2026-09-19 07:14:20,JKT.03,ITABAL9,0.0,4.16,SAFE
2026-09-19 07:14:20,JKT.04,ITABAL9,0.0,1.17,SAFE
2026-09-19 07:14:20,JKT.05,ITABAL9,0.0,5.68,SAFE
2026-09-19 07:14:20,JKT.06,ITABAL9,0.0,7.45,SAFE
2026-09-19 07:14:20,JKT.07,ITABAL9,0.0,11.55,SAFE
2026-09-19 07:14:20,JKT.08,ITABAL9,0.0,4.26,SAFE
2026-09-19 07:14:20,JMB.01,ITABAL8,0.0,3.07,SAFE
2026-09-19 07:14:20,JMB.03,ITABAL8,0.0,1.02,SAFE
2026-09-19 07:14:20,JMB.04,ITABAL9,0.0,0.77,SAFE
2026-09-18 23:59:00,KRC.02,VP SABANG TIMUR SIS,0.0,1.04,SAFE
2026-09-19 07:14:20,KRC.03,ITABAL8,0.0,1.31,SAFE
2026-09-18 23:59:00,KRC.05,VP SABANG TIMUR SIS,0.0,1.93,SAFE
2026-09-18 23:59:00,KRC.07,VP SABANG TIMUR SIS,0.0,2.15,SAFE
2026-09-19 07:14:20,LHT.01,ITABAL8,0.0,5.84,SAFE
2026-09-19 07:14:20,LPG.01,ITABAL8,0.0,2.05,SAFE
2026-09-19 07:14:20,LPG.02,ITABAL8,0.0,12.03,SAFE
2026-09-19 07:14:20,LPG.03,ITABAL8,0.0,6.96,SAFE
2026-09-19 07:14:20,LPG.06,ITABAL8,0.0,6.69,SAFE
2026-09-19 07:14:20,LPG.07,ITABAL8,0.0,12.92,SAFE
2026-09-19 07:14:20,MDN.01,ITABAL8,0.0,3.37,SAFE
2026-09-19 07:14:20,MDN.02,ITABAL8,0.0,2.53,SAFE
2026-09-19 07:14:20,MDN.03,ITABAL8,0.0,7.25,SAFE
2026-09-19 07:14:20,MDN.04,ITABAL8,0.0,1.95,SAFE
2026-09-19 07:14:20,MIA.01,ITABAL9,0.0,1.22,SAFE
2026-09-19 07:14:20,MIA.02,ITABAL9,0.0,17.59,SAFE
2026-09-19 07:14:20,MIA.03,ITABAL9,0.0,4.28,SAFE
2026-09-18 23:59:00,MIA.04,PITSTOP AMBON SIS,0.0,2.31,SAFE
2026-09-19 07:14:20,MIA.05,ITABAL9,0.0,20.96,SAFE
2026-09-19 07:14:20,MIA.06,ITABAL9,0.0,1.16,SAFE
2026-09-18 23:59:00,MKS.01,CSA BONTANG SIS,0.0,0.72,SAFE
2026-09-18 23:59:00,MKS.02,PITSTOP AMBON SIS,0.0,1.06,SAFE
,MKS.03,ROM 13,0.0,8.2,SAFE
,MKS.04,ROM 13,0.0,3.08,SAFE
2026-09-18 23:59:00,MND.02,CSA BONTANG SIS,0.0,2.49,SAFE
2026-09-18 23:59:00,MRK.01,VP SABANG TIMUR SIS,0.0,1.65,SAFE
2026-09-18 23:59:00,MTM.01,PITSTOP AMBON SIS,0.0,1.64,SAFE
2026-09-18 23:59:00,MTP.01,PITSTOP AMBON SIS,0.0,1.01,SAFE
2026-09-18 23:59:00,MTR.01,VP SABANG TIMUR SIS,0.0,1.67,SAFE
2026-09-19 07:14:20,NIS.01,ITABAL8,0.0,0.57,SAFE
2026-09-19 07:14:20,NIS.02,ITABAL8,0.0,0.86,SAFE
2026-09-19 07:14:20,NIS.03,ITABAL8,0.0,1.03,SAFE
2026-09-19 07:14:20,PDG.01,ITABAL9,0.0,0.52,SAFE
2026-09-19 07:14:20,PLB.01,ITABAL8,0.0,1.87,SAFE
2026-09-19 07:14:20,PLB.02,ITABAL8,0.0,0.84,SAFE
2026-09-19 07:14:20,PLB.03,ITABAL8,0.0,2.0,SAFE
2026-09-19 07:14:20,PLB.04,ITABAL8,0.0,13.62,SAFE
2026-09-18 23:59:00,PLU.04,CSA BONTANG SIS,0.0,2.36,SAFE
2026-09-18 23:59:00,RIU.02,VP SABANG TIMUR SIS,0.0,0.61,SAFE
2026-09-18 23:59:00,RIU.04,VP SABANG TIMUR SIS,0.0,0.51,SAFE
2026-09-18 23:59:00,SBG.02,VP SABANG TIMUR SIS,0.0,1.91,SAFE
2026-09-18 23:59:00,SBG.03,VP SABANG TIMUR SIS,0.0,5.65,SAFE
2026-09-18 23:59:00,SBG.04,VP SABANG TIMUR SIS,0.0,0.63,SAFE
2026-09-18 23:59:00,SBG.05,VP SABANG TIMUR SIS,0.0,21.21,SAFE
2026-09-19 07:14:20,SBG.06,ITABAL8,0.0,14.52,SAFE
2026-09-18 23:59:00,SBG.08,VP SABANG TIMUR SIS,0.0,1.35,SAFE
2026-09-18 23:59:00,SBG.10,VP SABANG TIMUR SIS,0.0,2.05,SAFE
2026-09-18 23:59:00,SBG.11,VP SABANG TIMUR SIS,0.0,0.75,SAFE
2026-09-18 23:59:00,SGT.02,CSA BONTANG SIS,0.0,0.19,SAFE
2026-09-18 23:59:00,SMB.02,CSA BONTANG SIS,0.0,2.63,SAFE
2026-09-18 23:59:00,SMB.03,CSA BONTANG SIS,0.0,4.72,SAFE
2026-09-18 23:59:00,SNT.01,PITSTOP AMBON SIS,0.0,1.34,SAFE
2026-09-18 23:59:00,TJG.01,CSA BONTANG SIS,0.0,1.99,SAFE
2026-09-18 23:59:00,TJG.02,CSA BONTANG SIS,0.0,5.65,SAFE
2026-09-19 09:13:00,AMB.01,PITSTOP AMBON SIS,0.0,7.46,SAFE
2026-09-19 09:11:00,BDG.02,VP OB 1 SIS,0.0,19.31,SAFE
2026-09-19 09:11:00,BDG.03,VP OB 1 SIS,0.0,5.73,SAFE
2026-09-19 09:11:00,BDG.04,VP OB 1 SIS,0.0,1.07,SAFE
2026-09-19 09:11:51,BDG.05,ITABAL9,0.0,2.1,SAFE
2026-09-19 02:13:00,BGK.01,VP SABANG TIMUR SIS,0.0,1.59,SAFE
2026-09-19 02:13:00,BGK.02,VP SABANG TIMUR SIS,0.0,18.92,SAFE
2026-09-19 09:11:51,BGR.01,ITABAL9,0.0,1.34,SAFE
2026-09-19 09:12:00,BJB.03,CSA BONTANG SIS,0.0,1.34,SAFE
2026-09-19 09:13:00,BJM.01,PITSTOP AMBON SIS,0.0,3.86,SAFE
2026-09-19 09:12:00,BJM.02,CSA BONTANG SIS,0.0,1.68,SAFE
2026-09-19 09:11:51,BKL.01,ITABAL8,0.0,58.33,SAFE
2026-09-19 09:11:51,BKL.02,ITABAL8,0.0,0.72,SAFE
2026-09-19 09:11:51,BNE.02,ITABAL8,0.0,1.52,SAFE
2026-09-19 09:11:51,BNE.03,ITABAL8,0.0,0.63,SAFE
2026-09-19 09:11:51,BNE.04,ITABAL8,0.0,0.55,SAFE
2026-09-19 09:12:00,BNY.03,CSA BONTANG SIS,0.0,0.97,SAFE
2026-09-19 09:12:00,BTG.03,CSA BONTANG SIS,0.0,9.36,SAFE
2026-09-19 09:12:00,BTG.04,CSA BONTANG SIS,0.0,175.0,SAFE
2026-09-19 09:12:00,FLR.02,CSA BONTANG SIS,0.0,0.75,SAFE
2026-09-19 09:11:51,JKT.01,ITABAL9,0.0,25.36,SAFE
2026-09-19 09:11:51,JKT.02,ITABAL9,0.0,7.78,SAFE
2026-09-19 09:11:51,JKT.03,ITABAL9,0.0,4.16,SAFE
2026-09-19 09:11:51,JKT.04,ITABAL9,0.0,1.17,SAFE
2026-09-19 09:11:51,JKT.05,ITABAL9,0.0,5.68,SAFE
2026-09-19 09:11:51,JKT.06,ITABAL9,0.0,7.45,SAFE
2026-09-19 09:11:51,JKT.07,ITABAL9,0.0,11.55,SAFE
2026-09-19 09:11:51,JKT.08,ITABAL9,0.0,4.26,SAFE
2026-09-19 09:11:51,JMB.01,ITABAL8,0.0,3.07,SAFE
2026-09-19 09:11:51,JMB.03,ITABAL8,0.0,1.02,SAFE
2026-09-19 09:11:51,JMB.04,ITABAL9,0.0,0.77,SAFE
2026-09-19 02:13:00,KRC.02,VP SABANG TIMUR SIS,0.0,1.04,SAFE
2026-09-19 09:11:51,KRC.03,ITABAL8,0.0,1.31,SAFE
2026-09-19 02:13:00,KRC.05,VP SABANG TIMUR SIS,0.0,1.93,SAFE
2026-09-19 02:13:00,KRC.07,VP SABANG TIMUR SIS,0.0,2.15,SAFE
2026-09-19 09:11:51,LHT.01,ITABAL8,0.0,5.84,SAFE
2026-09-19 09:11:51,LPG.01,ITABAL8,0.0,2.05,SAFE
2026-09-19 09:11:51,LPG.02,ITABAL8,0.0,12.03,SAFE
2026-09-19 09:11:51,LPG.03,ITABAL8,0.0,6.96,SAFE
2026-09-19 09:11:51,LPG.06,ITABAL8,0.0,6.69,SAFE
2026-09-19 09:11:51,LPG.07,ITABAL8,0.0,12.92,SAFE
2026-09-19 09:11:51,MDN.01,ITABAL8,0.0,3.37,SAFE
2026-09-19 09:11:51,MDN.02,ITABAL8,0.0,2.53,SAFE
2026-09-19 09:11:51,MDN.03,ITABAL8,0.0,7.25,SAFE
2026-09-19 09:11:51,MDN.04,ITABAL8,0.0,1.95,SAFE
2026-09-19 09:11:51,MIA.01,ITABAL9,0.0,1.22,SAFE
2026-09-19 09:11:51,MIA.02,ITABAL9,0.0,17.59,SAFE
2026-09-19 09:11:51,MIA.03,ITABAL9,0.0,4.28,SAFE
2026-09-19 09:13:00,MIA.04,PITSTOP AMBON SIS,0.0,2.31,SAFE
2026-09-19 09:11:51,MIA.05,ITABAL9,0.0,20.96,SAFE
2026-09-19 09:11:51,MIA.06,ITABAL9,0.0,1.16,SAFE
2026-09-19 09:12:00,MKS.01,CSA BONTANG SIS,0.0,0.72,SAFE
2026-09-19 09:13:00,MKS.02,PITSTOP AMBON SIS,0.0,1.06,SAFE
,MKS.03,ROM 13,0.0,8.2,SAFE
,MKS.04,ROM 13,0.0,3.08,SAFE
2026-09-19 09:12:00,MND.02,CSA BONTANG SIS,0.0,2.49,SAFE
2026-09-19 02:13:00,MRK.01,VP SABANG TIMUR SIS,0.0,1.65,SAFE
2026-09-19 09:13:00,MTM.01,PITSTOP AMBON SIS,0.0,1.64,SAFE
2026-09-19 09:13:00,MTP.01,PITSTOP AMBON SIS,0.0,1.01,SAFE
2026-09-19 02:13:00,MTR.01,VP SABANG TIMUR SIS,0.0,1.67,SAFE
2026-09-19 09:11:51,NIS.01,ITABAL8,0.0,0.57,SAFE
2026-09-19 09:11:51,NIS.02,ITABAL8,0.0,0.86,SAFE
2026-09-19 09:11:51,NIS.03,ITABAL8,0.0,1.03,SAFE
2026-09-19 09:11:51,PDG.01,ITABAL9,0.0,0.52,SAFE
2026-09-19 09:11:51,PLB.01,ITABAL8,0.0,1.87,SAFE
2026-09-19 09:11:51,PLB.02,ITABAL8,0.0,0.84,SAFE
2026-09-19 09:11:51,PLB.03,ITABAL8,0.0,2.0,SAFE
2026-09-19 09:11:51,PLB.04,ITABAL8,0.0,13.62,SAFE
2026-09-19 09:12:00,PLU.04,CSA BONTANG SIS,0.0,2.36,SAFE
2026-09-19 02:13:00,RIU.02,VP SABANG TIMUR SIS,0.0,0.61,SAFE
2026-09-19 02:13:00,RIU.04,VP SABANG TIMUR SIS,0.0,0.51,SAFE
2026-09-19 02:13:00,SBG.02,VP SABANG TIMUR SIS,0.0,1.91,SAFE
2026-09-19 02:13:00,SBG.03,VP SABANG TIMUR SIS,0.0,5.65,SAFE
2026-09-19 02:13:00,SBG.04,VP SABANG TIMUR SIS,0.0,0.63,SAFE
2026-09-19 02:13:00,SBG.05,VP SABANG TIMUR SIS,0.0,21.21,SAFE
2026-09-19 09:11:51,SBG.06,ITABAL8,0.0,14.52,SAFE
2026-09-19 02:13:00,SBG.08,VP SABANG TIMUR SIS,0.0,1.35,SAFE
2026-09-19 02:13:00,SBG.10,VP SABANG TIMUR SIS,0.0,2.05,SAFE
2026-09-19 02:13:00,SBG.11,VP SABANG TIMUR SIS,0.0,0.75,SAFE
2026-09-19 09:12:00,SGT.02,CSA BONTANG SIS,0.0,0.19,SAFE
2026-09-19 09:12:00,SMB.02,CSA BONTANG SIS,0.0,2.63,SAFE
2026-09-19 09:12:00,SMB.03,CSA BONTANG SIS,0.0,4.72,SAFE
2026-09-19 09:13:00,SNT.01,PITSTOP AMBON SIS,0.0,1.34,SAFE
2026-09-19 09:12:00,TJG.01,CSA BONTANG SIS,0.0,1.99,SAFE
2026-09-19 09:12:00,TJG.02,CSA BONTANG SIS,0.0,5.65,SAFE
2026-09-19 13:53:00,AMB.01,PITSTOP AMBON SIS,0.0,7.46,SAFE
2026-09-19 13:52:00,BDG.02,VP OB 1 SIS,0.0,19.31,SAFE
2026-09-19 13:52:00,BDG.03,VP OB 1 SIS,0.0,5.73,SAFE
2026-09-19 13:52:00,BDG.04,VP OB 1 SIS,0.0,1.07,SAFE
2026-09-19 13:52:31,BDG.05,ITABAL9,0.0,2.1,SAFE
2026-09-19 02:13:00,BGK.01,VP SABANG TIMUR SIS,0.0,1.59,SAFE
2026-09-19 02:13:00,BGK.02,VP SABANG TIMUR SIS,0.0,18.92,SAFE
2026-09-19 13:52:31,BGR.01,ITABAL9,0.0,1.34,SAFE
2026-09-19 13:52:00,BJB.03,CSA BONTANG SIS,0.0,1.34,SAFE
2026-09-19 13:53:00,BJM.01,PITSTOP AMBON SIS,0.0,3.86,SAFE
2026-09-19 13:52:00,BJM.02,CSA BONTANG SIS,0.0,1.68,SAFE
2026-09-19 13:52:31,BKL.01,ITABAL8,0.0,58.33,SAFE
2026-09-19 13:52:31,BKL.02,ITABAL8,0.0,0.72,SAFE
2026-09-19 13:52:31,BNE.02,ITABAL8,0.0,1.52,SAFE
2026-09-19 13:52:31,BNE.03,ITABAL8,0.0,0.63,SAFE
2026-09-19 13:52:31,BNE.04,ITABAL8,0.0,0.55,SAFE
2026-09-19 13:52:00,BNY.03,CSA BONTANG SIS,0.0,0.97,SAFE
2026-09-19 13:52:00,BTG.03,CSA BONTANG SIS,0.0,9.36,SAFE
2026-09-19 13:52:00,BTG.04,CSA BONTANG SIS,0.0,175.0,SAFE
2026-09-19 13:52:00,FLR.02,CSA BONTANG SIS,0.0,0.75,SAFE
2026-09-19 13:52:31,JKT.01,ITABAL9,0.0,25.36,SAFE
2026-09-19 13:52:31,JKT.02,ITABAL9,0.0,7.78,SAFE
2026-09-19 13:52:31,JKT.03,ITABAL9,0.0,4.16,SAFE
2026-09-19 13:52:31,JKT.04,ITABAL9,0.0,1.17,SAFE
2026-09-19 13:52:31,JKT.05,ITABAL9,0.0,5.68,SAFE
2026-09-19 13:52:31,JKT.06,ITABAL9,0.0,7.45,SAFE
2026-09-19 13:52:31,JKT.07,ITABAL9,0.0,11.55,SAFE
2026-09-19 13:52:31,JKT.08,ITABAL9,0.0,4.26,SAFE
2026-09-19 13:52:31,JMB.01,ITABAL8,0.0,3.07,SAFE
2026-09-19 13:52:31,JMB.03,ITABAL8,0.0,1.02,SAFE
2026-09-19 13:52:31,JMB.04,ITABAL9,0.0,0.77,SAFE
2026-09-19 02:13:00,KRC.02,VP SABANG TIMUR SIS,0.0,1.04,SAFE
2026-09-19 13:52:31,KRC.03,ITABAL8,0.0,1.31,SAFE
2026-09-19 02:13:00,KRC.05,VP SABANG TIMUR SIS,0.0,1.93,SAFE
2026-09-19 02:13:00,KRC.07,VP SABANG TIMUR SIS,0.0,2.15,SAFE
2026-09-19 13:52:31,LHT.01,ITABAL8,0.0,5.84,SAFE
2026-09-19 13:52:31,LPG.01,ITABAL8,0.0,2.05,SAFE
2026-09-19 13:52:31,LPG.02,ITABAL8,0.0,12.03,SAFE
2026-09-19 13:52:31,LPG.03,ITABAL8,0.0,6.96,SAFE
2026-09-19 13:52:31,LPG.06,ITABAL8,0.0,6.69,SAFE
2026-09-19 13:52:31,LPG.07,ITABAL8,0.0,12.92,SAFE
2026-09-19 13:52:31,MDN.01,ITABAL8,0.0,3.37,SAFE
2026-09-19 13:52:31,MDN.02,ITABAL8,0.0,2.53,SAFE
2026-09-19 13:52:31,MDN.03,ITABAL8,0.0,7.25,SAFE
2026-09-19 13:52:31,MDN.04,ITABAL8,0.0,1.95,SAFE
2026-09-19 13:52:31,MIA.01,ITABAL9,0.0,1.22,SAFE
2026-09-19 13:52:31,MIA.02,ITABAL9,0.0,17.59,SAFE
2026-09-19 13:52:31,MIA.03,ITABAL9,0.0,4.28,SAFE
2026-09-19 13:53:00,MIA.04,PITSTOP AMBON SIS,0.0,2.31,SAFE
2026-09-19 13:52:31,MIA.05,ITABAL9,0.0,20.96,SAFE
2026-09-19 13:52:31,MIA.06,ITABAL9,0.0,1.16,SAFE
2026-09-19 13:52:00,MKS.01,CSA BONTANG SIS,0.0,0.72,SAFE
2026-09-19 13:53:00,MKS.02,PITSTOP AMBON SIS,0.0,1.06,SAFE
,MKS.03,ROM 13,0.0,8.2,SAFE
,MKS.04,ROM 13,0.0,3.08,SAFE
2026-09-19 13:52:00,MND.02,CSA BONTANG SIS,0.0,2.49,SAFE
2026-09-19 02:13:00,MRK.01,VP SABANG TIMUR SIS,0.0,1.65,SAFE
2026-09-19 13:53:00,MTM.01,PITSTOP AMBON SIS,0.0,1.64,SAFE
2026-09-19 13:53:00,MTP.01,PITSTOP AMBON SIS,0.0,1.01,SAFE
2026-09-19 02:13:00,MTR.01,VP SABANG TIMUR SIS,0.0,1.67,SAFE
2026-09-19 13:52:31,NIS.01,ITABAL8,0.0,0.57,SAFE
2026-09-19 13:52:31,NIS.02,ITABAL8,0.0,0.86,SAFE
2026-09-19 13:52:31,NIS.03,ITABAL8,0.0,1.03,SAFE
2026-09-19 13:52:31,PDG.01,ITABAL9,0.0,0.52,SAFE
2026-09-19 13:52:31,PLB.01,ITABAL8,0.0,1.87,SAFE
2026-09-19 13:52:31,PLB.02,ITABAL8,0.0,0.84,SAFE
2026-09-19 13:52:31,PLB.03,ITABAL8,0.0,2.0,SAFE
2026-09-19 13:52:31,PLB.04,ITABAL8,0.0,13.62,SAFE
2026-09-19 13:52:00,PLU.04,CSA BONTANG SIS,0.0,2.36,SAFE
2026-09-19 02:13:00,RIU.02,VP SABANG TIMUR SIS,0.0,0.61,SAFE
2026-09-19 02:13:00,RIU.04,VP SABANG TIMUR SIS,0.0,0.51,SAFE
2026-09-19 02:13:00,SBG.02,VP SABANG TIMUR SIS,0.0,1.91,SAFE
2026-09-19 02:13:00,SBG.03,VP SABANG TIMUR SIS,0.0,5.65,SAFE
2026-09-19 02:13:00,SBG.04,VP SABANG TIMUR SIS,0.0,0.63,SAFE
2026-09-19 02:13:00,SBG.05,VP SABANG TIMUR SIS,0.0,21.21,SAFE
2026-09-19 13:52:31,SBG.06,ITABAL8,0.0,14.52,SAFE
2026-09-19 02:13:00,SBG.08,VP SABANG TIMUR SIS,0.0,1.35,SAFE
2026-09-19 02:13:00,SBG.10,VP SABANG TIMUR SIS,0.0,2.05,SAFE
2026-09-19 02:13:00,SBG.11,VP SABANG TIMUR SIS,0.0,0.75,SAFE
2026-09-19 13:52:00,SGT.02,CSA BONTANG SIS,0.0,0.19,SAFE
2026-09-19 13:52:00,SMB.02,CSA BONTANG SIS,0.0,2.63,SAFE
2026-09-19 13:52:00,SMB.03,CSA BONTANG SIS,0.0,4.72,SAFE
2026-09-19 13:53:00,SNT.01,PITSTOP AMBON SIS,0.0,1.34,SAFE
2026-09-19 13:52:00,TJG.01,CSA BONTANG SIS,0.0,1.99,SAFE
2026-09-19 13:52:00,TJG.02,CSA BONTANG SIS,0.0,5.65,SAFE
2026-09-19 17:47:00,AMB.01,PITSTOP AMBON SIS,0.0,7.46,SAFE
2026-09-19 17:46:00,BDG.02,VP OB 1 SIS,0.0,19.31,SAFE
2026-09-19 17:46:00,BDG.03,VP OB 1 SIS,0.0,5.73,SAFE
2026-09-19 17:46:00,BDG.04,VP OB 1 SIS,0.0,1.07,SAFE
2026-09-19 17:46:34,BDG.05,ITABAL9,0.0,2.1,SAFE
2026-09-19 02:13:00,BGK.01,VP SABANG TIMUR SIS,0.0,1.59,SAFE
2026-09-19 02:13:00,BGK.02,VP SABANG TIMUR SIS,0.0,18.92,SAFE
2026-09-19 17:46:34,BGR.01,ITABAL9,0.0,1.34,SAFE
2026-09-19 17:46:00,BJB.03,CSA BONTANG SIS,0.0,1.34,SAFE
2026-09-19 17:47:00,BJM.01,PITSTOP AMBON SIS,0.0,3.86,SAFE
2026-09-19 17:46:00,BJM.02,CSA BONTANG SIS,0.0,1.68,SAFE
2026-09-19 17:46:34,BKL.01,ITABAL8,0.0,58.33,SAFE
2026-09-19 17:46:34,BKL.02,ITABAL8,0.0,0.72,SAFE
2026-09-19 17:46:34,BNE.02,ITABAL8,0.0,1.52,SAFE
2026-09-19 17:46:34,BNE.03,ITABAL8,0.0,0.63,SAFE
2026-09-19 17:46:34,BNE.04,ITABAL8,0.0,0.55,SAFE
2026-09-19 17:46:00,BNY.03,CSA BONTANG SIS,0.0,0.97,SAFE
2026-09-19 17:46:00,BTG.03,CSA BONTANG SIS,0.0,9.36,SAFE
2026-09-19 17:46:00,BTG.04,CSA BONTANG SIS,0.0,175.0,SAFE
2026-09-19 17:46:00,FLR.02,CSA BONTANG SIS,0.0,0.75,SAFE
2026-09-19 17:46:34,JKT.01,ITABAL9,0.0,25.36,SAFE
2026-09-19 17:46:34,JKT.02,ITABAL9,0.0,7.78,SAFE
2026-09-19 17:46:34,JKT.03,ITABAL9,0.0,4.16,SAFE
2026-09-19 17:46:34,JKT.04,ITABAL9,0.0,1.17,SAFE
2026-09-19 17:46:34,JKT.05,ITABAL9,0.0,5.68,SAFE
2026-09-19 17:46:34,JKT.06,ITABAL9,0.0,7.45,SAFE
2026-09-19 17:46:34,JKT.07,ITABAL9,0.0,11.55,SAFE
2026-09-19 17:46:34,JKT.08,ITABAL9,0.0,4.26,SAFE
2026-09-19 17:46:34,JMB.01,ITABAL8,0.0,3.07,SAFE
2026-09-19 17:46:34,JMB.03,ITABAL8,0.0,1.02,SAFE
2026-09-19 17:46:34,JMB.04,ITABAL9,0.0,0.77,SAFE
2026-09-19 02:13:00,KRC.02,VP SABANG TIMUR SIS,0.0,1.04,SAFE
2026-09-19 17:46:34,KRC.03,ITABAL8,0.0,1.31,SAFE
2026-09-19 02:13:00,KRC.05,VP SABANG TIMUR SIS,0.0,1.93,SAFE
2026-09-19 02:13:00,KRC.07,VP SABANG TIMUR SIS,0.0,2.15,SAFE
2026-09-19 17:46:34,LHT.01,ITABAL8,0.0,5.84,SAFE
2026-09-19 17:46:34,LPG.01,ITABAL8,0.0,2.05,SAFE
2026-09-19 17:46:34,LPG.02,ITABAL8,0.0,12.03,SAFE
2026-09-19 17:46:34,LPG.03,ITABAL8,0.0,6.96,SAFE
2026-09-19 17:46:34,LPG.06,ITABAL8,0.0,6.69,SAFE
2026-09-19 17:46:34,LPG.07,ITABAL8,0.0,12.92,SAFE
2026-09-19 17:46:34,MDN.01,ITABAL8,0.0,3.37,SAFE
2026-09-19 17:46:34,MDN.02,ITABAL8,0.0,2.53,SAFE
2026-09-19 17:46:34,MDN.03,ITABAL8,0.0,7.25,SAFE
2026-09-19 17:46:34,MDN.04,ITABAL8,0.0,1.95,SAFE
2026-09-19 17:46:34,MIA.01,ITABAL9,0.0,1.22,SAFE
2026-09-19 17:46:34,MIA.02,ITABAL9,0.0,17.59,SAFE
2026-09-19 17:46:34,MIA.03,ITABAL9,0.0,4.28,SAFE
2026-09-19 17:47:00,MIA.04,PITSTOP AMBON SIS,0.0,2.31,SAFE
2026-09-19 17:46:34,MIA.05,ITABAL9,0.0,20.96,SAFE
2026-09-19 17:46:34,MIA.06,ITABAL9,0.0,1.16,SAFE
2026-09-19 17:46:00,MKS.01,CSA BONTANG SIS,0.0,0.72,SAFE
2026-09-19 17:47:00,MKS.02,PITSTOP AMBON SIS,0.0,1.06,SAFE
,MKS.03,ROM 13,0.0,8.2,SAFE
,MKS.04,ROM 13,0.0,3.08,SAFE
2026-09-19 17:46:00,MND.02,CSA BONTANG SIS,0.0,2.49,SAFE
2026-09-19 02:13:00,MRK.01,VP SABANG TIMUR SIS,0.0,1.65,SAFE
2026-09-19 17:47:00,MTM.01,PITSTOP AMBON SIS,0.0,1.64,SAFE
2026-09-19 17:47:00,MTP.01,PITSTOP AMBON SIS,0.0,1.01,SAFE
2026-09-19 02:13:00,MTR.01,VP SABANG TIMUR SIS,0.0,1.67,SAFE
2026-09-19 17:46:34,NIS.01,ITABAL8,0.0,0.57,SAFE
2026-09-19 17:46:34,NIS.02,ITABAL8,0.0,0.86,SAFE
2026-09-19 17:46:34,NIS.03,ITABAL8,0.0,1.03,SAFE
2026-09-19 17:46:34,PDG.01,ITABAL9,0.0,0.52,SAFE
2026-09-19 17:46:34,PLB.01,ITABAL8,0.0,1.87,SAFE
2026-09-19 17:46:34,PLB.02,ITABAL8,0.0,0.84,SAFE
2026-09-19 17:46:34,PLB.03,ITABAL8,0.0,2.0,SAFE
2026-09-19 17:46:34,PLB.04,ITABAL8,0.0,13.62,SAFE
2026-09-19 17:46:00,PLU.04,CSA BONTANG SIS,0.0,2.36,SAFE
2026-09-19 02:13:00,RIU.02,VP SABANG TIMUR SIS,0.0,0.61,SAFE
2026-09-19 02:13:00,RIU.04,VP SABANG TIMUR SIS,0.0,0.51,SAFE
2026-09-19 02:13:00,SBG.02,VP SABANG TIMUR SIS,0.0,1.91,SAFE
2026-09-19 02:13:00,SBG.03,VP SABANG TIMUR SIS,0.0,5.65,SAFE
2026-09-19 02:13:00,SBG.04,VP SABANG TIMUR SIS,0.0,0.63,SAFE
2026-09-19 02:13:00,SBG.05,VP SABANG TIMUR SIS,0.0,21.21,SAFE
2026-09-19 17:46:34,SBG.06,ITABAL8,0.0,14.52,SAFE
2026-09-19 02:13:00,SBG.08,VP SABANG TIMUR SIS,0.0,1.35,SAFE
2026-09-19 02:13:00,SBG.10,VP SABANG TIMUR SIS,0.0,2.05,SAFE
2026-09-19 02:13:00,SBG.11,VP SABANG TIMUR SIS,0.0,0.75,SAFE
2026-09-19 17:46:00,SGT.02,CSA BONTANG SIS,0.0,0.19,SAFE
2026-09-19 17:46:00,SMB.02,CSA BONTANG SIS,0.0,2.63,SAFE
2026-09-19 17:46:00,SMB.03,CSA BONTANG SIS,0.0,4.72,SAFE
2026-09-19 17:47:00,SNT.01,PITSTOP AMBON SIS,0.0,1.34,SAFE
2026-09-19 17:46:00,TJG.01,CSA BONTANG SIS,0.0,1.99,SAFE
2026-09-19 17:46:00,TJG.02,CSA BONTANG SIS,0.0,5.65,SAFE
2026-09-19 21:30:00,AMB.01,PITSTOP AMBON SIS,0.0,7.46,SAFE
2026-09-19 21:29:00,BDG.02,VP OB 1 SIS,0.0,19.31,SAFE
2026-09-19 21:29:00,BDG.03,VP OB 1 SIS,0.0,5.73,SAFE
2026-09-19 21:29:00,BDG.04,VP OB 1 SIS,0.0,1.07,SAFE
2026-09-19 21:29:26,BDG.05,ITABAL9,0.0,2.1,SAFE
2026-09-19 02:13:00,BGK.01,VP SABANG TIMUR SIS,0.0,1.59,SAFE
2026-09-19 02:13:00,BGK.02,VP SABANG TIMUR SIS,0.0,18.92,SAFE
2026-09-19 21:29:26,BGR.01,ITABAL9,0.0,1.34,SAFE
2026-09-19 21:29:00,BJB.03,CSA BONTANG SIS,0.0,1.34,SAFE
2026-09-19 21:30:00,BJM.01,PITSTOP AMBON SIS,0.0,3.86,SAFE
2026-09-19 21:29:00,BJM.02,CSA BONTANG SIS,0.0,1.68,SAFE
2026-09-19 21:29:26,BKL.01,ITABAL8,0.0,58.33,SAFE
2026-09-19 21:29:26,BKL.02,ITABAL8,0.0,0.72,SAFE
2026-09-19 21:29:26,BNE.02,ITABAL8,0.0,1.52,SAFE
2026-09-19 21:29:26,BNE.03,ITABAL8,0.0,0.63,SAFE
2026-09-19 21:29:26,BNE.04,ITABAL8,0.0,0.55,SAFE
2026-09-19 21:29:00,BNY.03,CSA BONTANG SIS,0.0,0.97,SAFE
2026-09-19 21:29:00,BTG.03,CSA BONTANG SIS,0.0,9.36,SAFE
2026-09-19 21:29:00,BTG.04,CSA BONTANG SIS,0.0,175.0,SAFE
2026-09-19 21:29:00,FLR.02,CSA BONTANG SIS,0.0,0.75,SAFE
2026-09-19 21:29:26,JKT.01,ITABAL9,0.0,25.36,SAFE
2026-09-19 21:29:26,JKT.02,ITABAL9,0.0,7.78,SAFE
2026-09-19 21:29:26,JKT.03,ITABAL9,0.0,4.16,SAFE
2026-09-19 21:29:26,JKT.04,ITABAL9,0.0,1.17,SAFE
2026-09-19 21:29:26,JKT.05,ITABAL9,0.0,5.68,SAFE
2026-09-19 21:29:26,JKT.06,ITABAL9,0.0,7.45,SAFE
2026-09-19 21:29:26,JKT.07,ITABAL9,0.0,11.55,SAFE
2026-09-19 21:29:26,JKT.08,ITABAL9,0.0,4.26,SAFE
2026-09-19 21:29:26,JMB.01,ITABAL8,0.0,3.07,SAFE
2026-09-19 21:29:26,JMB.03,ITABAL8,0.0,1.02,SAFE
2026-09-19 21:29:26,JMB.04,ITABAL9,0.0,0.77,SAFE
2026-09-19 02:13:00,KRC.02,VP SABANG TIMUR SIS,0.0,1.04,SAFE
2026-09-19 21:29:26,KRC.03,ITABAL8,0.0,1.31,SAFE
2026-09-19 02:13:00,KRC.05,VP SABANG TIMUR SIS,0.0,1.93,SAFE
2026-09-19 02:13:00,KRC.07,VP SABANG TIMUR SIS,0.0,2.15,SAFE
2026-09-19 21:29:26,LHT.01,ITABAL8,0.0,5.84,SAFE
2026-09-19 21:29:26,LPG.01,ITABAL8,0.0,2.05,SAFE
2026-09-19 21:29:26,LPG.02,ITABAL8,0.0,12.03,SAFE
2026-09-19 21:29:26,LPG.03,ITABAL8,0.0,6.96,SAFE
2026-09-19 21:29:26,LPG.06,ITABAL8,0.0,6.69,SAFE
2026-09-19 21:29:26,LPG.07,ITABAL8,0.0,12.92,SAFE
2026-09-19 21:29:26,MDN.01,ITABAL8,0.0,3.37,SAFE
2026-09-19 21:29:26,MDN.02,ITABAL8,0.0,2.53,SAFE
2026-09-19 21:29:26,MDN.03,ITABAL8,0.0,7.25,SAFE
2026-09-19 21:29:26,MDN.04,ITABAL8,0.0,1.95,SAFE
2026-09-19 21:29:26,MIA.01,ITABAL9,0.0,1.22,SAFE
2026-09-19 21:29:26,MIA.02,ITABAL9,0.0,17.59,SAFE
2026-09-19 21:29:26,MIA.03,ITABAL9,0.0,4.28,SAFE
2026-09-19 21:30:00,MIA.04,PITSTOP AMBON SIS,0.0,2.31,SAFE
2026-09-19 21:29:26,MIA.05,ITABAL9,0.0,20.96,SAFE
2026-09-19 21:29:26,MIA.06,ITABAL9,0.0,1.16,SAFE
2026-09-19 21:29:00,MKS.01,CSA BONTANG SIS,0.0,0.72,SAFE
2026-09-19 21:30:00,MKS.02,PITSTOP AMBON SIS,0.0,1.06,SAFE
,MKS.03,ROM 13,0.0,8.2,SAFE
,MKS.04,ROM 13,0.0,3.08,SAFE
2026-09-19 21:29:00,MND.02,CSA BONTANG SIS,0.0,2.49,SAFE
2026-09-19 02:13:00,MRK.01,VP SABANG TIMUR SIS,0.0,1.65,SAFE
2026-09-19 21:30:00,MTM.01,PITSTOP AMBON SIS,0.0,1.64,SAFE
2026-09-19 21:30:00,MTP.01,PITSTOP AMBON SIS,0.0,1.01,SAFE
2026-09-19 02:13:00,MTR.01,VP SABANG TIMUR SIS,0.0,1.67,SAFE
2026-09-19 21:29:26,NIS.01,ITABAL8,0.0,0.57,SAFE
2026-09-19 21:29:26,NIS.02,ITABAL8,0.0,0.86,SAFE
2026-09-19 21:29:26,NIS.03,ITABAL8,0.0,1.03,SAFE
2026-09-19 21:29:26,PDG.01,ITABAL9,0.0,0.52,SAFE
2026-09-19 21:29:26,PLB.01,ITABAL8,0.0,1.87,SAFE
2026-09-19 21:29:26,PLB.02,ITABAL8,0.0,0.84,SAFE
2026-09-19 21:29:26,PLB.03,ITABAL8,0.0,2.0,SAFE
2026-09-19 21:29:26,PLB.04,ITABAL8,0.0,13.62,SAFE
2026-09-19 21:29:00,PLU.04,CSA BONTANG SIS,0.0,2.36,SAFE
2026-09-19 02:13:00,RIU.02,VP SABANG TIMUR SIS,0.0,0.61,SAFE
2026-09-19 02:13:00,RIU.04,VP SABANG TIMUR SIS,0.0,0.51,SAFE
2026-09-19 02:13:00,SBG.02,VP SABANG TIMUR SIS,0.0,1.91,SAFE
2026-09-19 02:13:00,SBG.03,VP SABANG TIMUR SIS,0.0,5.65,SAFE
2026-09-19 02:13:00,SBG.04,VP SABANG TIMUR SIS,0.0,0.63,SAFE
2026-09-19 02:13:00,SBG.05,VP SABANG TIMUR SIS,0.0,21.21,SAFE
2026-09-19 21:29:26,SBG.06,ITABAL8,0.0,14.52,SAFE
2026-09-19 02:13:00,SBG.08,VP SABANG TIMUR SIS,0.0,1.35,SAFE
2026-09-19 02:13:00,SBG.10,VP SABANG TIMUR SIS,0.0,2.05,SAFE
2026-09-19 02:13:00,SBG.11,VP SABANG TIMUR SIS,0.0,0.75,SAFE
2026-09-19 21:29:00,SGT.02,CSA BONTANG SIS,0.0,0.19,SAFE
2026-09-19 21:29:00,SMB.02,CSA BONTANG SIS,0.0,2.63,SAFE
2026-09-19 21:29:00,SMB.03,CSA BONTANG SIS,0.0,4.72,SAFE
2026-09-19 21:30:00,SNT.01,PITSTOP AMBON SIS,0.0,1.34,SAFE
2026-09-19 21:29:00,TJG.01,CSA BONTANG SIS,0.0,1.99,SAFE
2026-09-19 21:29:00,TJG.02,CSA BONTANG SIS,0.0,5.65,SAFE
2026-09-19 23:59:00,AMB.01,PITSTOP AMBON SIS,0.0,7.46,SAFE
2026-09-19 23:59:00,BDG.02,VP OB 1 SIS,0.0,19.31,SAFE
2026-09-19 23:59:00,BDG.03,VP OB 1 SIS,0.0,5.73,SAFE
2026-09-19 23:59:00,BDG.04,VP OB 1 SIS,0.0,1.07,SAFE
2026-09-20 00:42:16,BDG.05,ITABAL9,0.0,2.1,SAFE
2026-09-19 02:13:00,BGK.01,VP SABANG TIMUR SIS,0.0,1.59,SAFE
2026-09-19 02:13:00,BGK.02,VP SABANG TIMUR SIS,0.0,18.92,SAFE
2026-09-20 00:42:16,BGR.01,ITABAL9,0.0,1.34,SAFE
2026-09-19 23:59:00,BJB.03,CSA BONTANG SIS,0.0,1.34,SAFE
2026-09-19 23:59:00,BJM.01,PITSTOP AMBON SIS,0.0,3.86,SAFE
2026-09-19 23:59:00,BJM.02,CSA BONTANG SIS,0.0,1.68,SAFE
2026-09-20 00:42:16,BKL.01,ITABAL8,0.0,58.33,SAFE
2026-09-20 00:42:16,BKL.02,ITABAL8,0.0,0.72,SAFE
2026-09-20 00:42:16,BNE.02,ITABAL8,0.0,1.52,SAFE
2026-09-20 00:42:16,BNE.03,ITABAL8,0.0,0.63,SAFE
2026-09-20 00:42:16,BNE.04,ITABAL8,0.0,0.55,SAFE
2026-09-19 23:59:00,BNY.03,CSA BONTANG SIS,0.0,0.97,SAFE
2026-09-19 23:59:00,BTG.03,CSA BONTANG SIS,0.0,9.36,SAFE
2026-09-19 23:59:00,BTG.04,CSA BONTANG SIS,0.0,175.0,SAFE
2026-09-19 23:59:00,FLR.02,CSA BONTANG SIS,0.0,0.75,SAFE
2026-09-20 00:42:16,JKT.01,ITABAL9,0.0,25.36,SAFE
2026-09-20 00:42:16,JKT.02,ITABAL9,0.0,7.78,SAFE
2026-09-20 00:42:16,JKT.03,ITABAL9,0.0,4.16,SAFE
2026-09-20 00:42:16,JKT.04,ITABAL9,0.0,1.17,SAFE
2026-09-20 00:42:16,JKT.05,ITABAL9,0.0,5.68,SAFE
2026-09-20 00:42:16,JKT.06,ITABAL9,0.0,7.45,SAFE
2026-09-20 00:42:16,JKT.07,ITABAL9,0.0,11.55,SAFE
2026-09-20 00:42:16,JKT.08,ITABAL9,0.0,4.26,SAFE
2026-09-20 00:42:16,JMB.01,ITABAL8,0.0,3.07,SAFE
2026-09-20 00:42:16,JMB.03,ITABAL8,0.0,1.02,SAFE
2026-09-20 00:42:16,JMB.04,ITABAL9,0.0,0.77,SAFE
2026-09-19 02:13:00,KRC.02,VP SABANG TIMUR SIS,0.0,1.04,SAFE
2026-09-20 00:42:16,KRC.03,ITABAL8,0.0,1.31,SAFE
2026-09-19 02:13:00,KRC.05,VP SABANG TIMUR SIS,0.0,1.93,SAFE
2026-09-19 02:13:00,KRC.07,VP SABANG TIMUR SIS,0.0,2.15,SAFE
2026-09-20 00:42:16,LHT.01,ITABAL8,0.0,5.84,SAFE
2026-09-20 00:42:16,LPG.01,ITABAL8,0.0,2.05,SAFE
2026-09-20 00:42:16,LPG.02,ITABAL8,0.0,12.03,SAFE
2026-09-20 00:42:16,LPG.03,ITABAL8,0.0,6.96,SAFE
2026-09-20 00:42:16,LPG.06,ITABAL8,0.0,6.69,SAFE
2026-09-20 00:42:16,LPG.07,ITABAL8,0.0,12.92,SAFE
2026-09-20 00:42:16,MDN.01,ITABAL8,0.0,3.37,SAFE
2026-09-20 00:42:16,MDN.02,ITABAL8,0.0,2.53,SAFE
2026-09-20 00:42:16,MDN.03,ITABAL8,0.0,7.25,SAFE
2026-09-20 00:42:16,MDN.04,ITABAL8,0.0,1.95,SAFE
2026-09-20 00:42:16,MIA.01,ITABAL9,0.0,1.22,SAFE
2026-09-20 00:42:16,MIA.02,ITABAL9,0.0,17.59,SAFE
2026-09-20 00:42:16,MIA.03,ITABAL9,0.0,4.28,SAFE
2026-09-19 23:59:00,MIA.04,PITSTOP AMBON SIS,0.0,2.31,SAFE
2026-09-20 00:42:16,MIA.05,ITABAL9,0.0,20.96,SAFE
2026-09-20 00:42:16,MIA.06,ITABAL9,0.0,1.16,SAFE
2026-09-19 23:59:00,MKS.01,CSA BONTANG SIS,0.0,0.72,SAFE
2026-09-19 23:59:00,MKS.02,PITSTOP AMBON SIS,0.0,1.06,SAFE
,MKS.03,ROM 13,0.0,8.2,SAFE
,MKS.04,ROM 13,0.0,3.08,SAFE
2026-09-19 23:59:00,MND.02,CSA BONTANG SIS,0.0,2.49,SAFE
2026-09-19 02:13:00,MRK.01,VP SABANG TIMUR SIS,0.0,1.65,SAFE
2026-09-19 23:59:00,MTM.01,PITSTOP AMBON SIS,0.0,1.64,SAFE
2026-09-19 23:59:00,MTP.01,PITSTOP AMBON SIS,0.0,1.01,SAFE
2026-09-19 02:13:00,MTR.01,VP SABANG TIMUR SIS,0.0,1.67,SAFE
2026-09-20 00:42:16,NIS.01,ITABAL8,0.0,0.57,SAFE
2026-09-20 00:42:16,NIS.02,ITABAL8,0.0,0.86,SAFE
2026-09-20 00:42:16,NIS.03,ITABAL8,0.0,1.03,SAFE
2026-09-20 00:42:16,PDG.01,ITABAL9,0.0,0.52,SAFE
2026-09-20 00:42:16,PLB.01,ITABAL8,0.0,1.87,SAFE
2026-09-20 00:42:16,PLB.02,ITABAL8,0.0,0.84,SAFE
2026-09-20 00:42:16,PLB.03,ITABAL8,0.0,2.0,SAFE
2026-09-20 00:42:16,PLB.04,ITABAL8,0.0,13.62,SAFE
2026-09-19 23:59:00,PLU.04,CSA BONTANG SIS,0.0,2.36,SAFE
2026-09-19 02:13:00,RIU.02,VP SABANG TIMUR SIS,0.0,0.61,SAFE
2026-09-19 02:13:00,RIU.04,VP SABANG TIMUR SIS,0.0,0.51,SAFE
2026-09-19 02:13:00,SBG.02,VP SABANG TIMUR SIS,0.0,1.91,SAFE
2026-09-19 02:13:00,SBG.03,VP SABANG TIMUR SIS,0.0,5.65,SAFE
2026-09-19 02:13:00,SBG.04,VP SABANG TIMUR SIS,0.0,0.63,SAFE
2026-09-19 02:13:00,SBG.05,VP SABANG TIMUR SIS,0.0,21.21,SAFE
2026-09-20 00:42:16,SBG.06,ITABAL8,0.0,14.52,SAFE
2026-09-19 02:13:00,SBG.08,VP SABANG TIMUR SIS,0.0,1.35,SAFE
2026-09-19 02:13:00,SBG.10,VP SABANG TIMUR SIS,0.0,2.05,SAFE
2026-09-19 02:13:00,SBG.11,VP SABANG TIMUR SIS,0.0,0.75,SAFE
2026-09-19 23:59:00,SGT.02,CSA BONTANG SIS,0.0,0.19,SAFE
2026-09-19 23:59:00,SMB.02,CSA BONTANG SIS,0.0,2.63,SAFE
2026-09-19 23:59:00,SMB.03,CSA BONTANG SIS,0.0,4.72,SAFE
2026-09-19 23:59:00,SNT.01,PITSTOP AMBON SIS,0.0,1.34,SAFE
2026-09-19 23:59:00,TJG.01,CSA BONTANG SIS,0.0,1.99,SAFE
2026-09-19 23:59:00,TJG.02,CSA BONTANG SIS,0.0,5.65,SAFE
2026-09-19 23:59:00,AMB.01,PITSTOP AMBON SIS,0.0,7.46,SAFE
2026-09-19 23:59:00,BDG.02,VP OB 1 SIS,0.0,19.31,SAFE
2026-09-19 23:59:00,BDG.03,VP OB 1 SIS,0.0,5.73,SAFE
2026-09-19 23:59:00,BDG.04,VP OB 1 SIS,0.0,1.07,SAFE
2026-09-20 02:56:23,BDG.05,ITABAL9,0.0,2.1,SAFE
2026-09-19 02:13:00,BGK.01,VP SABANG TIMUR SIS,0.0,1.59,SAFE
2026-09-19 02:13:00,BGK.02,VP SABANG TIMUR SIS,0.0,18.92,SAFE
2026-09-20 02:56:23,BGR.01,ITABAL9,0.0,1.34,SAFE
2026-09-19 23:59:00,BJB.03,CSA BONTANG SIS,0.0,1.34,SAFE
2026-09-19 23:59:00,BJM.01,PITSTOP AMBON SIS,0.0,3.86,SAFE
2026-09-19 23:59:00,BJM.02,CSA BONTANG SIS,0.0,1.68,SAFE
2026-09-20 02:56:23,BKL.01,ITABAL8,0.0,58.33,SAFE
2026-09-20 02:56:23,BKL.02,ITABAL8,0.0,0.72,SAFE
2026-09-20 02:56:23,BNE.02,ITABAL8,0.0,1.52,SAFE
2026-09-20 02:56:23,BNE.03,ITABAL8,0.0,0.63,SAFE
2026-09-20 02:56:23,BNE.04,ITABAL8,0.0,0.55,SAFE
2026-09-19 23:59:00,BNY.03,CSA BONTANG SIS,0.0,0.97,SAFE
2026-09-19 23:59:00,BTG.03,CSA BONTANG SIS,0.0,9.36,SAFE
2026-09-19 23:59:00,BTG.04,CSA BONTANG SIS,0.0,175.0,SAFE
2026-09-19 23:59:00,FLR.02,CSA BONTANG SIS,0.0,0.75,SAFE
2026-09-20 02:56:23,JKT.01,ITABAL9,0.0,25.36,SAFE
2026-09-20 02:56:23,JKT.02,ITABAL9,0.0,7.78,SAFE
2026-09-20 02:56:23,JKT.03,ITABAL9,0.0,4.16,SAFE
2026-09-20 02:56:23,JKT.04,ITABAL9,0.0,1.17,SAFE
2026-09-20 02:56:23,JKT.05,ITABAL9,0.0,5.68,SAFE
2026-09-20 02:56:23,JKT.06,ITABAL9,0.0,7.45,SAFE
2026-09-20 02:56:23,JKT.07,ITABAL9,0.0,11.55,SAFE
2026-09-20 02:56:23,JKT.08,ITABAL9,0.0,4.26,SAFE
2026-09-20 02:56:23,JMB.01,ITABAL8,0.0,3.07,SAFE
2026-09-20 02:56:23,JMB.03,ITABAL8,0.0,1.02,SAFE
2026-09-20 02:56:23,JMB.04,ITABAL9,0.0,0.77,SAFE
2026-09-19 02:13:00,KRC.02,VP SABANG TIMUR SIS,0.0,1.04,SAFE
2026-09-20 02:56:23,KRC.03,ITABAL8,0.0,1.31,SAFE
2026-09-19 02:13:00,KRC.05,VP SABANG TIMUR SIS,0.0,1.93,SAFE
2026-09-19 02:13:00,KRC.07,VP SABANG TIMUR SIS,0.0,2.15,SAFE
2026-09-20 02:56:23,LHT.01,ITABAL8,0.0,5.84,SAFE
2026-09-20 02:56:23,LPG.01,ITABAL8,0.0,2.05,SAFE
2026-09-20 02:56:23,LPG.02,ITABAL8,0.0,12.03,SAFE
2026-09-20 02:56:23,LPG.03,ITABAL8,0.0,6.96,SAFE
2026-09-20 02:56:23,LPG.06,ITABAL8,0.0,6.69,SAFE
2026-09-20 02:56:23,LPG.07,ITABAL8,0.0,12.92,SAFE
2026-09-20 02:56:23,MDN.01,ITABAL8,0.0,3.37,SAFE
2026-09-20 02:56:23,MDN.02,ITABAL8,0.0,2.53,SAFE
2026-09-20 02:56:23,MDN.03,ITABAL8,0.0,7.25,SAFE
2026-09-20 02:56:23,MDN.04,ITABAL8,0.0,1.95,SAFE
2026-09-20 02:56:23,MIA.01,ITABAL9,0.0,1.22,SAFE
2026-09-20 02:56:23,MIA.02,ITABAL9,0.0,17.59,SAFE
2026-09-20 02:56:23,MIA.03,ITABAL9,0.0,4.28,SAFE
2026-09-19 23:59:00,MIA.04,PITSTOP AMBON SIS,0.0,2.31,SAFE
2026-09-20 02:56:23,MIA.05,ITABAL9,0.0,20.96,SAFE
2026-09-20 02:56:23,MIA.06,ITABAL9,0.0,1.16,SAFE
2026-09-19 23:59:00,MKS.01,CSA BONTANG SIS,0.0,0.72,SAFE
2026-09-19 23:59:00,MKS.02,PITSTOP AMBON SIS,0.0,1.06,SAFE
,MKS.03,ROM 13,0.0,8.2,SAFE
,MKS.04,ROM 13,0.0,3.08,SAFE
2026-09-19 23:59:00,MND.02,CSA BONTANG SIS,0.0,2.49,SAFE
2026-09-19 02:13:00,MRK.01,VP SABANG TIMUR SIS,0.0,1.65,SAFE
2026-09-19 23:59:00,MTM.01,PITSTOP AMBON SIS,0.0,1.64,SAFE
2026-09-19 23:59:00,MTP.01,PITSTOP AMBON SIS,0.0,1.01,SAFE
2026-09-19 02:13:00,MTR.01,VP SABANG TIMUR SIS,0.0,1.67,SAFE
2026-09-20 02:56:23,NIS.01,ITABAL8,0.0,0.57,SAFE
2026-09-20 02:56:23,NIS.02,ITABAL8,0.0,0.86,SAFE
2026-09-20 02:56:23,NIS.03,ITABAL8,0.0,1.03,SAFE
2026-09-20 02:56:23,PDG.01,ITABAL9,0.0,0.52,SAFE
2026-09-20 02:56:23,PLB.01,ITABAL8,0.0,1.87,SAFE
2026-09-20 02:56:23,PLB.02,ITABAL8,0.0,0.84,SAFE
2026-09-20 02:56:23,PLB.03,ITABAL8,0.0,2.0,SAFE
2026-09-20 02:56:23,PLB.04,ITABAL8,0.0,13.62,SAFE
2026-09-19 23:59:00,PLU.04,CSA BONTANG SIS,0.0,2.36,SAFE
2026-09-19 02:13:00,RIU.02,VP SABANG TIMUR SIS,0.0,0.61,SAFE
2026-09-19 02:13:00,RIU.04,VP SABANG TIMUR SIS,0.0,0.51,SAFE
2026-09-19 02:13:00,SBG.02,VP SABANG TIMUR SIS,0.0,1.91,SAFE
2026-09-19 02:13:00,SBG.03,VP SABANG TIMUR SIS,0.0,5.65,SAFE
2026-09-19 02:13:00,SBG.04,VP SABANG TIMUR SIS,0.0,0.63,SAFE
2026-09-19 02:13:00,SBG.05,VP SABANG TIMUR SIS,0.0,21.21,SAFE
2026-09-20 02:56:23,SBG.06,ITABAL8,0.0,14.52,SAFE
2026-09-19 02:13:00,SBG.08,VP SABANG TIMUR SIS,0.0,1.35,SAFE
2026-09-19 02:13:00,SBG.10,VP SABANG TIMUR SIS,0.0,2.05,SAFE
2026-09-19 02:13:00,SBG.11,VP SABANG TIMUR SIS,0.0,0.75,SAFE
2026-09-19 23:59:00,SGT.02,CSA BONTANG SIS,0.0,0.19,SAFE
2026-09-19 23:59:00,SMB.02,CSA BONTANG SIS,0.0,2.63,SAFE
2026-09-19 23:59:00,SMB.03,CSA BONTANG SIS,0.0,4.72,SAFE
2026-09-19 23:59:00,SNT.01,PITSTOP AMBON SIS,0.0,1.34,SAFE
2026-09-19 23:59:00,TJG.01,CSA BONTANG SIS,0.0,1.99,SAFE
2026-09-19 23:59:00,TJG.02,CSA BONTANG SIS,0.0,5.65,SAFE
2026-09-19 23:59:00,AMB.01,PITSTOP AMBON SIS,0.0,7.46,SAFE
2026-09-19 23:59:00,BDG.02,VP OB 1 SIS,0.0,19.31,SAFE
2026-09-19 23:59:00,BDG.03,VP OB 1 SIS,0.0,5.73,SAFE
2026-09-19 23:59:00,BDG.04,VP OB 1 SIS,0.0,1.07,SAFE
2026-09-20 05:16:04,BDG.05,ITABAL9,0.0,2.1,SAFE
2026-09-19 02:13:00,BGK.01,VP SABANG TIMUR SIS,0.0,1.59,SAFE
2026-09-19 02:13:00,BGK.02,VP SABANG TIMUR SIS,0.0,18.92,SAFE
2026-09-20 05:16:04,BGR.01,ITABAL9,0.0,1.34,SAFE
2026-09-19 23:59:00,BJB.03,CSA BONTANG SIS,0.0,1.34,SAFE
2026-09-19 23:59:00,BJM.01,PITSTOP AMBON SIS,0.0,3.86,SAFE
2026-09-19 23:59:00,BJM.02,CSA BONTANG SIS,0.0,1.68,SAFE
2026-09-20 05:16:04,BKL.01,ITABAL8,0.0,58.33,SAFE
2026-09-20 05:16:04,BKL.02,ITABAL8,0.0,0.72,SAFE
2026-09-20 05:16:04,BNE.02,ITABAL8,0.0,1.52,SAFE
2026-09-20 05:16:04,BNE.03,ITABAL8,0.0,0.63,SAFE
2026-09-20 05:16:04,BNE.04,ITABAL8,0.0,0.55,SAFE
2026-09-19 23:59:00,BNY.03,CSA BONTANG SIS,0.0,0.97,SAFE
2026-09-19 23:59:00,BTG.03,CSA BONTANG SIS,0.0,9.36,SAFE
2026-09-19 23:59:00,BTG.04,CSA BONTANG SIS,0.0,175.0,SAFE
2026-09-19 23:59:00,FLR.02,CSA BONTANG SIS,0.0,0.75,SAFE
2026-09-20 05:16:04,JKT.01,ITABAL9,0.0,25.36,SAFE
2026-09-20 05:16:04,JKT.02,ITABAL9,0.0,7.78,SAFE
2026-09-20 05:16:04,JKT.03,ITABAL9,0.0,4.16,SAFE
2026-09-20 05:16:04,JKT.04,ITABAL9,0.0,1.17,SAFE
2026-09-20 05:16:04,JKT.05,ITABAL9,0.0,5.68,SAFE
2026-09-20 05:16:04,JKT.06,ITABAL9,0.0,7.45,SAFE
2026-09-20 05:16:04,JKT.07,ITABAL9,0.0,11.55,SAFE
2026-09-20 05:16:04,JKT.08,ITABAL9,0.0,4.26,SAFE
2026-09-20 05:16:04,JMB.01,ITABAL8,0.0,3.07,SAFE
2026-09-20 05:16:04,JMB.03,ITABAL8,0.0,1.02,SAFE
2026-09-20 05:16:04,JMB.04,ITABAL9,0.0,0.77,SAFE
2026-09-19 02:13:00,KRC.02,VP SABANG TIMUR SIS,0.0,1.04,SAFE
2026-09-20 05:16:04,KRC.03,ITABAL8,0.0,1.31,SAFE
2026-09-19 02:13:00,KRC.05,VP SABANG TIMUR SIS,0.0,1.93,SAFE
2026-09-19 02:13:00,KRC.07,VP SABANG TIMUR SIS,0.0,2.15,SAFE
2026-09-20 05:16:04,LHT.01,ITABAL8,0.0,5.84,SAFE
2026-09-20 05:16:04,LPG.01,ITABAL8,0.0,2.05,SAFE
2026-09-20 05:16:04,LPG.02,ITABAL8,0.0,12.03,SAFE
2026-09-20 05:16:04,LPG.03,ITABAL8,0.0,6.96,SAFE
2026-09-20 05:16:04,LPG.06,ITABAL8,0.0,6.69,SAFE
2026-09-20 05:16:04,LPG.07,ITABAL8,0.0,12.92,SAFE
2026-09-20 05:16:04,MDN.01,ITABAL8,0.0,3.37,SAFE
2026-09-20 05:16:04,MDN.02,ITABAL8,0.0,2.53,SAFE
2026-09-20 05:16:04,MDN.03,ITABAL8,0.0,7.25,SAFE
2026-09-20 05:16:04,MDN.04,ITABAL8,0.0,1.95,SAFE
2026-09-20 05:16:04,MIA.01,ITABAL9,0.0,1.22,SAFE
2026-09-20 05:16:04,MIA.02,ITABAL9,0.0,17.59,SAFE
2026-09-20 05:16:04,MIA.03,ITABAL9,0.0,4.28,SAFE
2026-09-19 23:59:00,MIA.04,PITSTOP AMBON SIS,0.0,2.31,SAFE
2026-09-20 05:16:04,MIA.05,ITABAL9,0.0,20.96,SAFE
2026-09-20 05:16:04,MIA.06,ITABAL9,0.0,1.16,SAFE
2026-09-19 23:59:00,MKS.01,CSA BONTANG SIS,0.0,0.72,SAFE
2026-09-19 23:59:00,MKS.02,PITSTOP AMBON SIS,0.0,1.06,SAFE
,MKS.03,ROM 13,0.0,8.2,SAFE
,MKS.04,ROM 13,0.0,3.08,SAFE
2026-09-19 23:59:00,MND.02,CSA BONTANG SIS,0.0,2.49,SAFE
2026-09-19 02:13:00,MRK.01,VP SABANG TIMUR SIS,0.0,1.65,SAFE
2026-09-19 23:59:00,MTM.01,PITSTOP AMBON SIS,0.0,1.64,SAFE
2026-09-19 23:59:00,MTP.01,PITSTOP AMBON SIS,0.0,1.01,SAFE
2026-09-19 02:13:00,MTR.01,VP SABANG TIMUR SIS,0.0,1.67,SAFE
2026-09-20 05:16:04,NIS.01,ITABAL8,0.0,0.57,SAFE
2026-09-20 05:16:04,NIS.02,ITABAL8,0.0,0.86,SAFE
2026-09-20 05:16:04,NIS.03,ITABAL8,0.0,1.03,SAFE
2026-09-20 05:16:04,PDG.01,ITABAL9,0.0,0.52,SAFE
2026-09-20 05:16:04,PLB.01,ITABAL8,0.0,1.87,SAFE
2026-09-20 05:16:04,PLB.02,ITABAL8,0.0,0.84,SAFE
2026-09-20 05:16:04,PLB.03,ITABAL8,0.0,2.0,SAFE
2026-09-20 05:16:04,PLB.04,ITABAL8,0.0,13.62,SAFE
2026-09-19 23:59:00,PLU.04,CSA BONTANG SIS,0.0,2.36,SAFE
2026-09-19 02:13:00,RIU.02,VP SABANG TIMUR SIS,0.0,0.61,SAFE
2026-09-19 02:13:00,RIU.04,VP SABANG TIMUR SIS,0.0,0.51,SAFE
2026-09-19 02:13:00,SBG.02,VP SABANG TIMUR SIS,0.0,1.91,SAFE
2026-09-19 02:13:00,SBG.03,VP SABANG TIMUR SIS,0.0,5.65,SAFE
2026-09-19 02:13:00,SBG.04,VP SABANG TIMUR SIS,0.0,0.63,SAFE
2026-09-19 02:13:00,SBG.05,VP SABANG TIMUR SIS,0.0,21.21,SAFE
2026-09-20 05:16:04,SBG.06,ITABAL8,0.0,14.52,SAFE
2026-09-19 02:13:00,SBG.08,VP SABANG TIMUR SIS,0.0,1.35,SAFE
2026-09-19 02:13:00,SBG.10,VP SABANG TIMUR SIS,0.0,2.05,SAFE
2026-09-19 02:13:00,SBG.11,VP SABANG TIMUR SIS,0.0,0.75,SAFE
2026-09-19 23:59:00,SGT.02,CSA BONTANG SIS,0.0,0.19,SAFE
2026-09-19 23:59:00,SMB.02,CSA BONTANG SIS,0.0,2.63,SAFE
2026-09-19 23:59:00,SMB.03,CSA BONTANG SIS,0.0,4.72,SAFE
2026-09-19 23:59:00,SNT.01,PITSTOP AMBON SIS,0.0,1.34,SAFE
2026-09-19 23:59:00,TJG.01,CSA BONTANG SIS,0.0,1.99,SAFE
2026-09-19 23:59:00,TJG.02,CSA BONTANG SIS,0.0,5.65,SAFE
2026-09-19 23:59:00,AMB.01,PITSTOP AMBON SIS,0.0,7.46,SAFE
2026-09-19 23:59:00,BDG.02,VP OB 1 SIS,0.0,19.31,SAFE
2026-09-19 23:59:00,BDG.03,VP OB 1 SIS,0.0,5.73,SAFE
2026-09-19 23:59:00,BDG.04,VP OB 1 SIS,0.0,1.07,SAFE
2026-09-20 07:10:45,BDG.05,ITABAL9,0.0,2.1,SAFE
2026-09-19 02:13:00,BGK.01,VP SABANG TIMUR SIS,0.0,1.59,SAFE
2026-09-19 02:13:00,BGK.02,VP SABANG TIMUR SIS,0.0,18.92,SAFE
2026-09-20 07:10:45,BGR.01,ITABAL9,0.0,1.34,SAFE
2026-09-19 23:59:00,BJB.03,CSA BONTANG SIS,0.0,1.34,SAFE
2026-09-19 23:59:00,BJM.01,PITSTOP AMBON SIS,0.0,3.86,SAFE
2026-09-19 23:59:00,BJM.02,CSA BONTANG SIS,0.0,1.68,SAFE
2026-09-20 07:10:45,BKL.01,ITABAL8,0.0,58.33,SAFE
2026-09-20 07:10:45,BKL.02,ITABAL8,0.0,0.72,SAFE
2026-09-20 07:10:45,BNE.02,ITABAL8,0.0,1.52,SAFE
2026-09-20 07:10:45,BNE.03,ITABAL8,0.0,0.63,SAFE
2026-09-20 07:10:45,BNE.04,ITABAL8,0.0,0.55,SAFE
2026-09-19 23:59:00,BNY.03,CSA BONTANG SIS,0.0,0.97,SAFE
2026-09-19 23:59:00,BTG.03,CSA BONTANG SIS,0.0,9.36,SAFE
2026-09-19 23:59:00,BTG.04,CSA BONTANG SIS,0.0,175.0,SAFE
2026-09-19 23:59:00,FLR.02,CSA BONTANG SIS,0.0,0.75,SAFE
2026-09-20 07:10:45,JKT.01,ITABAL9,0.0,25.36,SAFE
2026-09-20 07:10:45,JKT.02,ITABAL9,0.0,7.78,SAFE
2026-09-20 07:10:45,JKT.03,ITABAL9,0.0,4.16,SAFE
2026-09-20 07:10:45,JKT.04,ITABAL9,0.0,1.17,SAFE
2026-09-20 07:10:45,JKT.05,ITABAL9,0.0,5.68,SAFE
2026-09-20 07:10:45,JKT.06,ITABAL9,0.0,7.45,SAFE
2026-09-20 07:10:45,JKT.07,ITABAL9,0.0,11.55,SAFE
2026-09-20 07:10:45,JKT.08,ITABAL9,0.0,4.26,SAFE
2026-09-20 07:10:45,JMB.01,ITABAL8,0.0,3.07,SAFE
2026-09-20 07:10:45,JMB.03,ITABAL8,0.0,1.02,SAFE
2026-09-20 07:10:45,JMB.04,ITABAL9,0.0,0.77,SAFE
2026-09-19 02:13:00,KRC.02,VP SABANG TIMUR SIS,0.0,1.04,SAFE
2026-09-20 07:10:45,KRC.03,ITABAL8,0.0,1.31,SAFE
2026-09-19 02:13:00,KRC.05,VP SABANG TIMUR SIS,0.0,1.93,SAFE
2026-09-19 02:13:00,KRC.07,VP SABANG TIMUR SIS,0.0,2.15,SAFE
2026-09-20 07:10:45,LHT.01,ITABAL8,0.0,5.84,SAFE
2026-09-20 07:10:45,LPG.01,ITABAL8,0.0,2.05,SAFE
2026-09-20 07:10:45,LPG.02,ITABAL8,0.0,12.03,SAFE
2026-09-20 07:10:45,LPG.03,ITABAL8,0.0,6.96,SAFE
2026-09-20 07:10:45,LPG.06,ITABAL8,0.0,6.69,SAFE
2026-09-20 07:10:45,LPG.07,ITABAL8,0.0,12.92,SAFE
2026-09-20 07:10:45,MDN.01,ITABAL8,0.0,3.37,SAFE
2026-09-20 07:10:45,MDN.02,ITABAL8,0.0,2.53,SAFE
2026-09-20 07:10:45,MDN.03,ITABAL8,0.0,7.25,SAFE
2026-09-20 07:10:45,MDN.04,ITABAL8,0.0,1.95,SAFE
2026-09-20 07:10:45,MIA.01,ITABAL9,0.0,1.22,SAFE
2026-09-20 07:10:45,MIA.02,ITABAL9,0.0,17.59,SAFE
2026-09-20 07:10:45,MIA.03,ITABAL9,0.0,4.28,SAFE
2026-09-19 23:59:00,MIA.04,PITSTOP AMBON SIS,0.0,2.31,SAFE
2026-09-20 07:10:45,MIA.05,ITABAL9,0.0,20.96,SAFE
2026-09-20 07:10:45,MIA.06,ITABAL9,0.0,1.16,SAFE
2026-09-19 23:59:00,MKS.01,CSA BONTANG SIS,0.0,0.72,SAFE
2026-09-19 23:59:00,MKS.02,PITSTOP AMBON SIS,0.0,1.06,SAFE
,MKS.03,ROM 13,0.0,8.2,SAFE
,MKS.04,ROM 13,0.0,3.08,SAFE
2026-09-19 23:59:00,MND.02,CSA BONTANG SIS,0.0,2.49,SAFE
2026-09-19 02:13:00,MRK.01,VP SABANG TIMUR SIS,0.0,1.65,SAFE
2026-09-19 23:59:00,MTM.01,PITSTOP AMBON SIS,0.0,1.64,SAFE
2026-09-19 23:59:00,MTP.01,PITSTOP AMBON SIS,0.0,1.01,SAFE
2026-09-19 02:13:00,MTR.01,VP SABANG TIMUR SIS,0.0,1.67,SAFE
2026-09-20 07:10:45,NIS.01,ITABAL8,0.0,0.57,SAFE
2026-09-20 07:10:45,NIS.02,ITABAL8,0.0,0.86,SAFE
2026-09-20 07:10:45,NIS.03,ITABAL8,0.0,1.03,SAFE
2026-09-20 07:10:45,PDG.01,ITABAL9,0.0,0.52,SAFE
2026-09-20 07:10:45,PLB.01,ITABAL8,0.0,1.87,SAFE
2026-09-20 07:10:45,PLB.02,ITABAL8,0.0,0.84,SAFE
2026-09-20 07:10:45,PLB.03,ITABAL8,0.0,2.0,SAFE
2026-09-20 07:10:45,PLB.04,ITABAL8,0.0,13.62,SAFE
2026-09-19 23:59:00,PLU.04,CSA BONTANG SIS,0.0,2.36,SAFE
2026-09-19 02:13:00,RIU.02,VP SABANG TIMUR SIS,0.0,0.61,SAFE
2026-09-19 02:13:00,RIU.04,VP SABANG TIMUR SIS,0.0,0.51,SAFE
2026-09-19 02:13:00,SBG.02,VP SABANG TIMUR SIS,0.0,1.91,SAFE
2026-09-19 02:13:00,SBG.03,VP SABANG TIMUR SIS,0.0,5.65,SAFE
2026-09-19 02:13:00,SBG.04,VP SABANG TIMUR SIS,0.0,0.63,SAFE
2026-09-19 02:13:00,SBG.05,VP SABANG TIMUR SIS,0.0,21.21,SAFE
2026-09-20 07:10:45,SBG.06,ITABAL8,0.0,14.52,SAFE
2026-09-19 02:13:00,SBG.08,VP SABANG TIMUR SIS,0.0,1.35,SAFE
2026-09-19 02:13:00,SBG.10,VP SABANG TIMUR SIS,0.0,2.05,SAFE
2026-09-19 02:13:00,SBG.11,VP SABANG TIMUR SIS,0.0,0.75,SAFE
2026-09-19 23:59:00,SGT.02,CSA BONTANG SIS,0.0,0.19,SAFE
2026-09-19 23:59:00,SMB.02,CSA BONTANG SIS,0.0,2.63,SAFE
2026-09-19 23:59:00,SMB.03,CSA BONTANG SIS,0.0,4.72,SAFE
2026-09-19 23:59:00,SNT.01,PITSTOP AMBON SIS,0.0,1.34,SAFE
2026-09-19 23:59:00,TJG.01,CSA BONTANG SIS,0.0,1.99,SAFE
2026-09-19 23:59:00,TJG.02,CSA BONTANG SIS,0.0,5.65,SAFE
2026-09-20 09:07:00,AMB.01,PITSTOP AMBON SIS,0.0,7.46,SAFE
2026-09-20 09:06:00,BDG.02,VP OB 1 SIS,0.0,19.31,SAFE
2026-09-20 09:06:00,BDG.03,VP OB 1 SIS,0.0,5.73,SAFE
2026-09-20 09:06:00,BDG.04,VP OB 1 SIS,0.0,1.07,SAFE
2026-09-20 09:06:31,BDG.05,ITABAL9,0.0,2.1,SAFE
2026-09-20 09:06:00,BGK.01,VP SABANG TIMUR SIS,0.0,1.59,SAFE
2026-09-20 09:06:00,BGK.02,VP SABANG TIMUR SIS,0.0,18.92,SAFE
2026-09-20 09:06:31,BGR.01,ITABAL9,0.0,1.34,SAFE
2026-09-20 09:06:00,BJB.03,CSA BONTANG SIS,0.0,1.34,SAFE
2026-09-20 09:07:00,BJM.01,PITSTOP AMBON SIS,0.0,3.86,SAFE
2026-09-20 09:06:00,BJM.02,CSA BONTANG SIS,0.0,1.68,SAFE
2026-09-20 09:06:31,BKL.01,ITABAL8,0.0,58.33,SAFE
2026-09-20 09:06:31,BKL.02,ITABAL8,0.0,0.72,SAFE
2026-09-20 09:06:31,BNE.02,ITABAL8,0.0,1.52,SAFE
2026-09-20 09:06:31,BNE.03,ITABAL8,0.0,0.63,SAFE
2026-09-20 09:06:31,BNE.04,ITABAL8,0.0,0.55,SAFE
2026-09-20 09:06:00,BNY.03,CSA BONTANG SIS,0.0,0.97,SAFE
2026-09-20 09:06:00,BTG.03,CSA BONTANG SIS,0.0,9.36,SAFE
2026-09-20 09:06:00,BTG.04,CSA BONTANG SIS,0.0,175.0,SAFE
2026-09-20 09:06:00,FLR.02,CSA BONTANG SIS,0.0,0.75,SAFE
2026-09-20 09:06:31,JKT.01,ITABAL9,0.0,25.36,SAFE
2026-09-20 09:06:31,JKT.02,ITABAL9,0.0,7.78,SAFE
2026-09-20 09:06:31,JKT.03,ITABAL9,0.0,4.16,SAFE
2026-09-20 09:06:31,JKT.04,ITABAL9,0.0,1.17,SAFE
2026-09-20 09:06:31,JKT.05,ITABAL9,0.0,5.68,SAFE
2026-09-20 09:06:31,JKT.06,ITABAL9,0.0,7.45,SAFE
2026-09-20 09:06:31,JKT.07,ITABAL9,0.0,11.55,SAFE
2026-09-20 09:06:31,JKT.08,ITABAL9,0.0,4.26,SAFE
2026-09-20 09:06:31,JMB.01,ITABAL8,0.0,3.07,SAFE
2026-09-20 09:06:31,JMB.03,ITABAL8,0.0,1.02,SAFE
2026-09-20 09:06:31,JMB.04,ITABAL9,0.0,0.77,SAFE
2026-09-20 09:06:00,KRC.02,VP SABANG TIMUR SIS,0.0,1.04,SAFE
2026-09-20 09:06:31,KRC.03,ITABAL8,0.0,1.31,SAFE
2026-09-20 09:06:00,KRC.05,VP SABANG TIMUR SIS,0.0,1.93,SAFE
2026-09-20 09:06:00,KRC.07,VP SABANG TIMUR SIS,0.0,2.15,SAFE
2026-09-20 09:06:31,LHT.01,ITABAL8,0.0,5.84,SAFE
2026-09-20 09:06:31,LPG.01,ITABAL8,0.0,2.05,SAFE
2026-09-20 09:06:31,LPG.02,ITABAL8,0.0,12.03,SAFE
2026-09-20 09:06:31,LPG.03,ITABAL8,0.0,6.96,SAFE
2026-09-20 09:06:31,LPG.06,ITABAL8,0.0,6.69,SAFE
2026-09-20 09:06:31,LPG.07,ITABAL8,0.0,12.92,SAFE
2026-09-20 09:06:31,MDN.01,ITABAL8,0.0,3.37,SAFE
2026-09-20 09:06:31,MDN.02,ITABAL8,0.0,2.53,SAFE
2026-09-20 09:06:31,MDN.03,ITABAL8,0.0,7.25,SAFE
2026-09-20 09:06:31,MDN.04,ITABAL8,0.0,1.95,SAFE
2026-09-20 09:06:31,MIA.01,ITABAL9,0.0,1.22,SAFE
2026-09-20 09:06:31,MIA.02,ITABAL9,0.0,17.59,SAFE
2026-09-20 09:06:31,MIA.03,ITABAL9,0.0,4.28,SAFE
2026-09-20 09:07:00,MIA.04,PITSTOP AMBON SIS,0.0,2.31,SAFE
2026-09-20 09:06:31,MIA.05,ITABAL9,0.0,20.96,SAFE
2026-09-20 09:06:31,MIA.06,ITABAL9,0.0,1.16,SAFE
2026-09-20 09:06:00,MKS.01,CSA BONTANG SIS,0.0,0.72,SAFE
2026-09-20 09:07:00,MKS.02,PITSTOP AMBON SIS,0.0,1.06,SAFE
,MKS.03,ROM 13,0.0,8.2,SAFE
,MKS.04,ROM 13,0.0,3.08,SAFE
2026-09-20 09:06:00,MND.02,CSA BONTANG SIS,0.0,2.49,SAFE
2026-09-20 09:06:00,MRK.01,VP SABANG TIMUR SIS,0.0,1.65,SAFE
2026-09-20 09:07:00,MTM.01,PITSTOP AMBON SIS,0.0,1.64,SAFE
2026-09-20 09:07:00,MTP.01,PITSTOP AMBON SIS,0.0,1.01,SAFE
2026-09-20 09:06:00,MTR.01,VP SABANG TIMUR SIS,0.0,1.67,SAFE
2026-09-20 09:06:31,NIS.01,ITABAL8,0.0,0.57,SAFE
2026-09-20 09:06:31,NIS.02,ITABAL8,0.0,0.86,SAFE
2026-09-20 09:06:31,NIS.03,ITABAL8,0.0,1.03,SAFE
2026-09-20 09:06:31,PDG.01,ITABAL9,0.0,0.52,SAFE
2026-09-20 09:06:31,PLB.01,ITABAL8,0.0,1.87,SAFE
2026-09-20 09:06:31,PLB.02,ITABAL8,0.0,0.84,SAFE
2026-09-20 09:06:31,PLB.03,ITABAL8,0.0,2.0,SAFE
2026-09-20 09:06:31,PLB.04,ITABAL8,0.0,13.62,SAFE
2026-09-20 09:06:00,PLU.04,CSA BONTANG SIS,0.0,2.36,SAFE
2026-09-20 09:06:00,RIU.02,VP SABANG TIMUR SIS,0.0,0.61,SAFE
2026-09-20 09:06:00,RIU.04,VP SABANG TIMUR SIS,0.0,0.51,SAFE
2026-09-20 09:06:00,SBG.02,VP SABANG TIMUR SIS,0.0,1.91,SAFE
2026-09-20 09:06:00,SBG.03,VP SABANG TIMUR SIS,0.0,5.65,SAFE
2026-09-20 09:06:00,SBG.04,VP SABANG TIMUR SIS,0.0,0.63,SAFE
2026-09-20 09:06:00,SBG.05,VP SABANG TIMUR SIS,0.0,21.21,SAFE
2026-09-20 09:06:31,SBG.06,ITABAL8,0.0,14.52,SAFE
2026-09-20 09:06:00,SBG.08,VP SABANG TIMUR SIS,0.0,1.35,SAFE
2026-09-20 09:06:00,SBG.10,VP SABANG TIMUR SIS,0.0,2.05,SAFE
2026-09-20 09:06:00,SBG.11,VP SABANG TIMUR SIS,0.0,0.75,SAFE
2026-09-20 09:06:00,SGT.02,CSA BONTANG SIS,0.0,0.19,SAFE
2026-09-20 09:06:00,SMB.02,CSA BONTANG SIS,0.0,2.63,SAFE
2026-09-20 09:06:00,SMB.03,CSA BONTANG SIS,0.0,4.72,SAFE
2026-09-20 09:07:00,SNT.01,PITSTOP AMBON SIS,0.0,1.34,SAFE
2026-09-20 09:06:00,TJG.01,CSA BONTANG SIS,0.0,1.99,SAFE
2026-09-20 09:06:00,TJG.02,CSA BONTANG SIS,0.0,5.65,SAFE
2026-09-20 14:10:00,AMB.01,PITSTOP AMBON SIS,0.0,7.46,SAFE
2026-09-20 14:08:00,BDG.02,VP OB 1 SIS,0.0,19.31,SAFE
2026-09-20 14:08:00,BDG.03,VP OB 1 SIS,0.0,5.73,SAFE
2026-09-20 14:08:00,BDG.04,VP OB 1 SIS,0.0,1.07,SAFE
2026-09-20 14:08:52,BDG.05,ITABAL9,0.0,2.1,SAFE
2026-09-20 14:09:00,BGK.01,VP SABANG TIMUR SIS,0.0,1.59,SAFE
2026-09-20 14:09:00,BGK.02,VP SABANG TIMUR SIS,0.0,18.92,SAFE
2026-09-20 14:08:52,BGR.01,ITABAL9,0.0,1.34,SAFE
2026-09-20 14:09:00,BJB.03,CSA BONTANG SIS,0.0,1.34,SAFE
2026-09-20 14:10:00,BJM.01,PITSTOP AMBON SIS,0.0,3.86,SAFE
2026-09-20 14:09:00,BJM.02,CSA BONTANG SIS,0.0,1.68,SAFE
2026-09-20 14:08:52,BKL.01,ITABAL8,0.0,58.33,SAFE
2026-09-20 14:08:52,BKL.02,ITABAL8,0.0,0.72,SAFE
2026-09-20 14:08:52,BNE.02,ITABAL8,0.0,1.52,SAFE
2026-09-20 14:08:52,BNE.03,ITABAL8,0.0,0.63,SAFE
2026-09-20 14:08:52,BNE.04,ITABAL8,0.0,0.55,SAFE
2026-09-20 14:09:00,BNY.03,CSA BONTANG SIS,0.0,0.97,SAFE
2026-09-20 14:09:00,BTG.03,CSA BONTANG SIS,0.0,9.36,SAFE
2026-09-20 14:09:00,BTG.04,CSA BONTANG SIS,0.0,175.0,SAFE
2026-09-20 14:09:00,FLR.02,CSA BONTANG SIS,0.0,0.75,SAFE
2026-09-20 14:08:52,JKT.01,ITABAL9,0.0,25.36,SAFE
2026-09-20 14:08:52,JKT.02,ITABAL9,0.0,7.78,SAFE
2026-09-20 14:08:52,JKT.03,ITABAL9,0.0,4.16,SAFE
2026-09-20 14:08:52,JKT.04,ITABAL9,0.0,1.17,SAFE
2026-09-20 14:08:52,JKT.05,ITABAL9,0.0,5.68,SAFE
2026-09-20 14:08:52,JKT.06,ITABAL9,0.0,7.45,SAFE
2026-09-20 14:08:52,JKT.07,ITABAL9,0.0,11.55,SAFE
2026-09-20 14:08:52,JKT.08,ITABAL9,0.0,4.26,SAFE
2026-09-20 14:08:52,JMB.01,ITABAL8,0.0,3.07,SAFE
2026-09-20 14:08:52,JMB.03,ITABAL8,0.0,1.02,SAFE
2026-09-20 14:08:52,JMB.04,ITABAL9,0.0,0.77,SAFE
2026-09-20 14:09:00,KRC.02,VP SABANG TIMUR SIS,0.0,1.04,SAFE
2026-09-20 14:08:52,KRC.03,ITABAL8,0.0,1.31,SAFE
2026-09-20 14:09:00,KRC.05,VP SABANG TIMUR SIS,0.0,1.93,SAFE
2026-09-20 14:09:00,KRC.07,VP SABANG TIMUR SIS,0.0,2.15,SAFE
2026-09-20 14:08:52,LHT.01,ITABAL8,0.0,5.84,SAFE
2026-09-20 14:08:52,LPG.01,ITABAL8,0.0,2.05,SAFE
2026-09-20 14:08:52,LPG.02,ITABAL8,0.0,12.03,SAFE
2026-09-20 14:08:52,LPG.03,ITABAL8,0.0,6.96,SAFE
2026-09-20 14:08:52,LPG.06,ITABAL8,0.0,6.69,SAFE
2026-09-20 14:08:52,LPG.07,ITABAL8,0.0,12.92,SAFE
2026-09-20 14:08:52,MDN.01,ITABAL8,0.0,3.37,SAFE
2026-09-20 14:08:52,MDN.02,ITABAL8,0.0,2.53,SAFE
2026-09-20 14:08:52,MDN.03,ITABAL8,0.0,7.25,SAFE
2026-09-20 14:08:52,MDN.04,ITABAL8,0.0,1.95,SAFE
2026-09-20 14:08:52,MIA.01,ITABAL9,0.0,1.22,SAFE
2026-09-20 14:08:52,MIA.02,ITABAL9,0.0,17.59,SAFE
2026-09-20 14:08:52,MIA.03,ITABAL9,0.0,4.28,SAFE
2026-09-20 14:10:00,MIA.04,PITSTOP AMBON SIS,0.0,2.31,SAFE
2026-09-20 14:08:52,MIA.05,ITABAL9,0.0,20.96,SAFE
2026-09-20 14:08:52,MIA.06,ITABAL9,0.0,1.16,SAFE
2026-09-20 14:09:00,MKS.01,CSA BONTANG SIS,0.0,0.72,SAFE
2026-09-20 14:10:00,MKS.02,PITSTOP AMBON SIS,0.0,1.06,SAFE
,MKS.03,ROM 13,0.0,8.2,SAFE
,MKS.04,ROM 13,0.0,3.08,SAFE
2026-09-20 14:09:00,MND.02,CSA BONTANG SIS,0.0,2.49,SAFE
2026-09-20 14:09:00,MRK.01,VP SABANG TIMUR SIS,0.0,1.65,SAFE
2026-09-20 14:10:00,MTM.01,PITSTOP AMBON SIS,0.0,1.64,SAFE
2026-09-20 14:10:00,MTP.01,PITSTOP AMBON SIS,0.0,1.01,SAFE
2026-09-20 14:09:00,MTR.01,VP SABANG TIMUR SIS,0.0,1.67,SAFE
2026-09-20 14:08:52,NIS.01,ITABAL8,0.0,0.57,SAFE
2026-09-20 14:08:52,NIS.02,ITABAL8,0.0,0.86,SAFE
2026-09-20 14:08:52,NIS.03,ITABAL8,0.0,1.03,SAFE
2026-09-20 14:08:52,PDG.01,ITABAL9,0.0,0.52,SAFE
2026-09-20 14:08:52,PLB.01,ITABAL8,0.0,1.87,SAFE
2026-09-20 14:08:52,PLB.02,ITABAL8,0.0,0.84,SAFE
2026-09-20 14:08:52,PLB.03,ITABAL8,0.0,2.0,SAFE
2026-09-20 14:08:52,PLB.04,ITABAL8,0.0,13.62,SAFE
2026-09-20 14:09:00,PLU.04,CSA BONTANG SIS,0.0,2.36,SAFE
2026-09-20 14:09:00,RIU.02,VP SABANG TIMUR SIS,0.0,0.61,SAFE
2026-09-20 14:09:00,RIU.04,VP SABANG TIMUR SIS,0.0,0.51,SAFE
2026-09-20 14:09:00,SBG.02,VP SABANG TIMUR SIS,0.0,1.91,SAFE
2026-09-20 14:09:00,SBG.03,VP SABANG TIMUR SIS,0.0,5.65,SAFE
2026-09-20 14:09:00,SBG.04,VP SABANG TIMUR SIS,0.0,0.63,SAFE
2026-09-20 14:09:00,SBG.05,VP SABANG TIMUR SIS,0.0,21.21,SAFE
2026-09-20 14:08:52,SBG.06,ITABAL8,0.0,14.52,SAFE
2026-09-20 14:09:00,SBG.08,VP SABANG TIMUR SIS,0.0,1.35,SAFE
2026-09-20 14:09:00,SBG.10,VP SABANG TIMUR SIS,0.0,2.05,SAFE
2026-09-20 14:09:00,SBG.11,VP SABANG TIMUR SIS,0.0,0.75,SAFE
2026-09-20 14:09:00,SGT.02,CSA BONTANG SIS,0.0,0.19,SAFE
2026-09-20 14:09:00,SMB.02,CSA BONTANG SIS,0.0,2.63,SAFE
2026-09-20 14:09:00,SMB.03,CSA BONTANG SIS,0.0,4.72,SAFE
2026-09-20 14:10:00,SNT.01,PITSTOP AMBON SIS,0.0,1.34,SAFE
2026-09-20 14:09:00,TJG.01,CSA BONTANG SIS,0.0,1.99,SAFE
2026-09-20 14:09:00,TJG.02,CSA BONTANG SIS,0.0,5.65,SAFE
2026-09-20 19:18:00,AMB.01,PITSTOP AMBON SIS,0.0,7.46,SAFE
2026-09-20 19:16:00,BDG.02,VP OB 1 SIS,0.0,19.31,SAFE
2026-09-20 19:16:00,BDG.03,VP OB 1 SIS,0.0,5.73,SAFE
2026-09-20 19:16:00,BDG.04,VP OB 1 SIS,0.0,1.07,SAFE
2026-09-20 19:17:02,BDG.05,ITABAL9,0.0,2.1,SAFE
2026-09-20 17:32:00,BGK.01,VP SABANG TIMUR SIS,0.0,1.59,SAFE
2026-09-20 17:32:00,BGK.02,VP SABANG TIMUR SIS,0.0,18.92,SAFE
2026-09-20 19:17:02,BGR.01,ITABAL9,0.0,1.34,SAFE
2026-09-20 19:17:00,BJB.03,CSA BONTANG SIS,0.0,1.34,SAFE
2026-09-20 19:18:00,BJM.01,PITSTOP AMBON SIS,0.0,3.86,SAFE
2026-09-20 19:17:00,BJM.02,CSA BONTANG SIS,0.0,1.68,SAFE
2026-09-20 19:17:02,BKL.01,ITABAL8,0.0,58.33,SAFE
2026-09-20 19:17:02,BKL.02,ITABAL8,0.0,0.72,SAFE
2026-09-20 19:17:02,BNE.02,ITABAL8,0.0,1.52,SAFE
2026-09-20 19:17:02,BNE.03,ITABAL8,0.0,0.63,SAFE
2026-09-20 19:17:02,BNE.04,ITABAL8,0.0,0.55,SAFE
2026-09-20 19:17:00,BNY.03,CSA BONTANG SIS,0.0,0.97,SAFE
2026-09-20 19:17:00,BTG.03,CSA BONTANG SIS,0.0,9.36,SAFE
2026-09-20 19:17:00,BTG.04,CSA BONTANG SIS,0.0,175.0,SAFE
2026-09-20 19:17:00,FLR.02,CSA BONTANG SIS,0.0,0.75,SAFE
2026-09-20 19:17:02,JKT.01,ITABAL9,0.0,25.36,SAFE
2026-09-20 19:17:02,JKT.02,ITABAL9,0.0,7.78,SAFE
2026-09-20 19:17:02,JKT.03,ITABAL9,0.0,4.16,SAFE
2026-09-20 19:17:02,JKT.04,ITABAL9,0.0,1.17,SAFE
2026-09-20 19:17:02,JKT.05,ITABAL9,0.0,5.68,SAFE
2026-09-20 19:17:02,JKT.06,ITABAL9,0.0,7.45,SAFE
2026-09-20 19:17:02,JKT.07,ITABAL9,0.0,11.55,SAFE
2026-09-20 19:17:02,JKT.08,ITABAL9,0.0,4.26,SAFE
2026-09-20 19:17:02,JMB.01,ITABAL8,0.0,3.07,SAFE
2026-09-20 19:17:02,JMB.03,ITABAL8,0.0,1.02,SAFE
2026-09-20 19:17:02,JMB.04,ITABAL9,0.0,0.77,SAFE
2026-09-20 17:32:00,KRC.02,VP SABANG TIMUR SIS,0.0,1.04,SAFE
2026-09-20 19:17:02,KRC.03,ITABAL8,0.0,1.31,SAFE
2026-09-20 17:32:00,KRC.05,VP SABANG TIMUR SIS,0.0,1.93,SAFE
2026-09-20 17:32:00,KRC.07,VP SABANG TIMUR SIS,0.0,2.15,SAFE
2026-09-20 19:17:02,LHT.01,ITABAL8,0.0,5.84,SAFE
2026-09-20 19:17:02,LPG.01,ITABAL8,0.0,2.05,SAFE
2026-09-20 19:17:02,LPG.02,ITABAL8,0.0,12.03,SAFE
2026-09-20 19:17:02,LPG.03,ITABAL8,0.0,6.96,SAFE
2026-09-20 19:17:02,LPG.06,ITABAL8,0.0,6.69,SAFE
2026-09-20 19:17:02,LPG.07,ITABAL8,0.0,12.92,SAFE
2026-09-20 19:17:02,MDN.01,ITABAL8,0.0,3.37,SAFE
2026-09-20 19:17:02,MDN.02,ITABAL8,0.0,2.53,SAFE
2026-09-20 19:17:02,MDN.03,ITABAL8,0.0,7.25,SAFE
2026-09-20 19:17:02,MDN.04,ITABAL8,0.0,1.95,SAFE
2026-09-20 19:17:02,MIA.01,ITABAL9,0.0,1.22,SAFE
2026-09-20 19:17:02,MIA.02,ITABAL9,0.0,17.59,SAFE
2026-09-20 19:17:02,MIA.03,ITABAL9,0.0,4.28,SAFE
2026-09-20 19:18:00,MIA.04,PITSTOP AMBON SIS,0.0,2.31,SAFE
2026-09-20 19:17:02,MIA.05,ITABAL9,0.0,20.96,SAFE
2026-09-20 19:17:02,MIA.06,ITABAL9,0.0,1.16,SAFE
2026-09-20 19:17:00,MKS.01,CSA BONTANG SIS,0.0,0.72,SAFE
2026-09-20 19:18:00,MKS.02,PITSTOP AMBON SIS,0.0,1.06,SAFE
,MKS.03,ROM 13,0.0,8.2,SAFE
,MKS.04,ROM 13,0.0,3.08,SAFE
2026-09-20 19:17:00,MND.02,CSA BONTANG SIS,0.0,2.49,SAFE
2026-09-20 17:32:00,MRK.01,VP SABANG TIMUR SIS,0.0,1.65,SAFE
2026-09-20 19:18:00,MTM.01,PITSTOP AMBON SIS,0.0,1.64,SAFE
2026-09-20 19:18:00,MTP.01,PITSTOP AMBON SIS,0.0,1.01,SAFE
2026-09-20 17:32:00,MTR.01,VP SABANG TIMUR SIS,0.0,1.67,SAFE
2026-09-20 19:17:02,NIS.01,ITABAL8,0.0,0.57,SAFE
2026-09-20 19:17:02,NIS.02,ITABAL8,0.0,0.86,SAFE
2026-09-20 19:17:02,NIS.03,ITABAL8,0.0,1.03,SAFE
2026-09-20 19:17:02,PDG.01,ITABAL9,0.0,0.52,SAFE
2026-09-20 19:17:02,PLB.01,ITABAL8,0.0,1.87,SAFE
2026-09-20 19:17:02,PLB.02,ITABAL8,0.0,0.84,SAFE
2026-09-20 19:17:02,PLB.03,ITABAL8,0.0,2.0,SAFE
2026-09-20 19:17:02,PLB.04,ITABAL8,0.0,13.62,SAFE
2026-09-20 19:17:00,PLU.04,CSA BONTANG SIS,0.0,2.36,SAFE
2026-09-20 17:32:00,RIU.02,VP SABANG TIMUR SIS,0.0,0.61,SAFE
2026-09-20 17:32:00,RIU.04,VP SABANG TIMUR SIS,0.0,0.51,SAFE
2026-09-20 17:32:00,SBG.02,VP SABANG TIMUR SIS,0.0,1.91,SAFE
2026-09-20 17:32:00,SBG.03,VP SABANG TIMUR SIS,0.0,5.65,SAFE
2026-09-20 17:32:00,SBG.04,VP SABANG TIMUR SIS,0.0,0.63,SAFE
2026-09-20 17:32:00,SBG.05,VP SABANG TIMUR SIS,0.0,21.21,SAFE
2026-09-20 19:17:02,SBG.06,ITABAL8,0.0,14.52,SAFE
2026-09-20 17:32:00,SBG.08,VP SABANG TIMUR SIS,0.0,1.35,SAFE
2026-09-20 17:32:00,SBG.10,VP SABANG TIMUR SIS,0.0,2.05,SAFE
2026-09-20 17:32:00,SBG.11,VP SABANG TIMUR SIS,0.0,0.75,SAFE
2026-09-20 19:17:00,SGT.02,CSA BONTANG SIS,0.0,0.19,SAFE
2026-09-20 19:17:00,SMB.02,CSA BONTANG SIS,0.0,2.63,SAFE
2026-09-20 19:17:00,SMB.03,CSA BONTANG SIS,0.0,4.72,SAFE
2026-09-20 19:18:00,SNT.01,PITSTOP AMBON SIS,0.0,1.34,SAFE
2026-09-20 19:17:00,TJG.01,CSA BONTANG SIS,0.0,1.99,SAFE
2026-09-20 19:17:00,TJG.02,CSA BONTANG SIS,0.0,5.65,SAFE
2026-09-20 22:44:00,AMB.01,PITSTOP AMBON SIS,0.0,7.46,SAFE
2026-09-20 22:42:00,BDG.02,VP OB 1 SIS,0.0,19.31,SAFE
2026-09-20 22:42:00,BDG.03,VP OB 1 SIS,0.0,5.73,SAFE
2026-09-20 22:42:00,BDG.04,VP OB 1 SIS,0.0,1.07,SAFE
2026-09-20 22:42:56,BDG.05,ITABAL9,0.0,2.1,SAFE
2026-09-20 17:32:00,BGK.01,VP SABANG TIMUR SIS,0.0,1.59,SAFE
2026-09-20 17:32:00,BGK.02,VP SABANG TIMUR SIS,0.0,18.92,SAFE
2026-09-20 22:42:56,BGR.01,ITABAL9,0.0,1.34,SAFE
2026-09-20 22:43:00,BJB.03,CSA BONTANG SIS,0.0,1.34,SAFE
2026-09-20 22:44:00,BJM.01,PITSTOP AMBON SIS,0.0,3.86,SAFE
2026-09-20 22:43:00,BJM.02,CSA BONTANG SIS,0.0,1.68,SAFE
2026-09-20 22:42:56,BKL.01,ITABAL8,0.0,58.33,SAFE
2026-09-20 22:42:56,BKL.02,ITABAL8,0.0,0.72,SAFE
2026-09-20 22:42:56,BNE.02,ITABAL8,0.0,1.52,SAFE
2026-09-20 22:42:56,BNE.03,ITABAL8,0.0,0.63,SAFE
2026-09-20 22:42:56,BNE.04,ITABAL8,0.0,0.55,SAFE
2026-09-20 22:43:00,BNY.03,CSA BONTANG SIS,0.0,0.97,SAFE
2026-09-20 22:43:00,BTG.03,CSA BONTANG SIS,0.0,9.36,SAFE
2026-09-20 22:43:00,BTG.04,CSA BONTANG SIS,0.0,175.0,SAFE
2026-09-20 22:43:00,FLR.02,CSA BONTANG SIS,0.0,0.75,SAFE
2026-09-20 22:42:56,JKT.01,ITABAL9,0.0,25.36,SAFE
2026-09-20 22:42:56,JKT.02,ITABAL9,0.0,7.78,SAFE
2026-09-20 22:42:56,JKT.03,ITABAL9,0.0,4.16,SAFE
2026-09-20 22:42:56,JKT.04,ITABAL9,0.0,1.17,SAFE
2026-09-20 22:42:56,JKT.05,ITABAL9,0.0,5.68,SAFE
2026-09-20 22:42:56,JKT.06,ITABAL9,0.0,7.45,SAFE
2026-09-20 22:42:56,JKT.07,ITABAL9,0.0,11.55,SAFE
2026-09-20 22:42:56,JKT.08,ITABAL9,0.0,4.26,SAFE
2026-09-20 22:42:56,JMB.01,ITABAL8,0.0,3.07,SAFE
2026-09-20 22:42:56,JMB.03,ITABAL8,0.0,1.02,SAFE
2026-09-20 22:42:56,JMB.04,ITABAL9,0.0,0.77,SAFE
2026-09-20 17:32:00,KRC.02,VP SABANG TIMUR SIS,0.0,1.04,SAFE
2026-09-20 22:42:56,KRC.03,ITABAL8,0.0,1.31,SAFE
2026-09-20 17:32:00,KRC.05,VP SABANG TIMUR SIS,0.0,1.93,SAFE
2026-09-20 17:32:00,KRC.07,VP SABANG TIMUR SIS,0.0,2.15,SAFE
2026-09-20 22:42:56,LHT.01,ITABAL8,0.0,5.84,SAFE
2026-09-20 22:42:56,LPG.01,ITABAL8,0.0,2.05,SAFE
2026-09-20 22:42:56,LPG.02,ITABAL8,0.0,12.03,SAFE
2026-09-20 22:42:56,LPG.03,ITABAL8,0.0,6.96,SAFE
2026-09-20 22:42:56,LPG.06,ITABAL8,0.0,6.69,SAFE
2026-09-20 22:42:56,LPG.07,ITABAL8,0.0,12.92,SAFE
2026-09-20 22:42:56,MDN.01,ITABAL8,0.0,3.37,SAFE
2026-09-20 22:42:56,MDN.02,ITABAL8,0.0,2.53,SAFE
2026-09-20 22:42:56,MDN.03,ITABAL8,0.0,7.25,SAFE
2026-09-20 22:42:56,MDN.04,ITABAL8,0.0,1.95,SAFE
2026-09-20 22:42:56,MIA.01,ITABAL9,0.0,1.22,SAFE
2026-09-20 22:42:56,MIA.02,ITABAL9,0.0,17.59,SAFE
2026-09-20 22:42:56,MIA.03,ITABAL9,0.0,4.28,SAFE
2026-09-20 22:44:00,MIA.04,PITSTOP AMBON SIS,0.0,2.31,SAFE
2026-09-20 22:42:56,MIA.05,ITABAL9,0.0,20.96,SAFE
2026-09-20 22:42:56,MIA.06,ITABAL9,0.0,1.16,SAFE
2026-09-20 22:43:00,MKS.01,CSA BONTANG SIS,0.0,0.72,SAFE
2026-09-20 22:44:00,MKS.02,PITSTOP AMBON SIS,0.0,1.06,SAFE
,MKS.03,ROM 13,0.0,8.2,SAFE
,MKS.04,ROM 13,0.0,3.08,SAFE
2026-09-20 22:43:00,MND.02,CSA BONTANG SIS,0.0,2.49,SAFE
2026-09-20 17:32:00,MRK.01,VP SABANG TIMUR SIS,0.0,1.65,SAFE
2026-09-20 22:44:00,MTM.01,PITSTOP AMBON SIS,0.0,1.64,SAFE
2026-09-20 22:44:00,MTP.01,PITSTOP AMBON SIS,0.0,1.01,SAFE
2026-09-20 17:32:00,MTR.01,VP SABANG TIMUR SIS,0.0,1.67,SAFE
2026-09-20 22:42:56,NIS.01,ITABAL8,0.0,0.57,SAFE
2026-09-20 22:42:56,NIS.02,ITABAL8,0.0,0.86,SAFE
2026-09-20 22:42:56,NIS.03,ITABAL8,0.0,1.03,SAFE
2026-09-20 22:42:56,PDG.01,ITABAL9,0.0,0.52,SAFE
2026-09-20 22:42:56,PLB.01,ITABAL8,0.0,1.87,SAFE
2026-09-20 22:42:56,PLB.02,ITABAL8,0.0,0.84,SAFE
2026-09-20 22:42:56,PLB.03,ITABAL8,0.0,2.0,SAFE
2026-09-20 22:42:56,PLB.04,ITABAL8,0.0,13.62,SAFE
2026-09-20 22:43:00,PLU.04,CSA BONTANG SIS,0.0,2.36,SAFE
2026-09-20 17:32:00,RIU.02,VP SABANG TIMUR SIS,0.0,0.61,SAFE
2026-09-20 17:32:00,RIU.04,VP SABANG TIMUR SIS,0.0,0.51,SAFE
2026-09-20 17:32:00,SBG.02,VP SABANG TIMUR SIS,0.0,1.91,SAFE
2026-09-20 17:32:00,SBG.03,VP SABANG TIMUR SIS,0.0,5.65,SAFE
2026-09-20 17:32:00,SBG.04,VP SABANG TIMUR SIS,0.0,0.63,SAFE
2026-09-20 17:32:00,SBG.05,VP SABANG TIMUR SIS,0.0,21.21,SAFE
2026-09-20 22:42:56,SBG.06,ITABAL8,0.0,14.52,SAFE
2026-09-20 17:32:00,SBG.08,VP SABANG TIMUR SIS,0.0,1.35,SAFE
2026-09-20 17:32:00,SBG.10,VP SABANG TIMUR SIS,0.0,2.05,SAFE
2026-09-20 17:32:00,SBG.11,VP SABANG TIMUR SIS,0.0,0.75,SAFE
2026-09-20 22:43:00,SGT.02,CSA BONTANG SIS,0.0,0.19,SAFE
2026-09-20 22:43:00,SMB.02,CSA BONTANG SIS,0.0,2.63,SAFE
2026-09-20 22:43:00,SMB.03,CSA BONTANG SIS,0.0,4.72,SAFE
2026-09-20 22:44:00,SNT.01,PITSTOP AMBON SIS,0.0,1.34,SAFE
2026-09-20 22:43:00,TJG.01,CSA BONTANG SIS,0.0,1.99,SAFE
2026-09-20 22:43:00,TJG.02,CSA BONTANG SIS,0.0,5.65,SAFE
2026-09-20 23:59:00,AMB.01,PITSTOP AMBON SIS,0.0,7.46,SAFE
2026-09-20 23:59:00,BDG.02,VP OB 1 SIS,0.0,19.31,SAFE
2026-09-20 23:59:00,BDG.03,VP OB 1 SIS,0.0,5.73,SAFE
2026-09-20 23:59:00,BDG.04,VP OB 1 SIS,0.0,1.07,SAFE
2026-09-21 01:40:18,BDG.05,ITABAL9,0.0,2.1,SAFE
2026-09-20 17:32:00,BGK.01,VP SABANG TIMUR SIS,0.0,1.59,SAFE
2026-09-20 17:32:00,BGK.02,VP SABANG TIMUR SIS,0.0,18.92,SAFE
2026-09-21 01:40:18,BGR.01,ITABAL9,0.0,1.34,SAFE
2026-09-20 23:59:00,BJB.03,CSA BONTANG SIS,0.0,1.34,SAFE
2026-09-20 23:59:00,BJM.01,PITSTOP AMBON SIS,0.0,3.86,SAFE
2026-09-20 23:59:00,BJM.02,CSA BONTANG SIS,0.0,1.68,SAFE
2026-09-21 01:40:18,BKL.01,ITABAL8,0.0,58.33,SAFE
2026-09-21 01:40:18,BKL.02,ITABAL8,0.0,0.72,SAFE
2026-09-21 01:40:18,BNE.02,ITABAL8,0.0,1.52,SAFE
2026-09-21 01:40:18,BNE.03,ITABAL8,0.0,0.63,SAFE
2026-09-21 01:40:18,BNE.04,ITABAL8,0.0,0.55,SAFE
2026-09-20 23:59:00,BNY.03,CSA BONTANG SIS,0.0,0.97,SAFE
2026-09-20 23:59:00,BTG.03,CSA BONTANG SIS,0.0,9.36,SAFE
2026-09-20 23:59:00,BTG.04,CSA BONTANG SIS,0.0,175.0,SAFE
2026-09-20 23:59:00,FLR.02,CSA BONTANG SIS,0.0,0.75,SAFE
2026-09-21 01:40:18,JKT.01,ITABAL9,0.0,25.36,SAFE
2026-09-21 01:40:18,JKT.02,ITABAL9,0.0,7.78,SAFE
2026-09-21 01:40:18,JKT.03,ITABAL9,0.0,4.16,SAFE
2026-09-21 01:40:18,JKT.04,ITABAL9,0.0,1.17,SAFE
2026-09-21 01:40:18,JKT.05,ITABAL9,0.0,5.68,SAFE
2026-09-21 01:40:18,JKT.06,ITABAL9,0.0,7.45,SAFE
2026-09-21 01:40:18,JKT.07,ITABAL9,0.0,11.55,SAFE
2026-09-21 01:40:18,JKT.08,ITABAL9,0.0,4.26,SAFE
2026-09-21 01:40:18,JMB.01,ITABAL8,0.0,3.07,SAFE
2026-09-21 01:40:18,JMB.03,ITABAL8,0.0,1.02,SAFE
2026-09-21 01:40:18,JMB.04,ITABAL9,0.0,0.77,SAFE
2026-09-20 17:32:00,KRC.02,VP SABANG TIMUR SIS,0.0,1.04,SAFE
2026-09-21 01:40:18,KRC.03,ITABAL8,0.0,1.31,SAFE
2026-09-20 17:32:00,KRC.05,VP SABANG TIMUR SIS,0.0,1.93,SAFE
2026-09-20 17:32:00,KRC.07,VP SABANG TIMUR SIS,0.0,2.15,SAFE
2026-09-21 01:40:18,LHT.01,ITABAL8,0.0,5.84,SAFE
2026-09-21 01:40:18,LPG.01,ITABAL8,0.0,2.05,SAFE
2026-09-21 01:40:18,LPG.02,ITABAL8,0.0,12.03,SAFE
2026-09-21 01:40:18,LPG.03,ITABAL8,0.0,6.96,SAFE
2026-09-21 01:40:18,LPG.06,ITABAL8,0.0,6.69,SAFE
2026-09-21 01:40:18,LPG.07,ITABAL8,0.0,12.92,SAFE
2026-09-21 01:40:18,MDN.01,ITABAL8,0.0,3.37,SAFE
2026-09-21 01:40:18,MDN.02,ITABAL8,0.0,2.53,SAFE
2026-09-21 01:40:18,MDN.03,ITABAL8,0.0,7.25,SAFE
2026-09-21 01:40:18,MDN.04,ITABAL8,0.0,1.95,SAFE
2026-09-21 01:40:18,MIA.01,ITABAL9,0.0,1.22,SAFE
2026-09-21 01:40:18,MIA.02,ITABAL9,0.0,17.59,SAFE
2026-09-21 01:40:18,MIA.03,ITABAL9,0.0,4.28,SAFE
2026-09-20 23:59:00,MIA.04,PITSTOP AMBON SIS,0.0,2.31,SAFE
2026-09-21 01:40:18,MIA.05,ITABAL9,0.0,20.96,SAFE
2026-09-21 01:40:18,MIA.06,ITABAL9,0.0,1.16,SAFE
2026-09-20 23:59:00,MKS.01,CSA BONTANG SIS,0.0,0.72,SAFE
2026-09-20 23:59:00,MKS.02,PITSTOP AMBON SIS,0.0,1.06,SAFE
,MKS.03,ROM 13,0.0,8.2,SAFE
,MKS.04,ROM 13,0.0,3.08,SAFE
2026-09-20 23:59:00,MND.02,CSA BONTANG SIS,0.0,2.49,SAFE
2026-09-20 17:32:00,MRK.01,VP SABANG TIMUR SIS,0.0,1.65,SAFE
2026-09-20 23:59:00,MTM.01,PITSTOP AMBON SIS,0.0,1.64,SAFE
2026-09-20 23:59:00,MTP.01,PITSTOP AMBON SIS,0.0,1.01,SAFE
2026-09-20 17:32:00,MTR.01,VP SABANG TIMUR SIS,0.0,1.67,SAFE
2026-09-21 01:40:18,NIS.01,ITABAL8,0.0,0.57,SAFE
2026-09-21 01:40:18,NIS.02,ITABAL8,0.0,0.86,SAFE
2026-09-21 01:40:18,NIS.03,ITABAL8,0.0,1.03,SAFE
2026-09-21 01:40:18,PDG.01,ITABAL9,0.0,0.52,SAFE
2026-09-21 01:40:18,PLB.01,ITABAL8,0.0,1.87,SAFE
2026-09-21 01:40:18,PLB.02,ITABAL8,0.0,0.84,SAFE
2026-09-21 01:40:18,PLB.03,ITABAL8,0.0,2.0,SAFE
2026-09-21 01:40:18,PLB.04,ITABAL8,0.0,13.62,SAFE
2026-09-20 23:59:00,PLU.04,CSA BONTANG SIS,0.0,2.36,SAFE
2026-09-20 17:32:00,RIU.02,VP SABANG TIMUR SIS,0.0,0.61,SAFE
2026-09-20 17:32:00,RIU.04,VP SABANG TIMUR SIS,0.0,0.51,SAFE
2026-09-20 17:32:00,SBG.02,VP SABANG TIMUR SIS,0.0,1.91,SAFE
2026-09-20 17:32:00,SBG.03,VP SABANG TIMUR SIS,0.0,5.65,SAFE
2026-09-20 17:32:00,SBG.04,VP SABANG TIMUR SIS,0.0,0.63,SAFE
2026-09-20 17:32:00,SBG.05,VP SABANG TIMUR SIS,0.0,21.21,SAFE
2026-09-21 01:40:18,SBG.06,ITABAL8,0.0,14.52,SAFE
2026-09-20 17:32:00,SBG.08,VP SABANG TIMUR SIS,0.0,1.35,SAFE
2026-09-20 17:32:00,SBG.10,VP SABANG TIMUR SIS,0.0,2.05,SAFE
2026-09-20 17:32:00,SBG.11,VP SABANG TIMUR SIS,0.0,0.75,SAFE
2026-09-20 23:59:00,SGT.02,CSA BONTANG SIS,0.0,0.19,SAFE
2026-09-20 23:59:00,SMB.02,CSA BONTANG SIS,0.0,2.63,SAFE
2026-09-20 23:59:00,SMB.03,CSA BONTANG SIS,0.0,4.72,SAFE
2026-09-20 23:59:00,SNT.01,PITSTOP AMBON SIS,0.0,1.34,SAFE
2026-09-20 23:59:00,TJG.01,CSA BONTANG SIS,0.0,1.99,SAFE
2026-09-20 23:59:00,TJG.02,CSA BONTANG SIS,0.0,5.65,SAFE
2026-09-20 23:59:00,AMB.01,PITSTOP AMBON SIS,0.0,7.46,SAFE
2026-09-20 23:59:00,BDG.02,VP OB 1 SIS,0.0,19.31,SAFE
2026-09-20 23:59:00,BDG.03,VP OB 1 SIS,0.0,5.73,SAFE
2026-09-20 23:59:00,BDG.04,VP OB 1 SIS,0.0,1.07,SAFE
2026-09-21 03:44:01,BDG.05,ITABAL9,0.0,2.1,SAFE
2026-09-20 17:32:00,BGK.01,VP SABANG TIMUR SIS,0.0,1.59,SAFE
2026-09-20 17:32:00,BGK.02,VP SABANG TIMUR SIS,0.0,18.92,SAFE
2026-09-21 03:44:01,BGR.01,ITABAL9,0.0,1.34,SAFE
2026-09-20 23:59:00,BJB.03,CSA BONTANG SIS,0.0,1.34,SAFE
2026-09-20 23:59:00,BJM.01,PITSTOP AMBON SIS,0.0,3.86,SAFE
2026-09-20 23:59:00,BJM.02,CSA BONTANG SIS,0.0,1.68,SAFE
2026-09-21 03:44:01,BKL.01,ITABAL8,0.0,58.33,SAFE
2026-09-21 03:44:01,BKL.02,ITABAL8,0.0,0.72,SAFE
2026-09-21 03:44:01,BNE.02,ITABAL8,0.0,1.52,SAFE
2026-09-21 03:44:01,BNE.03,ITABAL8,0.0,0.63,SAFE
2026-09-21 03:44:01,BNE.04,ITABAL8,0.0,0.55,SAFE
2026-09-20 23:59:00,BNY.03,CSA BONTANG SIS,0.0,0.97,SAFE
2026-09-20 23:59:00,BTG.03,CSA BONTANG SIS,0.0,9.36,SAFE
2026-09-20 23:59:00,BTG.04,CSA BONTANG SIS,0.0,175.0,SAFE
2026-09-20 23:59:00,FLR.02,CSA BONTANG SIS,0.0,0.75,SAFE
2026-09-21 03:44:01,JKT.01,ITABAL9,0.0,25.36,SAFE
2026-09-21 03:44:01,JKT.02,ITABAL9,0.0,7.78,SAFE
2026-09-21 03:44:01,JKT.03,ITABAL9,0.0,4.16,SAFE
2026-09-21 03:44:01,JKT.04,ITABAL9,0.0,1.17,SAFE
2026-09-21 03:44:01,JKT.05,ITABAL9,0.0,5.68,SAFE
2026-09-21 03:44:01,JKT.06,ITABAL9,0.0,7.45,SAFE
2026-09-21 03:44:01,JKT.07,ITABAL9,0.0,11.55,SAFE
2026-09-21 03:44:01,JKT.08,ITABAL9,0.0,4.26,SAFE
2026-09-21 03:44:01,JMB.01,ITABAL8,0.0,3.07,SAFE
2026-09-21 03:44:01,JMB.03,ITABAL8,0.0,1.02,SAFE
2026-09-21 03:44:01,JMB.04,ITABAL9,0.0,0.77,SAFE
2026-09-20 17:32:00,KRC.02,VP SABANG TIMUR SIS,0.0,1.04,SAFE
2026-09-21 03:44:01,KRC.03,ITABAL8,0.0,1.31,SAFE
2026-09-20 17:32:00,KRC.05,VP SABANG TIMUR SIS,0.0,1.93,SAFE
2026-09-20 17:32:00,KRC.07,VP SABANG TIMUR SIS,0.0,2.15,SAFE
2026-09-21 03:44:01,LHT.01,ITABAL8,0.0,5.84,SAFE
2026-09-21 03:44:01,LPG.01,ITABAL8,0.0,2.05,SAFE
2026-09-21 03:44:01,LPG.02,ITABAL8,0.0,12.03,SAFE
2026-09-21 03:44:01,LPG.03,ITABAL8,0.0,6.96,SAFE
2026-09-21 03:44:01,LPG.06,ITABAL8,0.0,6.69,SAFE
2026-09-21 03:44:01,LPG.07,ITABAL8,0.0,12.92,SAFE
2026-09-21 03:44:01,MDN.01,ITABAL8,0.0,3.37,SAFE
2026-09-21 03:44:01,MDN.02,ITABAL8,0.0,2.53,SAFE
2026-09-21 03:44:01,MDN.03,ITABAL8,0.0,7.25,SAFE
2026-09-21 03:44:01,MDN.04,ITABAL8,0.0,1.95,SAFE
2026-09-21 03:44:01,MIA.01,ITABAL9,0.0,1.22,SAFE
2026-09-21 03:44:01,MIA.02,ITABAL9,0.0,17.59,SAFE
2026-09-21 03:44:01,MIA.03,ITABAL9,0.0,4.28,SAFE
2026-09-20 23:59:00,MIA.04,PITSTOP AMBON SIS,0.0,2.31,SAFE
2026-09-21 03:44:01,MIA.05,ITABAL9,0.0,20.96,SAFE
2026-09-21 03:44:01,MIA.06,ITABAL9,0.0,1.16,SAFE
2026-09-20 23:59:00,MKS.01,CSA BONTANG SIS,0.0,0.72,SAFE
2026-09-20 23:59:00,MKS.02,PITSTOP AMBON SIS,0.0,1.06,SAFE
,MKS.03,ROM 13,0.0,8.2,SAFE
,MKS.04,ROM 13,0.0,3.08,SAFE
2026-09-20 23:59:00,MND.02,CSA BONTANG SIS,0.0,2.49,SAFE
2026-09-20 17:32:00,MRK.01,VP SABANG TIMUR SIS,0.0,1.65,SAFE
2026-09-20 23:59:00,MTM.01,PITSTOP AMBON SIS,0.0,1.64,SAFE
2026-09-20 23:59:00,MTP.01,PITSTOP AMBON SIS,0.0,1.01,SAFE
2026-09-20 17:32:00,MTR.01,VP SABANG TIMUR SIS,0.0,1.67,SAFE
2026-09-21 03:44:01,NIS.01,ITABAL8,0.0,0.57,SAFE
2026-09-21 03:44:01,NIS.02,ITABAL8,0.0,0.86,SAFE
2026-09-21 03:44:01,NIS.03,ITABAL8,0.0,1.03,SAFE
2026-09-21 03:44:01,PDG.01,ITABAL9,0.0,0.52,SAFE
2026-09-21 03:44:01,PLB.01,ITABAL8,0.0,1.87,SAFE
2026-09-21 03:44:01,PLB.02,ITABAL8,0.0,0.84,SAFE
2026-09-21 03:44:01,PLB.03,ITABAL8,0.0,2.0,SAFE
2026-09-21 03:44:01,PLB.04,ITABAL8,0.0,13.62,SAFE
2026-09-20 23:59:00,PLU.04,CSA BONTANG SIS,0.0,2.36,SAFE
2026-09-20 17:32:00,RIU.02,VP SABANG TIMUR SIS,0.0,0.61,SAFE
2026-09-20 17:32:00,RIU.04,VP SABANG TIMUR SIS,0.0,0.51,SAFE
2026-09-20 17:32:00,SBG.02,VP SABANG TIMUR SIS,0.0,1.91,SAFE
2026-09-20 17:32:00,SBG.03,VP SABANG TIMUR SIS,0.0,5.65,SAFE
2026-09-20 17:32:00,SBG.04,VP SABANG TIMUR SIS,0.0,0.63,SAFE
2026-09-20 17:32:00,SBG.05,VP SABANG TIMUR SIS,0.0,21.21,SAFE
2026-09-21 03:44:01,SBG.06,ITABAL8,0.0,14.52,SAFE
2026-09-20 17:32:00,SBG.08,VP SABANG TIMUR SIS,0.0,1.35,SAFE
2026-09-20 17:32:00,SBG.10,VP SABANG TIMUR SIS,0.0,2.05,SAFE
2026-09-20 17:32:00,SBG.11,VP SABANG TIMUR SIS,0.0,0.75,SAFE
2026-09-20 23:59:00,SGT.02,CSA BONTANG SIS,0.0,0.19,SAFE
2026-09-20 23:59:00,SMB.02,CSA BONTANG SIS,0.0,2.63,SAFE
2026-09-20 23:59:00,SMB.03,CSA BONTANG SIS,0.0,4.72,SAFE
2026-09-20 23:59:00,SNT.01,PITSTOP AMBON SIS,0.0,1.34,SAFE
2026-09-20 23:59:00,TJG.01,CSA BONTANG SIS,0.0,1.99,SAFE
2026-09-20 23:59:00,TJG.02,CSA BONTANG SIS,0.0,5.65,SAFE
2026-09-20 23:59:00,AMB.01,PITSTOP AMBON SIS,0.0,7.46,SAFE
2026-09-20 23:59:00,BDG.02,VP OB 1 SIS,0.0,19.31,SAFE
2026-09-20 23:59:00,BDG.03,VP OB 1 SIS,0.0,5.73,SAFE
2026-09-20 23:59:00,BDG.04,VP OB 1 SIS,0.0,1.07,SAFE
2026-09-21 05:51:45,BDG.05,ITABAL9,0.0,2.1,SAFE
2026-09-20 17:32:00,BGK.01,VP SABANG TIMUR SIS,0.0,1.59,SAFE
2026-09-20 17:32:00,BGK.02,VP SABANG TIMUR SIS,0.0,18.92,SAFE
2026-09-21 05:51:45,BGR.01,ITABAL9,0.0,1.34,SAFE
2026-09-20 23:59:00,BJB.03,CSA BONTANG SIS,0.0,1.34,SAFE
2026-09-20 23:59:00,BJM.01,PITSTOP AMBON SIS,0.0,3.86,SAFE
2026-09-20 23:59:00,BJM.02,CSA BONTANG SIS,0.0,1.68,SAFE
2026-09-21 05:51:45,BKL.01,ITABAL8,0.0,58.33,SAFE
2026-09-21 05:51:45,BKL.02,ITABAL8,0.0,0.72,SAFE
2026-09-21 05:51:45,BNE.02,ITABAL8,0.0,1.52,SAFE
2026-09-21 05:51:45,BNE.03,ITABAL8,0.0,0.63,SAFE
2026-09-21 05:51:45,BNE.04,ITABAL8,0.0,0.55,SAFE
2026-09-20 23:59:00,BNY.03,CSA BONTANG SIS,0.0,0.97,SAFE
2026-09-20 23:59:00,BTG.03,CSA BONTANG SIS,0.0,9.36,SAFE
2026-09-20 23:59:00,BTG.04,CSA BONTANG SIS,0.0,175.0,SAFE
2026-09-20 23:59:00,FLR.02,CSA BONTANG SIS,0.0,0.75,SAFE
2026-09-21 05:51:45,JKT.01,ITABAL9,0.0,25.36,SAFE
2026-09-21 05:51:45,JKT.02,ITABAL9,0.0,7.78,SAFE
2026-09-21 05:51:45,JKT.03,ITABAL9,0.0,4.16,SAFE
2026-09-21 05:51:45,JKT.04,ITABAL9,0.0,1.17,SAFE
2026-09-21 05:51:45,JKT.05,ITABAL9,0.0,5.68,SAFE
2026-09-21 05:51:45,JKT.06,ITABAL9,0.0,7.45,SAFE
2026-09-21 05:51:45,JKT.07,ITABAL9,0.0,11.55,SAFE
2026-09-21 05:51:45,JKT.08,ITABAL9,0.0,4.26,SAFE
2026-09-21 05:51:45,JMB.01,ITABAL8,0.0,3.07,SAFE
2026-09-21 05:51:45,JMB.03,ITABAL8,0.0,1.02,SAFE
2026-09-21 05:51:45,JMB.04,ITABAL9,0.0,0.77,SAFE
2026-09-20 17:32:00,KRC.02,VP SABANG TIMUR SIS,0.0,1.04,SAFE
2026-09-21 05:51:45,KRC.03,ITABAL8,0.0,1.31,SAFE
2026-09-20 17:32:00,KRC.05,VP SABANG TIMUR SIS,0.0,1.93,SAFE
2026-09-20 17:32:00,KRC.07,VP SABANG TIMUR SIS,0.0,2.15,SAFE
2026-09-21 05:51:45,LHT.01,ITABAL8,0.0,5.84,SAFE
2026-09-21 05:51:45,LPG.01,ITABAL8,0.0,2.05,SAFE
2026-09-21 05:51:45,LPG.02,ITABAL8,0.0,12.03,SAFE
2026-09-21 05:51:45,LPG.03,ITABAL8,0.0,6.96,SAFE
2026-09-21 05:51:45,LPG.06,ITABAL8,0.0,6.69,SAFE
2026-09-21 05:51:45,LPG.07,ITABAL8,0.0,12.92,SAFE
2026-09-21 05:51:45,MDN.01,ITABAL8,0.0,3.37,SAFE
2026-09-21 05:51:45,MDN.02,ITABAL8,0.0,2.53,SAFE
2026-09-21 05:51:45,MDN.03,ITABAL8,0.0,7.25,SAFE
2026-09-21 05:51:45,MDN.04,ITABAL8,0.0,1.95,SAFE
2026-09-21 05:51:45,MIA.01,ITABAL9,0.0,1.22,SAFE
2026-09-21 05:51:45,MIA.02,ITABAL9,0.0,17.59,SAFE
2026-09-21 05:51:45,MIA.03,ITABAL9,0.0,4.28,SAFE
2026-09-20 23:59:00,MIA.04,PITSTOP AMBON SIS,0.0,2.31,SAFE
2026-09-21 05:51:45,MIA.05,ITABAL9,0.0,20.96,SAFE
2026-09-21 05:51:45,MIA.06,ITABAL9,0.0,1.16,SAFE
2026-09-20 23:59:00,MKS.01,CSA BONTANG SIS,0.0,0.72,SAFE
2026-09-20 23:59:00,MKS.02,PITSTOP AMBON SIS,0.0,1.06,SAFE
,MKS.03,ROM 13,0.0,8.2,SAFE
,MKS.04,ROM 13,0.0,3.08,SAFE
2026-09-20 23:59:00,MND.02,CSA BONTANG SIS,0.0,2.49,SAFE
2026-09-20 17:32:00,MRK.01,VP SABANG TIMUR SIS,0.0,1.65,SAFE
2026-09-20 23:59:00,MTM.01,PITSTOP AMBON SIS,0.0,1.64,SAFE
2026-09-20 23:59:00,MTP.01,PITSTOP AMBON SIS,0.0,1.01,SAFE
2026-09-20 17:32:00,MTR.01,VP SABANG TIMUR SIS,0.0,1.67,SAFE
2026-09-21 05:51:45,NIS.01,ITABAL8,0.0,0.57,SAFE
2026-09-21 05:51:45,NIS.02,ITABAL8,0.0,0.86,SAFE
2026-09-21 05:51:45,NIS.03,ITABAL8,0.0,1.03,SAFE
2026-09-21 05:51:45,PDG.01,ITABAL9,0.0,0.52,SAFE
2026-09-21 05:51:45,PLB.01,ITABAL8,0.0,1.87,SAFE
2026-09-21 05:51:45,PLB.02,ITABAL8,0.0,0.84,SAFE
2026-09-21 05:51:45,PLB.03,ITABAL8,0.0,2.0,SAFE
2026-09-21 05:51:45,PLB.04,ITABAL8,0.0,13.62,SAFE
2026-09-20 23:59:00,PLU.04,CSA BONTANG SIS,0.0,2.36,SAFE
2026-09-20 17:32:00,RIU.02,VP SABANG TIMUR SIS,0.0,0.61,SAFE
2026-09-20 17:32:00,RIU.04,VP SABANG TIMUR SIS,0.0,0.51,SAFE
2026-09-20 17:32:00,SBG.02,VP SABANG TIMUR SIS,0.0,1.91,SAFE
2026-09-20 17:32:00,SBG.03,VP SABANG TIMUR SIS,0.0,5.65,SAFE
2026-09-20 17:32:00,SBG.04,VP SABANG TIMUR SIS,0.0,0.63,SAFE
2026-09-20 17:32:00,SBG.05,VP SABANG TIMUR SIS,0.0,21.21,SAFE
2026-09-21 05:51:45,SBG.06,ITABAL8,0.0,14.52,SAFE
2026-09-20 17:32:00,SBG.08,VP SABANG TIMUR SIS,0.0,1.35,SAFE
2026-09-20 17:32:00,SBG.10,VP SABANG TIMUR SIS,0.0,2.05,SAFE
2026-09-20 17:32:00,SBG.11,VP SABANG TIMUR SIS,0.0,0.75,SAFE
2026-09-20 23:59:00,SGT.02,CSA BONTANG SIS,0.0,0.19,SAFE
2026-09-20 23:59:00,SMB.02,CSA BONTANG SIS,0.0,2.63,SAFE
2026-09-20 23:59:00,SMB.03,CSA BONTANG SIS,0.0,4.72,SAFE
2026-09-20 23:59:00,SNT.01,PITSTOP AMBON SIS,0.0,1.34,SAFE
2026-09-20 23:59:00,TJG.01,CSA BONTANG SIS,0.0,1.99,SAFE
2026-09-20 23:59:00,TJG.02,CSA BONTANG SIS,0.0,5.65,SAFE
2026-09-20 23:59:00,AMB.01,PITSTOP AMBON SIS,0.0,7.46,SAFE
2026-09-20 23:59:00,BDG.02,VP OB 1 SIS,0.0,19.31,SAFE
2026-09-20 23:59:00,BDG.03,VP OB 1 SIS,0.0,5.73,SAFE
2026-09-20 23:59:00,BDG.04,VP OB 1 SIS,0.0,1.07,SAFE
2026-09-21 07:36:58,BDG.05,ITABAL9,0.0,2.1,SAFE
2026-09-20 17:32:00,BGK.01,VP SABANG TIMUR SIS,0.0,1.59,SAFE
2026-09-20 17:32:00,BGK.02,VP SABANG TIMUR SIS,0.0,18.92,SAFE
2026-09-21 07:36:58,BGR.01,ITABAL9,0.0,1.34,SAFE
2026-09-20 23:59:00,BJB.03,CSA BONTANG SIS,0.0,1.34,SAFE
2026-09-20 23:59:00,BJM.01,PITSTOP AMBON SIS,0.0,3.86,SAFE
2026-09-20 23:59:00,BJM.02,CSA BONTANG SIS,0.0,1.68,SAFE
2026-09-21 07:36:58,BKL.01,ITABAL8,0.0,58.33,SAFE
2026-09-21 07:36:58,BKL.02,ITABAL8,0.0,0.72,SAFE
2026-09-21 07:36:58,BNE.02,ITABAL8,0.0,1.52,SAFE
2026-09-21 07:36:58,BNE.03,ITABAL8,0.0,0.63,SAFE
2026-09-21 07:36:58,BNE.04,ITABAL8,0.0,0.55,SAFE
2026-09-20 23:59:00,BNY.03,CSA BONTANG SIS,0.0,0.97,SAFE
2026-09-20 23:59:00,BTG.03,CSA BONTANG SIS,0.0,9.36,SAFE
2026-09-20 23:59:00,BTG.04,CSA BONTANG SIS,0.0,175.0,SAFE
2026-09-20 23:59:00,FLR.02,CSA BONTANG SIS,0.0,0.75,SAFE
2026-09-21 07:36:58,JKT.01,ITABAL9,0.0,25.36,SAFE
2026-09-21 07:36:58,JKT.02,ITABAL9,0.0,7.78,SAFE
2026-09-21 07:36:58,JKT.03,ITABAL9,0.0,4.16,SAFE
2026-09-21 07:36:58,JKT.04,ITABAL9,0.0,1.17,SAFE
2026-09-21 07:36:58,JKT.05,ITABAL9,0.0,5.68,SAFE
2026-09-21 07:36:58,JKT.06,ITABAL9,0.0,7.45,SAFE
2026-09-21 07:36:58,JKT.07,ITABAL9,0.0,11.55,SAFE
2026-09-21 07:36:58,JKT.08,ITABAL9,0.0,4.26,SAFE
2026-09-21 07:36:58,JMB.01,ITABAL8,0.0,3.07,SAFE
2026-09-21 07:36:58,JMB.03,ITABAL8,0.0,1.02,SAFE
2026-09-21 07:36:58,JMB.04,ITABAL9,0.0,0.77,SAFE
2026-09-20 17:32:00,KRC.02,VP SABANG TIMUR SIS,0.0,1.04,SAFE
2026-09-21 07:36:58,KRC.03,ITABAL8,0.0,1.31,SAFE
2026-09-20 17:32:00,KRC.05,VP SABANG TIMUR SIS,0.0,1.93,SAFE
2026-09-20 17:32:00,KRC.07,VP SABANG TIMUR SIS,0.0,2.15,SAFE
2026-09-21 07:36:58,LHT.01,ITABAL8,0.0,5.84,SAFE
2026-09-21 07:36:58,LPG.01,ITABAL8,0.0,2.05,SAFE
2026-09-21 07:36:58,LPG.02,ITABAL8,0.0,12.03,SAFE
2026-09-21 07:36:58,LPG.03,ITABAL8,0.0,6.96,SAFE
2026-09-21 07:36:58,LPG.06,ITABAL8,0.0,6.69,SAFE
2026-09-21 07:36:58,LPG.07,ITABAL8,0.0,12.92,SAFE
2026-09-21 07:36:58,MDN.01,ITABAL8,0.0,3.37,SAFE
2026-09-21 07:36:58,MDN.02,ITABAL8,0.0,2.53,SAFE
2026-09-21 07:36:58,MDN.03,ITABAL8,0.0,7.25,SAFE
2026-09-21 07:36:58,MDN.04,ITABAL8,0.0,1.95,SAFE
2026-09-21 07:36:58,MIA.01,ITABAL9,0.0,1.22,SAFE
2026-09-21 07:36:58,MIA.02,ITABAL9,0.0,17.59,SAFE
2026-09-21 07:36:58,MIA.03,ITABAL9,0.0,4.28,SAFE
2026-09-20 23:59:00,MIA.04,PITSTOP AMBON SIS,0.0,2.31,SAFE
2026-09-21 07:36:58,MIA.05,ITABAL9,0.0,20.96,SAFE
2026-09-21 07:36:58,MIA.06,ITABAL9,0.0,1.16,SAFE
2026-09-20 23:59:00,MKS.01,CSA BONTANG SIS,0.0,0.72,SAFE
2026-09-20 23:59:00,MKS.02,PITSTOP AMBON SIS,0.0,1.06,SAFE
,MKS.03,ROM 13,0.0,8.2,SAFE
,MKS.04,ROM 13,0.0,3.08,SAFE
2026-09-20 23:59:00,MND.02,CSA BONTANG SIS,0.0,2.49,SAFE
2026-09-20 17:32:00,MRK.01,VP SABANG TIMUR SIS,0.0,1.65,SAFE
2026-09-20 23:59:00,MTM.01,PITSTOP AMBON SIS,0.0,1.64,SAFE
2026-09-20 23:59:00,MTP.01,PITSTOP AMBON SIS,0.0,1.01,SAFE
2026-09-20 17:32:00,MTR.01,VP SABANG TIMUR SIS,0.0,1.67,SAFE
2026-09-21 07:36:58,NIS.01,ITABAL8,0.0,0.57,SAFE
2026-09-21 07:36:58,NIS.02,ITABAL8,0.0,0.86,SAFE
2026-09-21 07:36:58,NIS.03,ITABAL8,0.0,1.03,SAFE
2026-09-21 07:36:58,PDG.01,ITABAL9,0.0,0.52,SAFE
2026-09-21 07:36:58,PLB.01,ITABAL8,0.0,1.87,SAFE
2026-09-21 07:36:58,PLB.02,ITABAL8,0.0,0.84,SAFE
2026-09-21 07:36:58,PLB.03,ITABAL8,0.0,2.0,SAFE
2026-09-21 07:36:58,PLB.04,ITABAL8,0.0,13.62,SAFE
2026-09-20 23:59:00,PLU.04,CSA BONTANG SIS,0.0,2.36,SAFE
2026-09-20 17:32:00,RIU.02,VP SABANG TIMUR SIS,0.0,0.61,SAFE
2026-09-20 17:32:00,RIU.04,VP SABANG TIMUR SIS,0.0,0.51,SAFE
2026-09-20 17:32:00,SBG.02,VP SABANG TIMUR SIS,0.0,1.91,SAFE
2026-09-20 17:32:00,SBG.03,VP SABANG TIMUR SIS,0.0,5.65,SAFE
2026-09-20 17:32:00,SBG.04,VP SABANG TIMUR SIS,0.0,0.63,SAFE
2026-09-20 17:32:00,SBG.05,VP SABANG TIMUR SIS,0.0,21.21,SAFE
2026-09-21 07:36:58,SBG.06,ITABAL8,0.0,14.52,SAFE
2026-09-20 17:32:00,SBG.08,VP SABANG TIMUR SIS,0.0,1.35,SAFE
2026-09-20 17:32:00,SBG.10,VP SABANG TIMUR SIS,0.0,2.05,SAFE
2026-09-20 17:32:00,SBG.11,VP SABANG TIMUR SIS,0.0,0.75,SAFE
2026-09-20 23:59:00,SGT.02,CSA BONTANG SIS,0.0,0.19,SAFE
2026-09-20 23:59:00,SMB.02,CSA BONTANG SIS,0.0,2.63,SAFE
2026-09-20 23:59:00,SMB.03,CSA BONTANG SIS,0.0,4.72,SAFE
2026-09-20 23:59:00,SNT.01,PITSTOP AMBON SIS,0.0,1.34,SAFE
2026-09-20 23:59:00,TJG.01,CSA BONTANG SIS,0.0,1.99,SAFE
2026-09-20 23:59:00,TJG.02,CSA BONTANG SIS,0.0,5.65,SAFE
2026-09-21 09:38:00,AMB.01,PITSTOP AMBON SIS,0.0,7.46,SAFE
2026-09-21 09:37:00,BDG.02,VP OB 1 SIS,0.0,19.31,SAFE
2026-09-21 09:37:00,BDG.03,VP OB 1 SIS,0.0,5.73,SAFE
2026-09-21 09:37:00,BDG.04,VP OB 1 SIS,0.0,1.07,SAFE
2026-09-21 09:37:29,BDG.05,ITABAL9,0.0,2.1,SAFE
2026-09-21 09:37:00,BGK.01,VP SABANG TIMUR SIS,0.0,1.59,SAFE
2026-09-21 09:37:00,BGK.02,VP SABANG TIMUR SIS,0.0,18.92,SAFE
2026-09-21 09:37:29,BGR.01,ITABAL9,0.0,1.34,SAFE
2026-09-21 09:37:00,BJB.03,CSA BONTANG SIS,0.0,1.34,SAFE
2026-09-21 09:38:00,BJM.01,PITSTOP AMBON SIS,0.0,3.86,SAFE
2026-09-21 09:37:00,BJM.02,CSA BONTANG SIS,0.0,1.68,SAFE
2026-09-21 09:37:29,BKL.01,ITABAL8,0.0,58.33,SAFE
2026-09-21 09:37:29,BKL.02,ITABAL8,0.0,0.72,SAFE
2026-09-21 09:37:29,BNE.02,ITABAL8,0.0,1.52,SAFE
2026-09-21 09:37:29,BNE.03,ITABAL8,0.0,0.63,SAFE
2026-09-21 09:37:29,BNE.04,ITABAL8,0.0,0.55,SAFE
2026-09-21 09:37:00,BNY.03,CSA BONTANG SIS,0.0,0.97,SAFE
2026-09-21 09:37:00,BTG.03,CSA BONTANG SIS,0.0,9.36,SAFE
2026-09-21 09:37:00,BTG.04,CSA BONTANG SIS,0.0,175.0,SAFE
2026-09-21 09:37:00,FLR.02,CSA BONTANG SIS,0.0,0.75,SAFE
2026-09-21 09:37:29,JKT.01,ITABAL9,0.0,25.36,SAFE
2026-09-21 09:37:29,JKT.02,ITABAL9,0.0,7.78,SAFE
2026-09-21 09:37:29,JKT.03,ITABAL9,0.0,4.16,SAFE
2026-09-21 09:37:29,JKT.04,ITABAL9,0.0,1.17,SAFE
2026-09-21 09:37:29,JKT.05,ITABAL9,0.0,5.68,SAFE
2026-09-21 09:37:29,JKT.06,ITABAL9,0.0,7.45,SAFE
2026-09-21 09:37:29,JKT.07,ITABAL9,0.0,11.55,SAFE
2026-09-21 09:37:29,JKT.08,ITABAL9,0.0,4.26,SAFE
2026-09-21 09:37:29,JMB.01,ITABAL8,0.0,3.07,SAFE
2026-09-21 09:37:29,JMB.03,ITABAL8,0.0,1.02,SAFE
2026-09-21 09:37:29,JMB.04,ITABAL9,0.0,0.77,SAFE
2026-09-21 09:37:00,KRC.02,VP SABANG TIMUR SIS,0.0,1.04,SAFE
2026-09-21 09:37:29,KRC.03,ITABAL8,0.0,1.31,SAFE
2026-09-21 09:37:00,KRC.05,VP SABANG TIMUR SIS,0.0,1.93,SAFE
2026-09-21 09:37:00,KRC.07,VP SABANG TIMUR SIS,0.0,2.15,SAFE
2026-09-21 09:37:29,LHT.01,ITABAL8,0.0,5.84,SAFE
2026-09-21 09:37:29,LPG.01,ITABAL8,0.0,2.05,SAFE
2026-09-21 09:37:29,LPG.02,ITABAL8,0.0,12.03,SAFE
2026-09-21 09:37:29,LPG.03,ITABAL8,0.0,6.96,SAFE
2026-09-21 09:37:29,LPG.06,ITABAL8,0.0,6.69,SAFE
2026-09-21 09:37:29,LPG.07,ITABAL8,0.0,12.92,SAFE
2026-09-21 09:37:29,MDN.01,ITABAL8,0.0,3.37,SAFE
2026-09-21 09:37:29,MDN.02,ITABAL8,0.0,2.53,SAFE
2026-09-21 09:37:29,MDN.03,ITABAL8,0.0,7.25,SAFE
2026-09-21 09:37:29,MDN.04,ITABAL8,0.0,1.95,SAFE
2026-09-21 09:37:29,MIA.01,ITABAL9,0.0,1.22,SAFE
2026-09-21 09:37:29,MIA.02,ITABAL9,0.0,17.59,SAFE
2026-09-21 09:37:29,MIA.03,ITABAL9,0.0,4.28,SAFE
2026-09-21 09:38:00,MIA.04,PITSTOP AMBON SIS,0.0,2.31,SAFE
2026-09-21 09:37:29,MIA.05,ITABAL9,0.0,20.96,SAFE
2026-09-21 09:37:29,MIA.06,ITABAL9,0.0,1.16,SAFE
2026-09-21 09:37:00,MKS.01,CSA BONTANG SIS,0.0,0.72,SAFE
2026-09-21 09:38:00,MKS.02,PITSTOP AMBON SIS,0.0,1.06,SAFE
,MKS.03,ROM 13,0.0,8.2,SAFE
,MKS.04,ROM 13,0.0,3.08,SAFE
2026-09-21 09:37:00,MND.02,CSA BONTANG SIS,0.0,2.49,SAFE
2026-09-21 09:37:00,MRK.01,VP SABANG TIMUR SIS,0.0,1.65,SAFE
2026-09-21 09:38:00,MTM.01,PITSTOP AMBON SIS,0.0,1.64,SAFE
2026-09-21 09:38:00,MTP.01,PITSTOP AMBON SIS,0.0,1.01,SAFE
2026-09-21 09:37:00,MTR.01,VP SABANG TIMUR SIS,0.0,1.67,SAFE
2026-09-21 09:37:29,NIS.01,ITABAL8,0.0,0.57,SAFE
2026-09-21 09:37:29,NIS.02,ITABAL8,0.0,0.86,SAFE
2026-09-21 09:37:29,NIS.03,ITABAL8,0.0,1.03,SAFE
2026-09-21 09:37:29,PDG.01,ITABAL9,0.0,0.52,SAFE
2026-09-21 09:37:29,PLB.01,ITABAL8,0.0,1.87,SAFE
2026-09-21 09:37:29,PLB.02,ITABAL8,0.0,0.84,SAFE
2026-09-21 09:37:29,PLB.03,ITABAL8,0.0,2.0,SAFE
2026-09-21 09:37:29,PLB.04,ITABAL8,0.0,13.62,SAFE
2026-09-21 09:37:00,PLU.04,CSA BONTANG SIS,0.0,2.36,SAFE
2026-09-21 09:37:00,RIU.02,VP SABANG TIMUR SIS,0.0,0.61,SAFE
2026-09-21 09:37:00,RIU.04,VP SABANG TIMUR SIS,0.0,0.51,SAFE
2026-09-21 09:37:00,SBG.02,VP SABANG TIMUR SIS,0.0,1.91,SAFE
2026-09-21 09:37:00,SBG.03,VP SABANG TIMUR SIS,0.0,5.65,SAFE
2026-09-21 09:37:00,SBG.04,VP SABANG TIMUR SIS,0.0,0.63,SAFE
2026-09-21 09:37:00,SBG.05,VP SABANG TIMUR SIS,0.0,21.21,SAFE
2026-09-21 09:37:29,SBG.06,ITABAL8,0.0,14.52,SAFE
2026-09-21 09:37:00,SBG.08,VP SABANG TIMUR SIS,0.0,1.35,SAFE
2026-09-21 09:37:00,SBG.10,VP SABANG TIMUR SIS,0.0,2.05,SAFE
2026-09-21 09:37:00,SBG.11,VP SABANG TIMUR SIS,0.0,0.75,SAFE
2026-09-21 09:37:00,SGT.02,CSA BONTANG SIS,0.0,0.19,SAFE
2026-09-21 09:37:00,SMB.02,CSA BONTANG SIS,0.0,2.63,SAFE
2026-09-21 09:37:00,SMB.03,CSA BONTANG SIS,0.0,4.72,SAFE
2026-09-21 09:38:00,SNT.01,PITSTOP AMBON SIS,0.0,1.34,SAFE
2026-09-21 09:37:00,TJG.01,CSA BONTANG SIS,0.0,1.99,SAFE
2026-09-21 09:37:00,TJG.02,CSA BONTANG SIS,0.0,5.65,SAFE
2026-09-21 15:07:00,AMB.01,PITSTOP AMBON SIS,0.0,7.46,SAFE
2026-09-21 15:06:00,BDG.02,VP OB 1 SIS,0.0,19.31,SAFE
2026-09-21 15:06:00,BDG.03,VP OB 1 SIS,0.0,5.73,SAFE
2026-09-21 15:06:00,BDG.04,VP OB 1 SIS,0.0,1.07,SAFE
2026-09-21 15:06:40,BDG.05,ITABAL9,0.0,2.1,SAFE
2026-09-21 12:48:00,BGK.01,VP SABANG TIMUR SIS,0.0,1.59,SAFE
2026-09-21 12:48:00,BGK.02,VP SABANG TIMUR SIS,0.0,18.92,SAFE
2026-09-21 15:06:40,BGR.01,ITABAL9,0.0,1.34,SAFE
2026-09-21 15:07:00,BJB.03,CSA BONTANG SIS,0.0,1.34,SAFE
2026-09-21 15:07:00,BJM.01,PITSTOP AMBON SIS,0.0,3.86,SAFE
2026-09-21 15:07:00,BJM.02,CSA BONTANG SIS,0.0,1.68,SAFE
2026-09-21 15:06:40,BKL.01,ITABAL8,0.0,58.33,SAFE
2026-09-21 15:06:40,BKL.02,ITABAL8,0.0,0.72,SAFE
2026-09-21 15:06:40,BNE.02,ITABAL8,0.0,1.52,SAFE
2026-09-21 15:06:40,BNE.03,ITABAL8,0.0,0.63,SAFE
2026-09-21 15:06:40,BNE.04,ITABAL8,0.0,0.55,SAFE
2026-09-21 15:07:00,BNY.03,CSA BONTANG SIS,0.0,0.97,SAFE
2026-09-21 15:07:00,BTG.03,CSA BONTANG SIS,0.0,9.36,SAFE
2026-09-21 15:07:00,BTG.04,CSA BONTANG SIS,0.0,175.0,SAFE
2026-09-21 15:07:00,FLR.02,CSA BONTANG SIS,0.0,0.75,SAFE
2026-09-21 15:06:40,JKT.01,ITABAL9,0.0,25.36,SAFE
2026-09-21 15:06:40,JKT.02,ITABAL9,0.0,7.78,SAFE
2026-09-21 15:06:40,JKT.03,ITABAL9,0.0,4.16,SAFE
2026-09-21 15:06:40,JKT.04,ITABAL9,0.0,1.17,SAFE
2026-09-21 15:06:40,JKT.05,ITABAL9,0.0,5.68,SAFE
2026-09-21 15:06:40,JKT.06,ITABAL9,0.0,7.45,SAFE
2026-09-21 15:06:40,JKT.07,ITABAL9,0.0,11.55,SAFE
2026-09-21 15:06:40,JKT.08,ITABAL9,0.0,4.26,SAFE
2026-09-21 15:06:40,JMB.01,ITABAL8,0.0,3.07,SAFE
2026-09-21 15:06:40,JMB.03,ITABAL8,0.0,1.02,SAFE
2026-09-21 15:06:40,JMB.04,ITABAL9,0.0,0.77,SAFE
2026-09-21 12:48:00,KRC.02,VP SABANG TIMUR SIS,0.0,1.04,SAFE
2026-09-21 15:06:40,KRC.03,ITABAL8,0.0,1.31,SAFE
2026-09-21 12:48:00,KRC.05,VP SABANG TIMUR SIS,0.0,1.93,SAFE
2026-09-21 12:48:00,KRC.07,VP SABANG TIMUR SIS,0.0,2.15,SAFE
2026-09-21 15:06:40,LHT.01,ITABAL8,0.0,5.84,SAFE
2026-09-21 15:06:40,LPG.01,ITABAL8,0.0,2.05,SAFE
2026-09-21 15:06:40,LPG.02,ITABAL8,0.0,12.03,SAFE
2026-09-21 15:06:40,LPG.03,ITABAL8,0.0,6.96,SAFE
2026-09-21 15:06:40,LPG.06,ITABAL8,0.0,6.69,SAFE
2026-09-21 15:06:40,LPG.07,ITABAL8,0.0,12.92,SAFE
2026-09-21 15:06:40,MDN.01,ITABAL8,0.0,3.37,SAFE
2026-09-21 15:06:40,MDN.02,ITABAL8,0.0,2.53,SAFE
2026-09-21 15:06:40,MDN.03,ITABAL8,0.0,7.25,SAFE
2026-09-21 15:06:40,MDN.04,ITABAL8,0.0,1.95,SAFE
2026-09-21 15:06:40,MIA.01,ITABAL9,0.0,1.22,SAFE
2026-09-21 15:06:40,MIA.02,ITABAL9,0.0,17.59,SAFE
2026-09-21 15:06:40,MIA.03,ITABAL9,0.0,4.28,SAFE
2026-09-21 15:07:00,MIA.04,PITSTOP AMBON SIS,0.0,2.31,SAFE
2026-09-21 15:06:40,MIA.05,ITABAL9,0.0,20.96,SAFE
2026-09-21 15:06:40,MIA.06,ITABAL9,0.0,1.16,SAFE
2026-09-21 15:07:00,MKS.01,CSA BONTANG SIS,0.0,0.72,SAFE
2026-09-21 15:07:00,MKS.02,PITSTOP AMBON SIS,0.0,1.06,SAFE
,MKS.03,ROM 13,0.0,8.2,SAFE
,MKS.04,ROM 13,0.0,3.08,SAFE
2026-09-21 15:07:00,MND.02,CSA BONTANG SIS,0.0,2.49,SAFE
2026-09-21 12:48:00,MRK.01,VP SABANG TIMUR SIS,0.0,1.65,SAFE
2026-09-21 15:07:00,MTM.01,PITSTOP AMBON SIS,0.0,1.64,SAFE
2026-09-21 15:07:00,MTP.01,PITSTOP AMBON SIS,0.0,1.01,SAFE
2026-09-21 12:48:00,MTR.01,VP SABANG TIMUR SIS,0.0,1.67,SAFE
2026-09-21 15:06:40,NIS.01,ITABAL8,0.0,0.57,SAFE
2026-09-21 15:06:40,NIS.02,ITABAL8,0.0,0.86,SAFE
2026-09-21 15:06:40,NIS.03,ITABAL8,0.0,1.03,SAFE
2026-09-21 15:06:40,PDG.01,ITABAL9,0.0,0.52,SAFE
2026-09-21 15:06:40,PLB.01,ITABAL8,0.0,1.87,SAFE
2026-09-21 15:06:40,PLB.02,ITABAL8,0.0,0.84,SAFE
2026-09-21 15:06:40,PLB.03,ITABAL8,0.0,2.0,SAFE
2026-09-21 15:06:40,PLB.04,ITABAL8,0.0,13.62,SAFE
2026-09-21 15:07:00,PLU.04,CSA BONTANG SIS,0.0,2.36,SAFE
2026-09-21 12:48:00,RIU.02,VP SABANG TIMUR SIS,0.0,0.61,SAFE
2026-09-21 12:48:00,RIU.04,VP SABANG TIMUR SIS,0.0,0.51,SAFE
2026-09-21 12:48:00,SBG.02,VP SABANG TIMUR SIS,0.0,1.91,SAFE
2026-09-21 12:48:00,SBG.03,VP SABANG TIMUR SIS,0.0,5.65,SAFE
2026-09-21 12:48:00,SBG.04,VP SABANG TIMUR SIS,0.0,0.63,SAFE
2026-09-21 12:48:00,SBG.05,VP SABANG TIMUR SIS,0.0,21.21,SAFE
2026-09-21 15:06:40,SBG.06,ITABAL8,0.0,14.52,SAFE
2026-09-21 12:48:00,SBG.08,VP SABANG TIMUR SIS,0.0,1.35,SAFE
2026-09-21 12:48:00,SBG.10,VP SABANG TIMUR SIS,0.0,2.05,SAFE
2026-09-21 12:48:00,SBG.11,VP SABANG TIMUR SIS,0.0,0.75,SAFE
2026-09-21 15:07:00,SGT.02,CSA BONTANG SIS,0.0,0.19,SAFE
2026-09-21 15:07:00,SMB.02,CSA BONTANG SIS,0.0,2.63,SAFE
2026-09-21 15:07:00,SMB.03,CSA BONTANG SIS,0.0,4.72,SAFE
2026-09-21 15:07:00,SNT.01,PITSTOP AMBON SIS,0.0,1.34,SAFE
2026-09-21 15:07:00,TJG.01,CSA BONTANG SIS,0.0,1.99,SAFE
2026-09-21 15:07:00,TJG.02,CSA BONTANG SIS,0.0,5.65,SAFE
2026-09-21 22:01:00,AMB.01,PITSTOP AMBON SIS,0.0,7.46,SAFE
2026-09-21 22:00:00,BDG.02,VP OB 1 SIS,0.0,19.31,SAFE
2026-09-21 22:00:00,BDG.03,VP OB 1 SIS,0.0,5.73,SAFE
2026-09-21 22:00:00,BDG.04,VP OB 1 SIS,0.0,1.07,SAFE
2026-09-21 22:00:40,BDG.05,ITABAL9,0.0,2.1,SAFE
2026-09-21 12:48:00,BGK.01,VP SABANG TIMUR SIS,0.0,1.59,SAFE
2026-09-21 12:48:00,BGK.02,VP SABANG TIMUR SIS,0.0,18.92,SAFE
2026-09-21 22:00:40,BGR.01,ITABAL9,0.0,1.34,SAFE
2026-09-21 22:01:00,BJB.03,CSA BONTANG SIS,0.0,1.34,SAFE
2026-09-21 22:01:00,BJM.01,PITSTOP AMBON SIS,0.0,3.86,SAFE
2026-09-21 22:01:00,BJM.02,CSA BONTANG SIS,0.0,1.68,SAFE
2026-09-21 22:00:40,BKL.01,ITABAL8,0.0,58.33,SAFE
2026-09-21 22:00:40,BKL.02,ITABAL8,0.0,0.72,SAFE
2026-09-21 22:00:40,BNE.02,ITABAL8,0.0,1.52,SAFE
2026-09-21 22:00:40,BNE.03,ITABAL8,0.0,0.63,SAFE
2026-09-21 22:00:40,BNE.04,ITABAL8,0.0,0.55,SAFE
2026-09-21 22:01:00,BNY.03,CSA BONTANG SIS,0.0,0.97,SAFE
2026-09-21 22:01:00,BTG.03,CSA BONTANG SIS,0.0,9.36,SAFE
2026-09-21 22:01:00,BTG.04,CSA BONTANG SIS,0.0,175.0,SAFE
2026-09-21 22:01:00,FLR.02,CSA BONTANG SIS,0.0,0.75,SAFE
2026-09-21 22:00:40,JKT.01,ITABAL9,0.0,25.36,SAFE
2026-09-21 22:00:40,JKT.02,ITABAL9,0.0,7.78,SAFE
2026-09-21 22:00:40,JKT.03,ITABAL9,0.0,4.16,SAFE
2026-09-21 22:00:40,JKT.04,ITABAL9,0.0,1.17,SAFE
2026-09-21 22:00:40,JKT.05,ITABAL9,0.0,5.68,SAFE
2026-09-21 22:00:40,JKT.06,ITABAL9,0.0,7.45,SAFE
2026-09-21 22:00:40,JKT.07,ITABAL9,0.0,11.55,SAFE
2026-09-21 22:00:40,JKT.08,ITABAL9,0.0,4.26,SAFE
2026-09-21 22:00:40,JMB.01,ITABAL8,0.0,3.07,SAFE
2026-09-21 22:00:40,JMB.03,ITABAL8,0.0,1.02,SAFE
2026-09-21 22:00:40,JMB.04,ITABAL9,0.0,0.77,SAFE
2026-09-21 12:48:00,KRC.02,VP SABANG TIMUR SIS,0.0,1.04,SAFE
2026-09-21 22:00:40,KRC.03,ITABAL8,0.0,1.31,SAFE
2026-09-21 12:48:00,KRC.05,VP SABANG TIMUR SIS,0.0,1.93,SAFE
2026-09-21 12:48:00,KRC.07,VP SABANG TIMUR SIS,0.0,2.15,SAFE
2026-09-21 22:00:40,LHT.01,ITABAL8,0.0,5.84,SAFE
2026-09-21 22:00:40,LPG.01,ITABAL8,0.0,2.05,SAFE
2026-09-21 22:00:40,LPG.02,ITABAL8,0.0,12.03,SAFE
2026-09-21 22:00:40,LPG.03,ITABAL8,0.0,6.96,SAFE
2026-09-21 22:00:40,LPG.06,ITABAL8,0.0,6.69,SAFE
2026-09-21 22:00:40,LPG.07,ITABAL8,0.0,12.92,SAFE
2026-09-21 22:00:40,MDN.01,ITABAL8,0.0,3.37,SAFE
2026-09-21 22:00:40,MDN.02,ITABAL8,0.0,2.53,SAFE
2026-09-21 22:00:40,MDN.03,ITABAL8,0.0,7.25,SAFE
2026-09-21 22:00:40,MDN.04,ITABAL8,0.0,1.95,SAFE
2026-09-21 22:00:40,MIA.01,ITABAL9,0.0,1.22,SAFE
2026-09-21 22:00:40,MIA.02,ITABAL9,0.0,17.59,SAFE
2026-09-21 22:00:40,MIA.03,ITABAL9,0.0,4.28,SAFE
2026-09-21 22:01:00,MIA.04,PITSTOP AMBON SIS,0.0,2.31,SAFE
2026-09-21 22:00:40,MIA.05,ITABAL9,0.0,20.96,SAFE
2026-09-21 22:00:40,MIA.06,ITABAL9,0.0,1.16,SAFE
2026-09-21 22:01:00,MKS.01,CSA BONTANG SIS,0.0,0.72,SAFE
2026-09-21 22:01:00,MKS.02,PITSTOP AMBON SIS,0.0,1.06,SAFE
,MKS.03,ROM 13,0.0,8.2,SAFE
,MKS.04,ROM 13,0.0,3.08,SAFE
2026-09-21 22:01:00,MND.02,CSA BONTANG SIS,0.0,2.49,SAFE
2026-09-21 12:48:00,MRK.01,VP SABANG TIMUR SIS,0.0,1.65,SAFE
2026-09-21 22:01:00,MTM.01,PITSTOP AMBON SIS,0.0,1.64,SAFE
2026-09-21 22:01:00,MTP.01,PITSTOP AMBON SIS,0.0,1.01,SAFE
2026-09-21 12:48:00,MTR.01,VP SABANG TIMUR SIS,0.0,1.67,SAFE
2026-09-21 22:00:40,NIS.01,ITABAL8,0.0,0.57,SAFE
2026-09-21 22:00:40,NIS.02,ITABAL8,0.0,0.86,SAFE
2026-09-21 22:00:40,NIS.03,ITABAL8,0.0,1.03,SAFE
2026-09-21 22:00:40,PDG.01,ITABAL9,0.0,0.52,SAFE
2026-09-21 22:00:40,PLB.01,ITABAL8,0.0,1.87,SAFE
2026-09-21 22:00:40,PLB.02,ITABAL8,0.0,0.84,SAFE
2026-09-21 22:00:40,PLB.03,ITABAL8,0.0,2.0,SAFE
2026-09-21 22:00:40,PLB.04,ITABAL8,0.0,13.62,SAFE
2026-09-21 22:01:00,PLU.04,CSA BONTANG SIS,0.0,2.36,SAFE
2026-09-21 12:48:00,RIU.02,VP SABANG TIMUR SIS,0.0,0.61,SAFE
2026-09-21 12:48:00,RIU.04,VP SABANG TIMUR SIS,0.0,0.51,SAFE
2026-09-21 12:48:00,SBG.02,VP SABANG TIMUR SIS,0.0,1.91,SAFE
2026-09-21 12:48:00,SBG.03,VP SABANG TIMUR SIS,0.0,5.65,SAFE
2026-09-21 12:48:00,SBG.04,VP SABANG TIMUR SIS,0.0,0.63,SAFE
2026-09-21 12:48:00,SBG.05,VP SABANG TIMUR SIS,0.0,21.21,SAFE
2026-09-21 22:00:40,SBG.06,ITABAL8,0.0,14.52,SAFE
2026-09-21 12:48:00,SBG.08,VP SABANG TIMUR SIS,0.0,1.35,SAFE
2026-09-21 12:48:00,SBG.10,VP SABANG TIMUR SIS,0.0,2.05,SAFE
2026-09-21 12:48:00,SBG.11,VP SABANG TIMUR SIS,0.0,0.75,SAFE
2026-09-21 22:01:00,SGT.02,CSA BONTANG SIS,0.0,0.19,SAFE
2026-09-21 22:01:00,SMB.02,CSA BONTANG SIS,0.0,2.63,SAFE
2026-09-21 22:01:00,SMB.03,CSA BONTANG SIS,0.0,4.72,SAFE
2026-09-21 22:01:00,SNT.01,PITSTOP AMBON SIS,0.0,1.34,SAFE
2026-09-21 22:01:00,TJG.01,CSA BONTANG SIS,0.0,1.99,SAFE
2026-09-21 22:01:00,TJG.02,CSA BONTANG SIS,0.0,5.65,SAFE
2026-09-21 23:59:00,AMB.01,PITSTOP AMBON SIS,0.0,7.46,SAFE
2026-09-21 23:59:00,BDG.02,VP OB 1 SIS,0.0,19.31,SAFE
2026-09-21 23:59:00,BDG.03,VP OB 1 SIS,0.0,5.73,SAFE
2026-09-21 23:59:00,BDG.04,VP OB 1 SIS,0.0,1.07,SAFE
2026-09-22 03:15:55,BDG.05,ITABAL9,0.0,2.1,SAFE
2026-09-21 12:48:00,BGK.01,VP SABANG TIMUR SIS,0.0,1.59,SAFE
2026-09-21 12:48:00,BGK.02,VP SABANG TIMUR SIS,0.0,18.92,SAFE
2026-09-22 03:15:55,BGR.01,ITABAL9,0.0,1.34,SAFE
2026-09-21 23:59:00,BJB.03,CSA BONTANG SIS,0.0,1.34,SAFE
2026-09-21 23:59:00,BJM.01,PITSTOP AMBON SIS,0.0,3.86,SAFE
2026-09-21 23:59:00,BJM.02,CSA BONTANG SIS,0.0,1.68,SAFE
2026-09-22 03:15:55,BKL.01,ITABAL8,0.0,58.33,SAFE
2026-09-22 03:15:55,BKL.02,ITABAL8,0.0,0.72,SAFE
2026-09-22 03:15:55,BNE.02,ITABAL8,0.0,1.52,SAFE
2026-09-22 03:15:55,BNE.03,ITABAL8,0.0,0.63,SAFE
2026-09-22 03:15:55,BNE.04,ITABAL8,0.0,0.55,SAFE
2026-09-21 23:59:00,BNY.03,CSA BONTANG SIS,0.0,0.97,SAFE
2026-09-21 23:59:00,BTG.03,CSA BONTANG SIS,0.0,9.36,SAFE
2026-09-21 23:59:00,BTG.04,CSA BONTANG SIS,0.0,175.0,SAFE
2026-09-21 23:59:00,FLR.02,CSA BONTANG SIS,0.0,0.75,SAFE
2026-09-22 03:15:55,JKT.01,ITABAL9,0.0,25.36,SAFE
2026-09-22 03:15:55,JKT.02,ITABAL9,0.0,7.78,SAFE
2026-09-22 03:15:55,JKT.03,ITABAL9,0.0,4.16,SAFE
2026-09-22 03:15:55,JKT.04,ITABAL9,0.0,1.17,SAFE
2026-09-22 03:15:55,JKT.05,ITABAL9,0.0,5.68,SAFE
2026-09-22 03:15:55,JKT.06,ITABAL9,0.0,7.45,SAFE
2026-09-22 03:15:55,JKT.07,ITABAL9,0.0,11.55,SAFE
2026-09-22 03:15:55,JKT.08,ITABAL9,0.0,4.26,SAFE
2026-09-22 03:15:55,JMB.01,ITABAL8,0.0,3.07,SAFE
2026-09-22 03:15:55,JMB.03,ITABAL8,0.0,1.02,SAFE
2026-09-22 03:15:55,JMB.04,ITABAL9,0.0,0.77,SAFE
2026-09-21 12:48:00,KRC.02,VP SABANG TIMUR SIS,0.0,1.04,SAFE
2026-09-22 03:15:55,KRC.03,ITABAL8,0.0,1.31,SAFE
2026-09-21 12:48:00,KRC.05,VP SABANG TIMUR SIS,0.0,1.93,SAFE
2026-09-21 12:48:00,KRC.07,VP SABANG TIMUR SIS,0.0,2.15,SAFE
2026-09-22 03:15:55,LHT.01,ITABAL8,0.0,5.84,SAFE
2026-09-22 03:15:55,LPG.01,ITABAL8,0.0,2.05,SAFE
2026-09-22 03:15:55,LPG.02,ITABAL8,0.0,12.03,SAFE
2026-09-22 03:15:55,LPG.03,ITABAL8,0.0,6.96,SAFE
2026-09-22 03:15:55,LPG.06,ITABAL8,0.0,6.69,SAFE
2026-09-22 03:15:55,LPG.07,ITABAL8,0.0,12.92,SAFE
2026-09-22 03:15:55,MDN.01,ITABAL8,0.0,3.37,SAFE
2026-09-22 03:15:55,MDN.02,ITABAL8,0.0,2.53,SAFE
2026-09-22 03:15:55,MDN.03,ITABAL8,0.0,7.25,SAFE
2026-09-22 03:15:55,MDN.04,ITABAL8,0.0,1.95,SAFE
2026-09-22 03:15:55,MIA.01,ITABAL9,0.0,1.22,SAFE
2026-09-22 03:15:55,MIA.02,ITABAL9,0.0,17.59,SAFE
2026-09-22 03:15:55,MIA.03,ITABAL9,0.0,4.28,SAFE
2026-09-21 23:59:00,MIA.04,PITSTOP AMBON SIS,0.0,2.31,SAFE
2026-09-22 03:15:55,MIA.05,ITABAL9,0.0,20.96,SAFE
2026-09-22 03:15:55,MIA.06,ITABAL9,0.0,1.16,SAFE
2026-09-21 23:59:00,MKS.01,CSA BONTANG SIS,0.0,0.72,SAFE
2026-09-21 23:59:00,MKS.02,PITSTOP AMBON SIS,0.0,1.06,SAFE
,MKS.03,ROM 13,0.0,8.2,SAFE
,MKS.04,ROM 13,0.0,3.08,SAFE
2026-09-21 23:59:00,MND.02,CSA BONTANG SIS,0.0,2.49,SAFE
2026-09-21 12:48:00,MRK.01,VP SABANG TIMUR SIS,0.0,1.65,SAFE
2026-09-21 23:59:00,MTM.01,PITSTOP AMBON SIS,0.0,1.64,SAFE
2026-09-21 23:59:00,MTP.01,PITSTOP AMBON SIS,0.0,1.01,SAFE
2026-09-21 12:48:00,MTR.01,VP SABANG TIMUR SIS,0.0,1.67,SAFE
2026-09-22 03:15:55,NIS.01,ITABAL8,0.0,0.57,SAFE
2026-09-22 03:15:55,NIS.02,ITABAL8,0.0,0.86,SAFE
2026-09-22 03:15:55,NIS.03,ITABAL8,0.0,1.03,SAFE
2026-09-22 03:15:55,PDG.01,ITABAL9,0.0,0.52,SAFE
2026-09-22 03:15:55,PLB.01,ITABAL8,0.0,1.87,SAFE
2026-09-22 03:15:55,PLB.02,ITABAL8,0.0,0.84,SAFE
2026-09-22 03:15:55,PLB.03,ITABAL8,0.0,2.0,SAFE
2026-09-22 03:15:55,PLB.04,ITABAL8,0.0,13.62,SAFE
2026-09-21 23:59:00,PLU.04,CSA BONTANG SIS,0.0,2.36,SAFE
2026-09-21 12:48:00,RIU.02,VP SABANG TIMUR SIS,0.0,0.61,SAFE
2026-09-21 12:48:00,RIU.04,VP SABANG TIMUR SIS,0.0,0.51,SAFE
2026-09-21 12:48:00,SBG.02,VP SABANG TIMUR SIS,0.0,1.91,SAFE
2026-09-21 12:48:00,SBG.03,VP SABANG TIMUR SIS,0.0,5.65,SAFE
2026-09-21 12:48:00,SBG.04,VP SABANG TIMUR SIS,0.0,0.63,SAFE
2026-09-21 12:48:00,SBG.05,VP SABANG TIMUR SIS,0.0,21.21,SAFE
2026-09-22 03:15:55,SBG.06,ITABAL8,0.0,14.52,SAFE
2026-09-21 12:48:00,SBG.08,VP SABANG TIMUR SIS,0.0,1.35,SAFE
2026-09-21 12:48:00,SBG.10,VP SABANG TIMUR SIS,0.0,2.05,SAFE
2026-09-21 12:48:00,SBG.11,VP SABANG TIMUR SIS,0.0,0.75,SAFE
2026-09-21 23:59:00,SGT.02,CSA BONTANG SIS,0.0,0.19,SAFE
2026-09-21 23:59:00,SMB.02,CSA BONTANG SIS,0.0,2.63,SAFE
2026-09-21 23:59:00,SMB.03,CSA BONTANG SIS,0.0,4.72,SAFE
2026-09-21 23:59:00,SNT.01,PITSTOP AMBON SIS,0.0,1.34,SAFE
2026-09-21 23:59:00,TJG.01,CSA BONTANG SIS,0.0,1.99,SAFE
2026-09-21 23:59:00,TJG.02,CSA BONTANG SIS,0.0,5.65,SAFE
2026-09-21 23:59:00,AMB.01,PITSTOP AMBON SIS,0.0,7.46,SAFE
2026-09-21 23:59:00,BDG.02,VP OB 1 SIS,0.0,19.31,SAFE
2026-09-21 23:59:00,BDG.03,VP OB 1 SIS,0.0,5.73,SAFE
2026-09-21 23:59:00,BDG.04,VP OB 1 SIS,0.0,1.07,SAFE
2026-09-22 06:36:27,BDG.05,ITABAL9,0.0,2.1,SAFE
2026-09-21 12:48:00,BGK.01,VP SABANG TIMUR SIS,0.0,1.59,SAFE
2026-09-21 12:48:00,BGK.02,VP SABANG TIMUR SIS,0.0,18.92,SAFE
2026-09-22 06:36:27,BGR.01,ITABAL9,0.0,1.34,SAFE
2026-09-21 23:59:00,BJB.03,CSA BONTANG SIS,0.0,1.34,SAFE
2026-09-21 23:59:00,BJM.01,PITSTOP AMBON SIS,0.0,3.86,SAFE
2026-09-21 23:59:00,BJM.02,CSA BONTANG SIS,0.0,1.68,SAFE
2026-09-22 06:36:27,BKL.01,ITABAL8,0.0,58.33,SAFE
2026-09-22 06:36:27,BKL.02,ITABAL8,0.0,0.72,SAFE
2026-09-22 06:36:27,BNE.02,ITABAL8,0.0,1.52,SAFE
2026-09-22 06:36:27,BNE.03,ITABAL8,0.0,0.63,SAFE
2026-09-22 06:36:27,BNE.04,ITABAL8,0.0,0.55,SAFE
2026-09-21 23:59:00,BNY.03,CSA BONTANG SIS,0.0,0.97,SAFE
2026-09-21 23:59:00,BTG.03,CSA BONTANG SIS,0.0,9.36,SAFE
2026-09-21 23:59:00,BTG.04,CSA BONTANG SIS,0.0,175.0,SAFE
2026-09-21 23:59:00,FLR.02,CSA BONTANG SIS,0.0,0.75,SAFE
2026-09-22 06:36:27,JKT.01,ITABAL9,0.0,25.36,SAFE
2026-09-22 06:36:27,JKT.02,ITABAL9,0.0,7.78,SAFE
2026-09-22 06:36:27,JKT.03,ITABAL9,0.0,4.16,SAFE
2026-09-22 06:36:27,JKT.04,ITABAL9,0.0,1.17,SAFE
2026-09-22 06:36:27,JKT.05,ITABAL9,0.0,5.68,SAFE
2026-09-22 06:36:27,JKT.06,ITABAL9,0.0,7.45,SAFE
2026-09-22 06:36:27,JKT.07,ITABAL9,0.0,11.55,SAFE
2026-09-22 06:36:27,JKT.08,ITABAL9,0.0,4.26,SAFE
2026-09-22 06:36:27,JMB.01,ITABAL8,0.0,3.07,SAFE
2026-09-22 06:36:27,JMB.03,ITABAL8,0.0,1.02,SAFE
2026-09-22 06:36:27,JMB.04,ITABAL9,0.0,0.77,SAFE
2026-09-21 12:48:00,KRC.02,VP SABANG TIMUR SIS,0.0,1.04,SAFE
2026-09-22 06:36:27,KRC.03,ITABAL8,0.0,1.31,SAFE
2026-09-21 12:48:00,KRC.05,VP SABANG TIMUR SIS,0.0,1.93,SAFE
2026-09-21 12:48:00,KRC.07,VP SABANG TIMUR SIS,0.0,2.15,SAFE
2026-09-22 06:36:27,LHT.01,ITABAL8,0.0,5.84,SAFE
2026-09-22 06:36:27,LPG.01,ITABAL8,0.0,2.05,SAFE
2026-09-22 06:36:27,LPG.02,ITABAL8,0.0,12.03,SAFE
2026-09-22 06:36:27,LPG.03,ITABAL8,0.0,6.96,SAFE
2026-09-22 06:36:27,LPG.06,ITABAL8,0.0,6.69,SAFE
2026-09-22 06:36:27,LPG.07,ITABAL8,0.0,12.92,SAFE
2026-09-22 06:36:27,MDN.01,ITABAL8,0.0,3.37,SAFE
2026-09-22 06:36:27,MDN.02,ITABAL8,0.0,2.53,SAFE
2026-09-22 06:36:27,MDN.03,ITABAL8,0.0,7.25,SAFE
2026-09-22 06:36:27,MDN.04,ITABAL8,0.0,1.95,SAFE
2026-09-22 06:36:27,MIA.01,ITABAL9,0.0,1.22,SAFE
2026-09-22 06:36:27,MIA.02,ITABAL9,0.0,17.59,SAFE
2026-09-22 06:36:27,MIA.03,ITABAL9,0.0,4.28,SAFE
2026-09-21 23:59:00,MIA.04,PITSTOP AMBON SIS,0.0,2.31,SAFE
2026-09-22 06:36:27,MIA.05,ITABAL9,0.0,20.96,SAFE
2026-09-22 06:36:27,MIA.06,ITABAL9,0.0,1.16,SAFE
2026-09-21 23:59:00,MKS.01,CSA BONTANG SIS,0.0,0.72,SAFE
2026-09-21 23:59:00,MKS.02,PITSTOP AMBON SIS,0.0,1.06,SAFE
,MKS.03,ROM 13,0.0,8.2,SAFE
,MKS.04,ROM 13,0.0,3.08,SAFE
2026-09-21 23:59:00,MND.02,CSA BONTANG SIS,0.0,2.49,SAFE
2026-09-21 12:48:00,MRK.01,VP SABANG TIMUR SIS,0.0,1.65,SAFE
2026-09-21 23:59:00,MTM.01,PITSTOP AMBON SIS,0.0,1.64,SAFE
2026-09-21 23:59:00,MTP.01,PITSTOP AMBON SIS,0.0,1.01,SAFE
2026-09-21 12:48:00,MTR.01,VP SABANG TIMUR SIS,0.0,1.67,SAFE
2026-09-22 06:36:27,NIS.01,ITABAL8,0.0,0.57,SAFE
2026-09-22 06:36:27,NIS.02,ITABAL8,0.0,0.86,SAFE
2026-09-22 06:36:27,NIS.03,ITABAL8,0.0,1.03,SAFE
2026-09-22 06:36:27,PDG.01,ITABAL9,0.0,0.52,SAFE
2026-09-22 06:36:27,PLB.01,ITABAL8,0.0,1.87,SAFE
2026-09-22 06:36:27,PLB.02,ITABAL8,0.0,0.84,SAFE
2026-09-22 06:36:27,PLB.03,ITABAL8,0.0,2.0,SAFE
2026-09-22 06:36:27,PLB.04,ITABAL8,0.0,13.62,SAFE
2026-09-21 23:59:00,PLU.04,CSA BONTANG SIS,0.0,2.36,SAFE
2026-09-21 12:48:00,RIU.02,VP SABANG TIMUR SIS,0.0,0.61,SAFE
2026-09-21 12:48:00,RIU.04,VP SABANG TIMUR SIS,0.0,0.51,SAFE
2026-09-21 12:48:00,SBG.02,VP SABANG TIMUR SIS,0.0,1.91,SAFE
2026-09-21 12:48:00,SBG.03,VP SABANG TIMUR SIS,0.0,5.65,SAFE
2026-09-21 12:48:00,SBG.04,VP SABANG TIMUR SIS,0.0,0.63,SAFE
2026-09-21 12:48:00,SBG.05,VP SABANG TIMUR SIS,0.0,21.21,SAFE
2026-09-22 06:36:27,SBG.06,ITABAL8,0.0,14.52,SAFE
2026-09-21 12:48:00,SBG.08,VP SABANG TIMUR SIS,0.0,1.35,SAFE
2026-09-21 12:48:00,SBG.10,VP SABANG TIMUR SIS,0.0,2.05,SAFE
2026-09-21 12:48:00,SBG.11,VP SABANG TIMUR SIS,0.0,0.75,SAFE
2026-09-21 23:59:00,SGT.02,CSA BONTANG SIS,0.0,0.19,SAFE
2026-09-21 23:59:00,SMB.02,CSA BONTANG SIS,0.0,2.63,SAFE
2026-09-21 23:59:00,SMB.03,CSA BONTANG SIS,0.0,4.72,SAFE
2026-09-21 23:59:00,SNT.01,PITSTOP AMBON SIS,0.0,1.34,SAFE
2026-09-21 23:59:00,TJG.01,CSA BONTANG SIS,0.0,1.99,SAFE
2026-09-21 23:59:00,TJG.02,CSA BONTANG SIS,0.0,5.65,SAFE
2026-09-22 09:07:00,AMB.01,PITSTOP AMBON SIS,0.0,7.46,SAFE
2026-09-22 09:06:00,BDG.02,VP OB 1 SIS,0.0,19.31,SAFE
2026-09-22 09:06:00,BDG.03,VP OB 1 SIS,0.0,5.73,SAFE
2026-09-22 09:06:00,BDG.04,VP OB 1 SIS,0.0,1.07,SAFE
2026-09-22 09:06:53,BDG.05,ITABAL9,0.0,2.1,SAFE
2026-09-21 12:48:00,BGK.01,VP SABANG TIMUR SIS,0.0,1.59,SAFE
2026-09-21 12:48:00,BGK.02,VP SABANG TIMUR SIS,0.0,18.92,SAFE
2026-09-22 09:06:53,BGR.01,ITABAL9,0.0,1.34,SAFE
2026-09-22 09:07:00,BJB.03,CSA BONTANG SIS,0.0,1.34,SAFE
2026-09-22 09:07:00,BJM.01,PITSTOP AMBON SIS,0.0,3.86,SAFE
2026-09-22 09:07:00,BJM.02,CSA BONTANG SIS,0.0,1.68,SAFE
2026-09-22 09:06:53,BKL.01,ITABAL8,0.0,58.33,SAFE
2026-09-22 09:06:53,BKL.02,ITABAL8,0.0,0.72,SAFE
2026-09-22 09:06:53,BNE.02,ITABAL8,0.0,1.52,SAFE
2026-09-22 09:06:53,BNE.03,ITABAL8,0.0,0.63,SAFE
2026-09-22 09:06:53,BNE.04,ITABAL8,0.0,0.55,SAFE
2026-09-22 09:07:00,BNY.03,CSA BONTANG SIS,0.0,0.97,SAFE
2026-09-22 09:07:00,BTG.03,CSA BONTANG SIS,0.0,9.36,SAFE
2026-09-22 09:07:00,BTG.04,CSA BONTANG SIS,0.0,175.0,SAFE
2026-09-22 09:07:00,FLR.02,CSA BONTANG SIS,0.0,0.75,SAFE
2026-09-22 09:06:53,JKT.01,ITABAL9,0.0,25.36,SAFE
2026-09-22 09:06:53,JKT.02,ITABAL9,0.0,7.78,SAFE
2026-09-22 09:06:53,JKT.03,ITABAL9,0.0,4.16,SAFE
2026-09-22 09:06:53,JKT.04,ITABAL9,0.0,1.17,SAFE
2026-09-22 09:06:53,JKT.05,ITABAL9,0.0,5.68,SAFE
2026-09-22 09:06:53,JKT.06,ITABAL9,0.0,7.45,SAFE
2026-09-22 09:06:53,JKT.07,ITABAL9,0.0,11.55,SAFE
2026-09-22 09:06:53,JKT.08,ITABAL9,0.0,4.26,SAFE
2026-09-22 09:06:53,JMB.01,ITABAL8,0.0,3.07,SAFE
2026-09-22 09:06:53,JMB.03,ITABAL8,0.0,1.02,SAFE
2026-09-22 09:06:53,JMB.04,ITABAL9,0.0,0.77,SAFE
2026-09-21 12:48:00,KRC.02,VP SABANG TIMUR SIS,0.0,1.04,SAFE
2026-09-22 09:06:53,KRC.03,ITABAL8,0.0,1.31,SAFE
2026-09-21 12:48:00,KRC.05,VP SABANG TIMUR SIS,0.0,1.93,SAFE
2026-09-21 12:48:00,KRC.07,VP SABANG TIMUR SIS,0.0,2.15,SAFE
2026-09-22 09:06:53,LHT.01,ITABAL8,0.0,5.84,SAFE
2026-09-22 09:06:53,LPG.01,ITABAL8,0.0,2.05,SAFE
2026-09-22 09:06:53,LPG.02,ITABAL8,0.0,12.03,SAFE
2026-09-22 09:06:53,LPG.03,ITABAL8,0.0,6.96,SAFE
2026-09-22 09:06:53,LPG.06,ITABAL8,0.0,6.69,SAFE
2026-09-22 09:06:53,LPG.07,ITABAL8,0.0,12.92,SAFE
2026-09-22 09:06:53,MDN.01,ITABAL8,0.0,3.37,SAFE
2026-09-22 09:06:53,MDN.02,ITABAL8,0.0,2.53,SAFE
2026-09-22 09:06:53,MDN.03,ITABAL8,0.0,7.25,SAFE
2026-09-22 09:06:53,MDN.04,ITABAL8,0.0,1.95,SAFE
2026-09-22 09:06:53,MIA.01,ITABAL9,0.0,1.22,SAFE
2026-09-22 09:06:53,MIA.02,ITABAL9,0.0,17.59,SAFE
2026-09-22 09:06:53,MIA.03,ITABAL9,0.0,4.28,SAFE
2026-09-22 09:07:00,MIA.04,PITSTOP AMBON SIS,0.0,2.31,SAFE
2026-09-22 09:06:53,MIA.05,ITABAL9,0.0,20.96,SAFE
2026-09-22 09:06:53,MIA.06,ITABAL9,0.0,1.16,SAFE
2026-09-22 09:07:00,MKS.01,CSA BONTANG SIS,0.0,0.72,SAFE
2026-09-22 09:07:00,MKS.02,PITSTOP AMBON SIS,0.0,1.06,SAFE
,MKS.03,ROM 13,0.0,8.2,SAFE
,MKS.04,ROM 13,0.0,3.08,SAFE
2026-09-22 09:07:00,MND.02,CSA BONTANG SIS,0.0,2.49,SAFE
2026-09-21 12:48:00,MRK.01,VP SABANG TIMUR SIS,0.0,1.65,SAFE
2026-09-22 09:07:00,MTM.01,PITSTOP AMBON SIS,0.0,1.64,SAFE
2026-09-22 09:07:00,MTP.01,PITSTOP AMBON SIS,0.0,1.01,SAFE
2026-09-21 12:48:00,MTR.01,VP SABANG TIMUR SIS,0.0,1.67,SAFE
2026-09-22 09:06:53,NIS.01,ITABAL8,0.0,0.57,SAFE
2026-09-22 09:06:53,NIS.02,ITABAL8,0.0,0.86,SAFE
2026-09-22 09:06:53,NIS.03,ITABAL8,0.0,1.03,SAFE
2026-09-22 09:06:53,PDG.01,ITABAL9,0.0,0.52,SAFE
2026-09-22 09:06:53,PLB.01,ITABAL8,0.0,1.87,SAFE
2026-09-22 09:06:53,PLB.02,ITABAL8,0.0,0.84,SAFE
2026-09-22 09:06:53,PLB.03,ITABAL8,0.0,2.0,SAFE
2026-09-22 09:06:53,PLB.04,ITABAL8,0.0,13.62,SAFE
2026-09-22 09:07:00,PLU.04,CSA BONTANG SIS,0.0,2.36,SAFE
2026-09-21 12:48:00,RIU.02,VP SABANG TIMUR SIS,0.0,0.61,SAFE
2026-09-21 12:48:00,RIU.04,VP SABANG TIMUR SIS,0.0,0.51,SAFE
2026-09-21 12:48:00,SBG.02,VP SABANG TIMUR SIS,0.0,1.91,SAFE
2026-09-21 12:48:00,SBG.03,VP SABANG TIMUR SIS,0.0,5.65,SAFE
2026-09-21 12:48:00,SBG.04,VP SABANG TIMUR SIS,0.0,0.63,SAFE
2026-09-21 12:48:00,SBG.05,VP SABANG TIMUR SIS,0.0,21.21,SAFE
2026-09-22 09:06:53,SBG.06,ITABAL8,0.0,14.52,SAFE
2026-09-21 12:48:00,SBG.08,VP SABANG TIMUR SIS,0.0,1.35,SAFE
2026-09-21 12:48:00,SBG.10,VP SABANG TIMUR SIS,0.0,2.05,SAFE
2026-09-21 12:48:00,SBG.11,VP SABANG TIMUR SIS,0.0,0.75,SAFE
2026-09-22 09:07:00,SGT.02,CSA BONTANG SIS,0.0,0.19,SAFE
2026-09-22 09:07:00,SMB.02,CSA BONTANG SIS,0.0,2.63,SAFE
2026-09-22 09:07:00,SMB.03,CSA BONTANG SIS,0.0,4.72,SAFE
2026-09-22 09:07:00,SNT.01,PITSTOP AMBON SIS,0.0,1.34,SAFE
2026-09-22 09:07:00,TJG.01,CSA BONTANG SIS,0.0,1.99,SAFE
2026-09-22 09:07:00,TJG.02,CSA BONTANG SIS,0.0,5.65,SAFE
2026-09-22 14:07:00,AMB.01,PITSTOP AMBON SIS,0.0,7.46,SAFE
2026-09-22 14:06:00,BDG.02,VP OB 1 SIS,0.0,19.31,SAFE
2026-09-22 14:06:00,BDG.03,VP OB 1 SIS,0.0,5.73,SAFE
2026-09-22 14:06:00,BDG.04,VP OB 1 SIS,0.0,1.07,SAFE
2026-09-22 14:07:11,BDG.05,ITABAL9,0.0,2.1,SAFE
2026-09-22 14:07:00,BGK.01,VP SABANG TIMUR SIS,0.0,1.59,SAFE
2026-09-22 14:07:00,BGK.02,VP SABANG TIMUR SIS,0.0,18.92,SAFE
2026-09-22 14:07:11,BGR.01,ITABAL9,0.0,1.34,SAFE
2026-09-22 14:07:00,BJB.03,CSA BONTANG SIS,0.0,1.34,SAFE
2026-09-22 14:07:00,BJM.01,PITSTOP AMBON SIS,0.0,3.86,SAFE
2026-09-22 14:07:00,BJM.02,CSA BONTANG SIS,0.0,1.68,SAFE
2026-09-22 14:07:11,BKL.01,ITABAL8,0.0,58.33,SAFE
2026-09-22 14:07:11,BKL.02,ITABAL8,0.0,0.72,SAFE
2026-09-22 14:07:11,BNE.02,ITABAL8,0.0,1.52,SAFE
2026-09-22 14:07:11,BNE.03,ITABAL8,0.0,0.63,SAFE
2026-09-22 14:07:11,BNE.04,ITABAL8,0.0,0.55,SAFE
2026-09-22 14:07:00,BNY.03,CSA BONTANG SIS,0.0,0.97,SAFE
2026-09-22 14:07:00,BTG.03,CSA BONTANG SIS,0.0,9.36,SAFE
2026-09-22 14:07:00,BTG.04,CSA BONTANG SIS,0.0,175.0,SAFE
2026-09-22 14:07:00,FLR.02,CSA BONTANG SIS,0.0,0.75,SAFE
2026-09-22 14:07:11,JKT.01,ITABAL9,0.0,25.36,SAFE
2026-09-22 14:07:11,JKT.02,ITABAL9,0.0,7.78,SAFE
2026-09-22 14:07:11,JKT.03,ITABAL9,0.0,4.16,SAFE
2026-09-22 14:07:11,JKT.04,ITABAL9,0.0,1.17,SAFE
2026-09-22 14:07:11,JKT.05,ITABAL9,0.0,5.68,SAFE
2026-09-22 14:07:11,JKT.06,ITABAL9,0.0,7.45,SAFE
2026-09-22 14:07:11,JKT.07,ITABAL9,0.0,11.55,SAFE
2026-09-22 14:07:11,JKT.08,ITABAL9,0.0,4.26,SAFE
2026-09-22 14:07:11,JMB.01,ITABAL8,0.0,3.07,SAFE
2026-09-22 14:07:11,JMB.03,ITABAL8,0.0,1.02,SAFE
2026-09-22 14:07:11,JMB.04,ITABAL9,0.0,0.77,SAFE
2026-09-22 14:07:00,KRC.02,VP SABANG TIMUR SIS,0.0,1.04,SAFE
2026-09-22 14:07:11,KRC.03,ITABAL8,0.0,1.31,SAFE
2026-09-22 14:07:00,KRC.05,VP SABANG TIMUR SIS,0.0,1.93,SAFE
2026-09-22 14:07:00,KRC.07,VP SABANG TIMUR SIS,0.0,2.15,SAFE
2026-09-22 14:07:11,LHT.01,ITABAL8,0.0,5.84,SAFE
2026-09-22 14:07:11,LPG.01,ITABAL8,0.0,2.05,SAFE
2026-09-22 14:07:11,LPG.02,ITABAL8,0.0,12.03,SAFE
2026-09-22 14:07:11,LPG.03,ITABAL8,0.0,6.96,SAFE
2026-09-22 14:07:11,LPG.06,ITABAL8,0.0,6.69,SAFE
2026-09-22 14:07:11,LPG.07,ITABAL8,0.0,12.92,SAFE
2026-09-22 14:07:11,MDN.01,ITABAL8,0.0,3.37,SAFE
2026-09-22 14:07:11,MDN.02,ITABAL8,0.0,2.53,SAFE
2026-09-22 14:07:11,MDN.03,ITABAL8,0.0,7.25,SAFE
2026-09-22 14:07:11,MDN.04,ITABAL8,0.0,1.95,SAFE
2026-09-22 14:07:11,MIA.01,ITABAL9,0.0,1.22,SAFE
2026-09-22 14:07:11,MIA.02,ITABAL9,0.0,17.59,SAFE
2026-09-22 14:07:11,MIA.03,ITABAL9,0.0,4.28,SAFE
2026-09-22 14:07:00,MIA.04,PITSTOP AMBON SIS,0.0,2.31,SAFE
2026-09-22 14:07:11,MIA.05,ITABAL9,0.0,20.96,SAFE
2026-09-22 14:07:11,MIA.06,ITABAL9,0.0,1.16,SAFE
2026-09-22 14:07:00,MKS.01,CSA BONTANG SIS,0.0,0.72,SAFE
2026-09-22 14:07:00,MKS.02,PITSTOP AMBON SIS,0.0,1.06,SAFE
,MKS.03,ROM 13,0.0,8.2,SAFE
,MKS.04,ROM 13,0.0,3.08,SAFE
2026-09-22 14:07:00,MND.02,CSA BONTANG SIS,0.0,2.49,SAFE
2026-09-22 14:07:00,MRK.01,VP SABANG TIMUR SIS,0.0,1.65,SAFE
2026-09-22 14:07:00,MTM.01,PITSTOP AMBON SIS,0.0,1.64,SAFE
2026-09-22 14:07:00,MTP.01,PITSTOP AMBON SIS,0.0,1.01,SAFE
2026-09-22 14:07:00,MTR.01,VP SABANG TIMUR SIS,0.0,1.67,SAFE
2026-09-22 14:07:11,NIS.01,ITABAL8,0.0,0.57,SAFE
2026-09-22 14:07:11,NIS.02,ITABAL8,0.0,0.86,SAFE
2026-09-22 14:07:11,NIS.03,ITABAL8,0.0,1.03,SAFE
2026-09-22 14:07:11,PDG.01,ITABAL9,0.0,0.52,SAFE
2026-09-22 14:07:11,PLB.01,ITABAL8,0.0,1.87,SAFE
2026-09-22 14:07:11,PLB.02,ITABAL8,0.0,0.84,SAFE
2026-09-22 14:07:11,PLB.03,ITABAL8,0.0,2.0,SAFE
2026-09-22 14:07:11,PLB.04,ITABAL8,0.0,13.62,SAFE
2026-09-22 14:07:00,PLU.04,CSA BONTANG SIS,0.0,2.36,SAFE
2026-09-22 14:07:00,RIU.02,VP SABANG TIMUR SIS,0.0,0.61,SAFE
2026-09-22 14:07:00,RIU.04,VP SABANG TIMUR SIS,0.0,0.51,SAFE
2026-09-22 14:07:00,SBG.02,VP SABANG TIMUR SIS,0.0,1.91,SAFE
2026-09-22 14:07:00,SBG.03,VP SABANG TIMUR SIS,0.0,5.65,SAFE
2026-09-22 14:07:00,SBG.04,VP SABANG TIMUR SIS,0.0,0.63,SAFE
2026-09-22 14:07:00,SBG.05,VP SABANG TIMUR SIS,0.0,21.21,SAFE
2026-09-22 14:07:11,SBG.06,ITABAL8,0.0,14.52,SAFE
2026-09-22 14:07:00,SBG.08,VP SABANG TIMUR SIS,0.0,1.35,SAFE
2026-09-22 14:07:00,SBG.10,VP SABANG TIMUR SIS,0.0,2.05,SAFE
2026-09-22 14:07:00,SBG.11,VP SABANG TIMUR SIS,0.0,0.75,SAFE
2026-09-22 14:07:00,SGT.02,CSA BONTANG SIS,0.0,0.19,SAFE
2026-09-22 14:07:00,SMB.02,CSA BONTANG SIS,0.0,2.63,SAFE
2026-09-22 14:07:00,SMB.03,CSA BONTANG SIS,0.0,4.72,SAFE
2026-09-22 14:07:00,SNT.01,PITSTOP AMBON SIS,0.0,1.34,SAFE
2026-09-22 14:07:00,TJG.01,CSA BONTANG SIS,0.0,1.99,SAFE
2026-09-22 14:07:00,TJG.02,CSA BONTANG SIS,0.0,5.65,SAFE
2026-09-22 19:30:00,AMB.01,PITSTOP AMBON SIS,0.0,7.46,SAFE
2026-09-22 19:29:00,BDG.02,VP OB 1 SIS,0.0,19.31,SAFE
2026-09-22 19:29:00,BDG.03,VP OB 1 SIS,0.0,5.73,SAFE
2026-09-22 19:29:00,BDG.04,VP OB 1 SIS,0.0,1.07,SAFE
2026-09-22 19:29:38,BDG.05,ITABAL9,0.0,2.1,SAFE
2026-09-22 15:29:00,BGK.01,VP SABANG TIMUR SIS,0.0,1.59,SAFE
2026-09-22 15:29:00,BGK.02,VP SABANG TIMUR SIS,0.0,18.92,SAFE
2026-09-22 19:29:38,BGR.01,ITABAL9,0.0,1.34,SAFE
2026-09-22 19:30:00,BJB.03,CSA BONTANG SIS,0.0,1.34,SAFE
2026-09-22 19:30:00,BJM.01,PITSTOP AMBON SIS,0.0,3.86,SAFE
2026-09-22 19:30:00,BJM.02,CSA BONTANG SIS,0.0,1.68,SAFE
2026-09-22 19:29:38,BKL.01,ITABAL8,0.0,58.33,SAFE
2026-09-22 19:29:38,BKL.02,ITABAL8,0.0,0.72,SAFE
2026-09-22 19:29:38,BNE.02,ITABAL8,0.0,1.52,SAFE
2026-09-22 19:29:38,BNE.03,ITABAL8,0.0,0.63,SAFE
2026-09-22 19:29:38,BNE.04,ITABAL8,0.0,0.55,SAFE
2026-09-22 19:30:00,BNY.03,CSA BONTANG SIS,0.0,0.97,SAFE
2026-09-22 19:30:00,BTG.03,CSA BONTANG SIS,0.0,9.36,SAFE
2026-09-22 19:30:00,BTG.04,CSA BONTANG SIS,0.0,175.0,SAFE
2026-09-22 19:30:00,FLR.02,CSA BONTANG SIS,0.0,0.75,SAFE
2026-09-22 19:29:38,JKT.01,ITABAL9,0.0,25.36,SAFE
2026-09-22 19:29:38,JKT.02,ITABAL9,0.0,7.78,SAFE
2026-09-22 19:29:38,JKT.03,ITABAL9,0.0,4.16,SAFE
2026-09-22 19:29:38,JKT.04,ITABAL9,0.0,1.17,SAFE
2026-09-22 19:29:38,JKT.05,ITABAL9,0.0,5.68,SAFE
2026-09-22 19:29:38,JKT.06,ITABAL9,0.0,7.45,SAFE
2026-09-22 19:29:38,JKT.07,ITABAL9,0.0,11.55,SAFE
2026-09-22 19:29:38,JKT.08,ITABAL9,0.0,4.26,SAFE
2026-09-22 19:29:38,JMB.01,ITABAL8,0.0,3.07,SAFE
2026-09-22 19:29:38,JMB.03,ITABAL8,0.0,1.02,SAFE
2026-09-22 19:29:38,JMB.04,ITABAL9,0.0,0.77,SAFE
2026-09-22 15:29:00,KRC.02,VP SABANG TIMUR SIS,0.0,1.04,SAFE
2026-09-22 19:29:38,KRC.03,ITABAL8,0.0,1.31,SAFE
2026-09-22 15:29:00,KRC.05,VP SABANG TIMUR SIS,0.0,1.93,SAFE
2026-09-22 15:29:00,KRC.07,VP SABANG TIMUR SIS,0.0,2.15,SAFE
2026-09-22 19:29:38,LHT.01,ITABAL8,0.0,5.84,SAFE
2026-09-22 19:29:38,LPG.01,ITABAL8,0.0,2.05,SAFE
2026-09-22 19:29:38,LPG.02,ITABAL8,0.0,12.03,SAFE
2026-09-22 19:29:38,LPG.03,ITABAL8,0.0,6.96,SAFE
2026-09-22 19:29:38,LPG.06,ITABAL8,0.0,6.69,SAFE
2026-09-22 19:29:38,LPG.07,ITABAL8,0.0,12.92,SAFE
2026-09-22 19:29:38,MDN.01,ITABAL8,0.0,3.37,SAFE
2026-09-22 19:29:38,MDN.02,ITABAL8,0.0,2.53,SAFE
2026-09-22 19:29:38,MDN.03,ITABAL8,0.0,7.25,SAFE
2026-09-22 19:29:38,MDN.04,ITABAL8,0.0,1.95,SAFE
2026-09-22 19:29:38,MIA.01,ITABAL9,0.0,1.22,SAFE
2026-09-22 19:29:38,MIA.02,ITABAL9,0.0,17.59,SAFE
2026-09-22 19:29:38,MIA.03,ITABAL9,0.0,4.28,SAFE
2026-09-22 19:30:00,MIA.04,PITSTOP AMBON SIS,0.0,2.31,SAFE
2026-09-22 19:29:38,MIA.05,ITABAL9,0.0,20.96,SAFE
2026-09-22 19:29:38,MIA.06,ITABAL9,0.0,1.16,SAFE
2026-09-22 19:30:00,MKS.01,CSA BONTANG SIS,0.0,0.72,SAFE
2026-09-22 19:30:00,MKS.02,PITSTOP AMBON SIS,0.0,1.06,SAFE
,MKS.03,ROM 13,0.0,8.2,SAFE
,MKS.04,ROM 13,0.0,3.08,SAFE
2026-09-22 19:30:00,MND.02,CSA BONTANG SIS,0.0,2.49,SAFE
2026-09-22 15:29:00,MRK.01,VP SABANG TIMUR SIS,0.0,1.65,SAFE
2026-09-22 19:30:00,MTM.01,PITSTOP AMBON SIS,0.0,1.64,SAFE
2026-09-22 19:30:00,MTP.01,PITSTOP AMBON SIS,0.0,1.01,SAFE
2026-09-22 15:29:00,MTR.01,VP SABANG TIMUR SIS,0.0,1.67,SAFE
2026-09-22 19:29:38,NIS.01,ITABAL8,0.0,0.57,SAFE
2026-09-22 19:29:38,NIS.02,ITABAL8,0.0,0.86,SAFE
2026-09-22 19:29:38,NIS.03,ITABAL8,0.0,1.03,SAFE
2026-09-22 19:29:38,PDG.01,ITABAL9,0.0,0.52,SAFE
2026-09-22 19:29:38,PLB.01,ITABAL8,0.0,1.87,SAFE
2026-09-22 19:29:38,PLB.02,ITABAL8,0.0,0.84,SAFE
2026-09-22 19:29:38,PLB.03,ITABAL8,0.0,2.0,SAFE
2026-09-22 19:29:38,PLB.04,ITABAL8,0.0,13.62,SAFE
2026-09-22 19:30:00,PLU.04,CSA BONTANG SIS,0.0,2.36,SAFE
2026-09-22 15:29:00,RIU.02,VP SABANG TIMUR SIS,0.0,0.61,SAFE
2026-09-22 15:29:00,RIU.04,VP SABANG TIMUR SIS,0.0,0.51,SAFE
2026-09-22 15:29:00,SBG.02,VP SABANG TIMUR SIS,0.0,1.91,SAFE
2026-09-22 15:29:00,SBG.03,VP SABANG TIMUR SIS,0.0,5.65,SAFE
2026-09-22 15:29:00,SBG.04,VP SABANG TIMUR SIS,0.0,0.63,SAFE
2026-09-22 15:29:00,SBG.05,VP SABANG TIMUR SIS,0.0,21.21,SAFE
2026-09-22 19:29:38,SBG.06,ITABAL8,0.0,14.52,SAFE
2026-09-22 15:29:00,SBG.08,VP SABANG TIMUR SIS,0.0,1.35,SAFE
2026-09-22 15:29:00,SBG.10,VP SABANG TIMUR SIS,0.0,2.05,SAFE
2026-09-22 15:29:00,SBG.11,VP SABANG TIMUR SIS,0.0,0.75,SAFE
2026-09-22 19:30:00,SGT.02,CSA BONTANG SIS,0.0,0.19,SAFE
2026-09-22 19:30:00,SMB.02,CSA BONTANG SIS,0.0,2.63,SAFE
2026-09-22 19:30:00,SMB.03,CSA BONTANG SIS,0.0,4.72,SAFE
2026-09-22 19:30:00,SNT.01,PITSTOP AMBON SIS,0.0,1.34,SAFE
2026-09-22 19:30:00,TJG.01,CSA BONTANG SIS,0.0,1.99,SAFE
2026-09-22 19:30:00,TJG.02,CSA BONTANG SIS,0.0,5.65,SAFE
2026-09-22 23:37:00,AMB.01,PITSTOP AMBON SIS,0.0,7.46,SAFE
2026-09-22 23:36:00,BDG.02,VP OB 1 SIS,0.0,19.31,SAFE
2026-09-22 23:36:00,BDG.03,VP OB 1 SIS,0.0,5.73,SAFE
2026-09-22 23:36:00,BDG.04,VP OB 1 SIS,0.0,1.07,SAFE
2026-09-22 23:36:55,BDG.05,ITABAL9,0.0,2.1,SAFE
2026-09-22 15:29:00,BGK.01,VP SABANG TIMUR SIS,0.0,1.59,SAFE
2026-09-22 15:29:00,BGK.02,VP SABANG TIMUR SIS,0.0,18.92,SAFE
2026-09-22 23:36:55,BGR.01,ITABAL9,0.0,1.34,SAFE
2026-09-22 23:37:00,BJB.03,CSA BONTANG SIS,0.0,1.34,SAFE
2026-09-22 23:37:00,BJM.01,PITSTOP AMBON SIS,0.0,3.86,SAFE
2026-09-22 23:37:00,BJM.02,CSA BONTANG SIS,0.0,1.68,SAFE
2026-09-22 23:36:55,BKL.01,ITABAL8,0.0,58.33,SAFE
2026-09-22 23:36:55,BKL.02,ITABAL8,0.0,0.72,SAFE
2026-09-22 23:36:55,BNE.02,ITABAL8,0.0,1.52,SAFE
2026-09-22 23:36:55,BNE.03,ITABAL8,0.0,0.63,SAFE
2026-09-22 23:36:55,BNE.04,ITABAL8,0.0,0.55,SAFE
2026-09-22 23:37:00,BNY.03,CSA BONTANG SIS,0.0,0.97,SAFE
2026-09-22 23:37:00,BTG.03,CSA BONTANG SIS,0.0,9.36,SAFE
2026-09-22 23:37:00,BTG.04,CSA BONTANG SIS,0.0,175.0,SAFE
2026-09-22 23:37:00,FLR.02,CSA BONTANG SIS,0.0,0.75,SAFE
2026-09-22 23:36:55,JKT.01,ITABAL9,0.0,25.36,SAFE
2026-09-22 23:36:55,JKT.02,ITABAL9,0.0,7.78,SAFE
2026-09-22 23:36:55,JKT.03,ITABAL9,0.0,4.16,SAFE
2026-09-22 23:36:55,JKT.04,ITABAL9,0.0,1.17,SAFE
2026-09-22 23:36:55,JKT.05,ITABAL9,0.0,5.68,SAFE
2026-09-22 23:36:55,JKT.06,ITABAL9,0.0,7.45,SAFE
2026-09-22 23:36:55,JKT.07,ITABAL9,0.0,11.55,SAFE
2026-09-22 23:36:55,JKT.08,ITABAL9,0.0,4.26,SAFE
2026-09-22 23:36:55,JMB.01,ITABAL8,0.0,3.07,SAFE
2026-09-22 23:36:55,JMB.03,ITABAL8,0.0,1.02,SAFE
2026-09-22 23:36:55,JMB.04,ITABAL9,0.0,0.77,SAFE
2026-09-22 15:29:00,KRC.02,VP SABANG TIMUR SIS,0.0,1.04,SAFE
2026-09-22 23:36:55,KRC.03,ITABAL8,0.0,1.31,SAFE
2026-09-22 15:29:00,KRC.05,VP SABANG TIMUR SIS,0.0,1.93,SAFE
2026-09-22 15:29:00,KRC.07,VP SABANG TIMUR SIS,0.0,2.15,SAFE
2026-09-22 23:36:55,LHT.01,ITABAL8,0.0,5.84,SAFE
2026-09-22 23:36:55,LPG.01,ITABAL8,0.0,2.05,SAFE
2026-09-22 23:36:55,LPG.02,ITABAL8,0.0,12.03,SAFE
2026-09-22 23:36:55,LPG.03,ITABAL8,0.0,6.96,SAFE
2026-09-22 23:36:55,LPG.06,ITABAL8,0.0,6.69,SAFE
2026-09-22 23:36:55,LPG.07,ITABAL8,0.0,12.92,SAFE
2026-09-22 23:36:55,MDN.01,ITABAL8,0.0,3.37,SAFE
2026-09-22 23:36:55,MDN.02,ITABAL8,0.0,2.53,SAFE
2026-09-22 23:36:55,MDN.03,ITABAL8,0.0,7.25,SAFE
2026-09-22 23:36:55,MDN.04,ITABAL8,0.0,1.95,SAFE
2026-09-22 23:36:55,MIA.01,ITABAL9,0.0,1.22,SAFE
2026-09-22 23:36:55,MIA.02,ITABAL9,0.0,17.59,SAFE
2026-09-22 23:36:55,MIA.03,ITABAL9,0.0,4.28,SAFE
2026-09-22 23:37:00,MIA.04,PITSTOP AMBON SIS,0.0,2.31,SAFE
2026-09-22 23:36:55,MIA.05,ITABAL9,0.0,20.96,SAFE
2026-09-22 23:36:55,MIA.06,ITABAL9,0.0,1.16,SAFE
2026-09-22 23:37:00,MKS.01,CSA BONTANG SIS,0.0,0.72,SAFE
2026-09-22 23:37:00,MKS.02,PITSTOP AMBON SIS,0.0,1.06,SAFE
,MKS.03,ROM 13,0.0,8.2,SAFE
,MKS.04,ROM 13,0.0,3.08,SAFE
2026-09-22 23:37:00,MND.02,CSA BONTANG SIS,0.0,2.49,SAFE
2026-09-22 15:29:00,MRK.01,VP SABANG TIMUR SIS,0.0,1.65,SAFE
2026-09-22 23:37:00,MTM.01,PITSTOP AMBON SIS,0.0,1.64,SAFE
2026-09-22 23:37:00,MTP.01,PITSTOP AMBON SIS,0.0,1.01,SAFE
2026-09-22 15:29:00,MTR.01,VP SABANG TIMUR SIS,0.0,1.67,SAFE
2026-09-22 23:36:55,NIS.01,ITABAL8,0.0,0.57,SAFE
2026-09-22 23:36:55,NIS.02,ITABAL8,0.0,0.86,SAFE
2026-09-22 23:36:55,NIS.03,ITABAL8,0.0,1.03,SAFE
2026-09-22 23:36:55,PDG.01,ITABAL9,0.0,0.52,SAFE
2026-09-22 23:36:55,PLB.01,ITABAL8,0.0,1.87,SAFE
2026-09-22 23:36:55,PLB.02,ITABAL8,0.0,0.84,SAFE
2026-09-22 23:36:55,PLB.03,ITABAL8,0.0,2.0,SAFE
2026-09-22 23:36:55,PLB.04,ITABAL8,0.0,13.62,SAFE
2026-09-22 23:37:00,PLU.04,CSA BONTANG SIS,0.0,2.36,SAFE
2026-09-22 15:29:00,RIU.02,VP SABANG TIMUR SIS,0.0,0.61,SAFE
2026-09-22 15:29:00,RIU.04,VP SABANG TIMUR SIS,0.0,0.51,SAFE
2026-09-22 15:29:00,SBG.02,VP SABANG TIMUR SIS,0.0,1.91,SAFE
2026-09-22 15:29:00,SBG.03,VP SABANG TIMUR SIS,0.0,5.65,SAFE
2026-09-22 15:29:00,SBG.04,VP SABANG TIMUR SIS,0.0,0.63,SAFE
2026-09-22 15:29:00,SBG.05,VP SABANG TIMUR SIS,0.0,21.21,SAFE
2026-09-22 23:36:55,SBG.06,ITABAL8,0.0,14.52,SAFE
2026-09-22 15:29:00,SBG.08,VP SABANG TIMUR SIS,0.0,1.35,SAFE
2026-09-22 15:29:00,SBG.10,VP SABANG TIMUR SIS,0.0,2.05,SAFE
2026-09-22 15:29:00,SBG.11,VP SABANG TIMUR SIS,0.0,0.75,SAFE
2026-09-22 23:37:00,SGT.02,CSA BONTANG SIS,0.0,0.19,SAFE
2026-09-22 23:37:00,SMB.02,CSA BONTANG SIS,0.0,2.63,SAFE
2026-09-22 23:37:00,SMB.03,CSA BONTANG SIS,0.0,4.72,SAFE
2026-09-22 23:37:00,SNT.01,PITSTOP AMBON SIS,0.0,1.34,SAFE
2026-09-22 23:37:00,TJG.01,CSA BONTANG SIS,0.0,1.99,SAFE
2026-09-22 23:37:00,TJG.02,CSA BONTANG SIS,0.0,5.65,SAFE
2026-09-22 23:59:00,AMB.01,PITSTOP AMBON SIS,0.0,7.46,SAFE
2026-09-22 23:59:00,BDG.02,VP OB 1 SIS,0.0,19.31,SAFE
2026-09-22 23:59:00,BDG.03,VP OB 1 SIS,0.0,5.73,SAFE
2026-09-22 23:59:00,BDG.04,VP OB 1 SIS,0.0,1.07,SAFE
2026-09-23 03:06:32,BDG.05,ITABAL9,0.0,2.1,SAFE
2026-09-22 15:29:00,BGK.01,VP SABANG TIMUR SIS,0.0,1.59,SAFE
2026-09-22 15:29:00,BGK.02,VP SABANG TIMUR SIS,0.0,18.92,SAFE
2026-09-23 03:06:32,BGR.01,ITABAL9,0.0,1.34,SAFE
2026-09-22 23:59:00,BJB.03,CSA BONTANG SIS,0.0,1.34,SAFE
2026-09-22 23:59:00,BJM.01,PITSTOP AMBON SIS,0.0,3.86,SAFE
2026-09-22 23:59:00,BJM.02,CSA BONTANG SIS,0.0,1.68,SAFE
2026-09-23 03:06:32,BKL.01,ITABAL8,0.0,58.33,SAFE
2026-09-23 03:06:32,BKL.02,ITABAL8,0.0,0.72,SAFE
2026-09-23 03:06:32,BNE.02,ITABAL8,0.0,1.52,SAFE
2026-09-23 03:06:32,BNE.03,ITABAL8,0.0,0.63,SAFE
2026-09-23 03:06:32,BNE.04,ITABAL8,0.0,0.55,SAFE
2026-09-22 23:59:00,BNY.03,CSA BONTANG SIS,0.0,0.97,SAFE
2026-09-22 23:59:00,BTG.03,CSA BONTANG SIS,0.0,9.36,SAFE
2026-09-22 23:59:00,BTG.04,CSA BONTANG SIS,0.0,175.0,SAFE
2026-09-22 23:59:00,FLR.02,CSA BONTANG SIS,0.0,0.75,SAFE
2026-09-23 03:06:32,JKT.01,ITABAL9,0.0,25.36,SAFE
2026-09-23 03:06:32,JKT.02,ITABAL9,0.0,7.78,SAFE
2026-09-23 03:06:32,JKT.03,ITABAL9,0.0,4.16,SAFE
2026-09-23 03:06:32,JKT.04,ITABAL9,0.0,1.17,SAFE
2026-09-23 03:06:32,JKT.05,ITABAL9,0.0,5.68,SAFE
2026-09-23 03:06:32,JKT.06,ITABAL9,0.0,7.45,SAFE
2026-09-23 03:06:32,JKT.07,ITABAL9,0.0,11.55,SAFE
2026-09-23 03:06:32,JKT.08,ITABAL9,0.0,4.26,SAFE
2026-09-23 03:06:32,JMB.01,ITABAL8,0.0,3.07,SAFE
2026-09-23 03:06:32,JMB.03,ITABAL8,0.0,1.02,SAFE
2026-09-23 03:06:32,JMB.04,ITABAL9,0.0,0.77,SAFE
2026-09-22 15:29:00,KRC.02,VP SABANG TIMUR SIS,0.0,1.04,SAFE
2026-09-23 03:06:32,KRC.03,ITABAL8,0.0,1.31,SAFE
2026-09-22 15:29:00,KRC.05,VP SABANG TIMUR SIS,0.0,1.93,SAFE
2026-09-22 15:29:00,KRC.07,VP SABANG TIMUR SIS,0.0,2.15,SAFE
2026-09-23 03:06:32,LHT.01,ITABAL8,0.0,5.84,SAFE
2026-09-23 03:06:32,LPG.01,ITABAL8,0.0,2.05,SAFE
2026-09-23 03:06:32,LPG.02,ITABAL8,0.0,12.03,SAFE
2026-09-23 03:06:32,LPG.03,ITABAL8,0.0,6.96,SAFE
2026-09-23 03:06:32,LPG.06,ITABAL8,0.0,6.69,SAFE
2026-09-23 03:06:32,LPG.07,ITABAL8,0.0,12.92,SAFE
2026-09-23 03:06:32,MDN.01,ITABAL8,0.0,3.37,SAFE
2026-09-23 03:06:32,MDN.02,ITABAL8,0.0,2.53,SAFE
2026-09-23 03:06:32,MDN.03,ITABAL8,0.0,7.25,SAFE
2026-09-23 03:06:32,MDN.04,ITABAL8,0.0,1.95,SAFE
2026-09-23 03:06:32,MIA.01,ITABAL9,0.0,1.22,SAFE
2026-09-23 03:06:32,MIA.02,ITABAL9,0.0,17.59,SAFE
2026-09-23 03:06:32,MIA.03,ITABAL9,0.0,4.28,SAFE
2026-09-22 23:59:00,MIA.04,PITSTOP AMBON SIS,0.0,2.31,SAFE
2026-09-23 03:06:32,MIA.05,ITABAL9,0.0,20.96,SAFE
2026-09-23 03:06:32,MIA.06,ITABAL9,0.0,1.16,SAFE
2026-09-22 23:59:00,MKS.01,CSA BONTANG SIS,0.0,0.72,SAFE
2026-09-22 23:59:00,MKS.02,PITSTOP AMBON SIS,0.0,1.06,SAFE
,MKS.03,ROM 13,0.0,8.2,SAFE
,MKS.04,ROM 13,0.0,3.08,SAFE
2026-09-22 23:59:00,MND.02,CSA BONTANG SIS,0.0,2.49,SAFE
2026-09-22 15:29:00,MRK.01,VP SABANG TIMUR SIS,0.0,1.65,SAFE
2026-09-22 23:59:00,MTM.01,PITSTOP AMBON SIS,0.0,1.64,SAFE
2026-09-22 23:59:00,MTP.01,PITSTOP AMBON SIS,0.0,1.01,SAFE
2026-09-22 15:29:00,MTR.01,VP SABANG TIMUR SIS,0.0,1.67,SAFE
2026-09-23 03:06:32,NIS.01,ITABAL8,0.0,0.57,SAFE
2026-09-23 03:06:32,NIS.02,ITABAL8,0.0,0.86,SAFE
2026-09-23 03:06:32,NIS.03,ITABAL8,0.0,1.03,SAFE
2026-09-23 03:06:32,PDG.01,ITABAL9,0.0,0.52,SAFE
2026-09-23 03:06:32,PLB.01,ITABAL8,0.0,1.87,SAFE
2026-09-23 03:06:32,PLB.02,ITABAL8,0.0,0.84,SAFE
2026-09-23 03:06:32,PLB.03,ITABAL8,0.0,2.0,SAFE
2026-09-23 03:06:32,PLB.04,ITABAL8,0.0,13.62,SAFE
2026-09-22 23:59:00,PLU.04,CSA BONTANG SIS,0.0,2.36,SAFE
2026-09-22 15:29:00,RIU.02,VP SABANG TIMUR SIS,0.0,0.61,SAFE
2026-09-22 15:29:00,RIU.04,VP SABANG TIMUR SIS,0.0,0.51,SAFE
2026-09-22 15:29:00,SBG.02,VP SABANG TIMUR SIS,0.0,1.91,SAFE
2026-09-22 15:29:00,SBG.03,VP SABANG TIMUR SIS,0.0,5.65,SAFE
2026-09-22 15:29:00,SBG.04,VP SABANG TIMUR SIS,0.0,0.63,SAFE
2026-09-22 15:29:00,SBG.05,VP SABANG TIMUR SIS,0.0,21.21,SAFE
2026-09-23 03:06:32,SBG.06,ITABAL8,0.0,14.52,SAFE
2026-09-22 15:29:00,SBG.08,VP SABANG TIMUR SIS,0.0,1.35,SAFE
2026-09-22 15:29:00,SBG.10,VP SABANG TIMUR SIS,0.0,2.05,SAFE
2026-09-22 15:29:00,SBG.11,VP SABANG TIMUR SIS,0.0,0.75,SAFE
2026-09-22 23:59:00,SGT.02,CSA BONTANG SIS,0.0,0.19,SAFE
2026-09-22 23:59:00,SMB.02,CSA BONTANG SIS,0.0,2.63,SAFE
2026-09-22 23:59:00,SMB.03,CSA BONTANG SIS,0.0,4.72,SAFE
2026-09-22 23:59:00,SNT.01,PITSTOP AMBON SIS,0.0,1.34,SAFE
2026-09-22 23:59:00,TJG.01,CSA BONTANG SIS,0.0,1.99,SAFE
2026-09-22 23:59:00,TJG.02,CSA BONTANG SIS,0.0,5.65,SAFE
2026-09-22 23:59:00,AMB.01,PITSTOP AMBON SIS,0.0,7.46,SAFE
2026-09-22 23:59:00,BDG.02,VP OB 1 SIS,0.0,19.31,SAFE
2026-09-22 23:59:00,BDG.03,VP OB 1 SIS,0.0,5.73,SAFE
2026-09-22 23:59:00,BDG.04,VP OB 1 SIS,0.0,1.07,SAFE
2026-09-23 06:01:52,BDG.05,ITABAL9,0.0,2.1,SAFE
2026-09-22 15:29:00,BGK.01,VP SABANG TIMUR SIS,0.0,1.59,SAFE
2026-09-22 15:29:00,BGK.02,VP SABANG TIMUR SIS,0.0,18.92,SAFE
2026-09-23 06:01:52,BGR.01,ITABAL9,0.0,1.34,SAFE
2026-09-22 23:59:00,BJB.03,CSA BONTANG SIS,0.0,1.34,SAFE
2026-09-22 23:59:00,BJM.01,PITSTOP AMBON SIS,0.0,3.86,SAFE
2026-09-22 23:59:00,BJM.02,CSA BONTANG SIS,0.0,1.68,SAFE
2026-09-23 06:01:52,BKL.01,ITABAL8,0.0,58.33,SAFE
2026-09-23 06:01:52,BKL.02,ITABAL8,0.0,0.72,SAFE
2026-09-23 06:01:52,BNE.02,ITABAL8,0.0,1.52,SAFE
2026-09-23 06:01:52,BNE.03,ITABAL8,0.0,0.63,SAFE
2026-09-23 06:01:52,BNE.04,ITABAL8,0.0,0.55,SAFE
2026-09-22 23:59:00,BNY.03,CSA BONTANG SIS,0.0,0.97,SAFE
2026-09-22 23:59:00,BTG.03,CSA BONTANG SIS,0.0,9.36,SAFE
2026-09-22 23:59:00,BTG.04,CSA BONTANG SIS,0.0,175.0,SAFE
2026-09-22 23:59:00,FLR.02,CSA BONTANG SIS,0.0,0.75,SAFE
2026-09-23 06:01:52,JKT.01,ITABAL9,0.0,25.36,SAFE
2026-09-23 06:01:52,JKT.02,ITABAL9,0.0,7.78,SAFE
2026-09-23 06:01:52,JKT.03,ITABAL9,0.0,4.16,SAFE
2026-09-23 06:01:52,JKT.04,ITABAL9,0.0,1.17,SAFE
2026-09-23 06:01:52,JKT.05,ITABAL9,0.0,5.68,SAFE
2026-09-23 06:01:52,JKT.06,ITABAL9,0.0,7.45,SAFE
2026-09-23 06:01:52,JKT.07,ITABAL9,0.0,11.55,SAFE
2026-09-23 06:01:52,JKT.08,ITABAL9,0.0,4.26,SAFE
2026-09-23 06:01:52,JMB.01,ITABAL8,0.0,3.07,SAFE
2026-09-23 06:01:52,JMB.03,ITABAL8,0.0,1.02,SAFE
2026-09-23 06:01:52,JMB.04,ITABAL9,0.0,0.77,SAFE
2026-09-22 15:29:00,KRC.02,VP SABANG TIMUR SIS,0.0,1.04,SAFE
2026-09-23 06:01:52,KRC.03,ITABAL8,0.0,1.31,SAFE
2026-09-22 15:29:00,KRC.05,VP SABANG TIMUR SIS,0.0,1.93,SAFE
2026-09-22 15:29:00,KRC.07,VP SABANG TIMUR SIS,0.0,2.15,SAFE
2026-09-23 06:01:52,LHT.01,ITABAL8,0.0,5.84,SAFE
2026-09-23 06:01:52,LPG.01,ITABAL8,0.0,2.05,SAFE
2026-09-23 06:01:52,LPG.02,ITABAL8,0.0,12.03,SAFE
2026-09-23 06:01:52,LPG.03,ITABAL8,0.0,6.96,SAFE
2026-09-23 06:01:52,LPG.06,ITABAL8,0.0,6.69,SAFE
2026-09-23 06:01:52,LPG.07,ITABAL8,0.0,12.92,SAFE
2026-09-23 06:01:52,MDN.01,ITABAL8,0.0,3.37,SAFE
2026-09-23 06:01:52,MDN.02,ITABAL8,0.0,2.53,SAFE
2026-09-23 06:01:52,MDN.03,ITABAL8,0.0,7.25,SAFE
2026-09-23 06:01:52,MDN.04,ITABAL8,0.0,1.95,SAFE
2026-09-23 06:01:52,MIA.01,ITABAL9,0.0,1.22,SAFE
2026-09-23 06:01:52,MIA.02,ITABAL9,0.0,17.59,SAFE
2026-09-23 06:01:52,MIA.03,ITABAL9,0.0,4.28,SAFE
2026-09-22 23:59:00,MIA.04,PITSTOP AMBON SIS,0.0,2.31,SAFE
2026-09-23 06:01:52,MIA.05,ITABAL9,0.0,20.96,SAFE
2026-09-23 06:01:52,MIA.06,ITABAL9,0.0,1.16,SAFE
2026-09-22 23:59:00,MKS.01,CSA BONTANG SIS,0.0,0.72,SAFE
2026-09-22 23:59:00,MKS.02,PITSTOP AMBON SIS,0.0,1.06,SAFE
,MKS.03,ROM 13,0.0,8.2,SAFE
,MKS.04,ROM 13,0.0,3.08,SAFE
2026-09-22 23:59:00,MND.02,CSA BONTANG SIS,0.0,2.49,SAFE
2026-09-22 15:29:00,MRK.01,VP SABANG TIMUR SIS,0.0,1.65,SAFE
2026-09-22 23:59:00,MTM.01,PITSTOP AMBON SIS,0.0,1.64,SAFE
2026-09-22 23:59:00,MTP.01,PITSTOP AMBON SIS,0.0,1.01,SAFE
2026-09-22 15:29:00,MTR.01,VP SABANG TIMUR SIS,0.0,1.67,SAFE
2026-09-23 06:01:52,NIS.01,ITABAL8,0.0,0.57,SAFE
2026-09-23 06:01:52,NIS.02,ITABAL8,0.0,0.86,SAFE
2026-09-23 06:01:52,NIS.03,ITABAL8,0.0,1.03,SAFE
2026-09-23 06:01:52,PDG.01,ITABAL9,0.0,0.52,SAFE
2026-09-23 06:01:52,PLB.01,ITABAL8,0.0,1.87,SAFE
2026-09-23 06:01:52,PLB.02,ITABAL8,0.0,0.84,SAFE
2026-09-23 06:01:52,PLB.03,ITABAL8,0.0,2.0,SAFE
2026-09-23 06:01:52,PLB.04,ITABAL8,0.0,13.62,SAFE
2026-09-22 23:59:00,PLU.04,CSA BONTANG SIS,0.0,2.36,SAFE
2026-09-22 15:29:00,RIU.02,VP SABANG TIMUR SIS,0.0,0.61,SAFE
2026-09-22 15:29:00,RIU.04,VP SABANG TIMUR SIS,0.0,0.51,SAFE
2026-09-22 15:29:00,SBG.02,VP SABANG TIMUR SIS,0.0,1.91,SAFE
2026-09-22 15:29:00,SBG.03,VP SABANG TIMUR SIS,0.0,5.65,SAFE
2026-09-22 15:29:00,SBG.04,VP SABANG TIMUR SIS,0.0,0.63,SAFE
2026-09-22 15:29:00,SBG.05,VP SABANG TIMUR SIS,0.0,21.21,SAFE
2026-09-23 06:01:52,SBG.06,ITABAL8,0.0,14.52,SAFE
2026-09-22 15:29:00,SBG.08,VP SABANG TIMUR SIS,0.0,1.35,SAFE
2026-09-22 15:29:00,SBG.10,VP SABANG TIMUR SIS,0.0,2.05,SAFE
2026-09-22 15:29:00,SBG.11,VP SABANG TIMUR SIS,0.0,0.75,SAFE
2026-09-22 23:59:00,SGT.02,CSA BONTANG SIS,0.0,0.19,SAFE
2026-09-22 23:59:00,SMB.02,CSA BONTANG SIS,0.0,2.63,SAFE
2026-09-22 23:59:00,SMB.03,CSA BONTANG SIS,0.0,4.72,SAFE
2026-09-22 23:59:00,SNT.01,PITSTOP AMBON SIS,0.0,1.34,SAFE
2026-09-22 23:59:00,TJG.01,CSA BONTANG SIS,0.0,1.99,SAFE
2026-09-22 23:59:00,TJG.02,CSA BONTANG SIS,0.0,5.65,SAFE
2026-09-23 08:18:00,AMB.01,PITSTOP AMBON SIS,0.0,7.46,SAFE
2026-09-23 08:17:00,BDG.02,VP OB 1 SIS,0.0,19.31,SAFE
2026-09-23 08:17:00,BDG.03,VP OB 1 SIS,0.0,5.73,SAFE
2026-09-23 08:17:00,BDG.04,VP OB 1 SIS,0.0,1.07,SAFE
2026-09-23 08:17:47,BDG.05,ITABAL9,0.0,2.1,SAFE
2026-09-22 15:29:00,BGK.01,VP SABANG TIMUR SIS,0.0,1.59,SAFE
2026-09-22 15:29:00,BGK.02,VP SABANG TIMUR SIS,0.0,18.92,SAFE
2026-09-23 08:17:47,BGR.01,ITABAL9,0.0,1.34,SAFE
2026-09-23 08:18:00,BJB.03,CSA BONTANG SIS,0.0,1.34,SAFE
2026-09-23 08:18:00,BJM.01,PITSTOP AMBON SIS,0.0,3.86,SAFE
2026-09-23 08:18:00,BJM.02,CSA BONTANG SIS,0.0,1.68,SAFE
2026-09-23 08:17:47,BKL.01,ITABAL8,0.0,58.33,SAFE
2026-09-23 08:17:47,BKL.02,ITABAL8,0.0,0.72,SAFE
2026-09-23 08:17:47,BNE.02,ITABAL8,0.0,1.52,SAFE
2026-09-23 08:17:47,BNE.03,ITABAL8,0.0,0.63,SAFE
2026-09-23 08:17:47,BNE.04,ITABAL8,0.0,0.55,SAFE
2026-09-23 08:18:00,BNY.03,CSA BONTANG SIS,0.0,0.97,SAFE
2026-09-23 08:18:00,BTG.03,CSA BONTANG SIS,0.0,9.36,SAFE
2026-09-23 08:18:00,BTG.04,CSA BONTANG SIS,0.0,175.0,SAFE
2026-09-23 08:18:00,FLR.02,CSA BONTANG SIS,0.0,0.75,SAFE
2026-09-23 08:17:47,JKT.01,ITABAL9,0.0,25.36,SAFE
2026-09-23 08:17:47,JKT.02,ITABAL9,0.0,7.78,SAFE
2026-09-23 08:17:47,JKT.03,ITABAL9,0.0,4.16,SAFE
2026-09-23 08:17:47,JKT.04,ITABAL9,0.0,1.17,SAFE
2026-09-23 08:17:47,JKT.05,ITABAL9,0.0,5.68,SAFE
2026-09-23 08:17:47,JKT.06,ITABAL9,0.0,7.45,SAFE
2026-09-23 08:17:47,JKT.07,ITABAL9,0.0,11.55,SAFE
2026-09-23 08:17:47,JKT.08,ITABAL9,0.0,4.26,SAFE
2026-09-23 08:17:47,JMB.01,ITABAL8,0.0,3.07,SAFE
2026-09-23 08:17:47,JMB.03,ITABAL8,0.0,1.02,SAFE
2026-09-23 08:17:47,JMB.04,ITABAL9,0.0,0.77,SAFE
2026-09-22 15:29:00,KRC.02,VP SABANG TIMUR SIS,0.0,1.04,SAFE
2026-09-23 08:17:47,KRC.03,ITABAL8,0.0,1.31,SAFE
2026-09-22 15:29:00,KRC.05,VP SABANG TIMUR SIS,0.0,1.93,SAFE
2026-09-22 15:29:00,KRC.07,VP SABANG TIMUR SIS,0.0,2.15,SAFE
2026-09-23 08:17:47,LHT.01,ITABAL8,0.0,5.84,SAFE
2026-09-23 08:17:47,LPG.01,ITABAL8,0.0,2.05,SAFE
2026-09-23 08:17:47,LPG.02,ITABAL8,0.0,12.03,SAFE
2026-09-23 08:17:47,LPG.03,ITABAL8,0.0,6.96,SAFE
2026-09-23 08:17:47,LPG.06,ITABAL8,0.0,6.69,SAFE
2026-09-23 08:17:47,LPG.07,ITABAL8,0.0,12.92,SAFE
2026-09-23 08:17:47,MDN.01,ITABAL8,0.0,3.37,SAFE
2026-09-23 08:17:47,MDN.02,ITABAL8,0.0,2.53,SAFE
2026-09-23 08:17:47,MDN.03,ITABAL8,0.0,7.25,SAFE
2026-09-23 08:17:47,MDN.04,ITABAL8,0.0,1.95,SAFE
2026-09-23 08:17:47,MIA.01,ITABAL9,0.0,1.22,SAFE
2026-09-23 08:17:47,MIA.02,ITABAL9,0.0,17.59,SAFE
2026-09-23 08:17:47,MIA.03,ITABAL9,0.0,4.28,SAFE
2026-09-23 08:18:00,MIA.04,PITSTOP AMBON SIS,0.0,2.31,SAFE
2026-09-23 08:17:47,MIA.05,ITABAL9,0.0,20.96,SAFE
2026-09-23 08:17:47,MIA.06,ITABAL9,0.0,1.16,SAFE
2026-09-23 08:18:00,MKS.01,CSA BONTANG SIS,0.0,0.72,SAFE
2026-09-23 08:18:00,MKS.02,PITSTOP AMBON SIS,0.0,1.06,SAFE
,MKS.03,ROM 13,0.0,8.2,SAFE
,MKS.04,ROM 13,0.0,3.08,SAFE
2026-09-23 08:18:00,MND.02,CSA BONTANG SIS,0.0,2.49,SAFE
2026-09-22 15:29:00,MRK.01,VP SABANG TIMUR SIS,0.0,1.65,SAFE
2026-09-23 08:18:00,MTM.01,PITSTOP AMBON SIS,0.0,1.64,SAFE
2026-09-23 08:18:00,MTP.01,PITSTOP AMBON SIS,0.0,1.01,SAFE
2026-09-22 15:29:00,MTR.01,VP SABANG TIMUR SIS,0.0,1.67,SAFE
2026-09-23 08:17:47,NIS.01,ITABAL8,0.0,0.57,SAFE
2026-09-23 08:17:47,NIS.02,ITABAL8,0.0,0.86,SAFE
2026-09-23 08:17:47,NIS.03,ITABAL8,0.0,1.03,SAFE
2026-09-23 08:17:47,PDG.01,ITABAL9,0.0,0.52,SAFE
2026-09-23 08:17:47,PLB.01,ITABAL8,0.0,1.87,SAFE
2026-09-23 08:17:47,PLB.02,ITABAL8,0.0,0.84,SAFE
2026-09-23 08:17:47,PLB.03,ITABAL8,0.0,2.0,SAFE
2026-09-23 08:17:47,PLB.04,ITABAL8,0.0,13.62,SAFE
2026-09-23 08:18:00,PLU.04,CSA BONTANG SIS,0.0,2.36,SAFE
2026-09-22 15:29:00,RIU.02,VP SABANG TIMUR SIS,0.0,0.61,SAFE
2026-09-22 15:29:00,RIU.04,VP SABANG TIMUR SIS,0.0,0.51,SAFE
2026-09-22 15:29:00,SBG.02,VP SABANG TIMUR SIS,0.0,1.91,SAFE
2026-09-22 15:29:00,SBG.03,VP SABANG TIMUR SIS,0.0,5.65,SAFE
2026-09-22 15:29:00,SBG.04,VP SABANG TIMUR SIS,0.0,0.63,SAFE
2026-09-22 15:29:00,SBG.05,VP SABANG TIMUR SIS,0.0,21.21,SAFE
2026-09-23 08:17:47,SBG.06,ITABAL8,0.0,14.52,SAFE
2026-09-22 15:29:00,SBG.08,VP SABANG TIMUR SIS,0.0,1.35,SAFE
2026-09-22 15:29:00,SBG.10,VP SABANG TIMUR SIS,0.0,2.05,SAFE
2026-09-22 15:29:00,SBG.11,VP SABANG TIMUR SIS,0.0,0.75,SAFE
2026-09-23 08:18:00,SGT.02,CSA BONTANG SIS,0.0,0.19,SAFE
2026-09-23 08:18:00,SMB.02,CSA BONTANG SIS,0.0,2.63,SAFE
2026-09-23 08:18:00,SMB.03,CSA BONTANG SIS,0.0,4.72,SAFE
2026-09-23 08:18:00,SNT.01,PITSTOP AMBON SIS,0.0,1.34,SAFE
2026-09-23 08:18:00,TJG.01,CSA BONTANG SIS,0.0,1.99,SAFE
2026-09-23 08:18:00,TJG.02,CSA BONTANG SIS,0.0,5.65,SAFE
2026-09-23 12:53:00,AMB.01,PITSTOP AMBON SIS,0.0,7.46,SAFE
2026-09-23 12:52:00,BDG.02,VP OB 1 SIS,0.0,19.31,SAFE
2026-09-23 12:52:00,BDG.03,VP OB 1 SIS,0.0,5.73,SAFE
2026-09-23 12:52:00,BDG.04,VP OB 1 SIS,0.0,1.07,SAFE
2026-09-23 12:52:20,BDG.05,ITABAL9,0.0,2.1,SAFE
2026-09-23 12:52:00,BGK.01,VP SABANG TIMUR SIS,0.0,1.59,SAFE
2026-09-23 12:52:00,BGK.02,VP SABANG TIMUR SIS,0.0,18.92,SAFE
2026-09-23 12:52:20,BGR.01,ITABAL9,0.0,1.34,SAFE
2026-09-23 12:52:00,BJB.03,CSA BONTANG SIS,0.0,1.34,SAFE
2026-09-23 12:53:00,BJM.01,PITSTOP AMBON SIS,0.0,3.86,SAFE
2026-09-23 12:52:00,BJM.02,CSA BONTANG SIS,0.0,1.68,SAFE
2026-09-23 12:52:20,BKL.01,ITABAL8,0.0,58.33,SAFE
2026-09-23 12:52:20,BKL.02,ITABAL8,0.0,0.72,SAFE
2026-09-23 12:52:20,BNE.02,ITABAL8,0.0,1.52,SAFE
2026-09-23 12:52:20,BNE.03,ITABAL8,0.0,0.63,SAFE
2026-09-23 12:52:20,BNE.04,ITABAL8,0.0,0.55,SAFE
2026-09-23 12:52:00,BNY.03,CSA BONTANG SIS,0.0,0.97,SAFE
2026-09-23 12:52:00,BTG.03,CSA BONTANG SIS,0.0,9.36,SAFE
2026-09-23 12:52:00,BTG.04,CSA BONTANG SIS,0.0,175.0,SAFE
2026-09-23 12:52:00,FLR.02,CSA BONTANG SIS,0.0,0.75,SAFE
2026-09-23 12:52:20,JKT.01,ITABAL9,0.0,25.36,SAFE
2026-09-23 12:52:20,JKT.02,ITABAL9,0.0,7.78,SAFE
2026-09-23 12:52:20,JKT.03,ITABAL9,0.0,4.16,SAFE
2026-09-23 12:52:20,JKT.04,ITABAL9,0.0,1.17,SAFE
2026-09-23 12:52:20,JKT.05,ITABAL9,0.0,5.68,SAFE
2026-09-23 12:52:20,JKT.06,ITABAL9,0.0,7.45,SAFE
2026-09-23 12:52:20,JKT.07,ITABAL9,0.0,11.55,SAFE
2026-09-23 12:52:20,JKT.08,ITABAL9,0.0,4.26,SAFE
2026-09-23 12:52:20,JMB.01,ITABAL8,0.0,3.07,SAFE
2026-09-23 12:52:20,JMB.03,ITABAL8,0.0,1.02,SAFE
2026-09-23 12:52:20,JMB.04,ITABAL9,0.0,0.77,SAFE
2026-09-23 12:52:00,KRC.02,VP SABANG TIMUR SIS,0.0,1.04,SAFE
2026-09-23 12:52:20,KRC.03,ITABAL8,0.0,1.31,SAFE
2026-09-23 12:52:00,KRC.05,VP SABANG TIMUR SIS,0.0,1.93,SAFE
2026-09-23 12:52:00,KRC.07,VP SABANG TIMUR SIS,0.0,2.15,SAFE
2026-09-23 12:52:20,LHT.01,ITABAL8,0.0,5.84,SAFE
2026-09-23 12:52:20,LPG.01,ITABAL8,0.0,2.05,SAFE
2026-09-23 12:52:20,LPG.02,ITABAL8,0.0,12.03,SAFE
2026-09-23 12:52:20,LPG.03,ITABAL8,0.0,6.96,SAFE
2026-09-23 12:52:20,LPG.06,ITABAL8,0.0,6.69,SAFE
2026-09-23 12:52:20,LPG.07,ITABAL8,0.0,12.92,SAFE
2026-09-23 12:52:20,MDN.01,ITABAL8,0.0,3.37,SAFE
2026-09-23 12:52:20,MDN.02,ITABAL8,0.0,2.53,SAFE
2026-09-23 12:52:20,MDN.03,ITABAL8,0.0,7.25,SAFE
2026-09-23 12:52:20,MDN.04,ITABAL8,0.0,1.95,SAFE
2026-09-23 12:52:20,MIA.01,ITABAL9,0.0,1.22,SAFE
2026-09-23 12:52:20,MIA.02,ITABAL9,0.0,17.59,SAFE
2026-09-23 12:52:20,MIA.03,ITABAL9,0.0,4.28,SAFE
2026-09-23 12:53:00,MIA.04,PITSTOP AMBON SIS,0.0,2.31,SAFE
2026-09-23 12:52:20,MIA.05,ITABAL9,0.0,20.96,SAFE
2026-09-23 12:52:20,MIA.06,ITABAL9,0.0,1.16,SAFE
2026-09-23 12:52:00,MKS.01,CSA BONTANG SIS,0.0,0.72,SAFE
2026-09-23 12:53:00,MKS.02,PITSTOP AMBON SIS,0.0,1.06,SAFE
,MKS.03,ROM 13,0.0,8.2,SAFE
,MKS.04,ROM 13,0.0,3.08,SAFE
2026-09-23 12:52:00,MND.02,CSA BONTANG SIS,0.0,2.49,SAFE
2026-09-23 12:52:00,MRK.01,VP SABANG TIMUR SIS,0.0,1.65,SAFE
2026-09-23 12:53:00,MTM.01,PITSTOP AMBON SIS,0.0,1.64,SAFE
2026-09-23 12:53:00,MTP.01,PITSTOP AMBON SIS,0.0,1.01,SAFE
2026-09-23 12:52:00,MTR.01,VP SABANG TIMUR SIS,0.0,1.67,SAFE
2026-09-23 12:52:20,NIS.01,ITABAL8,0.0,0.57,SAFE
2026-09-23 12:52:20,NIS.02,ITABAL8,0.0,0.86,SAFE
2026-09-23 12:52:20,NIS.03,ITABAL8,0.0,1.03,SAFE
2026-09-23 12:52:20,PDG.01,ITABAL9,0.0,0.52,SAFE
2026-09-23 12:52:20,PLB.01,ITABAL8,0.0,1.87,SAFE
2026-09-23 12:52:20,PLB.02,ITABAL8,0.0,0.84,SAFE
2026-09-23 12:52:20,PLB.03,ITABAL8,0.0,2.0,SAFE
2026-09-23 12:52:20,PLB.04,ITABAL8,0.0,13.62,SAFE
2026-09-23 12:52:00,PLU.04,CSA BONTANG SIS,0.0,2.36,SAFE
2026-09-23 12:52:00,RIU.02,VP SABANG TIMUR SIS,0.0,0.61,SAFE
2026-09-23 12:52:00,RIU.04,VP SABANG TIMUR SIS,0.0,0.51,SAFE
2026-09-23 12:52:00,SBG.02,VP SABANG TIMUR SIS,0.0,1.91,SAFE
2026-09-23 12:52:00,SBG.03,VP SABANG TIMUR SIS,0.0,5.65,SAFE
2026-09-23 12:52:00,SBG.04,VP SABANG TIMUR SIS,0.0,0.63,SAFE
2026-09-23 12:52:00,SBG.05,VP SABANG TIMUR SIS,0.0,21.21,SAFE
2026-09-23 12:52:20,SBG.06,ITABAL8,0.0,14.52,SAFE
2026-09-23 12:52:00,SBG.08,VP SABANG TIMUR SIS,0.0,1.35,SAFE
2026-09-23 12:52:00,SBG.10,VP SABANG TIMUR SIS,0.0,2.05,SAFE
2026-09-23 12:52:00,SBG.11,VP SABANG TIMUR SIS,0.0,0.75,SAFE
2026-09-23 12:52:00,SGT.02,CSA BONTANG SIS,0.0,0.19,SAFE
2026-09-23 12:52:00,SMB.02,CSA BONTANG SIS,0.0,2.63,SAFE
2026-09-23 12:52:00,SMB.03,CSA BONTANG SIS,0.0,4.72,SAFE
2026-09-23 12:53:00,SNT.01,PITSTOP AMBON SIS,0.0,1.34,SAFE
2026-09-23 12:52:00,TJG.01,CSA BONTANG SIS,0.0,1.99,SAFE
2026-09-23 12:52:00,TJG.02,CSA BONTANG SIS,0.0,5.65,SAFE
2026-09-23 17:35:00,AMB.01,PITSTOP AMBON SIS,0.2,7.46,SAFE
2026-09-23 17:34:00,BDG.02,VP OB 1 SIS,0.0,19.31,SAFE
2026-09-23 17:34:00,BDG.03,VP OB 1 SIS,0.0,5.73,SAFE
2026-09-23 17:34:00,BDG.04,VP OB 1 SIS,0.0,1.07,SAFE
2026-09-23 17:35:16,BDG.05,ITABAL9,1.8,2.1,SAFE
2026-09-23 15:41:00,BGK.01,VP SABANG TIMUR SIS,0.0,1.59,SAFE
2026-09-23 15:41:00,BGK.02,VP SABANG TIMUR SIS,0.0,18.92,SAFE
2026-09-23 17:35:16,BGR.01,ITABAL9,1.8,1.34,OVER
2026-09-23 17:35:00,BJB.03,CSA BONTANG SIS,0.0,1.34,SAFE
2026-09-23 17:35:00,BJM.01,PITSTOP AMBON SIS,0.2,3.86,SAFE
2026-09-23 17:35:00,BJM.02,CSA BONTANG SIS,0.0,1.68,SAFE
2026-09-23 17:35:16,BKL.01,ITABAL8,0.2,58.33,SAFE
2026-09-23 17:35:16,BKL.02,ITABAL8,0.2,0.72,SAFE
2026-09-23 17:35:16,BNE.02,ITABAL8,0.2,1.52,SAFE
2026-09-23 17:35:16,BNE.03,ITABAL8,0.2,0.63,SAFE
2026-09-23 17:35:16,BNE.04,ITABAL8,0.2,0.55,SAFE
2026-09-23 17:35:00,BNY.03,CSA BONTANG SIS,0.0,0.97,SAFE
2026-09-23 17:35:00,BTG.03,CSA BONTANG SIS,0.0,9.36,SAFE
2026-09-23 17:35:00,BTG.04,CSA BONTANG SIS,0.0,175.0,SAFE
2026-09-23 17:35:00,FLR.02,CSA BONTANG SIS,0.0,0.75,SAFE
2026-09-23 17:35:16,JKT.01,ITABAL9,1.8,25.36,SAFE
2026-09-23 17:35:16,JKT.02,ITABAL9,1.8,7.78,SAFE
2026-09-23 17:35:16,JKT.03,ITABAL9,1.8,4.16,SAFE
2026-09-23 17:35:16,JKT.04,ITABAL9,1.8,1.17,OVER
2026-09-23 17:35:16,JKT.05,ITABAL9,1.8,5.68,SAFE
2026-09-23 17:35:16,JKT.06,ITABAL9,1.8,7.45,SAFE
2026-09-23 17:35:16,JKT.07,ITABAL9,1.8,11.55,SAFE
2026-09-23 17:35:16,JKT.08,ITABAL9,1.8,4.26,SAFE
2026-09-23 17:35:16,JMB.01,ITABAL8,0.2,3.07,SAFE
2026-09-23 17:35:16,JMB.03,ITABAL8,0.2,1.02,SAFE
2026-09-23 17:35:16,JMB.04,ITABAL9,1.8,0.77,OVER
2026-09-23 15:41:00,KRC.02,VP SABANG TIMUR SIS,0.0,1.04,SAFE
2026-09-23 17:35:16,KRC.03,ITABAL8,0.2,1.31,SAFE
2026-09-23 15:41:00,KRC.05,VP SABANG TIMUR SIS,0.0,1.93,SAFE
2026-09-23 15:41:00,KRC.07,VP SABANG TIMUR SIS,0.0,2.15,SAFE
2026-09-23 17:35:16,LHT.01,ITABAL8,0.2,5.84,SAFE
2026-09-23 17:35:16,LPG.01,ITABAL8,0.2,2.05,SAFE
2026-09-23 17:35:16,LPG.02,ITABAL8,0.2,12.03,SAFE
2026-09-23 17:35:16,LPG.03,ITABAL8,0.2,6.96,SAFE
2026-09-23 17:35:16,LPG.06,ITABAL8,0.2,6.69,SAFE
2026-09-23 17:35:16,LPG.07,ITABAL8,0.2,12.92,SAFE
2026-09-23 17:35:16,MDN.01,ITABAL8,0.2,3.37,SAFE
2026-09-23 17:35:16,MDN.02,ITABAL8,0.2,2.53,SAFE
2026-09-23 17:35:16,MDN.03,ITABAL8,0.2,7.25,SAFE
2026-09-23 17:35:16,MDN.04,ITABAL8,0.2,1.95,SAFE
2026-09-23 17:35:16,MIA.01,ITABAL9,1.8,1.22,OVER
2026-09-23 17:35:16,MIA.02,ITABAL9,1.8,17.59,SAFE
2026-09-23 17:35:16,MIA.03,ITABAL9,1.8,4.28,SAFE
2026-09-23 17:35:00,MIA.04,PITSTOP AMBON SIS,0.2,2.31,SAFE
2026-09-23 17:35:16,MIA.05,ITABAL9,1.8,20.96,SAFE
2026-09-23 17:35:16,MIA.06,ITABAL9,1.8,1.16,OVER
2026-09-23 17:35:00,MKS.01,CSA BONTANG SIS,0.0,0.72,SAFE
2026-09-23 17:35:00,MKS.02,PITSTOP AMBON SIS,0.2,1.06,SAFE
,MKS.03,ROM 13,0.0,8.2,SAFE
,MKS.04,ROM 13,0.0,3.08,SAFE
2026-09-23 17:35:00,MND.02,CSA BONTANG SIS,0.0,2.49,SAFE
2026-09-23 15:41:00,MRK.01,VP SABANG TIMUR SIS,0.0,1.65,SAFE
2026-09-23 17:35:00,MTM.01,PITSTOP AMBON SIS,0.2,1.64,SAFE
2026-09-23 17:35:00,MTP.01,PITSTOP AMBON SIS,0.2,1.01,SAFE
2026-09-23 15:41:00,MTR.01,VP SABANG TIMUR SIS,0.0,1.67,SAFE
2026-09-23 17:35:16,NIS.01,ITABAL8,0.2,0.57,SAFE
2026-09-23 17:35:16,NIS.02,ITABAL8,0.2,0.86,SAFE
2026-09-23 17:35:16,NIS.03,ITABAL8,0.2,1.03,SAFE
2026-09-23 17:35:16,PDG.01,ITABAL9,1.8,0.52,OVER
2026-09-23 17:35:16,PLB.01,ITABAL8,0.2,1.87,SAFE
2026-09-23 17:35:16,PLB.02,ITABAL8,0.2,0.84,SAFE
2026-09-23 17:35:16,PLB.03,ITABAL8,0.2,2.0,SAFE
2026-09-23 17:35:16,PLB.04,ITABAL8,0.2,13.62,SAFE
2026-09-23 17:35:00,PLU.04,CSA BONTANG SIS,0.0,2.36,SAFE
2026-09-23 15:41:00,RIU.02,VP SABANG TIMUR SIS,0.0,0.61,SAFE
2026-09-23 15:41:00,RIU.04,VP SABANG TIMUR SIS,0.0,0.51,SAFE
2026-09-23 15:41:00,SBG.02,VP SABANG TIMUR SIS,0.0,1.91,SAFE
2026-09-23 15:41:00,SBG.03,VP SABANG TIMUR SIS,0.0,5.65,SAFE
2026-09-23 15:41:00,SBG.04,VP SABANG TIMUR SIS,0.0,0.63,SAFE
2026-09-23 15:41:00,SBG.05,VP SABANG TIMUR SIS,0.0,21.21,SAFE
2026-09-23 17:35:16,SBG.06,ITABAL8,0.2,14.52,SAFE
2026-09-23 15:41:00,SBG.08,VP SABANG TIMUR SIS,0.0,1.35,SAFE
2026-09-23 15:41:00,SBG.10,VP SABANG TIMUR SIS,0.0,2.05,SAFE
2026-09-23 15:41:00,SBG.11,VP SABANG TIMUR SIS,0.0,0.75,SAFE
2026-09-23 17:35:00,SGT.02,CSA BONTANG SIS,0.0,0.19,SAFE
2026-09-23 17:35:00,SMB.02,CSA BONTANG SIS,0.0,2.63,SAFE
2026-09-23 17:35:00,SMB.03,CSA BONTANG SIS,0.0,4.72,SAFE
2026-09-23 17:35:00,SNT.01,PITSTOP AMBON SIS,0.2,1.34,SAFE
2026-09-23 17:35:00,TJG.01,CSA BONTANG SIS,0.0,1.99,SAFE
2026-09-23 17:35:00,TJG.02,CSA BONTANG SIS,0.0,5.65,SAFE
2026-09-23 22:24:00,AMB.01,PITSTOP AMBON SIS,0.0,7.46,SAFE
2026-09-23 22:23:00,BDG.02,VP OB 1 SIS,0.0,19.31,SAFE
2026-09-23 22:23:00,BDG.03,VP OB 1 SIS,0.0,5.73,SAFE
2026-09-23 22:23:00,BDG.04,VP OB 1 SIS,0.0,1.07,SAFE
2026-09-23 22:23:59,BDG.05,ITABAL9,1.8,2.1,SAFE
2026-09-23 15:41:00,BGK.01,VP SABANG TIMUR SIS,0.0,1.59,SAFE
2026-09-23 15:41:00,BGK.02,VP SABANG TIMUR SIS,0.0,18.92,SAFE
2026-09-23 22:23:59,BGR.01,ITABAL9,1.8,1.34,OVER
2026-09-23 22:24:00,BJB.03,CSA BONTANG SIS,0.0,1.34,SAFE
2026-09-23 22:24:00,BJM.01,PITSTOP AMBON SIS,0.0,3.86,SAFE
2026-09-23 22:24:00,BJM.02,CSA BONTANG SIS,0.0,1.68,SAFE
2026-09-23 22:23:59,BKL.01,ITABAL8,0.2,58.33,SAFE
2026-09-23 22:23:59,BKL.02,ITABAL8,0.2,0.72,SAFE
2026-09-23 22:23:59,BNE.02,ITABAL8,0.2,1.52,SAFE
2026-09-23 22:23:59,BNE.03,ITABAL8,0.2,0.63,SAFE
2026-09-23 22:23:59,BNE.04,ITABAL8,0.2,0.55,SAFE
2026-09-23 22:24:00,BNY.03,CSA BONTANG SIS,0.0,0.97,SAFE
2026-09-23 22:24:00,BTG.03,CSA BONTANG SIS,0.0,9.36,SAFE
2026-09-23 22:24:00,BTG.04,CSA BONTANG SIS,0.0,175.0,SAFE
2026-09-23 22:24:00,FLR.02,CSA BONTANG SIS,0.0,0.75,SAFE
2026-09-23 22:23:59,JKT.01,ITABAL9,1.8,25.36,SAFE
2026-09-23 22:23:59,JKT.02,ITABAL9,1.8,7.78,SAFE
2026-09-23 22:23:59,JKT.03,ITABAL9,1.8,4.16,SAFE
2026-09-23 22:23:59,JKT.04,ITABAL9,1.8,1.17,OVER
2026-09-23 22:23:59,JKT.05,ITABAL9,1.8,5.68,SAFE
2026-09-23 22:23:59,JKT.06,ITABAL9,1.8,7.45,SAFE
2026-09-23 22:23:59,JKT.07,ITABAL9,1.8,11.55,SAFE
2026-09-23 22:23:59,JKT.08,ITABAL9,1.8,4.26,SAFE
2026-09-23 22:23:59,JMB.01,ITABAL8,0.2,3.07,SAFE
2026-09-23 22:23:59,JMB.03,ITABAL8,0.2,1.02,SAFE
2026-09-23 22:23:59,JMB.04,ITABAL9,1.8,0.77,OVER
2026-09-23 15:41:00,KRC.02,VP SABANG TIMUR SIS,0.0,1.04,SAFE
2026-09-23 22:23:59,KRC.03,ITABAL8,0.2,1.31,SAFE
2026-09-23 15:41:00,KRC.05,VP SABANG TIMUR SIS,0.0,1.93,SAFE
2026-09-23 15:41:00,KRC.07,VP SABANG TIMUR SIS,0.0,2.15,SAFE
2026-09-23 22:23:59,LHT.01,ITABAL8,0.2,5.84,SAFE
2026-09-23 22:23:59,LPG.01,ITABAL8,0.2,2.05,SAFE
2026-09-23 22:23:59,LPG.02,ITABAL8,0.2,12.03,SAFE
2026-09-23 22:23:59,LPG.03,ITABAL8,0.2,6.96,SAFE
2026-09-23 22:23:59,LPG.06,ITABAL8,0.2,6.69,SAFE
2026-09-23 22:23:59,LPG.07,ITABAL8,0.2,12.92,SAFE
2026-09-23 22:23:59,MDN.01,ITABAL8,0.2,3.37,SAFE
2026-09-23 22:23:59,MDN.02,ITABAL8,0.2,2.53,SAFE
2026-09-23 22:23:59,MDN.03,ITABAL8,0.2,7.25,SAFE
2026-09-23 22:23:59,MDN.04,ITABAL8,0.2,1.95,SAFE
2026-09-23 22:23:59,MIA.01,ITABAL9,1.8,1.22,OVER
2026-09-23 22:23:59,MIA.02,ITABAL9,1.8,17.59,SAFE
2026-09-23 22:23:59,MIA.03,ITABAL9,1.8,4.28,SAFE
2026-09-23 22:24:00,MIA.04,PITSTOP AMBON SIS,0.0,2.31,SAFE
2026-09-23 22:23:59,MIA.05,ITABAL9,1.8,20.96,SAFE
2026-09-23 22:23:59,MIA.06,ITABAL9,1.8,1.16,OVER
2026-09-23 22:24:00,MKS.01,CSA BONTANG SIS,0.0,0.72,SAFE
2026-09-23 22:24:00,MKS.02,PITSTOP AMBON SIS,0.0,1.06,SAFE
,MKS.03,ROM 13,0.0,8.2,SAFE
,MKS.04,ROM 13,0.0,3.08,SAFE
2026-09-23 22:24:00,MND.02,CSA BONTANG SIS,0.0,2.49,SAFE
2026-09-23 15:41:00,MRK.01,VP SABANG TIMUR SIS,0.0,1.65,SAFE
2026-09-23 22:24:00,MTM.01,PITSTOP AMBON SIS,0.0,1.64,SAFE
2026-09-23 22:24:00,MTP.01,PITSTOP AMBON SIS,0.0,1.01,SAFE
2026-09-23 15:41:00,MTR.01,VP SABANG TIMUR SIS,0.0,1.67,SAFE
2026-09-23 22:23:59,NIS.01,ITABAL8,0.2,0.57,SAFE
2026-09-23 22:23:59,NIS.02,ITABAL8,0.2,0.86,SAFE
2026-09-23 22:23:59,NIS.03,ITABAL8,0.2,1.03,SAFE
2026-09-23 22:23:59,PDG.01,ITABAL9,1.8,0.52,OVER
2026-09-23 22:23:59,PLB.01,ITABAL8,0.2,1.87,SAFE
2026-09-23 22:23:59,PLB.02,ITABAL8,0.2,0.84,SAFE
2026-09-23 22:23:59,PLB.03,ITABAL8,0.2,2.0,SAFE
2026-09-23 22:23:59,PLB.04,ITABAL8,0.2,13.62,SAFE
2026-09-23 22:24:00,PLU.04,CSA BONTANG SIS,0.0,2.36,SAFE
2026-09-23 15:41:00,RIU.02,VP SABANG TIMUR SIS,0.0,0.61,SAFE
2026-09-23 15:41:00,RIU.04,VP SABANG TIMUR SIS,0.0,0.51,SAFE
2026-09-23 15:41:00,SBG.02,VP SABANG TIMUR SIS,0.0,1.91,SAFE
2026-09-23 15:41:00,SBG.03,VP SABANG TIMUR SIS,0.0,5.65,SAFE
2026-09-23 15:41:00,SBG.04,VP SABANG TIMUR SIS,0.0,0.63,SAFE
2026-09-23 15:41:00,SBG.05,VP SABANG TIMUR SIS,0.0,21.21,SAFE
2026-09-23 22:23:59,SBG.06,ITABAL8,0.2,14.52,SAFE
2026-09-23 15:41:00,SBG.08,VP SABANG TIMUR SIS,0.0,1.35,SAFE
2026-09-23 15:41:00,SBG.10,VP SABANG TIMUR SIS,0.0,2.05,SAFE
2026-09-23 15:41:00,SBG.11,VP SABANG TIMUR SIS,0.0,0.75,SAFE
2026-09-23 22:24:00,SGT.02,CSA BONTANG SIS,0.0,0.19,SAFE
2026-09-23 22:24:00,SMB.02,CSA BONTANG SIS,0.0,2.63,SAFE
2026-09-23 22:24:00,SMB.03,CSA BONTANG SIS,0.0,4.72,SAFE
2026-09-23 22:24:00,SNT.01,PITSTOP AMBON SIS,0.0,1.34,SAFE
2026-09-23 22:24:00,TJG.01,CSA BONTANG SIS,0.0,1.99,SAFE
2026-09-23 22:24:00,TJG.02,CSA BONTANG SIS,0.0,5.65,SAFE
2026-09-23 23:59:00,AMB.01,PITSTOP AMBON SIS,0.0,7.46,SAFE
2026-09-23 23:59:00,BDG.02,VP OB 1 SIS,0.0,19.31,SAFE
2026-09-23 23:59:00,BDG.03,VP OB 1 SIS,0.0,5.73,SAFE
2026-09-23 23:59:00,BDG.04,VP OB 1 SIS,0.0,1.07,SAFE
2026-09-24 02:28:27,BDG.05,ITABAL9,0.0,2.1,SAFE
2026-09-23 15:41:00,BGK.01,VP SABANG TIMUR SIS,0.0,1.59,SAFE
2026-09-23 15:41:00,BGK.02,VP SABANG TIMUR SIS,0.0,18.92,SAFE
2026-09-24 02:28:27,BGR.01,ITABAL9,0.0,1.34,SAFE
2026-09-23 23:59:00,BJB.03,CSA BONTANG SIS,0.0,1.34,SAFE
2026-09-23 23:59:00,BJM.01,PITSTOP AMBON SIS,0.0,3.86,SAFE
2026-09-23 23:59:00,BJM.02,CSA BONTANG SIS,0.0,1.68,SAFE
2026-09-24 02:28:27,BKL.01,ITABAL8,0.0,58.33,SAFE
2026-09-24 02:28:27,BKL.02,ITABAL8,0.0,0.72,SAFE
2026-09-24 02:28:27,BNE.02,ITABAL8,0.0,1.52,SAFE
2026-09-24 02:28:27,BNE.03,ITABAL8,0.0,0.63,SAFE
2026-09-24 02:28:27,BNE.04,ITABAL8,0.0,0.55,SAFE
2026-09-23 23:59:00,BNY.03,CSA BONTANG SIS,0.0,0.97,SAFE
2026-09-23 23:59:00,BTG.03,CSA BONTANG SIS,0.0,9.36,SAFE
2026-09-23 23:59:00,BTG.04,CSA BONTANG SIS,0.0,175.0,SAFE
2026-09-23 23:59:00,FLR.02,CSA BONTANG SIS,0.0,0.75,SAFE
2026-09-24 02:28:27,JKT.01,ITABAL9,0.0,25.36,SAFE
2026-09-24 02:28:27,JKT.02,ITABAL9,0.0,7.78,SAFE
2026-09-24 02:28:27,JKT.03,ITABAL9,0.0,4.16,SAFE
2026-09-24 02:28:27,JKT.04,ITABAL9,0.0,1.17,SAFE
2026-09-24 02:28:27,JKT.05,ITABAL9,0.0,5.68,SAFE
2026-09-24 02:28:27,JKT.06,ITABAL9,0.0,7.45,SAFE
2026-09-24 02:28:27,JKT.07,ITABAL9,0.0,11.55,SAFE
2026-09-24 02:28:27,JKT.08,ITABAL9,0.0,4.26,SAFE
2026-09-24 02:28:27,JMB.01,ITABAL8,0.0,3.07,SAFE
2026-09-24 02:28:27,JMB.03,ITABAL8,0.0,1.02,SAFE
2026-09-24 02:28:27,JMB.04,ITABAL9,0.0,0.77,SAFE
2026-09-23 15:41:00,KRC.02,VP SABANG TIMUR SIS,0.0,1.04,SAFE
2026-09-24 02:28:27,KRC.03,ITABAL8,0.0,1.31,SAFE
2026-09-23 15:41:00,KRC.05,VP SABANG TIMUR SIS,0.0,1.93,SAFE
2026-09-23 15:41:00,KRC.07,VP SABANG TIMUR SIS,0.0,2.15,SAFE
2026-09-24 02:28:27,LHT.01,ITABAL8,0.0,5.84,SAFE
2026-09-24 02:28:27,LPG.01,ITABAL8,0.0,2.05,SAFE
2026-09-24 02:28:27,LPG.02,ITABAL8,0.0,12.03,SAFE
2026-09-24 02:28:27,LPG.03,ITABAL8,0.0,6.96,SAFE
2026-09-24 02:28:27,LPG.06,ITABAL8,0.0,6.69,SAFE
2026-09-24 02:28:27,LPG.07,ITABAL8,0.0,12.92,SAFE
2026-09-24 02:28:27,MDN.01,ITABAL8,0.0,3.37,SAFE
2026-09-24 02:28:27,MDN.02,ITABAL8,0.0,2.53,SAFE
2026-09-24 02:28:27,MDN.03,ITABAL8,0.0,7.25,SAFE
2026-09-24 02:28:27,MDN.04,ITABAL8,0.0,1.95,SAFE
2026-09-24 02:28:27,MIA.01,ITABAL9,0.0,1.22,SAFE
2026-09-24 02:28:27,MIA.02,ITABAL9,0.0,17.59,SAFE
2026-09-24 02:28:27,MIA.03,ITABAL9,0.0,4.28,SAFE
2026-09-23 23:59:00,MIA.04,PITSTOP AMBON SIS,0.0,2.31,SAFE
2026-09-24 02:28:27,MIA.05,ITABAL9,0.0,20.96,SAFE
2026-09-24 02:28:27,MIA.06,ITABAL9,0.0,1.16,SAFE
2026-09-23 23:59:00,MKS.01,CSA BONTANG SIS,0.0,0.72,SAFE
2026-09-23 23:59:00,MKS.02,PITSTOP AMBON SIS,0.0,1.06,SAFE
,MKS.03,ROM 13,0.0,8.2,SAFE
,MKS.04,ROM 13,0.0,3.08,SAFE
2026-09-23 23:59:00,MND.02,CSA BONTANG SIS,0.0,2.49,SAFE
2026-09-23 15:41:00,MRK.01,VP SABANG TIMUR SIS,0.0,1.65,SAFE
2026-09-23 23:59:00,MTM.01,PITSTOP AMBON SIS,0.0,1.64,SAFE
2026-09-23 23:59:00,MTP.01,PITSTOP AMBON SIS,0.0,1.01,SAFE
2026-09-23 15:41:00,MTR.01,VP SABANG TIMUR SIS,0.0,1.67,SAFE
2026-09-24 02:28:27,NIS.01,ITABAL8,0.0,0.57,SAFE
2026-09-24 02:28:27,NIS.02,ITABAL8,0.0,0.86,SAFE
2026-09-24 02:28:27,NIS.03,ITABAL8,0.0,1.03,SAFE
2026-09-24 02:28:27,PDG.01,ITABAL9,0.0,0.52,SAFE
2026-09-24 02:28:27,PLB.01,ITABAL8,0.0,1.87,SAFE
2026-09-24 02:28:27,PLB.02,ITABAL8,0.0,0.84,SAFE
2026-09-24 02:28:27,PLB.03,ITABAL8,0.0,2.0,SAFE
2026-09-24 02:28:27,PLB.04,ITABAL8,0.0,13.62,SAFE
2026-09-23 23:59:00,PLU.04,CSA BONTANG SIS,0.0,2.36,SAFE
2026-09-23 15:41:00,RIU.02,VP SABANG TIMUR SIS,0.0,0.61,SAFE
2026-09-23 15:41:00,RIU.04,VP SABANG TIMUR SIS,0.0,0.51,SAFE
2026-09-23 15:41:00,SBG.02,VP SABANG TIMUR SIS,0.0,1.91,SAFE
2026-09-23 15:41:00,SBG.03,VP SABANG TIMUR SIS,0.0,5.65,SAFE
2026-09-23 15:41:00,SBG.04,VP SABANG TIMUR SIS,0.0,0.63,SAFE
2026-09-23 15:41:00,SBG.05,VP SABANG TIMUR SIS,0.0,21.21,SAFE
2026-09-24 02:28:27,SBG.06,ITABAL8,0.0,14.52,SAFE
2026-09-23 15:41:00,SBG.08,VP SABANG TIMUR SIS,0.0,1.35,SAFE
2026-09-23 15:41:00,SBG.10,VP SABANG TIMUR SIS,0.0,2.05,SAFE
2026-09-23 15:41:00,SBG.11,VP SABANG TIMUR SIS,0.0,0.75,SAFE
2026-09-23 23:59:00,SGT.02,CSA BONTANG SIS,0.0,0.19,SAFE
2026-09-23 23:59:00,SMB.02,CSA BONTANG SIS,0.0,2.63,SAFE
2026-09-23 23:59:00,SMB.03,CSA BONTANG SIS,0.0,4.72,SAFE
2026-09-23 23:59:00,SNT.01,PITSTOP AMBON SIS,0.0,1.34,SAFE
2026-09-23 23:59:00,TJG.01,CSA BONTANG SIS,0.0,1.99,SAFE
2026-09-23 23:59:00,TJG.02,CSA BONTANG SIS,0.0,5.65,SAFE
2026-09-23 23:59:00,AMB.01,PITSTOP AMBON SIS,0.0,7.46,SAFE
2026-09-23 23:59:00,BDG.02,VP OB 1 SIS,0.0,19.31,SAFE
2026-09-23 23:59:00,BDG.03,VP OB 1 SIS,0.0,5.73,SAFE
2026-09-23 23:59:00,BDG.04,VP OB 1 SIS,0.0,1.07,SAFE
2026-09-24 05:40:37,BDG.05,ITABAL9,0.0,2.1,SAFE
2026-09-23 15:41:00,BGK.01,VP SABANG TIMUR SIS,0.0,1.59,SAFE
2026-09-23 15:41:00,BGK.02,VP SABANG TIMUR SIS,0.0,18.92,SAFE
2026-09-24 05:40:37,BGR.01,ITABAL9,0.0,1.34,SAFE
2026-09-23 23:59:00,BJB.03,CSA BONTANG SIS,0.0,1.34,SAFE
2026-09-23 23:59:00,BJM.01,PITSTOP AMBON SIS,0.0,3.86,SAFE
2026-09-23 23:59:00,BJM.02,CSA BONTANG SIS,0.0,1.68,SAFE
2026-09-24 05:40:37,BKL.01,ITABAL8,0.0,58.33,SAFE
2026-09-24 05:40:37,BKL.02,ITABAL8,0.0,0.72,SAFE
2026-09-24 05:40:37,BNE.02,ITABAL8,0.0,1.52,SAFE
2026-09-24 05:40:37,BNE.03,ITABAL8,0.0,0.63,SAFE
2026-09-24 05:40:37,BNE.04,ITABAL8,0.0,0.55,SAFE
2026-09-23 23:59:00,BNY.03,CSA BONTANG SIS,0.0,0.97,SAFE
2026-09-23 23:59:00,BTG.03,CSA BONTANG SIS,0.0,9.36,SAFE
2026-09-23 23:59:00,BTG.04,CSA BONTANG SIS,0.0,175.0,SAFE
2026-09-23 23:59:00,FLR.02,CSA BONTANG SIS,0.0,0.75,SAFE
2026-09-24 05:40:37,JKT.01,ITABAL9,0.0,25.36,SAFE
2026-09-24 05:40:37,JKT.02,ITABAL9,0.0,7.78,SAFE
2026-09-24 05:40:37,JKT.03,ITABAL9,0.0,4.16,SAFE
2026-09-24 05:40:37,JKT.04,ITABAL9,0.0,1.17,SAFE
2026-09-24 05:40:37,JKT.05,ITABAL9,0.0,5.68,SAFE
2026-09-24 05:40:37,JKT.06,ITABAL9,0.0,7.45,SAFE
2026-09-24 05:40:37,JKT.07,ITABAL9,0.0,11.55,SAFE
2026-09-24 05:40:37,JKT.08,ITABAL9,0.0,4.26,SAFE
2026-09-24 05:40:37,JMB.01,ITABAL8,0.0,3.07,SAFE
2026-09-24 05:40:37,JMB.03,ITABAL8,0.0,1.02,SAFE
2026-09-24 05:40:37,JMB.04,ITABAL9,0.0,0.77,SAFE
2026-09-23 15:41:00,KRC.02,VP SABANG TIMUR SIS,0.0,1.04,SAFE
2026-09-24 05:40:37,KRC.03,ITABAL8,0.0,1.31,SAFE
2026-09-23 15:41:00,KRC.05,VP SABANG TIMUR SIS,0.0,1.93,SAFE
2026-09-23 15:41:00,KRC.07,VP SABANG TIMUR SIS,0.0,2.15,SAFE
2026-09-24 05:40:37,LHT.01,ITABAL8,0.0,5.84,SAFE
2026-09-24 05:40:37,LPG.01,ITABAL8,0.0,2.05,SAFE
2026-09-24 05:40:37,LPG.02,ITABAL8,0.0,12.03,SAFE
2026-09-24 05:40:37,LPG.03,ITABAL8,0.0,6.96,SAFE
2026-09-24 05:40:37,LPG.06,ITABAL8,0.0,6.69,SAFE
2026-09-24 05:40:37,LPG.07,ITABAL8,0.0,12.92,SAFE
2026-09-24 05:40:37,MDN.01,ITABAL8,0.0,3.37,SAFE
2026-09-24 05:40:37,MDN.02,ITABAL8,0.0,2.53,SAFE
2026-09-24 05:40:37,MDN.03,ITABAL8,0.0,7.25,SAFE
2026-09-24 05:40:37,MDN.04,ITABAL8,0.0,1.95,SAFE
2026-09-24 05:40:37,MIA.01,ITABAL9,0.0,1.22,SAFE
2026-09-24 05:40:37,MIA.02,ITABAL9,0.0,17.59,SAFE
2026-09-24 05:40:37,MIA.03,ITABAL9,0.0,4.28,SAFE
2026-09-23 23:59:00,MIA.04,PITSTOP AMBON SIS,0.0,2.31,SAFE
2026-09-24 05:40:37,MIA.05,ITABAL9,0.0,20.96,SAFE
2026-09-24 05:40:37,MIA.06,ITABAL9,0.0,1.16,SAFE
2026-09-23 23:59:00,MKS.01,CSA BONTANG SIS,0.0,0.72,SAFE
2026-09-23 23:59:00,MKS.02,PITSTOP AMBON SIS,0.0,1.06,SAFE
,MKS.03,ROM 13,0.0,8.2,SAFE
,MKS.04,ROM 13,0.0,3.08,SAFE
2026-09-23 23:59:00,MND.02,CSA BONTANG SIS,0.0,2.49,SAFE
2026-09-23 15:41:00,MRK.01,VP SABANG TIMUR SIS,0.0,1.65,SAFE
2026-09-23 23:59:00,MTM.01,PITSTOP AMBON SIS,0.0,1.64,SAFE
2026-09-23 23:59:00,MTP.01,PITSTOP AMBON SIS,0.0,1.01,SAFE
2026-09-23 15:41:00,MTR.01,VP SABANG TIMUR SIS,0.0,1.67,SAFE
2026-09-24 05:40:37,NIS.01,ITABAL8,0.0,0.57,SAFE
2026-09-24 05:40:37,NIS.02,ITABAL8,0.0,0.86,SAFE
2026-09-24 05:40:37,NIS.03,ITABAL8,0.0,1.03,SAFE
2026-09-24 05:40:37,PDG.01,ITABAL9,0.0,0.52,SAFE
2026-09-24 05:40:37,PLB.01,ITABAL8,0.0,1.87,SAFE
2026-09-24 05:40:37,PLB.02,ITABAL8,0.0,0.84,SAFE
2026-09-24 05:40:37,PLB.03,ITABAL8,0.0,2.0,SAFE
2026-09-24 05:40:37,PLB.04,ITABAL8,0.0,13.62,SAFE
2026-09-23 23:59:00,PLU.04,CSA BONTANG SIS,0.0,2.36,SAFE
2026-09-23 15:41:00,RIU.02,VP SABANG TIMUR SIS,0.0,0.61,SAFE
2026-09-23 15:41:00,RIU.04,VP SABANG TIMUR SIS,0.0,0.51,SAFE
2026-09-23 15:41:00,SBG.02,VP SABANG TIMUR SIS,0.0,1.91,SAFE
2026-09-23 15:41:00,SBG.03,VP SABANG TIMUR SIS,0.0,5.65,SAFE
2026-09-23 15:41:00,SBG.04,VP SABANG TIMUR SIS,0.0,0.63,SAFE
2026-09-23 15:41:00,SBG.05,VP SABANG TIMUR SIS,0.0,21.21,SAFE
2026-09-24 05:40:37,SBG.06,ITABAL8,0.0,14.52,SAFE
2026-09-23 15:41:00,SBG.08,VP SABANG TIMUR SIS,0.0,1.35,SAFE
2026-09-23 15:41:00,SBG.10,VP SABANG TIMUR SIS,0.0,2.05,SAFE
2026-09-23 15:41:00,SBG.11,VP SABANG TIMUR SIS,0.0,0.75,SAFE
2026-09-23 23:59:00,SGT.02,CSA BONTANG SIS,0.0,0.19,SAFE
2026-09-23 23:59:00,SMB.02,CSA BONTANG SIS,0.0,2.63,SAFE
2026-09-23 23:59:00,SMB.03,CSA BONTANG SIS,0.0,4.72,SAFE
2026-09-23 23:59:00,SNT.01,PITSTOP AMBON SIS,0.0,1.34,SAFE
2026-09-23 23:59:00,TJG.01,CSA BONTANG SIS,0.0,1.99,SAFE
2026-09-23 23:59:00,TJG.02,CSA BONTANG SIS,0.0,5.65,SAFE
2026-09-23 23:59:00,AMB.01,PITSTOP AMBON SIS,0.0,7.46,SAFE
2026-09-23 23:59:00,BDG.02,VP OB 1 SIS,0.0,19.31,SAFE
2026-09-23 23:59:00,BDG.03,VP OB 1 SIS,0.0,5.73,SAFE
2026-09-23 23:59:00,BDG.04,VP OB 1 SIS,0.0,1.07,SAFE
2026-09-24 07:57:32,BDG.05,ITABAL9,0.0,2.1,SAFE
2026-09-23 15:41:00,BGK.01,VP SABANG TIMUR SIS,0.0,1.59,SAFE
2026-09-23 15:41:00,BGK.02,VP SABANG TIMUR SIS,0.0,18.92,SAFE
2026-09-24 07:57:32,BGR.01,ITABAL9,0.0,1.34,SAFE
2026-09-23 23:59:00,BJB.03,CSA BONTANG SIS,0.0,1.34,SAFE
2026-09-23 23:59:00,BJM.01,PITSTOP AMBON SIS,0.0,3.86,SAFE
2026-09-23 23:59:00,BJM.02,CSA BONTANG SIS,0.0,1.68,SAFE
2026-09-24 07:57:32,BKL.01,ITABAL8,0.0,58.33,SAFE
2026-09-24 07:57:32,BKL.02,ITABAL8,0.0,0.72,SAFE
2026-09-24 07:57:32,BNE.02,ITABAL8,0.0,1.52,SAFE
2026-09-24 07:57:32,BNE.03,ITABAL8,0.0,0.63,SAFE
2026-09-24 07:57:32,BNE.04,ITABAL8,0.0,0.55,SAFE
2026-09-23 23:59:00,BNY.03,CSA BONTANG SIS,0.0,0.97,SAFE
2026-09-23 23:59:00,BTG.03,CSA BONTANG SIS,0.0,9.36,SAFE
2026-09-23 23:59:00,BTG.04,CSA BONTANG SIS,0.0,175.0,SAFE
2026-09-23 23:59:00,FLR.02,CSA BONTANG SIS,0.0,0.75,SAFE
2026-09-24 07:57:32,JKT.01,ITABAL9,0.0,25.36,SAFE
2026-09-24 07:57:32,JKT.02,ITABAL9,0.0,7.78,SAFE
2026-09-24 07:57:32,JKT.03,ITABAL9,0.0,4.16,SAFE
2026-09-24 07:57:32,JKT.04,ITABAL9,0.0,1.17,SAFE
2026-09-24 07:57:32,JKT.05,ITABAL9,0.0,5.68,SAFE
2026-09-24 07:57:32,JKT.06,ITABAL9,0.0,7.45,SAFE
2026-09-24 07:57:32,JKT.07,ITABAL9,0.0,11.55,SAFE
2026-09-24 07:57:32,JKT.08,ITABAL9,0.0,4.26,SAFE
2026-09-24 07:57:32,JMB.01,ITABAL8,0.0,3.07,SAFE
2026-09-24 07:57:32,JMB.03,ITABAL8,0.0,1.02,SAFE
2026-09-24 07:57:32,JMB.04,ITABAL9,0.0,0.77,SAFE
2026-09-23 15:41:00,KRC.02,VP SABANG TIMUR SIS,0.0,1.04,SAFE
2026-09-24 07:57:32,KRC.03,ITABAL8,0.0,1.31,SAFE
2026-09-23 15:41:00,KRC.05,VP SABANG TIMUR SIS,0.0,1.93,SAFE
2026-09-23 15:41:00,KRC.07,VP SABANG TIMUR SIS,0.0,2.15,SAFE
2026-09-24 07:57:32,LHT.01,ITABAL8,0.0,5.84,SAFE
2026-09-24 07:57:32,LPG.01,ITABAL8,0.0,2.05,SAFE
2026-09-24 07:57:32,LPG.02,ITABAL8,0.0,12.03,SAFE
2026-09-24 07:57:32,LPG.03,ITABAL8,0.0,6.96,SAFE
2026-09-24 07:57:32,LPG.06,ITABAL8,0.0,6.69,SAFE
2026-09-24 07:57:32,LPG.07,ITABAL8,0.0,12.92,SAFE
2026-09-24 07:57:32,MDN.01,ITABAL8,0.0,3.37,SAFE
2026-09-24 07:57:32,MDN.02,ITABAL8,0.0,2.53,SAFE
2026-09-24 07:57:32,MDN.03,ITABAL8,0.0,7.25,SAFE
2026-09-24 07:57:32,MDN.04,ITABAL8,0.0,1.95,SAFE
2026-09-24 07:57:32,MIA.01,ITABAL9,0.0,1.22,SAFE
2026-09-24 07:57:32,MIA.02,ITABAL9,0.0,17.59,SAFE
2026-09-24 07:57:32,MIA.03,ITABAL9,0.0,4.28,SAFE
2026-09-23 23:59:00,MIA.04,PITSTOP AMBON SIS,0.0,2.31,SAFE
2026-09-24 07:57:32,MIA.05,ITABAL9,0.0,20.96,SAFE
2026-09-24 07:57:32,MIA.06,ITABAL9,0.0,1.16,SAFE
2026-09-23 23:59:00,MKS.01,CSA BONTANG SIS,0.0,0.72,SAFE
2026-09-23 23:59:00,MKS.02,PITSTOP AMBON SIS,0.0,1.06,SAFE
,MKS.03,ROM 13,0.0,8.2,SAFE
,MKS.04,ROM 13,0.0,3.08,SAFE
2026-09-23 23:59:00,MND.02,CSA BONTANG SIS,0.0,2.49,SAFE
2026-09-23 15:41:00,MRK.01,VP SABANG TIMUR SIS,0.0,1.65,SAFE
2026-09-23 23:59:00,MTM.01,PITSTOP AMBON SIS,0.0,1.64,SAFE
2026-09-23 23:59:00,MTP.01,PITSTOP AMBON SIS,0.0,1.01,SAFE
2026-09-23 15:41:00,MTR.01,VP SABANG TIMUR SIS,0.0,1.67,SAFE
2026-09-24 07:57:32,NIS.01,ITABAL8,0.0,0.57,SAFE
2026-09-24 07:57:32,NIS.02,ITABAL8,0.0,0.86,SAFE
2026-09-24 07:57:32,NIS.03,ITABAL8,0.0,1.03,SAFE
2026-09-24 07:57:32,PDG.01,ITABAL9,0.0,0.52,SAFE
2026-09-24 07:57:32,PLB.01,ITABAL8,0.0,1.87,SAFE
2026-09-24 07:57:32,PLB.02,ITABAL8,0.0,0.84,SAFE
2026-09-24 07:57:32,PLB.03,ITABAL8,0.0,2.0,SAFE
2026-09-24 07:57:32,PLB.04,ITABAL8,0.0,13.62,SAFE
2026-09-23 23:59:00,PLU.04,CSA BONTANG SIS,0.0,2.36,SAFE
2026-09-23 15:41:00,RIU.02,VP SABANG TIMUR SIS,0.0,0.61,SAFE
2026-09-23 15:41:00,RIU.04,VP SABANG TIMUR SIS,0.0,0.51,SAFE
2026-09-23 15:41:00,SBG.02,VP SABANG TIMUR SIS,0.0,1.91,SAFE
2026-09-23 15:41:00,SBG.03,VP SABANG TIMUR SIS,0.0,5.65,SAFE
2026-09-23 15:41:00,SBG.04,VP SABANG TIMUR SIS,0.0,0.63,SAFE
2026-09-23 15:41:00,SBG.05,VP SABANG TIMUR SIS,0.0,21.21,SAFE
2026-09-24 07:57:32,SBG.06,ITABAL8,0.0,14.52,SAFE
2026-09-23 15:41:00,SBG.08,VP SABANG TIMUR SIS,0.0,1.35,SAFE
2026-09-23 15:41:00,SBG.10,VP SABANG TIMUR SIS,0.0,2.05,SAFE
2026-09-23 15:41:00,SBG.11,VP SABANG TIMUR SIS,0.0,0.75,SAFE
2026-09-23 23:59:00,SGT.02,CSA BONTANG SIS,0.0,0.19,SAFE
2026-09-23 23:59:00,SMB.02,CSA BONTANG SIS,0.0,2.63,SAFE
2026-09-23 23:59:00,SMB.03,CSA BONTANG SIS,0.0,4.72,SAFE
2026-09-23 23:59:00,SNT.01,PITSTOP AMBON SIS,0.0,1.34,SAFE
2026-09-23 23:59:00,TJG.01,CSA BONTANG SIS,0.0,1.99,SAFE
2026-09-23 23:59:00,TJG.02,CSA BONTANG SIS,0.0,5.65,SAFE
2026-09-24 11:23:00,AMB.01,PITSTOP AMBON SIS,0.0,7.46,SAFE
2026-09-24 11:22:00,BDG.02,VP OB 1 SIS,0.0,19.31,SAFE
2026-09-24 11:22:00,BDG.03,VP OB 1 SIS,0.0,5.73,SAFE
2026-09-24 11:22:00,BDG.04,VP OB 1 SIS,0.0,1.07,SAFE
2026-09-24 11:23:08,BDG.05,ITABAL9,0.0,2.1,SAFE
2026-09-23 15:41:00,BGK.01,VP SABANG TIMUR SIS,0.0,1.59,SAFE
2026-09-23 15:41:00,BGK.02,VP SABANG TIMUR SIS,0.0,18.92,SAFE
2026-09-24 11:23:08,BGR.01,ITABAL9,0.0,1.34,SAFE
2026-09-24 11:23:00,BJB.03,CSA BONTANG SIS,0.0,1.34,SAFE
2026-09-24 11:23:00,BJM.01,PITSTOP AMBON SIS,0.0,3.86,SAFE
2026-09-24 11:23:00,BJM.02,CSA BONTANG SIS,0.0,1.68,SAFE
2026-09-24 11:23:08,BKL.01,ITABAL8,0.0,58.33,SAFE
2026-09-24 11:23:08,BKL.02,ITABAL8,0.0,0.72,SAFE
2026-09-24 11:23:08,BNE.02,ITABAL8,0.0,1.52,SAFE
2026-09-24 11:23:08,BNE.03,ITABAL8,0.0,0.63,SAFE
2026-09-24 11:23:08,BNE.04,ITABAL8,0.0,0.55,SAFE
2026-09-24 11:23:00,BNY.03,CSA BONTANG SIS,0.0,0.97,SAFE
2026-09-24 11:23:00,BTG.03,CSA BONTANG SIS,0.0,9.36,SAFE
2026-09-24 11:23:00,BTG.04,CSA BONTANG SIS,0.0,175.0,SAFE
2026-09-24 11:23:00,FLR.02,CSA BONTANG SIS,0.0,0.75,SAFE
2026-09-24 11:23:08,JKT.01,ITABAL9,0.0,25.36,SAFE
2026-09-24 11:23:08,JKT.02,ITABAL9,0.0,7.78,SAFE
2026-09-24 11:23:08,JKT.03,ITABAL9,0.0,4.16,SAFE
2026-09-24 11:23:08,JKT.04,ITABAL9,0.0,1.17,SAFE
2026-09-24 11:23:08,JKT.05,ITABAL9,0.0,5.68,SAFE
2026-09-24 11:23:08,JKT.06,ITABAL9,0.0,7.45,SAFE
2026-09-24 11:23:08,JKT.07,ITABAL9,0.0,11.55,SAFE
2026-09-24 11:23:08,JKT.08,ITABAL9,0.0,4.26,SAFE
2026-09-24 11:23:08,JMB.01,ITABAL8,0.0,3.07,SAFE
2026-09-24 11:23:08,JMB.03,ITABAL8,0.0,1.02,SAFE
2026-09-24 11:23:08,JMB.04,ITABAL9,0.0,0.77,SAFE
2026-09-23 15:41:00,KRC.02,VP SABANG TIMUR SIS,0.0,1.04,SAFE
2026-09-24 11:23:08,KRC.03,ITABAL8,0.0,1.31,SAFE
2026-09-23 15:41:00,KRC.05,VP SABANG TIMUR SIS,0.0,1.93,SAFE
2026-09-23 15:41:00,KRC.07,VP SABANG TIMUR SIS,0.0,2.15,SAFE
2026-09-24 11:23:08,LHT.01,ITABAL8,0.0,5.84,SAFE
2026-09-24 11:23:08,LPG.01,ITABAL8,0.0,2.05,SAFE
2026-09-24 11:23:08,LPG.02,ITABAL8,0.0,12.03,SAFE
2026-09-24 11:23:08,LPG.03,ITABAL8,0.0,6.96,SAFE
2026-09-24 11:23:08,LPG.06,ITABAL8,0.0,6.69,SAFE
2026-09-24 11:23:08,LPG.07,ITABAL8,0.0,12.92,SAFE
2026-09-24 11:23:08,MDN.01,ITABAL8,0.0,3.37,SAFE
2026-09-24 11:23:08,MDN.02,ITABAL8,0.0,2.53,SAFE
2026-09-24 11:23:08,MDN.03,ITABAL8,0.0,7.25,SAFE
2026-09-24 11:23:08,MDN.04,ITABAL8,0.0,1.95,SAFE
2026-09-24 11:23:08,MIA.01,ITABAL9,0.0,1.22,SAFE
2026-09-24 11:23:08,MIA.02,ITABAL9,0.0,17.59,SAFE
2026-09-24 11:23:08,MIA.03,ITABAL9,0.0,4.28,SAFE
2026-09-24 11:23:00,MIA.04,PITSTOP AMBON SIS,0.0,2.31,SAFE
2026-09-24 11:23:08,MIA.05,ITABAL9,0.0,20.96,SAFE
2026-09-24 11:23:08,MIA.06,ITABAL9,0.0,1.16,SAFE
2026-09-24 11:23:00,MKS.01,CSA BONTANG SIS,0.0,0.72,SAFE
2026-09-24 11:23:00,MKS.02,PITSTOP AMBON SIS,0.0,1.06,SAFE
,MKS.03,ROM 13,0.0,8.2,SAFE
,MKS.04,ROM 13,0.0,3.08,SAFE
2026-09-24 11:23:00,MND.02,CSA BONTANG SIS,0.0,2.49,SAFE
2026-09-23 15:41:00,MRK.01,VP SABANG TIMUR SIS,0.0,1.65,SAFE
2026-09-24 11:23:00,MTM.01,PITSTOP AMBON SIS,0.0,1.64,SAFE
2026-09-24 11:23:00,MTP.01,PITSTOP AMBON SIS,0.0,1.01,SAFE
2026-09-23 15:41:00,MTR.01,VP SABANG TIMUR SIS,0.0,1.67,SAFE
2026-09-24 11:23:08,NIS.01,ITABAL8,0.0,0.57,SAFE
2026-09-24 11:23:08,NIS.02,ITABAL8,0.0,0.86,SAFE
2026-09-24 11:23:08,NIS.03,ITABAL8,0.0,1.03,SAFE
2026-09-24 11:23:08,PDG.01,ITABAL9,0.0,0.52,SAFE
2026-09-24 11:23:08,PLB.01,ITABAL8,0.0,1.87,SAFE
2026-09-24 11:23:08,PLB.02,ITABAL8,0.0,0.84,SAFE
2026-09-24 11:23:08,PLB.03,ITABAL8,0.0,2.0,SAFE
2026-09-24 11:23:08,PLB.04,ITABAL8,0.0,13.62,SAFE
2026-09-24 11:23:00,PLU.04,CSA BONTANG SIS,0.0,2.36,SAFE
2026-09-23 15:41:00,RIU.02,VP SABANG TIMUR SIS,0.0,0.61,SAFE
2026-09-23 15:41:00,RIU.04,VP SABANG TIMUR SIS,0.0,0.51,SAFE
2026-09-23 15:41:00,SBG.02,VP SABANG TIMUR SIS,0.0,1.91,SAFE
2026-09-23 15:41:00,SBG.03,VP SABANG TIMUR SIS,0.0,5.65,SAFE
2026-09-23 15:41:00,SBG.04,VP SABANG TIMUR SIS,0.0,0.63,SAFE
2026-09-23 15:41:00,SBG.05,VP SABANG TIMUR SIS,0.0,21.21,SAFE
2026-09-24 11:23:08,SBG.06,ITABAL8,0.0,14.52,SAFE
2026-09-23 15:41:00,SBG.08,VP SABANG TIMUR SIS,0.0,1.35,SAFE
2026-09-23 15:41:00,SBG.10,VP SABANG TIMUR SIS,0.0,2.05,SAFE
2026-09-23 15:41:00,SBG.11,VP SABANG TIMUR SIS,0.0,0.75,SAFE
2026-09-24 11:23:00,SGT.02,CSA BONTANG SIS,0.0,0.19,SAFE
2026-09-24 11:23:00,SMB.02,CSA BONTANG SIS,0.0,2.63,SAFE
2026-09-24 11:23:00,SMB.03,CSA BONTANG SIS,0.0,4.72,SAFE
2026-09-24 11:23:00,SNT.01,PITSTOP AMBON SIS,0.0,1.34,SAFE
2026-09-24 11:23:00,TJG.01,CSA BONTANG SIS,0.0,1.99,SAFE
2026-09-24 11:23:00,TJG.02,CSA BONTANG SIS,0.0,5.65,SAFE
2026-09-24 16:36:00,AMB.01,PITSTOP AMBON SIS,0.0,7.46,SAFE
2026-09-24 16:35:00,BDG.02,VP OB 1 SIS,0.0,19.31,SAFE
2026-09-24 16:35:00,BDG.03,VP OB 1 SIS,0.0,5.73,SAFE
2026-09-24 16:35:00,BDG.04,VP OB 1 SIS,0.0,1.07,SAFE
2026-09-24 16:35:45,BDG.05,ITABAL9,0.0,2.1,SAFE
2026-09-23 15:41:00,BGK.01,VP SABANG TIMUR SIS,0.0,1.59,SAFE
2026-09-23 15:41:00,BGK.02,VP SABANG TIMUR SIS,0.0,18.92,SAFE
2026-09-24 16:35:45,BGR.01,ITABAL9,0.0,1.34,SAFE
2026-09-24 16:36:00,BJB.03,CSA BONTANG SIS,0.0,1.34,SAFE
2026-09-24 16:36:00,BJM.01,PITSTOP AMBON SIS,0.0,3.86,SAFE
2026-09-24 16:36:00,BJM.02,CSA BONTANG SIS,0.0,1.68,SAFE
2026-09-24 16:35:45,BKL.01,ITABAL8,0.0,58.33,SAFE
2026-09-24 16:35:45,BKL.02,ITABAL8,0.0,0.72,SAFE
2026-09-24 16:35:45,BNE.02,ITABAL8,0.0,1.52,SAFE
2026-09-24 16:35:45,BNE.03,ITABAL8,0.0,0.63,SAFE
2026-09-24 16:35:45,BNE.04,ITABAL8,0.0,0.55,SAFE
2026-09-24 16:36:00,BNY.03,CSA BONTANG SIS,0.0,0.97,SAFE
2026-09-24 16:36:00,BTG.03,CSA BONTANG SIS,0.0,9.36,SAFE
2026-09-24 16:36:00,BTG.04,CSA BONTANG SIS,0.0,175.0,SAFE
2026-09-24 16:36:00,FLR.02,CSA BONTANG SIS,0.0,0.75,SAFE
2026-09-24 16:35:45,JKT.01,ITABAL9,0.0,25.36,SAFE
2026-09-24 16:35:45,JKT.02,ITABAL9,0.0,7.78,SAFE
2026-09-24 16:35:45,JKT.03,ITABAL9,0.0,4.16,SAFE
2026-09-24 16:35:45,JKT.04,ITABAL9,0.0,1.17,SAFE
2026-09-24 16:35:45,JKT.05,ITABAL9,0.0,5.68,SAFE
2026-09-24 16:35:45,JKT.06,ITABAL9,0.0,7.45,SAFE
2026-09-24 16:35:45,JKT.07,ITABAL9,0.0,11.55,SAFE
2026-09-24 16:35:45,JKT.08,ITABAL9,0.0,4.26,SAFE
2026-09-24 16:35:45,JMB.01,ITABAL8,0.0,3.07,SAFE
2026-09-24 16:35:45,JMB.03,ITABAL8,0.0,1.02,SAFE
2026-09-24 16:35:45,JMB.04,ITABAL9,0.0,0.77,SAFE
2026-09-23 15:41:00,KRC.02,VP SABANG TIMUR SIS,0.0,1.04,SAFE
2026-09-24 16:35:45,KRC.03,ITABAL8,0.0,1.31,SAFE
2026-09-23 15:41:00,KRC.05,VP SABANG TIMUR SIS,0.0,1.93,SAFE
2026-09-23 15:41:00,KRC.07,VP SABANG TIMUR SIS,0.0,2.15,SAFE
2026-09-24 16:35:45,LHT.01,ITABAL8,0.0,5.84,SAFE
2026-09-24 16:35:45,LPG.01,ITABAL8,0.0,2.05,SAFE
2026-09-24 16:35:45,LPG.02,ITABAL8,0.0,12.03,SAFE
2026-09-24 16:35:45,LPG.03,ITABAL8,0.0,6.96,SAFE
2026-09-24 16:35:45,LPG.06,ITABAL8,0.0,6.69,SAFE
2026-09-24 16:35:45,LPG.07,ITABAL8,0.0,12.92,SAFE
2026-09-24 16:35:45,MDN.01,ITABAL8,0.0,3.37,SAFE
2026-09-24 16:35:45,MDN.02,ITABAL8,0.0,2.53,SAFE
2026-09-24 16:35:45,MDN.03,ITABAL8,0.0,7.25,SAFE
2026-09-24 16:35:45,MDN.04,ITABAL8,0.0,1.95,SAFE
2026-09-24 16:35:45,MIA.01,ITABAL9,0.0,1.22,SAFE
2026-09-24 16:35:45,MIA.02,ITABAL9,0.0,17.59,SAFE
2026-09-24 16:35:45,MIA.03,ITABAL9,0.0,4.28,SAFE
2026-09-24 16:36:00,MIA.04,PITSTOP AMBON SIS,0.0,2.31,SAFE
2026-09-24 16:35:45,MIA.05,ITABAL9,0.0,20.96,SAFE
2026-09-24 16:35:45,MIA.06,ITABAL9,0.0,1.16,SAFE
2026-09-24 16:36:00,MKS.01,CSA BONTANG SIS,0.0,0.72,SAFE
2026-09-24 16:36:00,MKS.02,PITSTOP AMBON SIS,0.0,1.06,SAFE
,MKS.03,ROM 13,0.0,8.2,SAFE
,MKS.04,ROM 13,0.0,3.08,SAFE
2026-09-24 16:36:00,MND.02,CSA BONTANG SIS,0.0,2.49,SAFE
2026-09-23 15:41:00,MRK.01,VP SABANG TIMUR SIS,0.0,1.65,SAFE
2026-09-24 16:36:00,MTM.01,PITSTOP AMBON SIS,0.0,1.64,SAFE
2026-09-24 16:36:00,MTP.01,PITSTOP AMBON SIS,0.0,1.01,SAFE
2026-09-23 15:41:00,MTR.01,VP SABANG TIMUR SIS,0.0,1.67,SAFE
2026-09-24 16:35:45,NIS.01,ITABAL8,0.0,0.57,SAFE
2026-09-24 16:35:45,NIS.02,ITABAL8,0.0,0.86,SAFE
2026-09-24 16:35:45,NIS.03,ITABAL8,0.0,1.03,SAFE
2026-09-24 16:35:45,PDG.01,ITABAL9,0.0,0.52,SAFE
2026-09-24 16:35:45,PLB.01,ITABAL8,0.0,1.87,SAFE
2026-09-24 16:35:45,PLB.02,ITABAL8,0.0,0.84,SAFE
2026-09-24 16:35:45,PLB.03,ITABAL8,0.0,2.0,SAFE
2026-09-24 16:35:45,PLB.04,ITABAL8,0.0,13.62,SAFE
2026-09-24 16:36:00,PLU.04,CSA BONTANG SIS,0.0,2.36,SAFE
2026-09-23 15:41:00,RIU.02,VP SABANG TIMUR SIS,0.0,0.61,SAFE
2026-09-23 15:41:00,RIU.04,VP SABANG TIMUR SIS,0.0,0.51,SAFE
2026-09-23 15:41:00,SBG.02,VP SABANG TIMUR SIS,0.0,1.91,SAFE
2026-09-23 15:41:00,SBG.03,VP SABANG TIMUR SIS,0.0,5.65,SAFE
2026-09-23 15:41:00,SBG.04,VP SABANG TIMUR SIS,0.0,0.63,SAFE
2026-09-23 15:41:00,SBG.05,VP SABANG TIMUR SIS,0.0,21.21,SAFE
2026-09-24 16:35:45,SBG.06,ITABAL8,0.0,14.52,SAFE
2026-09-23 15:41:00,SBG.08,VP SABANG TIMUR SIS,0.0,1.35,SAFE
2026-09-23 15:41:00,SBG.10,VP SABANG TIMUR SIS,0.0,2.05,SAFE
2026-09-23 15:41:00,SBG.11,VP SABANG TIMUR SIS,0.0,0.75,SAFE
2026-09-24 16:36:00,SGT.02,CSA BONTANG SIS,0.0,0.19,SAFE
2026-09-24 16:36:00,SMB.02,CSA BONTANG SIS,0.0,2.63,SAFE
2026-09-24 16:36:00,SMB.03,CSA BONTANG SIS,0.0,4.72,SAFE
2026-09-24 16:36:00,SNT.01,PITSTOP AMBON SIS,0.0,1.34,SAFE
2026-09-24 16:36:00,TJG.01,CSA BONTANG SIS,0.0,1.99,SAFE
2026-09-24 16:36:00,TJG.02,CSA BONTANG SIS,0.0,5.65,SAFE
2026-09-24 21:46:00,AMB.01,PITSTOP AMBON SIS,0.0,7.46,SAFE
2026-09-24 21:45:00,BDG.02,VP OB 1 SIS,0.0,19.31,SAFE
2026-09-24 21:45:00,BDG.03,VP OB 1 SIS,0.0,5.73,SAFE
2026-09-24 21:45:00,BDG.04,VP OB 1 SIS,0.0,1.07,SAFE
2026-09-24 21:45:28,BDG.05,ITABAL9,0.0,2.1,SAFE
2026-09-23 15:41:00,BGK.01,VP SABANG TIMUR SIS,0.0,1.59,SAFE
2026-09-23 15:41:00,BGK.02,VP SABANG TIMUR SIS,0.0,18.92,SAFE
2026-09-24 21:45:28,BGR.01,ITABAL9,0.0,1.34,SAFE
2026-09-24 21:45:00,BJB.03,CSA BONTANG SIS,0.0,1.34,SAFE
2026-09-24 21:46:00,BJM.01,PITSTOP AMBON SIS,0.0,3.86,SAFE
2026-09-24 21:45:00,BJM.02,CSA BONTANG SIS,0.0,1.68,SAFE
2026-09-24 21:45:28,BKL.01,ITABAL8,0.0,58.33,SAFE
2026-09-24 21:45:28,BKL.02,ITABAL8,0.0,0.72,SAFE
2026-09-24 21:45:28,BNE.02,ITABAL8,0.0,1.52,SAFE
2026-09-24 21:45:28,BNE.03,ITABAL8,0.0,0.63,SAFE
2026-09-24 21:45:28,BNE.04,ITABAL8,0.0,0.55,SAFE
2026-09-24 21:45:00,BNY.03,CSA BONTANG SIS,0.0,0.97,SAFE
2026-09-24 21:45:00,BTG.03,CSA BONTANG SIS,0.0,9.36,SAFE
2026-09-24 21:45:00,BTG.04,CSA BONTANG SIS,0.0,175.0,SAFE
2026-09-24 21:45:00,FLR.02,CSA BONTANG SIS,0.0,0.75,SAFE
2026-09-24 21:45:28,JKT.01,ITABAL9,0.0,25.36,SAFE
2026-09-24 21:45:28,JKT.02,ITABAL9,0.0,7.78,SAFE
2026-09-24 21:45:28,JKT.03,ITABAL9,0.0,4.16,SAFE
2026-09-24 21:45:28,JKT.04,ITABAL9,0.0,1.17,SAFE
2026-09-24 21:45:28,JKT.05,ITABAL9,0.0,5.68,SAFE
2026-09-24 21:45:28,JKT.06,ITABAL9,0.0,7.45,SAFE
2026-09-24 21:45:28,JKT.07,ITABAL9,0.0,11.55,SAFE
2026-09-24 21:45:28,JKT.08,ITABAL9,0.0,4.26,SAFE
2026-09-24 21:45:28,JMB.01,ITABAL8,0.0,3.07,SAFE
2026-09-24 21:45:28,JMB.03,ITABAL8,0.0,1.02,SAFE
2026-09-24 21:45:28,JMB.04,ITABAL9,0.0,0.77,SAFE
2026-09-23 15:41:00,KRC.02,VP SABANG TIMUR SIS,0.0,1.04,SAFE
2026-09-24 21:45:28,KRC.03,ITABAL8,0.0,1.31,SAFE
2026-09-23 15:41:00,KRC.05,VP SABANG TIMUR SIS,0.0,1.93,SAFE
2026-09-23 15:41:00,KRC.07,VP SABANG TIMUR SIS,0.0,2.15,SAFE
2026-09-24 21:45:28,LHT.01,ITABAL8,0.0,5.84,SAFE
2026-09-24 21:45:28,LPG.01,ITABAL8,0.0,2.05,SAFE
2026-09-24 21:45:28,LPG.02,ITABAL8,0.0,12.03,SAFE
2026-09-24 21:45:28,LPG.03,ITABAL8,0.0,6.96,SAFE
2026-09-24 21:45:28,LPG.06,ITABAL8,0.0,6.69,SAFE
2026-09-24 21:45:28,LPG.07,ITABAL8,0.0,12.92,SAFE
2026-09-24 21:45:28,MDN.01,ITABAL8,0.0,3.37,SAFE
2026-09-24 21:45:28,MDN.02,ITABAL8,0.0,2.53,SAFE
2026-09-24 21:45:28,MDN.03,ITABAL8,0.0,7.25,SAFE
2026-09-24 21:45:28,MDN.04,ITABAL8,0.0,1.95,SAFE
2026-09-24 21:45:28,MIA.01,ITABAL9,0.0,1.22,SAFE
2026-09-24 21:45:28,MIA.02,ITABAL9,0.0,17.59,SAFE
2026-09-24 21:45:28,MIA.03,ITABAL9,0.0,4.28,SAFE
2026-09-24 21:46:00,MIA.04,PITSTOP AMBON SIS,0.0,2.31,SAFE
2026-09-24 21:45:28,MIA.05,ITABAL9,0.0,20.96,SAFE
2026-09-24 21:45:28,MIA.06,ITABAL9,0.0,1.16,SAFE
2026-09-24 21:45:00,MKS.01,CSA BONTANG SIS,0.0,0.72,SAFE
2026-09-24 21:46:00,MKS.02,PITSTOP AMBON SIS,0.0,1.06,SAFE
,MKS.03,ROM 13,0.0,8.2,SAFE
,MKS.04,ROM 13,0.0,3.08,SAFE
2026-09-24 21:45:00,MND.02,CSA BONTANG SIS,0.0,2.49,SAFE
2026-09-23 15:41:00,MRK.01,VP SABANG TIMUR SIS,0.0,1.65,SAFE
2026-09-24 21:46:00,MTM.01,PITSTOP AMBON SIS,0.0,1.64,SAFE
2026-09-24 21:46:00,MTP.01,PITSTOP AMBON SIS,0.0,1.01,SAFE
2026-09-23 15:41:00,MTR.01,VP SABANG TIMUR SIS,0.0,1.67,SAFE
2026-09-24 21:45:28,NIS.01,ITABAL8,0.0,0.57,SAFE
2026-09-24 21:45:28,NIS.02,ITABAL8,0.0,0.86,SAFE
2026-09-24 21:45:28,NIS.03,ITABAL8,0.0,1.03,SAFE
2026-09-24 21:45:28,PDG.01,ITABAL9,0.0,0.52,SAFE
2026-09-24 21:45:28,PLB.01,ITABAL8,0.0,1.87,SAFE
2026-09-24 21:45:28,PLB.02,ITABAL8,0.0,0.84,SAFE
2026-09-24 21:45:28,PLB.03,ITABAL8,0.0,2.0,SAFE
2026-09-24 21:45:28,PLB.04,ITABAL8,0.0,13.62,SAFE
2026-09-24 21:45:00,PLU.04,CSA BONTANG SIS,0.0,2.36,SAFE
2026-09-23 15:41:00,RIU.02,VP SABANG TIMUR SIS,0.0,0.61,SAFE
2026-09-23 15:41:00,RIU.04,VP SABANG TIMUR SIS,0.0,0.51,SAFE
2026-09-23 15:41:00,SBG.02,VP SABANG TIMUR SIS,0.0,1.91,SAFE
2026-09-23 15:41:00,SBG.03,VP SABANG TIMUR SIS,0.0,5.65,SAFE
2026-09-23 15:41:00,SBG.04,VP SABANG TIMUR SIS,0.0,0.63,SAFE
2026-09-23 15:41:00,SBG.05,VP SABANG TIMUR SIS,0.0,21.21,SAFE
2026-09-24 21:45:28,SBG.06,ITABAL8,0.0,14.52,SAFE
2026-09-23 15:41:00,SBG.08,VP SABANG TIMUR SIS,0.0,1.35,SAFE
2026-09-23 15:41:00,SBG.10,VP SABANG TIMUR SIS,0.0,2.05,SAFE
2026-09-23 15:41:00,SBG.11,VP SABANG TIMUR SIS,0.0,0.75,SAFE
2026-09-24 21:45:00,SGT.02,CSA BONTANG SIS,0.0,0.19,SAFE
2026-09-24 21:45:00,SMB.02,CSA BONTANG SIS,0.0,2.63,SAFE
2026-09-24 21:45:00,SMB.03,CSA BONTANG SIS,0.0,4.72,SAFE
2026-09-24 21:46:00,SNT.01,PITSTOP AMBON SIS,0.0,1.34,SAFE
2026-09-24 21:45:00,TJG.01,CSA BONTANG SIS,0.0,1.99,SAFE
2026-09-24 21:45:00,TJG.02,CSA BONTANG SIS,0.0,5.65,SAFE
2026-09-24 23:59:00,AMB.01,PITSTOP AMBON SIS,0.0,7.46,SAFE
2026-09-24 23:59:00,BDG.02,VP OB 1 SIS,0.0,19.31,SAFE
2026-09-24 23:59:00,BDG.03,VP OB 1 SIS,0.0,5.73,SAFE
2026-09-24 23:59:00,BDG.04,VP OB 1 SIS,0.0,1.07,SAFE
2026-09-25 01:58:51,BDG.05,ITABAL9,0.0,2.1,SAFE
2026-09-23 15:41:00,BGK.01,VP SABANG TIMUR SIS,0.0,1.59,SAFE
2026-09-23 15:41:00,BGK.02,VP SABANG TIMUR SIS,0.0,18.92,SAFE
2026-09-25 01:58:51,BGR.01,ITABAL9,0.0,1.34,SAFE
2026-09-24 23:59:00,BJB.03,CSA BONTANG SIS,0.0,1.34,SAFE
2026-09-24 23:59:00,BJM.01,PITSTOP AMBON SIS,0.0,3.86,SAFE
2026-09-24 23:59:00,BJM.02,CSA BONTANG SIS,0.0,1.68,SAFE
2026-09-25 01:58:51,BKL.01,ITABAL8,0.0,58.33,SAFE
2026-09-25 01:58:51,BKL.02,ITABAL8,0.0,0.72,SAFE
2026-09-25 01:58:51,BNE.02,ITABAL8,0.0,1.52,SAFE
2026-09-25 01:58:51,BNE.03,ITABAL8,0.0,0.63,SAFE
2026-09-25 01:58:51,BNE.04,ITABAL8,0.0,0.55,SAFE
2026-09-24 23:59:00,BNY.03,CSA BONTANG SIS,0.0,0.97,SAFE
2026-09-24 23:59:00,BTG.03,CSA BONTANG SIS,0.0,9.36,SAFE
2026-09-24 23:59:00,BTG.04,CSA BONTANG SIS,0.0,175.0,SAFE
2026-09-24 23:59:00,FLR.02,CSA BONTANG SIS,0.0,0.75,SAFE
2026-09-25 01:58:51,JKT.01,ITABAL9,0.0,25.36,SAFE
2026-09-25 01:58:51,JKT.02,ITABAL9,0.0,7.78,SAFE
2026-09-25 01:58:51,JKT.03,ITABAL9,0.0,4.16,SAFE
2026-09-25 01:58:51,JKT.04,ITABAL9,0.0,1.17,SAFE
2026-09-25 01:58:51,JKT.05,ITABAL9,0.0,5.68,SAFE
2026-09-25 01:58:51,JKT.06,ITABAL9,0.0,7.45,SAFE
2026-09-25 01:58:51,JKT.07,ITABAL9,0.0,11.55,SAFE
2026-09-25 01:58:51,JKT.08,ITABAL9,0.0,4.26,SAFE
2026-09-25 01:58:51,JMB.01,ITABAL8,0.0,3.07,SAFE
2026-09-25 01:58:51,JMB.03,ITABAL8,0.0,1.02,SAFE
2026-09-25 01:58:51,JMB.04,ITABAL9,0.0,0.77,SAFE
2026-09-23 15:41:00,KRC.02,VP SABANG TIMUR SIS,0.0,1.04,SAFE
2026-09-25 01:58:51,KRC.03,ITABAL8,0.0,1.31,SAFE
2026-09-23 15:41:00,KRC.05,VP SABANG TIMUR SIS,0.0,1.93,SAFE
2026-09-23 15:41:00,KRC.07,VP SABANG TIMUR SIS,0.0,2.15,SAFE
2026-09-25 01:58:51,LHT.01,ITABAL8,0.0,5.84,SAFE
2026-09-25 01:58:51,LPG.01,ITABAL8,0.0,2.05,SAFE
2026-09-25 01:58:51,LPG.02,ITABAL8,0.0,12.03,SAFE
2026-09-25 01:58:51,LPG.03,ITABAL8,0.0,6.96,SAFE
2026-09-25 01:58:51,LPG.06,ITABAL8,0.0,6.69,SAFE
2026-09-25 01:58:51,LPG.07,ITABAL8,0.0,12.92,SAFE
2026-09-25 01:58:51,MDN.01,ITABAL8,0.0,3.37,SAFE
2026-09-25 01:58:51,MDN.02,ITABAL8,0.0,2.53,SAFE
2026-09-25 01:58:51,MDN.03,ITABAL8,0.0,7.25,SAFE
2026-09-25 01:58:51,MDN.04,ITABAL8,0.0,1.95,SAFE
2026-09-25 01:58:51,MIA.01,ITABAL9,0.0,1.22,SAFE
2026-09-25 01:58:51,MIA.02,ITABAL9,0.0,17.59,SAFE
2026-09-25 01:58:51,MIA.03,ITABAL9,0.0,4.28,SAFE
2026-09-24 23:59:00,MIA.04,PITSTOP AMBON SIS,0.0,2.31,SAFE
2026-09-25 01:58:51,MIA.05,ITABAL9,0.0,20.96,SAFE
2026-09-25 01:58:51,MIA.06,ITABAL9,0.0,1.16,SAFE
2026-09-24 23:59:00,MKS.01,CSA BONTANG SIS,0.0,0.72,SAFE
2026-09-24 23:59:00,MKS.02,PITSTOP AMBON SIS,0.0,1.06,SAFE
,MKS.03,ROM 13,0.0,8.2,SAFE
,MKS.04,ROM 13,0.0,3.08,SAFE
2026-09-24 23:59:00,MND.02,CSA BONTANG SIS,0.0,2.49,SAFE
2026-09-23 15:41:00,MRK.01,VP SABANG TIMUR SIS,0.0,1.65,SAFE
2026-09-24 23:59:00,MTM.01,PITSTOP AMBON SIS,0.0,1.64,SAFE
2026-09-24 23:59:00,MTP.01,PITSTOP AMBON SIS,0.0,1.01,SAFE
2026-09-23 15:41:00,MTR.01,VP SABANG TIMUR SIS,0.0,1.67,SAFE
2026-09-25 01:58:51,NIS.01,ITABAL8,0.0,0.57,SAFE
2026-09-25 01:58:51,NIS.02,ITABAL8,0.0,0.86,SAFE
2026-09-25 01:58:51,NIS.03,ITABAL8,0.0,1.03,SAFE
2026-09-25 01:58:51,PDG.01,ITABAL9,0.0,0.52,SAFE
2026-09-25 01:58:51,PLB.01,ITABAL8,0.0,1.87,SAFE
2026-09-25 01:58:51,PLB.02,ITABAL8,0.0,0.84,SAFE
2026-09-25 01:58:51,PLB.03,ITABAL8,0.0,2.0,SAFE
2026-09-25 01:58:51,PLB.04,ITABAL8,0.0,13.62,SAFE
2026-09-24 23:59:00,PLU.04,CSA BONTANG SIS,0.0,2.36,SAFE
2026-09-23 15:41:00,RIU.02,VP SABANG TIMUR SIS,0.0,0.61,SAFE
2026-09-23 15:41:00,RIU.04,VP SABANG TIMUR SIS,0.0,0.51,SAFE
2026-09-23 15:41:00,SBG.02,VP SABANG TIMUR SIS,0.0,1.91,SAFE
2026-09-23 15:41:00,SBG.03,VP SABANG TIMUR SIS,0.0,5.65,SAFE
2026-09-23 15:41:00,SBG.04,VP SABANG TIMUR SIS,0.0,0.63,SAFE
2026-09-23 15:41:00,SBG.05,VP SABANG TIMUR SIS,0.0,21.21,SAFE
2026-09-25 01:58:51,SBG.06,ITABAL8,0.0,14.52,SAFE
2026-09-23 15:41:00,SBG.08,VP SABANG TIMUR SIS,0.0,1.35,SAFE
2026-09-23 15:41:00,SBG.10,VP SABANG TIMUR SIS,0.0,2.05,SAFE
2026-09-23 15:41:00,SBG.11,VP SABANG TIMUR SIS,0.0,0.75,SAFE
2026-09-24 23:59:00,SGT.02,CSA BONTANG SIS,0.0,0.19,SAFE
2026-09-24 23:59:00,SMB.02,CSA BONTANG SIS,0.0,2.63,SAFE
2026-09-24 23:59:00,SMB.03,CSA BONTANG SIS,0.0,4.72,SAFE
2026-09-24 23:59:00,SNT.01,PITSTOP AMBON SIS,0.0,1.34,SAFE
2026-09-24 23:59:00,TJG.01,CSA BONTANG SIS,0.0,1.99,SAFE
2026-09-24 23:59:00,TJG.02,CSA BONTANG SIS,0.0,5.65,SAFE
