timestamp,culvert_id,station,rainfall_mm,capacity,status
2026-04-01 10:07:00,AMB.01,PITSTOP AMBON SIS,0.0,7.46,SAFE
2026-04-01 10:05:00,BDG.02,VP OB 1 SIS,0.0,19.31,SAFE
2026-04-01 10:05:00,BDG.03,VP OB 1 SIS,0.0,5.73,SAFE
2026-04-01 10:05:00,BDG.04,VP OB 1 SIS,0.0,1.07,SAFE
2026-04-01 10:05:53,BDG.05,ITABAL9,0.0,2.1,SAFE
2026-04-01 10:06:00,BGK.01,VP SABANG TIMUR SIS,0.0,1.59,SAFE
2026-04-01 10:06:00,BGK.02,VP SABANG TIMUR SIS,0.0,18.92,SAFE
2026-04-01 10:05:53,BGR.01,ITABAL9,0.0,1.34,SAFE
2026-04-01 10:06:00,BJB.03,CSA BONTANG SIS,0.0,1.34,SAFE
2026-04-01 10:07:00,BJM.01,PITSTOP AMBON SIS,0.0,3.86,SAFE
2026-04-01 10:06:00,BJM.02,CSA BONTANG SIS,0.0,1.68,SAFE
2026-04-01 10:05:53,BKL.01,ITABAL8,1.8,58.33,SAFE
2026-04-01 10:05:53,BKL.02,ITABAL8,1.8,0.72,OVER
2026-04-01 10:05:53,BNE.02,ITABAL8,1.8,1.52,OVER
2026-04-01 10:05:53,BNE.03,ITABAL8,1.8,0.63,OVER
2026-04-01 10:05:53,BNE.04,ITABAL8,1.8,0.55,OVER
2026-04-01 10:06:00,BNY.03,CSA BONTANG SIS,0.0,0.97,SAFE
2026-04-01 10:06:00,BTG.03,CSA BONTANG SIS,0.0,9.36,SAFE
2026-04-01 10:06:00,BTG.04,CSA BONTANG SIS,0.0,175.0,SAFE
2026-04-01 10:06:00,FLR.02,CSA BONTANG SIS,0.0,0.75,SAFE
2026-04-01 10:05:53,JKT.01,ITABAL9,0.0,25.36,SAFE
2026-04-01 10:05:53,JKT.02,ITABAL9,0.0,7.78,SAFE
2026-04-01 10:05:53,JKT.03,ITABAL9,0.0,4.16,SAFE
2026-04-01 10:05:53,JKT.04,ITABAL9,0.0,1.17,SAFE
2026-04-01 10:05:53,JKT.05,ITABAL9,0.0,5.68,SAFE
2026-04-01 10:05:53,JKT.06,ITABAL9,0.0,7.45,SAFE
2026-04-01 10:05:53,JKT.07,ITABAL9,0.0,11.55,SAFE
2026-04-01 10:05:53,JKT.08,ITABAL9,0.0,4.26,SAFE
2026-04-01 10:05:53,JMB.01,ITABAL8,1.8,3.07,SAFE
2026-04-01 10:05:53,JMB.03,ITABAL8,1.8,1.02,OVER
2026-04-01 10:05:53,JMB.04,ITABAL9,0.0,0.77,SAFE
2026-04-01 10:06:00,KRC.02,VP SABANG TIMUR SIS,0.0,1.04,SAFE
2026-04-01 10:05:53,KRC.03,ITABAL8,1.8,1.31,OVER
2026-04-01 10:06:00,KRC.05,VP SABANG TIMUR SIS,0.0,1.93,SAFE
2026-04-01 10:06:00,KRC.07,VP SABANG TIMUR SIS,0.0,2.15,SAFE
2026-04-01 10:05:53,LHT.01,ITABAL8,1.8,5.84,SAFE
2026-04-01 10:05:53,LPG.01,ITABAL8,1.8,2.05,SAFE
2026-04-01 10:05:53,LPG.02,ITABAL8,1.8,12.03,SAFE
2026-04-01 10:05:53,LPG.03,ITABAL8,1.8,6.96,SAFE
2026-04-01 10:05:53,LPG.06,ITABAL8,1.8,6.69,SAFE
2026-04-01 10:05:53,LPG.07,ITABAL8,1.8,12.92,SAFE
2026-04-01 10:05:53,MDN.01,ITABAL8,1.8,3.37,SAFE
2026-04-01 10:05:53,MDN.02,ITABAL8,1.8,2.53,SAFE
2026-04-01 10:05:53,MDN.03,ITABAL8,1.8,7.25,SAFE
2026-04-01 10:05:53,MDN.04,ITABAL8,1.8,1.95,SAFE
2026-04-01 10:05:53,MIA.01,ITABAL9,0.0,1.22,SAFE
2026-04-01 10:05:53,MIA.02,ITABAL9,0.0,17.59,SAFE
2026-04-01 10:05:53,MIA.03,ITABAL9,0.0,4.28,SAFE
2026-04-01 10:07:00,MIA.04,PITSTOP AMBON SIS,0.0,2.31,SAFE
2026-04-01 10:05:53,MIA.05,ITABAL9,0.0,20.96,SAFE
2026-04-01 10:05:53,MIA.06,ITABAL9,0.0,1.16,SAFE
2026-04-01 10:06:00,MKS.01,CSA BONTANG SIS,0.0,0.72,SAFE
2026-04-01 10:07:00,MKS.02,PITSTOP AMBON SIS,0.0,1.06,SAFE
,MKS.03,ROM 13,0.0,8.2,SAFE
,MKS.04,ROM 13,0.0,3.08,SAFE
2026-04-01 10:06:00,MND.02,CSA BONTANG SIS,0.0,2.49,SAFE
2026-04-01 10:06:00,MRK.01,VP SABANG TIMUR SIS,0.0,1.65,SAFE
2026-04-01 10:07:00,MTM.01,PITSTOP AMBON SIS,0.0,1.64,SAFE
2026-04-01 10:07:00,MTP.01,PITSTOP AMBON SIS,0.0,1.01,SAFE
2026-04-01 10:06:00,MTR.01,VP SABANG TIMUR SIS,0.0,1.67,SAFE
2026-04-01 10:05:53,NIS.01,ITABAL8,1.8,0.57,OVER
2026-04-01 10:05:53,NIS.02,ITABAL8,1.8,0.86,OVER
2026-04-01 10:05:53,NIS.03,ITABAL8,1.8,1.03,OVER
2026-04-01 10:05:53,PDG.01,ITABAL9,0.0,0.52,SAFE
2026-04-01 10:05:53,PLB.01,ITABAL8,1.8,1.87,SAFE
2026-04-01 10:05:53,PLB.02,ITABAL8,1.8,0.84,OVER
2026-04-01 10:05:53,PLB.03,ITABAL8,1.8,2.0,SAFE
2026-04-01 10:05:53,PLB.04,ITABAL8,1.8,13.62,SAFE
2026-04-01 10:06:00,PLU.04,CSA BONTANG SIS,0.0,2.36,SAFE
2026-04-01 10:06:00,RIU.02,VP SABANG TIMUR SIS,0.0,0.61,SAFE
2026-04-01 10:06:00,RIU.04,VP SABANG TIMUR SIS,0.0,0.51,SAFE
2026-04-01 10:06:00,SBG.02,VP SABANG TIMUR SIS,0.0,1.91,SAFE
2026-04-01 10:06:00,SBG.03,VP SABANG TIMUR SIS,0.0,5.65,SAFE
2026-04-01 10:06:00,SBG.04,VP SABANG TIMUR SIS,0.0,0.63,SAFE
2026-04-01 10:06:00,SBG.05,VP SABANG TIMUR SIS,0.0,21.21,SAFE
2026-04-01 10:05:53,SBG.06,ITABAL8,1.8,14.52,SAFE
2026-04-01 10:06:00,SBG.08,VP SABANG TIMUR SIS,0.0,1.35,SAFE
2026-04-01 10:06:00,SBG.10,VP SABANG TIMUR SIS,0.0,2.05,SAFE
2026-04-01 10:06:00,SBG.11,VP SABANG TIMUR SIS,0.0,0.75,SAFE
2026-04-01 10:06:00,SGT.02,CSA BONTANG SIS,0.0,0.19,SAFE
2026-04-01 10:06:00,SMB.02,CSA BONTANG SIS,0.0,2.63,SAFE
2026-04-01 10:06:00,SMB.03,CSA BONTANG SIS,0.0,4.72,SAFE
2026-04-01 10:07:00,SNT.01,PITSTOP AMBON SIS,0.0,1.34,SAFE
2026-04-01 10:06:00,TJG.01,CSA BONTANG SIS,0.0,1.99,SAFE
2026-04-01 10:06:00,TJG.02,CSA BONTANG SIS,0.0,5.65,SAFE
2026-04-01 12:54:00,AMB.01,PITSTOP AMBON SIS,0.0,7.46,SAFE
2026-04-01 12:53:00,BDG.02,VP OB 1 SIS,0.0,19.31,SAFE
2026-04-01 12:53:00,BDG.03,VP OB 1 SIS,0.0,5.73,SAFE
2026-04-01 12:53:00,BDG.04,VP OB 1 SIS,0.0,1.07,SAFE
2026-04-01 12:53:11,BDG.05,ITABAL9,0.0,2.1,SAFE
2026-04-01 12:53:00,BGK.01,VP SABANG TIMUR SIS,0.0,1.59,SAFE
2026-04-01 12:53:00,BGK.02,VP SABANG TIMUR SIS,0.0,18.92,SAFE
2026-04-01 12:53:11,BGR.01,ITABAL9,0.0,1.34,SAFE
2026-04-01 12:53:00,BJB.03,CSA BONTANG SIS,0.0,1.34,SAFE
2026-04-01 12:54:00,BJM.01,PITSTOP AMBON SIS,0.0,3.86,SAFE
2026-04-01 12:53:00,BJM.02,CSA BONTANG SIS,0.0,1.68,SAFE
2026-04-01 12:53:11,BKL.01,ITABAL8,1.8,58.33,SAFE
2026-04-01 12:53:11,BKL.02,ITABAL8,1.8,0.72,OVER
2026-04-01 12:53:11,BNE.02,ITABAL8,1.8,1.52,OVER
2026-04-01 12:53:11,BNE.03,ITABAL8,1.8,0.63,OVER
2026-04-01 12:53:11,BNE.04,ITABAL8,1.8,0.55,OVER
2026-04-01 12:53:00,BNY.03,CSA BONTANG SIS,0.0,0.97,SAFE
2026-04-01 12:53:00,BTG.03,CSA BONTANG SIS,0.0,9.36,SAFE
2026-04-01 12:53:00,BTG.04,CSA BONTANG SIS,0.0,175.0,SAFE
2026-04-01 12:53:00,FLR.02,CSA BONTANG SIS,0.0,0.75,SAFE
2026-04-01 12:53:11,JKT.01,ITABAL9,0.0,25.36,SAFE
2026-04-01 12:53:11,JKT.02,ITABAL9,0.0,7.78,SAFE
2026-04-01 12:53:11,JKT.03,ITABAL9,0.0,4.16,SAFE
2026-04-01 12:53:11,JKT.04,ITABAL9,0.0,1.17,SAFE
2026-04-01 12:53:11,JKT.05,ITABAL9,0.0,5.68,SAFE
2026-04-01 12:53:11,JKT.06,ITABAL9,0.0,7.45,SAFE
2026-04-01 12:53:11,JKT.07,ITABAL9,0.0,11.55,SAFE
2026-04-01 12:53:11,JKT.08,ITABAL9,0.0,4.26,SAFE
2026-04-01 12:53:11,JMB.01,ITABAL8,1.8,3.07,SAFE
2026-04-01 12:53:11,JMB.03,ITABAL8,1.8,1.02,OVER
2026-04-01 12:53:11,JMB.04,ITABAL9,0.0,0.77,SAFE
2026-04-01 12:53:00,KRC.02,VP SABANG TIMUR SIS,0.0,1.04,SAFE
2026-04-01 12:53:11,KRC.03,ITABAL8,1.8,1.31,OVER
2026-04-01 12:53:00,KRC.05,VP SABANG TIMUR SIS,0.0,1.93,SAFE
2026-04-01 12:53:00,KRC.07,VP SABANG TIMUR SIS,0.0,2.15,SAFE
2026-04-01 12:53:11,LHT.01,ITABAL8,1.8,5.84,SAFE
2026-04-01 12:53:11,LPG.01,ITABAL8,1.8,2.05,SAFE
2026-04-01 12:53:11,LPG.02,ITABAL8,1.8,12.03,SAFE
2026-04-01 12:53:11,LPG.03,ITABAL8,1.8,6.96,SAFE
2026-04-01 12:53:11,LPG.06,ITABAL8,1.8,6.69,SAFE
2026-04-01 12:53:11,LPG.07,ITABAL8,1.8,12.92,SAFE
2026-04-01 12:53:11,MDN.01,ITABAL8,1.8,3.37,SAFE
2026-04-01 12:53:11,MDN.02,ITABAL8,1.8,2.53,SAFE
2026-04-01 12:53:11,MDN.03,ITABAL8,1.8,7.25,SAFE
2026-04-01 12:53:11,MDN.04,ITABAL8,1.8,1.95,SAFE
2026-04-01 12:53:11,MIA.01,ITABAL9,0.0,1.22,SAFE
2026-04-01 12:53:11,MIA.02,ITABAL9,0.0,17.59,SAFE
2026-04-01 12:53:11,MIA.03,ITABAL9,0.0,4.28,SAFE
2026-04-01 12:54:00,MIA.04,PITSTOP AMBON SIS,0.0,2.31,SAFE
2026-04-01 12:53:11,MIA.05,ITABAL9,0.0,20.96,SAFE
2026-04-01 12:53:11,MIA.06,ITABAL9,0.0,1.16,SAFE
2026-04-01 12:53:00,MKS.01,CSA BONTANG SIS,0.0,0.72,SAFE
2026-04-01 12:54:00,MKS.02,PITSTOP AMBON SIS,0.0,1.06,SAFE
,MKS.03,ROM 13,0.0,8.2,SAFE
,MKS.04,ROM 13,0.0,3.08,SAFE
2026-04-01 12:53:00,MND.02,CSA BONTANG SIS,0.0,2.49,SAFE
2026-04-01 12:53:00,MRK.01,VP SABANG TIMUR SIS,0.0,1.65,SAFE
2026-04-01 12:54:00,MTM.01,PITSTOP AMBON SIS,0.0,1.64,SAFE
2026-04-01 12:54:00,MTP.01,PITSTOP AMBON SIS,0.0,1.01,SAFE
2026-04-01 12:53:00,MTR.01,VP SABANG TIMUR SIS,0.0,1.67,SAFE
2026-04-01 12:53:11,NIS.01,ITABAL8,1.8,0.57,OVER
2026-04-01 12:53:11,NIS.02,ITABAL8,1.8,0.86,OVER
2026-04-01 12:53:11,NIS.03,ITABAL8,1.8,1.03,OVER
2026-04-01 12:53:11,PDG.01,ITABAL9,0.0,0.52,SAFE
2026-04-01 12:53:11,PLB.01,ITABAL8,1.8,1.87,SAFE
2026-04-01 12:53:11,PLB.02,ITABAL8,1.8,0.84,OVER
2026-04-01 12:53:11,PLB.03,ITABAL8,1.8,2.0,SAFE
2026-04-01 12:53:11,PLB.04,ITABAL8,1.8,13.62,SAFE
2026-04-01 12:53:00,PLU.04,CSA BONTANG SIS,0.0,2.36,SAFE
2026-04-01 12:53:00,RIU.02,VP SABANG TIMUR SIS,0.0,0.61,SAFE
2026-04-01 12:53:00,RIU.04,VP SABANG TIMUR SIS,0.0,0.51,SAFE
2026-04-01 12:53:00,SBG.02,VP SABANG TIMUR SIS,0.0,1.91,SAFE
2026-04-01 12:53:00,SBG.03,VP SABANG TIMUR SIS,0.0,5.65,SAFE
2026-04-01 12:53:00,SBG.04,VP SABANG TIMUR SIS,0.0,0.63,SAFE
2026-04-01 12:53:00,SBG.05,VP SABANG TIMUR SIS,0.0,21.21,SAFE
2026-04-01 12:53:11,SBG.06,ITABAL8,1.8,14.52,SAFE
2026-04-01 12:53:00,SBG.08,VP SABANG TIMUR SIS,0.0,1.35,SAFE
2026-04-01 12:53:00,SBG.10,VP SABANG TIMUR SIS,0.0,2.05,SAFE
2026-04-01 12:53:00,SBG.11,VP SABANG TIMUR SIS,0.0,0.75,SAFE
2026-04-01 12:53:00,SGT.02,CSA BONTANG SIS,0.0,0.19,SAFE
2026-04-01 12:53:00,SMB.02,CSA BONTANG SIS,0.0,2.63,SAFE
2026-04-01 12:53:00,SMB.03,CSA BONTANG SIS,0.0,4.72,SAFE
2026-04-01 12:54:00,SNT.01,PITSTOP AMBON SIS,0.0,1.34,SAFE
2026-04-01 12:53:00,TJG.01,CSA BONTANG SIS,0.0,1.99,SAFE
2026-04-01 12:53:00,TJG.02,CSA BONTANG SIS,0.0,5.65,SAFE
2026-04-01 14:21:00,AMB.01,PITSTOP AMBON SIS,0.0,7.46,SAFE
2026-04-01 14:20:00,BDG.02,VP OB 1 SIS,0.0,19.31,SAFE
2026-04-01 14:20:00,BDG.03,VP OB 1 SIS,0.0,5.73,SAFE
2026-04-01 14:20:00,BDG.04,VP OB 1 SIS,0.0,1.07,SAFE
2026-04-01 14:20:12,BDG.05,ITABAL9,0.0,2.1,SAFE
2026-04-01 14:20:00,BGK.01,VP SABANG TIMUR SIS,0.0,1.59,SAFE
2026-04-01 14:20:00,BGK.02,VP SABANG TIMUR SIS,0.0,18.92,SAFE
2026-04-01 14:20:12,BGR.01,ITABAL9,0.0,1.34,SAFE
2026-04-01 14:20:00,BJB.03,CSA BONTANG SIS,0.0,1.34,SAFE
2026-04-01 14:21:00,BJM.01,PITSTOP AMBON SIS,0.0,3.86,SAFE
2026-04-01 14:20:00,BJM.02,CSA BONTANG SIS,0.0,1.68,SAFE
2026-04-01 14:20:12,BKL.01,ITABAL8,1.8,58.33,SAFE
2026-04-01 14:20:12,BKL.02,ITABAL8,1.8,0.72,OVER
2026-04-01 14:20:12,BNE.02,ITABAL8,1.8,1.52,OVER
2026-04-01 14:20:12,BNE.03,ITABAL8,1.8,0.63,OVER
2026-04-01 14:20:12,BNE.04,ITABAL8,1.8,0.55,OVER
2026-04-01 14:20:00,BNY.03,CSA BONTANG SIS,0.0,0.97,SAFE
2026-04-01 14:20:00,BTG.03,CSA BONTANG SIS,0.0,9.36,SAFE
2026-04-01 14:20:00,BTG.04,CSA BONTANG SIS,0.0,175.0,SAFE
2026-04-01 14:20:00,FLR.02,CSA BONTANG SIS,0.0,0.75,SAFE
2026-04-01 14:20:12,JKT.01,ITABAL9,0.0,25.36,SAFE
2026-04-01 14:20:12,JKT.02,ITABAL9,0.0,7.78,SAFE
2026-04-01 14:20:12,JKT.03,ITABAL9,0.0,4.16,SAFE
2026-04-01 14:20:12,JKT.04,ITABAL9,0.0,1.17,SAFE
2026-04-01 14:20:12,JKT.05,ITABAL9,0.0,5.68,SAFE
2026-04-01 14:20:12,JKT.06,ITABAL9,0.0,7.45,SAFE
2026-04-01 14:20:12,JKT.07,ITABAL9,0.0,11.55,SAFE
2026-04-01 14:20:12,JKT.08,ITABAL9,0.0,4.26,SAFE
2026-04-01 14:20:12,JMB.01,ITABAL8,1.8,3.07,SAFE
2026-04-01 14:20:12,JMB.03,ITABAL8,1.8,1.02,OVER
2026-04-01 14:20:12,JMB.04,ITABAL9,0.0,0.77,SAFE
2026-04-01 14:20:00,KRC.02,VP SABANG TIMUR SIS,0.0,1.04,SAFE
2026-04-01 14:20:12,KRC.03,ITABAL8,1.8,1.31,OVER
2026-04-01 14:20:00,KRC.05,VP SABANG TIMUR SIS,0.0,1.93,SAFE
2026-04-01 14:20:00,KRC.07,VP SABANG TIMUR SIS,0.0,2.15,SAFE
2026-04-01 14:20:12,LHT.01,ITABAL8,1.8,5.84,SAFE
2026-04-01 14:20:12,LPG.01,ITABAL8,1.8,2.05,SAFE
2026-04-01 14:20:12,LPG.02,ITABAL8,1.8,12.03,SAFE
2026-04-01 14:20:12,LPG.03,ITABAL8,1.8,6.96,SAFE
2026-04-01 14:20:12,LPG.06,ITABAL8,1.8,6.69,SAFE
2026-04-01 14:20:12,LPG.07,ITABAL8,1.8,12.92,SAFE
2026-04-01 14:20:12,MDN.01,ITABAL8,1.8,3.37,SAFE
2026-04-01 14:20:12,MDN.02,ITABAL8,1.8,2.53,SAFE
2026-04-01 14:20:12,MDN.03,ITABAL8,1.8,7.25,SAFE
2026-04-01 14:20:12,MDN.04,ITABAL8,1.8,1.95,SAFE
2026-04-01 14:20:12,MIA.01,ITABAL9,0.0,1.22,SAFE
2026-04-01 14:20:12,MIA.02,ITABAL9,0.0,17.59,SAFE
2026-04-01 14:20:12,MIA.03,ITABAL9,0.0,4.28,SAFE
2026-04-01 14:21:00,MIA.04,PITSTOP AMBON SIS,0.0,2.31,SAFE
2026-04-01 14:20:12,MIA.05,ITABAL9,0.0,20.96,SAFE
2026-04-01 14:20:12,MIA.06,ITABAL9,0.0,1.16,SAFE
2026-04-01 14:20:00,MKS.01,CSA BONTANG SIS,0.0,0.72,SAFE
2026-04-01 14:21:00,MKS.02,PITSTOP AMBON SIS,0.0,1.06,SAFE
,MKS.03,ROM 13,0.0,8.2,SAFE
,MKS.04,ROM 13,0.0,3.08,SAFE
2026-04-01 14:20:00,MND.02,CSA BONTANG SIS,0.0,2.49,SAFE
2026-04-01 14:20:00,MRK.01,VP SABANG TIMUR SIS,0.0,1.65,SAFE
2026-04-01 14:21:00,MTM.01,PITSTOP AMBON SIS,0.0,1.64,SAFE
2026-04-01 14:21:00,MTP.01,PITSTOP AMBON SIS,0.0,1.01,SAFE
2026-04-01 14:20:00,MTR.01,VP SABANG TIMUR SIS,0.0,1.67,SAFE
2026-04-01 14:20:12,NIS.01,ITABAL8,1.8,0.57,OVER
2026-04-01 14:20:12,NIS.02,ITABAL8,1.8,0.86,OVER
2026-04-01 14:20:12,NIS.03,ITABAL8,1.8,1.03,OVER
2026-04-01 14:20:12,PDG.01,ITABAL9,0.0,0.52,SAFE
2026-04-01 14:20:12,PLB.01,ITABAL8,1.8,1.87,SAFE
2026-04-01 14:20:12,PLB.02,ITABAL8,1.8,0.84,OVER
2026-04-01 14:20:12,PLB.03,ITABAL8,1.8,2.0,SAFE
2026-04-01 14:20:12,PLB.04,ITABAL8,1.8,13.62,SAFE
2026-04-01 14:20:00,PLU.04,CSA BONTANG SIS,0.0,2.36,SAFE
2026-04-01 14:20:00,RIU.02,VP SABANG TIMUR SIS,0.0,0.61,SAFE
2026-04-01 14:20:00,RIU.04,VP SABANG TIMUR SIS,0.0,0.51,SAFE
2026-04-01 14:20:00,SBG.02,VP SABANG TIMUR SIS,0.0,1.91,SAFE
2026-04-01 14:20:00,SBG.03,VP SABANG TIMUR SIS,0.0,5.65,SAFE
2026-04-01 14:20:00,SBG.04,VP SABANG TIMUR SIS,0.0,0.63,SAFE
2026-04-01 14:20:00,SBG.05,VP SABANG TIMUR SIS,0.0,21.21,SAFE
2026-04-01 14:20:12,SBG.06,ITABAL8,1.8,14.52,SAFE
2026-04-01 14:20:00,SBG.08,VP SABANG TIMUR SIS,0.0,1.35,SAFE
2026-04-01 14:20:00,SBG.10,VP SABANG TIMUR SIS,0.0,2.05,SAFE
2026-04-01 14:20:00,SBG.11,VP SABANG TIMUR SIS,0.0,0.75,SAFE
2026-04-01 14:20:00,SGT.02,CSA BONTANG SIS,0.0,0.19,SAFE
2026-04-01 14:20:00,SMB.02,CSA BONTANG SIS,0.0,2.63,SAFE
2026-04-01 14:20:00,SMB.03,CSA BONTANG SIS,0.0,4.72,SAFE
2026-04-01 14:21:00,SNT.01,PITSTOP AMBON SIS,0.0,1.34,SAFE
2026-04-01 14:20:00,TJG.01,CSA BONTANG SIS,0.0,1.99,SAFE
2026-04-01 14:20:00,TJG.02,CSA BONTANG SIS,0.0,5.65,SAFE
2026-04-01 15:58:00,AMB.01,PITSTOP AMBON SIS,0.0,7.46,SAFE
2026-04-01 15:57:00,BDG.02,VP OB 1 SIS,0.0,19.31,SAFE
2026-04-01 15:57:00,BDG.03,VP OB 1 SIS,0.0,5.73,SAFE
2026-04-01 15:57:00,BDG.04,VP OB 1 SIS,0.0,1.07,SAFE
2026-04-01 15:57:22,BDG.05,ITABAL9,0.0,2.1,SAFE
2026-04-01 15:57:00,BGK.01,VP SABANG TIMUR SIS,0.0,1.59,SAFE
2026-04-01 15:57:00,BGK.02,VP SABANG TIMUR SIS,0.0,18.92,SAFE
2026-04-01 15:57:22,BGR.01,ITABAL9,0.0,1.34,SAFE
2026-04-01 15:57:00,BJB.03,CSA BONTANG SIS,0.0,1.34,SAFE
2026-04-01 15:58:00,BJM.01,PITSTOP AMBON SIS,0.0,3.86,SAFE
2026-04-01 15:57:00,BJM.02,CSA BONTANG SIS,0.0,1.68,SAFE
2026-04-01 15:57:22,BKL.01,ITABAL8,1.8,58.33,SAFE
2026-04-01 15:57:22,BKL.02,ITABAL8,1.8,0.72,OVER
2026-04-01 15:57:22,BNE.02,ITABAL8,1.8,1.52,OVER
2026-04-01 15:57:22,BNE.03,ITABAL8,1.8,0.63,OVER
2026-04-01 15:57:22,BNE.04,ITABAL8,1.8,0.55,OVER
2026-04-01 15:57:00,BNY.03,CSA BONTANG SIS,0.0,0.97,SAFE
2026-04-01 15:57:00,BTG.03,CSA BONTANG SIS,0.0,9.36,SAFE
2026-04-01 15:57:00,BTG.04,CSA BONTANG SIS,0.0,175.0,SAFE
2026-04-01 15:57:00,FLR.02,CSA BONTANG SIS,0.0,0.75,SAFE
2026-04-01 15:57:22,JKT.01,ITABAL9,0.0,25.36,SAFE
2026-04-01 15:57:22,JKT.02,ITABAL9,0.0,7.78,SAFE
2026-04-01 15:57:22,JKT.03,ITABAL9,0.0,4.16,SAFE
2026-04-01 15:57:22,JKT.04,ITABAL9,0.0,1.17,SAFE
2026-04-01 15:57:22,JKT.05,ITABAL9,0.0,5.68,SAFE
2026-04-01 15:57:22,JKT.06,ITABAL9,0.0,7.45,SAFE
2026-04-01 15:57:22,JKT.07,ITABAL9,0.0,11.55,SAFE
2026-04-01 15:57:22,JKT.08,ITABAL9,0.0,4.26,SAFE
2026-04-01 15:57:22,JMB.01,ITABAL8,1.8,3.07,SAFE
2026-04-01 15:57:22,JMB.03,ITABAL8,1.8,1.02,OVER
2026-04-01 15:57:22,JMB.04,ITABAL9,0.0,0.77,SAFE
2026-04-01 15:57:00,KRC.02,VP SABANG TIMUR SIS,0.0,1.04,SAFE
2026-04-01 15:57:22,KRC.03,ITABAL8,1.8,1.31,OVER
2026-04-01 15:57:00,KRC.05,VP SABANG TIMUR SIS,0.0,1.93,SAFE
2026-04-01 15:57:00,KRC.07,VP SABANG TIMUR SIS,0.0,2.15,SAFE
2026-04-01 15:57:22,LHT.01,ITABAL8,1.8,5.84,SAFE
2026-04-01 15:57:22,LPG.01,ITABAL8,1.8,2.05,SAFE
2026-04-01 15:57:22,LPG.02,ITABAL8,1.8,12.03,SAFE
2026-04-01 15:57:22,LPG.03,ITABAL8,1.8,6.96,SAFE
2026-04-01 15:57:22,LPG.06,ITABAL8,1.8,6.69,SAFE
2026-04-01 15:57:22,LPG.07,ITABAL8,1.8,12.92,SAFE
2026-04-01 15:57:22,MDN.01,ITABAL8,1.8,3.37,SAFE
2026-04-01 15:57:22,MDN.02,ITABAL8,1.8,2.53,SAFE
2026-04-01 15:57:22,MDN.03,ITABAL8,1.8,7.25,SAFE
2026-04-01 15:57:22,MDN.04,ITABAL8,1.8,1.95,SAFE
2026-04-01 15:57:22,MIA.01,ITABAL9,0.0,1.22,SAFE
2026-04-01 15:57:22,MIA.02,ITABAL9,0.0,17.59,SAFE
2026-04-01 15:57:22,MIA.03,ITABAL9,0.0,4.28,SAFE
2026-04-01 15:58:00,MIA.04,PITSTOP AMBON SIS,0.0,2.31,SAFE
2026-04-01 15:57:22,MIA.05,ITABAL9,0.0,20.96,SAFE
2026-04-01 15:57:22,MIA.06,ITABAL9,0.0,1.16,SAFE
2026-04-01 15:57:00,MKS.01,CSA BONTANG SIS,0.0,0.72,SAFE
2026-04-01 15:58:00,MKS.02,PITSTOP AMBON SIS,0.0,1.06,SAFE
,MKS.03,ROM 13,0.0,8.2,SAFE
,MKS.04,ROM 13,0.0,3.08,SAFE
2026-04-01 15:57:00,MND.02,CSA BONTANG SIS,0.0,2.49,SAFE
2026-04-01 15:57:00,MRK.01,VP SABANG TIMUR SIS,0.0,1.65,SAFE
2026-04-01 15:58:00,MTM.01,PITSTOP AMBON SIS,0.0,1.64,SAFE
2026-04-01 15:58:00,MTP.01,PITSTOP AMBON SIS,0.0,1.01,SAFE
2026-04-01 15:57:00,MTR.01,VP SABANG TIMUR SIS,0.0,1.67,SAFE
2026-04-01 15:57:22,NIS.01,ITABAL8,1.8,0.57,OVER
2026-04-01 15:57:22,NIS.02,ITABAL8,1.8,0.86,OVER
2026-04-01 15:57:22,NIS.03,ITABAL8,1.8,1.03,OVER
2026-04-01 15:57:22,PDG.01,ITABAL9,0.0,0.52,SAFE
2026-04-01 15:57:22,PLB.01,ITABAL8,1.8,1.87,SAFE
2026-04-01 15:57:22,PLB.02,ITABAL8,1.8,0.84,OVER
2026-04-01 15:57:22,PLB.03,ITABAL8,1.8,2.0,SAFE
2026-04-01 15:57:22,PLB.04,ITABAL8,1.8,13.62,SAFE
2026-04-01 15:57:00,PLU.04,CSA BONTANG SIS,0.0,2.36,SAFE
2026-04-01 15:57:00,RIU.02,VP SABANG TIMUR SIS,0.0,0.61,SAFE
2026-04-01 15:57:00,RIU.04,VP SABANG TIMUR SIS,0.0,0.51,SAFE
2026-04-01 15:57:00,SBG.02,VP SABANG TIMUR SIS,0.0,1.91,SAFE
2026-04-01 15:57:00,SBG.03,VP SABANG TIMUR SIS,0.0,5.65,SAFE
2026-04-01 15:57:00,SBG.04,VP SABANG TIMUR SIS,0.0,0.63,SAFE
2026-04-01 15:57:00,SBG.05,VP SABANG TIMUR SIS,0.0,21.21,SAFE
2026-04-01 15:57:22,SBG.06,ITABAL8,1.8,14.52,SAFE
2026-04-01 15:57:00,SBG.08,VP SABANG TIMUR SIS,0.0,1.35,SAFE
2026-04-01 15:57:00,SBG.10,VP SABANG TIMUR SIS,0.0,2.05,SAFE
2026-04-01 15:57:00,SBG.11,VP SABANG TIMUR SIS,0.0,0.75,SAFE
2026-04-01 15:57:00,SGT.02,CSA BONTANG SIS,0.0,0.19,SAFE
2026-04-01 15:57:00,SMB.02,CSA BONTANG SIS,0.0,2.63,SAFE
2026-04-01 15:57:00,SMB.03,CSA BONTANG SIS,0.0,4.72,SAFE
2026-04-01 15:58:00,SNT.01,PITSTOP AMBON SIS,0.0,1.34,SAFE
2026-04-01 15:57:00,TJG.01,CSA BONTANG SIS,0.0,1.99,SAFE
2026-04-01 15:57:00,TJG.02,CSA BONTANG SIS,0.0,5.65,SAFE
2026-04-01 17:05:00,AMB.01,PITSTOP AMBON SIS,0.0,7.46,SAFE
2026-04-01 17:04:00,BDG.02,VP OB 1 SIS,0.0,19.31,SAFE
2026-04-01 17:04:00,BDG.03,VP OB 1 SIS,0.0,5.73,SAFE
2026-04-01 17:04:00,BDG.04,VP OB 1 SIS,0.0,1.07,SAFE
2026-04-01 17:03:58,BDG.05,ITABAL9,0.0,2.1,SAFE
2026-04-01 17:04:00,BGK.01,VP SABANG TIMUR SIS,0.0,1.59,SAFE
2026-04-01 17:04:00,BGK.02,VP SABANG TIMUR SIS,0.0,18.92,SAFE
2026-04-01 17:03:58,BGR.01,ITABAL9,0.0,1.34,SAFE
2026-04-01 17:04:00,BJB.03,CSA BONTANG SIS,0.0,1.34,SAFE
2026-04-01 17:05:00,BJM.01,PITSTOP AMBON SIS,0.0,3.86,SAFE
2026-04-01 17:04:00,BJM.02,CSA BONTANG SIS,0.0,1.68,SAFE
2026-04-01 17:03:58,BKL.01,ITABAL8,1.8,58.33,SAFE
2026-04-01 17:03:58,BKL.02,ITABAL8,1.8,0.72,OVER
2026-04-01 17:03:58,BNE.02,ITABAL8,1.8,1.52,OVER
2026-04-01 17:03:58,BNE.03,ITABAL8,1.8,0.63,OVER
2026-04-01 17:03:58,BNE.04,ITABAL8,1.8,0.55,OVER
2026-04-01 17:04:00,BNY.03,CSA BONTANG SIS,0.0,0.97,SAFE
2026-04-01 17:04:00,BTG.03,CSA BONTANG SIS,0.0,9.36,SAFE
2026-04-01 17:04:00,BTG.04,CSA BONTANG SIS,0.0,175.0,SAFE
2026-04-01 17:04:00,FLR.02,CSA BONTANG SIS,0.0,0.75,SAFE
2026-04-01 17:03:58,JKT.01,ITABAL9,0.0,25.36,SAFE
2026-04-01 17:03:58,JKT.02,ITABAL9,0.0,7.78,SAFE
2026-04-01 17:03:58,JKT.03,ITABAL9,0.0,4.16,SAFE
2026-04-01 17:03:58,JKT.04,ITABAL9,0.0,1.17,SAFE
2026-04-01 17:03:58,JKT.05,ITABAL9,0.0,5.68,SAFE
2026-04-01 17:03:58,JKT.06,ITABAL9,0.0,7.45,SAFE
2026-04-01 17:03:58,JKT.07,ITABAL9,0.0,11.55,SAFE
2026-04-01 17:03:58,JKT.08,ITABAL9,0.0,4.26,SAFE
2026-04-01 17:03:58,JMB.01,ITABAL8,1.8,3.07,SAFE
2026-04-01 17:03:58,JMB.03,ITABAL8,1.8,1.02,OVER
2026-04-01 17:03:58,JMB.04,ITABAL9,0.0,0.77,SAFE
2026-04-01 17:04:00,KRC.02,VP SABANG TIMUR SIS,0.0,1.04,SAFE
2026-04-01 17:03:58,KRC.03,ITABAL8,1.8,1.31,OVER
2026-04-01 17:04:00,KRC.05,VP SABANG TIMUR SIS,0.0,1.93,SAFE
2026-04-01 17:04:00,KRC.07,VP SABANG TIMUR SIS,0.0,2.15,SAFE
2026-04-01 17:03:58,LHT.01,ITABAL8,1.8,5.84,SAFE
2026-04-01 17:03:58,LPG.01,ITABAL8,1.8,2.05,SAFE
2026-04-01 17:03:58,LPG.02,ITABAL8,1.8,12.03,SAFE
2026-04-01 17:03:58,LPG.03,ITABAL8,1.8,6.96,SAFE
2026-04-01 17:03:58,LPG.06,ITABAL8,1.8,6.69,SAFE
2026-04-01 17:03:58,LPG.07,ITABAL8,1.8,12.92,SAFE
2026-04-01 17:03:58,MDN.01,ITABAL8,1.8,3.37,SAFE
2026-04-01 17:03:58,MDN.02,ITABAL8,1.8,2.53,SAFE
2026-04-01 17:03:58,MDN.03,ITABAL8,1.8,7.25,SAFE
2026-04-01 17:03:58,MDN.04,ITABAL8,1.8,1.95,SAFE
2026-04-01 17:03:58,MIA.01,ITABAL9,0.0,1.22,SAFE
2026-04-01 17:03:58,MIA.02,ITABAL9,0.0,17.59,SAFE
2026-04-01 17:03:58,MIA.03,ITABAL9,0.0,4.28,SAFE
2026-04-01 17:05:00,MIA.04,PITSTOP AMBON SIS,0.0,2.31,SAFE
2026-04-01 17:03:58,MIA.05,ITABAL9,0.0,20.96,SAFE
2026-04-01 17:03:58,MIA.06,ITABAL9,0.0,1.16,SAFE
2026-04-01 17:04:00,MKS.01,CSA BONTANG SIS,0.0,0.72,SAFE
2026-04-01 17:05:00,MKS.02,PITSTOP AMBON SIS,0.0,1.06,SAFE
,MKS.03,ROM 13,0.0,8.2,SAFE
,MKS.04,ROM 13,0.0,3.08,SAFE
2026-04-01 17:04:00,MND.02,CSA BONTANG SIS,0.0,2.49,SAFE
2026-04-01 17:04:00,MRK.01,VP SABANG TIMUR SIS,0.0,1.65,SAFE
2026-04-01 17:05:00,MTM.01,PITSTOP AMBON SIS,0.0,1.64,SAFE
2026-04-01 17:05:00,MTP.01,PITSTOP AMBON SIS,0.0,1.01,SAFE
2026-04-01 17:04:00,MTR.01,VP SABANG TIMUR SIS,0.0,1.67,SAFE
2026-04-01 17:03:58,NIS.01,ITABAL8,1.8,0.57,OVER
2026-04-01 17:03:58,NIS.02,ITABAL8,1.8,0.86,OVER
2026-04-01 17:03:58,NIS.03,ITABAL8,1.8,1.03,OVER
2026-04-01 17:03:58,PDG.01,ITABAL9,0.0,0.52,SAFE
2026-04-01 17:03:58,PLB.01,ITABAL8,1.8,1.87,SAFE
2026-04-01 17:03:58,PLB.02,ITABAL8,1.8,0.84,OVER
2026-04-01 17:03:58,PLB.03,ITABAL8,1.8,2.0,SAFE
2026-04-01 17:03:58,PLB.04,ITABAL8,1.8,13.62,SAFE
2026-04-01 17:04:00,PLU.04,CSA BONTANG SIS,0.0,2.36,SAFE
2026-04-01 17:04:00,RIU.02,VP SABANG TIMUR SIS,0.0,0.61,SAFE
2026-04-01 17:04:00,RIU.04,VP SABANG TIMUR SIS,0.0,0.51,SAFE
2026-04-01 17:04:00,SBG.02,VP SABANG TIMUR SIS,0.0,1.91,SAFE
2026-04-01 17:04:00,SBG.03,VP SABANG TIMUR SIS,0.0,5.65,SAFE
2026-04-01 17:04:00,SBG.04,VP SABANG TIMUR SIS,0.0,0.63,SAFE
2026-04-01 17:04:00,SBG.05,VP SABANG TIMUR SIS,0.0,21.21,SAFE
2026-04-01 17:03:58,SBG.06,ITABAL8,1.8,14.52,SAFE
2026-04-01 17:04:00,SBG.08,VP SABANG TIMUR SIS,0.0,1.35,SAFE
2026-04-01 17:04:00,SBG.10,VP SABANG TIMUR SIS,0.0,2.05,SAFE
2026-04-01 17:04:00,SBG.11,VP SABANG TIMUR SIS,0.0,0.75,SAFE
2026-04-01 17:04:00,SGT.02,CSA BONTANG SIS,0.0,0.19,SAFE
2026-04-01 17:04:00,SMB.02,CSA BONTANG SIS,0.0,2.63,SAFE
2026-04-01 17:04:00,SMB.03,CSA BONTANG SIS,0.0,4.72,SAFE
2026-04-01 17:05:00,SNT.01,PITSTOP AMBON SIS,0.0,1.34,SAFE
2026-04-01 17:04:00,TJG.01,CSA BONTANG SIS,0.0,1.99,SAFE
2026-04-01 17:04:00,TJG.02,CSA BONTANG SIS,0.0,5.65,SAFE
2026-04-01 18:14:00,AMB.01,PITSTOP AMBON SIS,0.0,7.46,SAFE
2026-04-01 18:13:00,BDG.02,VP OB 1 SIS,0.0,19.31,SAFE
2026-04-01 18:13:00,BDG.03,VP OB 1 SIS,0.0,5.73,SAFE
2026-04-01 18:13:00,BDG.04,VP OB 1 SIS,0.0,1.07,SAFE
2026-04-01 18:13:46,BDG.05,ITABAL9,0.0,2.1,SAFE
2026-04-01 18:14:00,BGK.01,VP SABANG TIMUR SIS,0.0,1.59,SAFE
2026-04-01 18:14:00,BGK.02,VP SABANG TIMUR SIS,0.0,18.92,SAFE
2026-04-01 18:13:46,BGR.01,ITABAL9,0.0,1.34,SAFE
2026-04-01 18:14:00,BJB.03,CSA BONTANG SIS,0.0,1.34,SAFE
2026-04-01 18:14:00,BJM.01,PITSTOP AMBON SIS,0.0,3.86,SAFE
2026-04-01 18:14:00,BJM.02,CSA BONTANG SIS,0.0,1.68,SAFE
2026-04-01 18:13:46,BKL.01,ITABAL8,1.8,58.33,SAFE
2026-04-01 18:13:46,BKL.02,ITABAL8,1.8,0.72,OVER
2026-04-01 18:13:46,BNE.02,ITABAL8,1.8,1.52,OVER
2026-04-01 18:13:46,BNE.03,ITABAL8,1.8,0.63,OVER
2026-04-01 18:13:46,BNE.04,ITABAL8,1.8,0.55,OVER
2026-04-01 18:14:00,BNY.03,CSA BONTANG SIS,0.0,0.97,SAFE
2026-04-01 18:14:00,BTG.03,CSA BONTANG SIS,0.0,9.36,SAFE
2026-04-01 18:14:00,BTG.04,CSA BONTANG SIS,0.0,175.0,SAFE
2026-04-01 18:14:00,FLR.02,CSA BONTANG SIS,0.0,0.75,SAFE
2026-04-01 18:13:46,JKT.01,ITABAL9,0.0,25.36,SAFE
2026-04-01 18:13:46,JKT.02,ITABAL9,0.0,7.78,SAFE
2026-04-01 18:13:46,JKT.03,ITABAL9,0.0,4.16,SAFE
2026-04-01 18:13:46,JKT.04,ITABAL9,0.0,1.17,SAFE
2026-04-01 18:13:46,JKT.05,ITABAL9,0.0,5.68,SAFE
2026-04-01 18:13:46,JKT.06,ITABAL9,0.0,7.45,SAFE
2026-04-01 18:13:46,JKT.07,ITABAL9,0.0,11.55,SAFE
2026-04-01 18:13:46,JKT.08,ITABAL9,0.0,4.26,SAFE
2026-04-01 18:13:46,JMB.01,ITABAL8,1.8,3.07,SAFE
2026-04-01 18:13:46,JMB.03,ITABAL8,1.8,1.02,OVER
2026-04-01 18:13:46,JMB.04,ITABAL9,0.0,0.77,SAFE
2026-04-01 18:14:00,KRC.02,VP SABANG TIMUR SIS,0.0,1.04,SAFE
2026-04-01 18:13:46,KRC.03,ITABAL8,1.8,1.31,OVER
2026-04-01 18:14:00,KRC.05,VP SABANG TIMUR SIS,0.0,1.93,SAFE
2026-04-01 18:14:00,KRC.07,VP SABANG TIMUR SIS,0.0,2.15,SAFE
2026-04-01 18:13:46,LHT.01,ITABAL8,1.8,5.84,SAFE
2026-04-01 18:13:46,LPG.01,ITABAL8,1.8,2.05,SAFE
2026-04-01 18:13:46,LPG.02,ITABAL8,1.8,12.03,SAFE
2026-04-01 18:13:46,LPG.03,ITABAL8,1.8,6.96,SAFE
2026-04-01 18:13:46,LPG.06,ITABAL8,1.8,6.69,SAFE
2026-04-01 18:13:46,LPG.07,ITABAL8,1.8,12.92,SAFE
2026-04-01 18:13:46,MDN.01,ITABAL8,1.8,3.37,SAFE
2026-04-01 18:13:46,MDN.02,ITABAL8,1.8,2.53,SAFE
2026-04-01 18:13:46,MDN.03,ITABAL8,1.8,7.25,SAFE
2026-04-01 18:13:46,MDN.04,ITABAL8,1.8,1.95,SAFE
2026-04-01 18:13:46,MIA.01,ITABAL9,0.0,1.22,SAFE
2026-04-01 18:13:46,MIA.02,ITABAL9,0.0,17.59,SAFE
2026-04-01 18:13:46,MIA.03,ITABAL9,0.0,4.28,SAFE
2026-04-01 18:14:00,MIA.04,PITSTOP AMBON SIS,0.0,2.31,SAFE
2026-04-01 18:13:46,MIA.05,ITABAL9,0.0,20.96,SAFE
2026-04-01 18:13:46,MIA.06,ITABAL9,0.0,1.16,SAFE
2026-04-01 18:14:00,MKS.01,CSA BONTANG SIS,0.0,0.72,SAFE
2026-04-01 18:14:00,MKS.02,PITSTOP AMBON SIS,0.0,1.06,SAFE
,MKS.03,ROM 13,0.0,8.2,SAFE
,MKS.04,ROM 13,0.0,3.08,SAFE
2026-04-01 18:14:00,MND.02,CSA BONTANG SIS,0.0,2.49,SAFE
2026-04-01 18:14:00,MRK.01,VP SABANG TIMUR SIS,0.0,1.65,SAFE
2026-04-01 18:14:00,MTM.01,PITSTOP AMBON SIS,0.0,1.64,SAFE
2026-04-01 18:14:00,MTP.01,PITSTOP AMBON SIS,0.0,1.01,SAFE
2026-04-01 18:14:00,MTR.01,VP SABANG TIMUR SIS,0.0,1.67,SAFE
2026-04-01 18:13:46,NIS.01,ITABAL8,1.8,0.57,OVER
2026-04-01 18:13:46,NIS.02,ITABAL8,1.8,0.86,OVER
2026-04-01 18:13:46,NIS.03,ITABAL8,1.8,1.03,OVER
2026-04-01 18:13:46,PDG.01,ITABAL9,0.0,0.52,SAFE
2026-04-01 18:13:46,PLB.01,ITABAL8,1.8,1.87,SAFE
2026-04-01 18:13:46,PLB.02,ITABAL8,1.8,0.84,OVER
2026-04-01 18:13:46,PLB.03,ITABAL8,1.8,2.0,SAFE
2026-04-01 18:13:46,PLB.04,ITABAL8,1.8,13.62,SAFE
2026-04-01 18:14:00,PLU.04,CSA BONTANG SIS,0.0,2.36,SAFE
2026-04-01 18:14:00,RIU.02,VP SABANG TIMUR SIS,0.0,0.61,SAFE
2026-04-01 18:14:00,RIU.04,VP SABANG TIMUR SIS,0.0,0.51,SAFE
2026-04-01 18:14:00,SBG.02,VP SABANG TIMUR SIS,0.0,1.91,SAFE
2026-04-01 18:14:00,SBG.03,VP SABANG TIMUR SIS,0.0,5.65,SAFE
2026-04-01 18:14:00,SBG.04,VP SABANG TIMUR SIS,0.0,0.63,SAFE
2026-04-01 18:14:00,SBG.05,VP SABANG TIMUR SIS,0.0,21.21,SAFE
2026-04-01 18:13:46,SBG.06,ITABAL8,1.8,14.52,SAFE
2026-04-01 18:14:00,SBG.08,VP SABANG TIMUR SIS,0.0,1.35,SAFE
2026-04-01 18:14:00,SBG.10,VP SABANG TIMUR SIS,0.0,2.05,SAFE
2026-04-01 18:14:00,SBG.11,VP SABANG TIMUR SIS,0.0,0.75,SAFE
2026-04-01 18:14:00,SGT.02,CSA BONTANG SIS,0.0,0.19,SAFE
2026-04-01 18:14:00,SMB.02,CSA BONTANG SIS,0.0,2.63,SAFE
2026-04-01 18:14:00,SMB.03,CSA BONTANG SIS,0.0,4.72,SAFE
2026-04-01 18:14:00,SNT.01,PITSTOP AMBON SIS,0.0,1.34,SAFE
2026-04-01 18:14:00,TJG.01,CSA BONTANG SIS,0.0,1.99,SAFE
2026-04-01 18:14:00,TJG.02,CSA BONTANG SIS,0.0,5.65,SAFE
2026-04-01 19:14:00,AMB.01,PITSTOP AMBON SIS,0.0,7.46,SAFE
2026-04-01 19:13:00,BDG.02,VP OB 1 SIS,0.0,19.31,SAFE
2026-04-01 19:13:00,BDG.03,VP OB 1 SIS,0.0,5.73,SAFE
2026-04-01 19:13:00,BDG.04,VP OB 1 SIS,0.0,1.07,SAFE
2026-04-01 19:13:49,BDG.05,ITABAL9,0.0,2.1,SAFE
2026-04-01 19:14:00,BGK.01,VP SABANG TIMUR SIS,0.0,1.59,SAFE
2026-04-01 19:14:00,BGK.02,VP SABANG TIMUR SIS,0.0,18.92,SAFE
2026-04-01 19:13:49,BGR.01,ITABAL9,0.0,1.34,SAFE
2026-04-01 19:14:00,BJB.03,CSA BONTANG SIS,0.0,1.34,SAFE
2026-04-01 19:14:00,BJM.01,PITSTOP AMBON SIS,0.0,3.86,SAFE
2026-04-01 19:14:00,BJM.02,CSA BONTANG SIS,0.0,1.68,SAFE
2026-04-01 19:13:49,BKL.01,ITABAL8,1.8,58.33,SAFE
2026-04-01 19:13:49,BKL.02,ITABAL8,1.8,0.72,OVER
2026-04-01 19:13:49,BNE.02,ITABAL8,1.8,1.52,OVER
2026-04-01 19:13:49,BNE.03,ITABAL8,1.8,0.63,OVER
2026-04-01 19:13:49,BNE.04,ITABAL8,1.8,0.55,OVER
2026-04-01 19:14:00,BNY.03,CSA BONTANG SIS,0.0,0.97,SAFE
2026-04-01 19:14:00,BTG.03,CSA BONTANG SIS,0.0,9.36,SAFE
2026-04-01 19:14:00,BTG.04,CSA BONTANG SIS,0.0,175.0,SAFE
2026-04-01 19:14:00,FLR.02,CSA BONTANG SIS,0.0,0.75,SAFE
2026-04-01 19:13:49,JKT.01,ITABAL9,0.0,25.36,SAFE
2026-04-01 19:13:49,JKT.02,ITABAL9,0.0,7.78,SAFE
2026-04-01 19:13:49,JKT.03,ITABAL9,0.0,4.16,SAFE
2026-04-01 19:13:49,JKT.04,ITABAL9,0.0,1.17,SAFE
2026-04-01 19:13:49,JKT.05,ITABAL9,0.0,5.68,SAFE
2026-04-01 19:13:49,JKT.06,ITABAL9,0.0,7.45,SAFE
2026-04-01 19:13:49,JKT.07,ITABAL9,0.0,11.55,SAFE
2026-04-01 19:13:49,JKT.08,ITABAL9,0.0,4.26,SAFE
2026-04-01 19:13:49,JMB.01,ITABAL8,1.8,3.07,SAFE
2026-04-01 19:13:49,JMB.03,ITABAL8,1.8,1.02,OVER
2026-04-01 19:13:49,JMB.04,ITABAL9,0.0,0.77,SAFE
2026-04-01 19:14:00,KRC.02,VP SABANG TIMUR SIS,0.0,1.04,SAFE
2026-04-01 19:13:49,KRC.03,ITABAL8,1.8,1.31,OVER
2026-04-01 19:14:00,KRC.05,VP SABANG TIMUR SIS,0.0,1.93,SAFE
2026-04-01 19:14:00,KRC.07,VP SABANG TIMUR SIS,0.0,2.15,SAFE
2026-04-01 19:13:49,LHT.01,ITABAL8,1.8,5.84,SAFE
2026-04-01 19:13:49,LPG.01,ITABAL8,1.8,2.05,SAFE
2026-04-01 19:13:49,LPG.02,ITABAL8,1.8,12.03,SAFE
2026-04-01 19:13:49,LPG.03,ITABAL8,1.8,6.96,SAFE
2026-04-01 19:13:49,LPG.06,ITABAL8,1.8,6.69,SAFE
2026-04-01 19:13:49,LPG.07,ITABAL8,1.8,12.92,SAFE
2026-04-01 19:13:49,MDN.01,ITABAL8,1.8,3.37,SAFE
2026-04-01 19:13:49,MDN.02,ITABAL8,1.8,2.53,SAFE
2026-04-01 19:13:49,MDN.03,ITABAL8,1.8,7.25,SAFE
2026-04-01 19:13:49,MDN.04,ITABAL8,1.8,1.95,SAFE
2026-04-01 19:13:49,MIA.01,ITABAL9,0.0,1.22,SAFE
2026-04-01 19:13:49,MIA.02,ITABAL9,0.0,17.59,SAFE
2026-04-01 19:13:49,MIA.03,ITABAL9,0.0,4.28,SAFE
2026-04-01 19:14:00,MIA.04,PITSTOP AMBON SIS,0.0,2.31,SAFE
2026-04-01 19:13:49,MIA.05,ITABAL9,0.0,20.96,SAFE
2026-04-01 19:13:49,MIA.06,ITABAL9,0.0,1.16,SAFE
2026-04-01 19:14:00,MKS.01,CSA BONTANG SIS,0.0,0.72,SAFE
2026-04-01 19:14:00,MKS.02,PITSTOP AMBON SIS,0.0,1.06,SAFE
,MKS.03,ROM 13,0.0,8.2,SAFE
,MKS.04,ROM 13,0.0,3.08,SAFE
2026-04-01 19:14:00,MND.02,CSA BONTANG SIS,0.0,2.49,SAFE
2026-04-01 19:14:00,MRK.01,VP SABANG TIMUR SIS,0.0,1.65,SAFE
2026-04-01 19:14:00,MTM.01,PITSTOP AMBON SIS,0.0,1.64,SAFE
2026-04-01 19:14:00,MTP.01,PITSTOP AMBON SIS,0.0,1.01,SAFE
2026-04-01 19:14:00,MTR.01,VP SABANG TIMUR SIS,0.0,1.67,SAFE
2026-04-01 19:13:49,NIS.01,ITABAL8,1.8,0.57,OVER
2026-04-01 19:13:49,NIS.02,ITABAL8,1.8,0.86,OVER
2026-04-01 19:13:49,NIS.03,ITABAL8,1.8,1.03,OVER
2026-04-01 19:13:49,PDG.01,ITABAL9,0.0,0.52,SAFE
2026-04-01 19:13:49,PLB.01,ITABAL8,1.8,1.87,SAFE
2026-04-01 19:13:49,PLB.02,ITABAL8,1.8,0.84,OVER
2026-04-01 19:13:49,PLB.03,ITABAL8,1.8,2.0,SAFE
2026-04-01 19:13:49,PLB.04,ITABAL8,1.8,13.62,SAFE
2026-04-01 19:14:00,PLU.04,CSA BONTANG SIS,0.0,2.36,SAFE
2026-04-01 19:14:00,RIU.02,VP SABANG TIMUR SIS,0.0,0.61,SAFE
2026-04-01 19:14:00,RIU.04,VP SABANG TIMUR SIS,0.0,0.51,SAFE
2026-04-01 19:14:00,SBG.02,VP SABANG TIMUR SIS,0.0,1.91,SAFE
2026-04-01 19:14:00,SBG.03,VP SABANG TIMUR SIS,0.0,5.65,SAFE
2026-04-01 19:14:00,SBG.04,VP SABANG TIMUR SIS,0.0,0.63,SAFE
2026-04-01 19:14:00,SBG.05,VP SABANG TIMUR SIS,0.0,21.21,SAFE
2026-04-01 19:13:49,SBG.06,ITABAL8,1.8,14.52,SAFE
2026-04-01 19:14:00,SBG.08,VP SABANG TIMUR SIS,0.0,1.35,SAFE
2026-04-01 19:14:00,SBG.10,VP SABANG TIMUR SIS,0.0,2.05,SAFE
2026-04-01 19:14:00,SBG.11,VP SABANG TIMUR SIS,0.0,0.75,SAFE
2026-04-01 19:14:00,SGT.02,CSA BONTANG SIS,0.0,0.19,SAFE
2026-04-01 19:14:00,SMB.02,CSA BONTANG SIS,0.0,2.63,SAFE
2026-04-01 19:14:00,SMB.03,CSA BONTANG SIS,0.0,4.72,SAFE
2026-04-01 19:14:00,SNT.01,PITSTOP AMBON SIS,0.0,1.34,SAFE
2026-04-01 19:14:00,TJG.01,CSA BONTANG SIS,0.0,1.99,SAFE
2026-04-01 19:14:00,TJG.02,CSA BONTANG SIS,0.0,5.65,SAFE
2026-04-01 20:02:00,AMB.01,PITSTOP AMBON SIS,0.0,7.46,SAFE
2026-04-01 20:01:00,BDG.02,VP OB 1 SIS,0.0,19.31,SAFE
2026-04-01 20:01:00,BDG.03,VP OB 1 SIS,0.0,5.73,SAFE
2026-04-01 20:01:00,BDG.04,VP OB 1 SIS,0.0,1.07,SAFE
2026-04-01 20:01:26,BDG.05,ITABAL9,0.0,2.1,SAFE
2026-04-01 20:01:00,BGK.01,VP SABANG TIMUR SIS,0.0,1.59,SAFE
2026-04-01 20:01:00,BGK.02,VP SABANG TIMUR SIS,0.0,18.92,SAFE
2026-04-01 20:01:26,BGR.01,ITABAL9,0.0,1.34,SAFE
2026-04-01 20:02:00,BJB.03,CSA BONTANG SIS,0.0,1.34,SAFE
2026-04-01 20:02:00,BJM.01,PITSTOP AMBON SIS,0.0,3.86,SAFE
2026-04-01 20:02:00,BJM.02,CSA BONTANG SIS,0.0,1.68,SAFE
2026-04-01 20:01:26,BKL.01,ITABAL8,1.8,58.33,SAFE
2026-04-01 20:01:26,BKL.02,ITABAL8,1.8,0.72,OVER
2026-04-01 20:01:26,BNE.02,ITABAL8,1.8,1.52,OVER
2026-04-01 20:01:26,BNE.03,ITABAL8,1.8,0.63,OVER
2026-04-01 20:01:26,BNE.04,ITABAL8,1.8,0.55,OVER
2026-04-01 20:02:00,BNY.03,CSA BONTANG SIS,0.0,0.97,SAFE
2026-04-01 20:02:00,BTG.03,CSA BONTANG SIS,0.0,9.36,SAFE
2026-04-01 20:02:00,BTG.04,CSA BONTANG SIS,0.0,175.0,SAFE
2026-04-01 20:02:00,FLR.02,CSA BONTANG SIS,0.0,0.75,SAFE
2026-04-01 20:01:26,JKT.01,ITABAL9,0.0,25.36,SAFE
2026-04-01 20:01:26,JKT.02,ITABAL9,0.0,7.78,SAFE
2026-04-01 20:01:26,JKT.03,ITABAL9,0.0,4.16,SAFE
2026-04-01 20:01:26,JKT.04,ITABAL9,0.0,1.17,SAFE
2026-04-01 20:01:26,JKT.05,ITABAL9,0.0,5.68,SAFE
2026-04-01 20:01:26,JKT.06,ITABAL9,0.0,7.45,SAFE
2026-04-01 20:01:26,JKT.07,ITABAL9,0.0,11.55,SAFE
2026-04-01 20:01:26,JKT.08,ITABAL9,0.0,4.26,SAFE
2026-04-01 20:01:26,JMB.01,ITABAL8,1.8,3.07,SAFE
2026-04-01 20:01:26,JMB.03,ITABAL8,1.8,1.02,OVER
2026-04-01 20:01:26,JMB.04,ITABAL9,0.0,0.77,SAFE
2026-04-01 20:01:00,KRC.02,VP SABANG TIMUR SIS,0.0,1.04,SAFE
2026-04-01 20:01:26,KRC.03,ITABAL8,1.8,1.31,OVER
2026-04-01 20:01:00,KRC.05,VP SABANG TIMUR SIS,0.0,1.93,SAFE
2026-04-01 20:01:00,KRC.07,VP SABANG TIMUR SIS,0.0,2.15,SAFE
2026-04-01 20:01:26,LHT.01,ITABAL8,1.8,5.84,SAFE
2026-04-01 20:01:26,LPG.01,ITABAL8,1.8,2.05,SAFE
2026-04-01 20:01:26,LPG.02,ITABAL8,1.8,12.03,SAFE
2026-04-01 20:01:26,LPG.03,ITABAL8,1.8,6.96,SAFE
2026-04-01 20:01:26,LPG.06,ITABAL8,1.8,6.69,SAFE
2026-04-01 20:01:26,LPG.07,ITABAL8,1.8,12.92,SAFE
2026-04-01 20:01:26,MDN.01,ITABAL8,1.8,3.37,SAFE
2026-04-01 20:01:26,MDN.02,ITABAL8,1.8,2.53,SAFE
2026-04-01 20:01:26,MDN.03,ITABAL8,1.8,7.25,SAFE
2026-04-01 20:01:26,MDN.04,ITABAL8,1.8,1.95,SAFE
2026-04-01 20:01:26,MIA.01,ITABAL9,0.0,1.22,SAFE
2026-04-01 20:01:26,MIA.02,ITABAL9,0.0,17.59,SAFE
2026-04-01 20:01:26,MIA.03,ITABAL9,0.0,4.28,SAFE
2026-04-01 20:02:00,MIA.04,PITSTOP AMBON SIS,0.0,2.31,SAFE
2026-04-01 20:01:26,MIA.05,ITABAL9,0.0,20.96,SAFE
2026-04-01 20:01:26,MIA.06,ITABAL9,0.0,1.16,SAFE
2026-04-01 20:02:00,MKS.01,CSA BONTANG SIS,0.0,0.72,SAFE
2026-04-01 20:02:00,MKS.02,PITSTOP AMBON SIS,0.0,1.06,SAFE
,MKS.03,ROM 13,0.0,8.2,SAFE
,MKS.04,ROM 13,0.0,3.08,SAFE
2026-04-01 20:02:00,MND.02,CSA BONTANG SIS,0.0,2.49,SAFE
2026-04-01 20:01:00,MRK.01,VP SABANG TIMUR SIS,0.0,1.65,SAFE
2026-04-01 20:02:00,MTM.01,PITSTOP AMBON SIS,0.0,1.64,SAFE
2026-04-01 20:02:00,MTP.01,PITSTOP AMBON SIS,0.0,1.01,SAFE
2026-04-01 20:01:00,MTR.01,VP SABANG TIMUR SIS,0.0,1.67,SAFE
2026-04-01 20:01:26,NIS.01,ITABAL8,1.8,0.57,OVER
2026-04-01 20:01:26,NIS.02,ITABAL8,1.8,0.86,OVER
2026-04-01 20:01:26,NIS.03,ITABAL8,1.8,1.03,OVER
2026-04-01 20:01:26,PDG.01,ITABAL9,0.0,0.52,SAFE
2026-04-01 20:01:26,PLB.01,ITABAL8,1.8,1.87,SAFE
2026-04-01 20:01:26,PLB.02,ITABAL8,1.8,0.84,OVER
2026-04-01 20:01:26,PLB.03,ITABAL8,1.8,2.0,SAFE
2026-04-01 20:01:26,PLB.04,ITABAL8,1.8,13.62,SAFE
2026-04-01 20:02:00,PLU.04,CSA BONTANG SIS,0.0,2.36,SAFE
2026-04-01 20:01:00,RIU.02,VP SABANG TIMUR SIS,0.0,0.61,SAFE
2026-04-01 20:01:00,RIU.04,VP SABANG TIMUR SIS,0.0,0.51,SAFE
2026-04-01 20:01:00,SBG.02,VP SABANG TIMUR SIS,0.0,1.91,SAFE
2026-04-01 20:01:00,SBG.03,VP SABANG TIMUR SIS,0.0,5.65,SAFE
2026-04-01 20:01:00,SBG.04,VP SABANG TIMUR SIS,0.0,0.63,SAFE
2026-04-01 20:01:00,SBG.05,VP SABANG TIMUR SIS,0.0,21.21,SAFE
2026-04-01 20:01:26,SBG.06,ITABAL8,1.8,14.52,SAFE
2026-04-01 20:01:00,SBG.08,VP SABANG TIMUR SIS,0.0,1.35,SAFE
2026-04-01 20:01:00,SBG.10,VP SABANG TIMUR SIS,0.0,2.05,SAFE
2026-04-01 20:01:00,SBG.11,VP SABANG TIMUR SIS,0.0,0.75,SAFE
2026-04-01 20:02:00,SGT.02,CSA BONTANG SIS,0.0,0.19,SAFE
2026-04-01 20:02:00,SMB.02,CSA BONTANG SIS,0.0,2.63,SAFE
2026-04-01 20:02:00,SMB.03,CSA BONTANG SIS,0.0,4.72,SAFE
2026-04-01 20:02:00,SNT.01,PITSTOP AMBON SIS,0.0,1.34,SAFE
2026-04-01 20:02:00,TJG.01,CSA BONTANG SIS,0.0,1.99,SAFE
2026-04-01 20:02:00,TJG.02,CSA BONTANG SIS,0.0,5.65,SAFE
2026-04-01 21:58:00,AMB.01,PITSTOP AMBON SIS,0.0,7.46,SAFE
2026-04-01 21:57:00,BDG.02,VP OB 1 SIS,0.0,19.31,SAFE
2026-04-01 21:57:00,BDG.03,VP OB 1 SIS,0.0,5.73,SAFE
2026-04-01 21:57:00,BDG.04,VP OB 1 SIS,0.0,1.07,SAFE
2026-04-01 21:57:29,BDG.05,ITABAL9,0.0,2.1,SAFE
2026-04-01 21:58:00,BGK.01,VP SABANG TIMUR SIS,0.0,1.59,SAFE
2026-04-01 21:58:00,BGK.02,VP SABANG TIMUR SIS,0.0,18.92,SAFE
2026-04-01 21:57:29,BGR.01,ITABAL9,0.0,1.34,SAFE
2026-04-01 21:58:00,BJB.03,CSA BONTANG SIS,0.0,1.34,SAFE
2026-04-01 21:58:00,BJM.01,PITSTOP AMBON SIS,0.0,3.86,SAFE
2026-04-01 21:58:00,BJM.02,CSA BONTANG SIS,0.0,1.68,SAFE
2026-04-01 21:57:29,BKL.01,ITABAL8,1.8,58.33,SAFE
2026-04-01 21:57:29,BKL.02,ITABAL8,1.8,0.72,OVER
2026-04-01 21:57:29,BNE.02,ITABAL8,1.8,1.52,OVER
2026-04-01 21:57:29,BNE.03,ITABAL8,1.8,0.63,OVER
2026-04-01 21:57:29,BNE.04,ITABAL8,1.8,0.55,OVER
2026-04-01 21:58:00,BNY.03,CSA BONTANG SIS,0.0,0.97,SAFE
2026-04-01 21:58:00,BTG.03,CSA BONTANG SIS,0.0,9.36,SAFE
2026-04-01 21:58:00,BTG.04,CSA BONTANG SIS,0.0,175.0,SAFE
2026-04-01 21:58:00,FLR.02,CSA BONTANG SIS,0.0,0.75,SAFE
2026-04-01 21:57:29,JKT.01,ITABAL9,0.0,25.36,SAFE
2026-04-01 21:57:29,JKT.02,ITABAL9,0.0,7.78,SAFE
2026-04-01 21:57:29,JKT.03,ITABAL9,0.0,4.16,SAFE
2026-04-01 21:57:29,JKT.04,ITABAL9,0.0,1.17,SAFE
2026-04-01 21:57:29,JKT.05,ITABAL9,0.0,5.68,SAFE
2026-04-01 21:57:29,JKT.06,ITABAL9,0.0,7.45,SAFE
2026-04-01 21:57:29,JKT.07,ITABAL9,0.0,11.55,SAFE
2026-04-01 21:57:29,JKT.08,ITABAL9,0.0,4.26,SAFE
2026-04-01 21:57:29,JMB.01,ITABAL8,1.8,3.07,SAFE
2026-04-01 21:57:29,JMB.03,ITABAL8,1.8,1.02,OVER
2026-04-01 21:57:29,JMB.04,ITABAL9,0.0,0.77,SAFE
2026-04-01 21:58:00,KRC.02,VP SABANG TIMUR SIS,0.0,1.04,SAFE
2026-04-01 21:57:29,KRC.03,ITABAL8,1.8,1.31,OVER
2026-04-01 21:58:00,KRC.05,VP SABANG TIMUR SIS,0.0,1.93,SAFE
2026-04-01 21:58:00,KRC.07,VP SABANG TIMUR SIS,0.0,2.15,SAFE
2026-04-01 21:57:29,LHT.01,ITABAL8,1.8,5.84,SAFE
2026-04-01 21:57:29,LPG.01,ITABAL8,1.8,2.05,SAFE
2026-04-01 21:57:29,LPG.02,ITABAL8,1.8,12.03,SAFE
2026-04-01 21:57:29,LPG.03,ITABAL8,1.8,6.96,SAFE
2026-04-01 21:57:29,LPG.06,ITABAL8,1.8,6.69,SAFE
2026-04-01 21:57:29,LPG.07,ITABAL8,1.8,12.92,SAFE
2026-04-01 21:57:29,MDN.01,ITABAL8,1.8,3.37,SAFE
2026-04-01 21:57:29,MDN.02,ITABAL8,1.8,2.53,SAFE
2026-04-01 21:57:29,MDN.03,ITABAL8,1.8,7.25,SAFE
2026-04-01 21:57:29,MDN.04,ITABAL8,1.8,1.95,SAFE
2026-04-01 21:57:29,MIA.01,ITABAL9,0.0,1.22,SAFE
2026-04-01 21:57:29,MIA.02,ITABAL9,0.0,17.59,SAFE
2026-04-01 21:57:29,MIA.03,ITABAL9,0.0,4.28,SAFE
2026-04-01 21:58:00,MIA.04,PITSTOP AMBON SIS,0.0,2.31,SAFE
2026-04-01 21:57:29,MIA.05,ITABAL9,0.0,20.96,SAFE
2026-04-01 21:57:29,MIA.06,ITABAL9,0.0,1.16,SAFE
2026-04-01 21:58:00,MKS.01,CSA BONTANG SIS,0.0,0.72,SAFE
2026-04-01 21:58:00,MKS.02,PITSTOP AMBON SIS,0.0,1.06,SAFE
,MKS.03,ROM 13,0.0,8.2,SAFE
,MKS.04,ROM 13,0.0,3.08,SAFE
2026-04-01 21:58:00,MND.02,CSA BONTANG SIS,0.0,2.49,SAFE
2026-04-01 21:58:00,MRK.01,VP SABANG TIMUR SIS,0.0,1.65,SAFE
2026-04-01 21:58:00,MTM.01,PITSTOP AMBON SIS,0.0,1.64,SAFE
2026-04-01 21:58:00,MTP.01,PITSTOP AMBON SIS,0.0,1.01,SAFE
2026-04-01 21:58:00,MTR.01,VP SABANG TIMUR SIS,0.0,1.67,SAFE
2026-04-01 21:57:29,NIS.01,ITABAL8,1.8,0.57,OVER
2026-04-01 21:57:29,NIS.02,ITABAL8,1.8,0.86,OVER
2026-04-01 21:57:29,NIS.03,ITABAL8,1.8,1.03,OVER
2026-04-01 21:57:29,PDG.01,ITABAL9,0.0,0.52,SAFE
2026-04-01 21:57:29,PLB.01,ITABAL8,1.8,1.87,SAFE
2026-04-01 21:57:29,PLB.02,ITABAL8,1.8,0.84,OVER
2026-04-01 21:57:29,PLB.03,ITABAL8,1.8,2.0,SAFE
2026-04-01 21:57:29,PLB.04,ITABAL8,1.8,13.62,SAFE
2026-04-01 21:58:00,PLU.04,CSA BONTANG SIS,0.0,2.36,SAFE
2026-04-01 21:58:00,RIU.02,VP SABANG TIMUR SIS,0.0,0.61,SAFE
2026-04-01 21:58:00,RIU.04,VP SABANG TIMUR SIS,0.0,0.51,SAFE
2026-04-01 21:58:00,SBG.02,VP SABANG TIMUR SIS,0.0,1.91,SAFE
2026-04-01 21:58:00,SBG.03,VP SABANG TIMUR SIS,0.0,5.65,SAFE
2026-04-01 21:58:00,SBG.04,VP SABANG TIMUR SIS,0.0,0.63,SAFE
2026-04-01 21:58:00,SBG.05,VP SABANG TIMUR SIS,0.0,21.21,SAFE
2026-04-01 21:57:29,SBG.06,ITABAL8,1.8,14.52,SAFE
2026-04-01 21:58:00,SBG.08,VP SABANG TIMUR SIS,0.0,1.35,SAFE
2026-04-01 21:58:00,SBG.10,VP SABANG TIMUR SIS,0.0,2.05,SAFE
2026-04-01 21:58:00,SBG.11,VP SABANG TIMUR SIS,0.0,0.75,SAFE
2026-04-01 21:58:00,SGT.02,CSA BONTANG SIS,0.0,0.19,SAFE
2026-04-01 21:58:00,SMB.02,CSA BONTANG SIS,0.0,2.63,SAFE
2026-04-01 21:58:00,SMB.03,CSA BONTANG SIS,0.0,4.72,SAFE
2026-04-01 21:58:00,SNT.01,PITSTOP AMBON SIS,0.0,1.34,SAFE
2026-04-01 21:58:00,TJG.01,CSA BONTANG SIS,0.0,1.99,SAFE
2026-04-01 21:58:00,TJG.02,CSA BONTANG SIS,0.0,5.65,SAFE
2026-04-01 23:05:00,AMB.01,PITSTOP AMBON SIS,0.0,7.46,SAFE
2026-04-01 23:04:00,BDG.02,VP OB 1 SIS,0.0,19.31,SAFE
2026-04-01 23:04:00,BDG.03,VP OB 1 SIS,0.0,5.73,SAFE
2026-04-01 23:04:00,BDG.04,VP OB 1 SIS,0.0,1.07,SAFE
2026-04-01 23:03:56,BDG.05,ITABAL9,0.0,2.1,SAFE
2026-04-01 23:04:00,BGK.01,VP SABANG TIMUR SIS,0.0,1.59,SAFE
2026-04-01 23:04:00,BGK.02,VP SABANG TIMUR SIS,0.0,18.92,SAFE
2026-04-01 23:03:56,BGR.01,ITABAL9,0.0,1.34,SAFE
2026-04-01 23:04:00,BJB.03,CSA BONTANG SIS,0.0,1.34,SAFE
2026-04-01 23:05:00,BJM.01,PITSTOP AMBON SIS,0.0,3.86,SAFE
2026-04-01 23:04:00,BJM.02,CSA BONTANG SIS,0.0,1.68,SAFE
2026-04-01 23:03:56,BKL.01,ITABAL8,1.8,58.33,SAFE
2026-04-01 23:03:56,BKL.02,ITABAL8,1.8,0.72,OVER
2026-04-01 23:03:56,BNE.02,ITABAL8,1.8,1.52,OVER
2026-04-01 23:03:56,BNE.03,ITABAL8,1.8,0.63,OVER
2026-04-01 23:03:56,BNE.04,ITABAL8,1.8,0.55,OVER
2026-04-01 23:04:00,BNY.03,CSA BONTANG SIS,0.0,0.97,SAFE
2026-04-01 23:04:00,BTG.03,CSA BONTANG SIS,0.0,9.36,SAFE
2026-04-01 23:04:00,BTG.04,CSA BONTANG SIS,0.0,175.0,SAFE
2026-04-01 23:04:00,FLR.02,CSA BONTANG SIS,0.0,0.75,SAFE
2026-04-01 23:03:56,JKT.01,ITABAL9,0.0,25.36,SAFE
2026-04-01 23:03:56,JKT.02,ITABAL9,0.0,7.78,SAFE
2026-04-01 23:03:56,JKT.03,ITABAL9,0.0,4.16,SAFE
2026-04-01 23:03:56,JKT.04,ITABAL9,0.0,1.17,SAFE
2026-04-01 23:03:56,JKT.05,ITABAL9,0.0,5.68,SAFE
2026-04-01 23:03:56,JKT.06,ITABAL9,0.0,7.45,SAFE
2026-04-01 23:03:56,JKT.07,ITABAL9,0.0,11.55,SAFE
2026-04-01 23:03:56,JKT.08,ITABAL9,0.0,4.26,SAFE
2026-04-01 23:03:56,JMB.01,ITABAL8,1.8,3.07,SAFE
2026-04-01 23:03:56,JMB.03,ITABAL8,1.8,1.02,OVER
2026-04-01 23:03:56,JMB.04,ITABAL9,0.0,0.77,SAFE
2026-04-01 23:04:00,KRC.02,VP SABANG TIMUR SIS,0.0,1.04,SAFE
2026-04-01 23:03:56,KRC.03,ITABAL8,1.8,1.31,OVER
2026-04-01 23:04:00,KRC.05,VP SABANG TIMUR SIS,0.0,1.93,SAFE
2026-04-01 23:04:00,KRC.07,VP SABANG TIMUR SIS,0.0,2.15,SAFE
2026-04-01 23:03:56,LHT.01,ITABAL8,1.8,5.84,SAFE
2026-04-01 23:03:56,LPG.01,ITABAL8,1.8,2.05,SAFE
2026-04-01 23:03:56,LPG.02,ITABAL8,1.8,12.03,SAFE
2026-04-01 23:03:56,LPG.03,ITABAL8,1.8,6.96,SAFE
2026-04-01 23:03:56,LPG.06,ITABAL8,1.8,6.69,SAFE
2026-04-01 23:03:56,LPG.07,ITABAL8,1.8,12.92,SAFE
2026-04-01 23:03:56,MDN.01,ITABAL8,1.8,3.37,SAFE
2026-04-01 23:03:56,MDN.02,ITABAL8,1.8,2.53,SAFE
2026-04-01 23:03:56,MDN.03,ITABAL8,1.8,7.25,SAFE
2026-04-01 23:03:56,MDN.04,ITABAL8,1.8,1.95,SAFE
2026-04-01 23:03:56,MIA.01,ITABAL9,0.0,1.22,SAFE
2026-04-01 23:03:56,MIA.02,ITABAL9,0.0,17.59,SAFE
2026-04-01 23:03:56,MIA.03,ITABAL9,0.0,4.28,SAFE
2026-04-01 23:05:00,MIA.04,PITSTOP AMBON SIS,0.0,2.31,SAFE
2026-04-01 23:03:56,MIA.05,ITABAL9,0.0,20.96,SAFE
2026-04-01 23:03:56,MIA.06,ITABAL9,0.0,1.16,SAFE
2026-04-01 23:04:00,MKS.01,CSA BONTANG SIS,0.0,0.72,SAFE
2026-04-01 23:05:00,MKS.02,PITSTOP AMBON SIS,0.0,1.06,SAFE
,MKS.03,ROM 13,0.0,8.2,SAFE
,MKS.04,ROM 13,0.0,3.08,SAFE
2026-04-01 23:04:00,MND.02,CSA BONTANG SIS,0.0,2.49,SAFE
2026-04-01 23:04:00,MRK.01,VP SABANG TIMUR SIS,0.0,1.65,SAFE
2026-04-01 23:05:00,MTM.01,PITSTOP AMBON SIS,0.0,1.64,SAFE
2026-04-01 23:05:00,MTP.01,PITSTOP AMBON SIS,0.0,1.01,SAFE
2026-04-01 23:04:00,MTR.01,VP SABANG TIMUR SIS,0.0,1.67,SAFE
2026-04-01 23:03:56,NIS.01,ITABAL8,1.8,0.57,OVER
2026-04-01 23:03:56,NIS.02,ITABAL8,1.8,0.86,OVER
2026-04-01 23:03:56,NIS.03,ITABAL8,1.8,1.03,OVER
2026-04-01 23:03:56,PDG.01,ITABAL9,0.0,0.52,SAFE
2026-04-01 23:03:56,PLB.01,ITABAL8,1.8,1.87,SAFE
2026-04-01 23:03:56,PLB.02,ITABAL8,1.8,0.84,OVER
2026-04-01 23:03:56,PLB.03,ITABAL8,1.8,2.0,SAFE
2026-04-01 23:03:56,PLB.04,ITABAL8,1.8,13.62,SAFE
2026-04-01 23:04:00,PLU.04,CSA BONTANG SIS,0.0,2.36,SAFE
2026-04-01 23:04:00,RIU.02,VP SABANG TIMUR SIS,0.0,0.61,SAFE
2026-04-01 23:04:00,RIU.04,VP SABANG TIMUR SIS,0.0,0.51,SAFE
2026-04-01 23:04:00,SBG.02,VP SABANG TIMUR SIS,0.0,1.91,SAFE
2026-04-01 23:04:00,SBG.03,VP SABANG TIMUR SIS,0.0,5.65,SAFE
2026-04-01 23:04:00,SBG.04,VP SABANG TIMUR SIS,0.0,0.63,SAFE
2026-04-01 23:04:00,SBG.05,VP SABANG TIMUR SIS,0.0,21.21,SAFE
2026-04-01 23:03:56,SBG.06,ITABAL8,1.8,14.52,SAFE
2026-04-01 23:04:00,SBG.08,VP SABANG TIMUR SIS,0.0,1.35,SAFE
2026-04-01 23:04:00,SBG.10,VP SABANG TIMUR SIS,0.0,2.05,SAFE
2026-04-01 23:04:00,SBG.11,VP SABANG TIMUR SIS,0.0,0.75,SAFE
2026-04-01 23:04:00,SGT.02,CSA BONTANG SIS,0.0,0.19,SAFE
2026-04-01 23:04:00,SMB.02,CSA BONTANG SIS,0.0,2.63,SAFE
2026-04-01 23:04:00,SMB.03,CSA BONTANG SIS,0.0,4.72,SAFE
2026-04-01 23:05:00,SNT.01,PITSTOP AMBON SIS,0.0,1.34,SAFE
2026-04-01 23:04:00,TJG.01,CSA BONTANG SIS,0.0,1.99,SAFE
2026-04-01 23:04:00,TJG.02,CSA BONTANG SIS,0.0,5.65,SAFE
2026-04-01 23:59:00,AMB.01,PITSTOP AMBON SIS,0.0,7.46,SAFE
2026-04-01 23:59:00,BDG.02,VP OB 1 SIS,0.0,19.31,SAFE
2026-04-01 23:59:00,BDG.03,VP OB 1 SIS,0.0,5.73,SAFE
2026-04-01 23:59:00,BDG.04,VP OB 1 SIS,0.0,1.07,SAFE
2026-04-02 00:11:01,BDG.05,ITABAL9,0.0,2.1,SAFE
2026-04-01 23:59:00,BGK.01,VP SABANG TIMUR SIS,0.0,1.59,SAFE
2026-04-01 23:59:00,BGK.02,VP SABANG TIMUR SIS,0.0,18.92,SAFE
2026-04-02 00:11:01,BGR.01,ITABAL9,0.0,1.34,SAFE
2026-04-01 23:59:00,BJB.03,CSA BONTANG SIS,0.0,1.34,SAFE
2026-04-01 23:59:00,BJM.01,PITSTOP AMBON SIS,0.0,3.86,SAFE
2026-04-01 23:59:00,BJM.02,CSA BONTANG SIS,0.0,1.68,SAFE
2026-04-02 00:11:01,BKL.01,ITABAL8,0.0,58.33,SAFE
2026-04-02 00:11:01,BKL.02,ITABAL8,0.0,0.72,SAFE
2026-04-02 00:11:01,BNE.02,ITABAL8,0.0,1.52,SAFE
2026-04-02 00:11:01,BNE.03,ITABAL8,0.0,0.63,SAFE
2026-04-02 00:11:01,BNE.04,ITABAL8,0.0,0.55,SAFE
2026-04-01 23:59:00,BNY.03,CSA BONTANG SIS,0.0,0.97,SAFE
2026-04-01 23:59:00,BTG.03,CSA BONTANG SIS,0.0,9.36,SAFE
2026-04-01 23:59:00,BTG.04,CSA BONTANG SIS,0.0,175.0,SAFE
2026-04-01 23:59:00,FLR.02,CSA BONTANG SIS,0.0,0.75,SAFE
2026-04-02 00:11:01,JKT.01,ITABAL9,0.0,25.36,SAFE
2026-04-02 00:11:01,JKT.02,ITABAL9,0.0,7.78,SAFE
2026-04-02 00:11:01,JKT.03,ITABAL9,0.0,4.16,SAFE
2026-04-02 00:11:01,JKT.04,ITABAL9,0.0,1.17,SAFE
2026-04-02 00:11:01,JKT.05,ITABAL9,0.0,5.68,SAFE
2026-04-02 00:11:01,JKT.06,ITABAL9,0.0,7.45,SAFE
2026-04-02 00:11:01,JKT.07,ITABAL9,0.0,11.55,SAFE
2026-04-02 00:11:01,JKT.08,ITABAL9,0.0,4.26,SAFE
2026-04-02 00:11:01,JMB.01,ITABAL8,0.0,3.07,SAFE
2026-04-02 00:11:01,JMB.03,ITABAL8,0.0,1.02,SAFE
2026-04-02 00:11:01,JMB.04,ITABAL9,0.0,0.77,SAFE
2026-04-01 23:59:00,KRC.02,VP SABANG TIMUR SIS,0.0,1.04,SAFE
2026-04-02 00:11:01,KRC.03,ITABAL8,0.0,1.31,SAFE
2026-04-01 23:59:00,KRC.05,VP SABANG TIMUR SIS,0.0,1.93,SAFE
2026-04-01 23:59:00,KRC.07,VP SABANG TIMUR SIS,0.0,2.15,SAFE
2026-04-02 00:11:01,LHT.01,ITABAL8,0.0,5.84,SAFE
2026-04-02 00:11:01,LPG.01,ITABAL8,0.0,2.05,SAFE
2026-04-02 00:11:01,LPG.02,ITABAL8,0.0,12.03,SAFE
2026-04-02 00:11:01,LPG.03,ITABAL8,0.0,6.96,SAFE
2026-04-02 00:11:01,LPG.06,ITABAL8,0.0,6.69,SAFE
2026-04-02 00:11:01,LPG.07,ITABAL8,0.0,12.92,SAFE
2026-04-02 00:11:01,MDN.01,ITABAL8,0.0,3.37,SAFE
2026-04-02 00:11:01,MDN.02,ITABAL8,0.0,2.53,SAFE
2026-04-02 00:11:01,MDN.03,ITABAL8,0.0,7.25,SAFE
2026-04-02 00:11:01,MDN.04,ITABAL8,0.0,1.95,SAFE
2026-04-02 00:11:01,MIA.01,ITABAL9,0.0,1.22,SAFE
2026-04-02 00:11:01,MIA.02,ITABAL9,0.0,17.59,SAFE
2026-04-02 00:11:01,MIA.03,ITABAL9,0.0,4.28,SAFE
2026-04-01 23:59:00,MIA.04,PITSTOP AMBON SIS,0.0,2.31,SAFE
2026-04-02 00:11:01,MIA.05,ITABAL9,0.0,20.96,SAFE
2026-04-02 00:11:01,MIA.06,ITABAL9,0.0,1.16,SAFE
2026-04-01 23:59:00,MKS.01,CSA BONTANG SIS,0.0,0.72,SAFE
2026-04-01 23:59:00,MKS.02,PITSTOP AMBON SIS,0.0,1.06,SAFE
,MKS.03,ROM 13,0.0,8.2,SAFE
,MKS.04,ROM 13,0.0,3.08,SAFE
2026-04-01 23:59:00,MND.02,CSA BONTANG SIS,0.0,2.49,SAFE
2026-04-01 23:59:00,MRK.01,VP SABANG TIMUR SIS,0.0,1.65,SAFE
2026-04-01 23:59:00,MTM.01,PITSTOP AMBON SIS,0.0,1.64,SAFE
2026-04-01 23:59:00,MTP.01,PITSTOP AMBON SIS,0.0,1.01,SAFE
2026-04-01 23:59:00,MTR.01,VP SABANG TIMUR SIS,0.0,1.67,SAFE
2026-04-02 00:11:01,NIS.01,ITABAL8,0.0,0.57,SAFE
2026-04-02 00:11:01,NIS.02,ITABAL8,0.0,0.86,SAFE
2026-04-02 00:11:01,NIS.03,ITABAL8,0.0,1.03,SAFE
2026-04-02 00:11:01,PDG.01,ITABAL9,0.0,0.52,SAFE
2026-04-02 00:11:01,PLB.01,ITABAL8,0.0,1.87,SAFE
2026-04-02 00:11:01,PLB.02,ITABAL8,0.0,0.84,SAFE
2026-04-02 00:11:01,PLB.03,ITABAL8,0.0,2.0,SAFE
2026-04-02 00:11:01,PLB.04,ITABAL8,0.0,13.62,SAFE
2026-04-01 23:59:00,PLU.04,CSA BONTANG SIS,0.0,2.36,SAFE
2026-04-01 23:59:00,RIU.02,VP SABANG TIMUR SIS,0.0,0.61,SAFE
2026-04-01 23:59:00,RIU.04,VP SABANG TIMUR SIS,0.0,0.51,SAFE
2026-04-01 23:59:00,SBG.02,VP SABANG TIMUR SIS,0.0,1.91,SAFE
2026-04-01 23:59:00,SBG.03,VP SABANG TIMUR SIS,0.0,5.65,SAFE
2026-04-01 23:59:00,SBG.04,VP SABANG TIMUR SIS,0.0,0.63,SAFE
2026-04-01 23:59:00,SBG.05,VP SABANG TIMUR SIS,0.0,21.21,SAFE
2026-04-02 00:11:01,SBG.06,ITABAL8,0.0,14.52,SAFE
2026-04-01 23:59:00,SBG.08,VP SABANG TIMUR SIS,0.0,1.35,SAFE
2026-04-01 23:59:00,SBG.10,VP SABANG TIMUR SIS,0.0,2.05,SAFE
2026-04-01 23:59:00,SBG.11,VP SABANG TIMUR SIS,0.0,0.75,SAFE
2026-04-01 23:59:00,SGT.02,CSA BONTANG SIS,0.0,0.19,SAFE
2026-04-01 23:59:00,SMB.02,CSA BONTANG SIS,0.0,2.63,SAFE
2026-04-01 23:59:00,SMB.03,CSA BONTANG SIS,0.0,4.72,SAFE
2026-04-01 23:59:00,SNT.01,PITSTOP AMBON SIS,0.0,1.34,SAFE
2026-04-01 23:59:00,TJG.01,CSA BONTANG SIS,0.0,1.99,SAFE
2026-04-01 23:59:00,TJG.02,CSA BONTANG SIS,0.0,5.65,SAFE
2026-04-01 23:59:00,AMB.01,PITSTOP AMBON SIS,0.0,7.46,SAFE
2026-04-01 23:59:00,BDG.02,VP OB 1 SIS,0.0,19.31,SAFE
2026-04-01 23:59:00,BDG.03,VP OB 1 SIS,0.0,5.73,SAFE
2026-04-01 23:59:00,BDG.04,VP OB 1 SIS,0.0,1.07,SAFE
2026-04-02 01:10:08,BDG.05,ITABAL9,0.0,2.1,SAFE
2026-04-01 23:59:00,BGK.01,VP SABANG TIMUR SIS,0.0,1.59,SAFE
2026-04-01 23:59:00,BGK.02,VP SABANG TIMUR SIS,0.0,18.92,SAFE
2026-04-02 01:10:08,BGR.01,ITABAL9,0.0,1.34,SAFE
2026-04-01 23:59:00,BJB.03,CSA BONTANG SIS,0.0,1.34,SAFE
2026-04-01 23:59:00,BJM.01,PITSTOP AMBON SIS,0.0,3.86,SAFE
2026-04-01 23:59:00,BJM.02,CSA BONTANG SIS,0.0,1.68,SAFE
2026-04-02 01:10:08,BKL.01,ITABAL8,0.0,58.33,SAFE
2026-04-02 01:10:08,BKL.02,ITABAL8,0.0,0.72,SAFE
2026-04-02 01:10:08,BNE.02,ITABAL8,0.0,1.52,SAFE
2026-04-02 01:10:08,BNE.03,ITABAL8,0.0,0.63,SAFE
2026-04-02 01:10:08,BNE.04,ITABAL8,0.0,0.55,SAFE
2026-04-01 23:59:00,BNY.03,CSA BONTANG SIS,0.0,0.97,SAFE
2026-04-01 23:59:00,BTG.03,CSA BONTANG SIS,0.0,9.36,SAFE
2026-04-01 23:59:00,BTG.04,CSA BONTANG SIS,0.0,175.0,SAFE
2026-04-01 23:59:00,FLR.02,CSA BONTANG SIS,0.0,0.75,SAFE
2026-04-02 01:10:08,JKT.01,ITABAL9,0.0,25.36,SAFE
2026-04-02 01:10:08,JKT.02,ITABAL9,0.0,7.78,SAFE
2026-04-02 01:10:08,JKT.03,ITABAL9,0.0,4.16,SAFE
2026-04-02 01:10:08,JKT.04,ITABAL9,0.0,1.17,SAFE
2026-04-02 01:10:08,JKT.05,ITABAL9,0.0,5.68,SAFE
2026-04-02 01:10:08,JKT.06,ITABAL9,0.0,7.45,SAFE
2026-04-02 01:10:08,JKT.07,ITABAL9,0.0,11.55,SAFE
2026-04-02 01:10:08,JKT.08,ITABAL9,0.0,4.26,SAFE
2026-04-02 01:10:08,JMB.01,ITABAL8,0.0,3.07,SAFE
2026-04-02 01:10:08,JMB.03,ITABAL8,0.0,1.02,SAFE
2026-04-02 01:10:08,JMB.04,ITABAL9,0.0,0.77,SAFE
2026-04-01 23:59:00,KRC.02,VP SABANG TIMUR SIS,0.0,1.04,SAFE
2026-04-02 01:10:08,KRC.03,ITABAL8,0.0,1.31,SAFE
2026-04-01 23:59:00,KRC.05,VP SABANG TIMUR SIS,0.0,1.93,SAFE
2026-04-01 23:59:00,KRC.07,VP SABANG TIMUR SIS,0.0,2.15,SAFE
2026-04-02 01:10:08,LHT.01,ITABAL8,0.0,5.84,SAFE
2026-04-02 01:10:08,LPG.01,ITABAL8,0.0,2.05,SAFE
2026-04-02 01:10:08,LPG.02,ITABAL8,0.0,12.03,SAFE
2026-04-02 01:10:08,LPG.03,ITABAL8,0.0,6.96,SAFE
2026-04-02 01:10:08,LPG.06,ITABAL8,0.0,6.69,SAFE
2026-04-02 01:10:08,LPG.07,ITABAL8,0.0,12.92,SAFE
2026-04-02 01:10:08,MDN.01,ITABAL8,0.0,3.37,SAFE
2026-04-02 01:10:08,MDN.02,ITABAL8,0.0,2.53,SAFE
2026-04-02 01:10:08,MDN.03,ITABAL8,0.0,7.25,SAFE
2026-04-02 01:10:08,MDN.04,ITABAL8,0.0,1.95,SAFE
2026-04-02 01:10:08,MIA.01,ITABAL9,0.0,1.22,SAFE
2026-04-02 01:10:08,MIA.02,ITABAL9,0.0,17.59,SAFE
2026-04-02 01:10:08,MIA.03,ITABAL9,0.0,4.28,SAFE
2026-04-01 23:59:00,MIA.04,PITSTOP AMBON SIS,0.0,2.31,SAFE
2026-04-02 01:10:08,MIA.05,ITABAL9,0.0,20.96,SAFE
2026-04-02 01:10:08,MIA.06,ITABAL9,0.0,1.16,SAFE
2026-04-01 23:59:00,MKS.01,CSA BONTANG SIS,0.0,0.72,SAFE
2026-04-01 23:59:00,MKS.02,PITSTOP AMBON SIS,0.0,1.06,SAFE
,MKS.03,ROM 13,0.0,8.2,SAFE
,MKS.04,ROM 13,0.0,3.08,SAFE
2026-04-01 23:59:00,MND.02,CSA BONTANG SIS,0.0,2.49,SAFE
2026-04-01 23:59:00,MRK.01,VP SABANG TIMUR SIS,0.0,1.65,SAFE
2026-04-01 23:59:00,MTM.01,PITSTOP AMBON SIS,0.0,1.64,SAFE
2026-04-01 23:59:00,MTP.01,PITSTOP AMBON SIS,0.0,1.01,SAFE
2026-04-01 23:59:00,MTR.01,VP SABANG TIMUR SIS,0.0,1.67,SAFE
2026-04-02 01:10:08,NIS.01,ITABAL8,0.0,0.57,SAFE
2026-04-02 01:10:08,NIS.02,ITABAL8,0.0,0.86,SAFE
2026-04-02 01:10:08,NIS.03,ITABAL8,0.0,1.03,SAFE
2026-04-02 01:10:08,PDG.01,ITABAL9,0.0,0.52,SAFE
2026-04-02 01:10:08,PLB.01,ITABAL8,0.0,1.87,SAFE
2026-04-02 01:10:08,PLB.02,ITABAL8,0.0,0.84,SAFE
2026-04-02 01:10:08,PLB.03,ITABAL8,0.0,2.0,SAFE
2026-04-02 01:10:08,PLB.04,ITABAL8,0.0,13.62,SAFE
2026-04-01 23:59:00,PLU.04,CSA BONTANG SIS,0.0,2.36,SAFE
2026-04-01 23:59:00,RIU.02,VP SABANG TIMUR SIS,0.0,0.61,SAFE
2026-04-01 23:59:00,RIU.04,VP SABANG TIMUR SIS,0.0,0.51,SAFE
2026-04-01 23:59:00,SBG.02,VP SABANG TIMUR SIS,0.0,1.91,SAFE
2026-04-01 23:59:00,SBG.03,VP SABANG TIMUR SIS,0.0,5.65,SAFE
2026-04-01 23:59:00,SBG.04,VP SABANG TIMUR SIS,0.0,0.63,SAFE
2026-04-01 23:59:00,SBG.05,VP SABANG TIMUR SIS,0.0,21.21,SAFE
2026-04-02 01:10:08,SBG.06,ITABAL8,0.0,14.52,SAFE
2026-04-01 23:59:00,SBG.08,VP SABANG TIMUR SIS,0.0,1.35,SAFE
2026-04-01 23:59:00,SBG.10,VP SABANG TIMUR SIS,0.0,2.05,SAFE
2026-04-01 23:59:00,SBG.11,VP SABANG TIMUR SIS,0.0,0.75,SAFE
2026-04-01 23:59:00,SGT.02,CSA BONTANG SIS,0.0,0.19,SAFE
2026-04-01 23:59:00,SMB.02,CSA BONTANG SIS,0.0,2.63,SAFE
2026-04-01 23:59:00,SMB.03,CSA BONTANG SIS,0.0,4.72,SAFE
2026-04-01 23:59:00,SNT.01,PITSTOP AMBON SIS,0.0,1.34,SAFE
2026-04-01 23:59:00,TJG.01,CSA BONTANG SIS,0.0,1.99,SAFE
2026-04-01 23:59:00,TJG.02,CSA BONTANG SIS,0.0,5.65,SAFE
2026-04-01 23:59:00,AMB.01,PITSTOP AMBON SIS,0.0,7.46,SAFE
2026-04-01 23:59:00,BDG.02,VP OB 1 SIS,0.0,19.31,SAFE
2026-04-01 23:59:00,BDG.03,VP OB 1 SIS,0.0,5.73,SAFE
2026-04-01 23:59:00,BDG.04,VP OB 1 SIS,0.0,1.07,SAFE
2026-04-02 02:02:34,BDG.05,ITABAL9,0.0,2.1,SAFE
2026-04-01 23:59:00,BGK.01,VP SABANG TIMUR SIS,0.0,1.59,SAFE
2026-04-01 23:59:00,BGK.02,VP SABANG TIMUR SIS,0.0,18.92,SAFE
2026-04-02 02:02:34,BGR.01,ITABAL9,0.0,1.34,SAFE
2026-04-01 23:59:00,BJB.03,CSA BONTANG SIS,0.0,1.34,SAFE
2026-04-01 23:59:00,BJM.01,PITSTOP AMBON SIS,0.0,3.86,SAFE
2026-04-01 23:59:00,BJM.02,CSA BONTANG SIS,0.0,1.68,SAFE
2026-04-02 02:02:34,BKL.01,ITABAL8,0.0,58.33,SAFE
2026-04-02 02:02:34,BKL.02,ITABAL8,0.0,0.72,SAFE
2026-04-02 02:02:34,BNE.02,ITABAL8,0.0,1.52,SAFE
2026-04-02 02:02:34,BNE.03,ITABAL8,0.0,0.63,SAFE
2026-04-02 02:02:34,BNE.04,ITABAL8,0.0,0.55,SAFE
2026-04-01 23:59:00,BNY.03,CSA BONTANG SIS,0.0,0.97,SAFE
2026-04-01 23:59:00,BTG.03,CSA BONTANG SIS,0.0,9.36,SAFE
2026-04-01 23:59:00,BTG.04,CSA BONTANG SIS,0.0,175.0,SAFE
2026-04-01 23:59:00,FLR.02,CSA BONTANG SIS,0.0,0.75,SAFE
2026-04-02 02:02:34,JKT.01,ITABAL9,0.0,25.36,SAFE
2026-04-02 02:02:34,JKT.02,ITABAL9,0.0,7.78,SAFE
2026-04-02 02:02:34,JKT.03,ITABAL9,0.0,4.16,SAFE
2026-04-02 02:02:34,JKT.04,ITABAL9,0.0,1.17,SAFE
2026-04-02 02:02:34,JKT.05,ITABAL9,0.0,5.68,SAFE
2026-04-02 02:02:34,JKT.06,ITABAL9,0.0,7.45,SAFE
2026-04-02 02:02:34,JKT.07,ITABAL9,0.0,11.55,SAFE
2026-04-02 02:02:34,JKT.08,ITABAL9,0.0,4.26,SAFE
2026-04-02 02:02:34,JMB.01,ITABAL8,0.0,3.07,SAFE
2026-04-02 02:02:34,JMB.03,ITABAL8,0.0,1.02,SAFE
2026-04-02 02:02:34,JMB.04,ITABAL9,0.0,0.77,SAFE
2026-04-01 23:59:00,KRC.02,VP SABANG TIMUR SIS,0.0,1.04,SAFE
2026-04-02 02:02:34,KRC.03,ITABAL8,0.0,1.31,SAFE
2026-04-01 23:59:00,KRC.05,VP SABANG TIMUR SIS,0.0,1.93,SAFE
2026-04-01 23:59:00,KRC.07,VP SABANG TIMUR SIS,0.0,2.15,SAFE
2026-04-02 02:02:34,LHT.01,ITABAL8,0.0,5.84,SAFE
2026-04-02 02:02:34,LPG.01,ITABAL8,0.0,2.05,SAFE
2026-04-02 02:02:34,LPG.02,ITABAL8,0.0,12.03,SAFE
2026-04-02 02:02:34,LPG.03,ITABAL8,0.0,6.96,SAFE
2026-04-02 02:02:34,LPG.06,ITABAL8,0.0,6.69,SAFE
2026-04-02 02:02:34,LPG.07,ITABAL8,0.0,12.92,SAFE
2026-04-02 02:02:34,MDN.01,ITABAL8,0.0,3.37,SAFE
2026-04-02 02:02:34,MDN.02,ITABAL8,0.0,2.53,SAFE
2026-04-02 02:02:34,MDN.03,ITABAL8,0.0,7.25,SAFE
2026-04-02 02:02:34,MDN.04,ITABAL8,0.0,1.95,SAFE
2026-04-02 02:02:34,MIA.01,ITABAL9,0.0,1.22,SAFE
2026-04-02 02:02:34,MIA.02,ITABAL9,0.0,17.59,SAFE
2026-04-02 02:02:34,MIA.03,ITABAL9,0.0,4.28,SAFE
2026-04-01 23:59:00,MIA.04,PITSTOP AMBON SIS,0.0,2.31,SAFE
2026-04-02 02:02:34,MIA.05,ITABAL9,0.0,20.96,SAFE
2026-04-02 02:02:34,MIA.06,ITABAL9,0.0,1.16,SAFE
2026-04-01 23:59:00,MKS.01,CSA BONTANG SIS,0.0,0.72,SAFE
2026-04-01 23:59:00,MKS.02,PITSTOP AMBON SIS,0.0,1.06,SAFE
,MKS.03,ROM 13,0.0,8.2,SAFE
,MKS.04,ROM 13,0.0,3.08,SAFE
2026-04-01 23:59:00,MND.02,CSA BONTANG SIS,0.0,2.49,SAFE
2026-04-01 23:59:00,MRK.01,VP SABANG TIMUR SIS,0.0,1.65,SAFE
2026-04-01 23:59:00,MTM.01,PITSTOP AMBON SIS,0.0,1.64,SAFE
2026-04-01 23:59:00,MTP.01,PITSTOP AMBON SIS,0.0,1.01,SAFE
2026-04-01 23:59:00,MTR.01,VP SABANG TIMUR SIS,0.0,1.67,SAFE
2026-04-02 02:02:34,NIS.01,ITABAL8,0.0,0.57,SAFE
2026-04-02 02:02:34,NIS.02,ITABAL8,0.0,0.86,SAFE
2026-04-02 02:02:34,NIS.03,ITABAL8,0.0,1.03,SAFE
2026-04-02 02:02:34,PDG.01,ITABAL9,0.0,0.52,SAFE
2026-04-02 02:02:34,PLB.01,ITABAL8,0.0,1.87,SAFE
2026-04-02 02:02:34,PLB.02,ITABAL8,0.0,0.84,SAFE
2026-04-02 02:02:34,PLB.03,ITABAL8,0.0,2.0,SAFE
2026-04-02 02:02:34,PLB.04,ITABAL8,0.0,13.62,SAFE
2026-04-01 23:59:00,PLU.04,CSA BONTANG SIS,0.0,2.36,SAFE
2026-04-01 23:59:00,RIU.02,VP SABANG TIMUR SIS,0.0,0.61,SAFE
2026-04-01 23:59:00,RIU.04,VP SABANG TIMUR SIS,0.0,0.51,SAFE
2026-04-01 23:59:00,SBG.02,VP SABANG TIMUR SIS,0.0,1.91,SAFE
2026-04-01 23:59:00,SBG.03,VP SABANG TIMUR SIS,0.0,5.65,SAFE
2026-04-01 23:59:00,SBG.04,VP SABANG TIMUR SIS,0.0,0.63,SAFE
2026-04-01 23:59:00,SBG.05,VP SABANG TIMUR SIS,0.0,21.21,SAFE
2026-04-02 02:02:34,SBG.06,ITABAL8,0.0,14.52,SAFE
2026-04-01 23:59:00,SBG.08,VP SABANG TIMUR SIS,0.0,1.35,SAFE
2026-04-01 23:59:00,SBG.10,VP SABANG TIMUR SIS,0.0,2.05,SAFE
2026-04-01 23:59:00,SBG.11,VP SABANG TIMUR SIS,0.0,0.75,SAFE
2026-04-01 23:59:00,SGT.02,CSA BONTANG SIS,0.0,0.19,SAFE
2026-04-01 23:59:00,SMB.02,CSA BONTANG SIS,0.0,2.63,SAFE
2026-04-01 23:59:00,SMB.03,CSA BONTANG SIS,0.0,4.72,SAFE
2026-04-01 23:59:00,SNT.01,PITSTOP AMBON SIS,0.0,1.34,SAFE
2026-04-01 23:59:00,TJG.01,CSA BONTANG SIS,0.0,1.99,SAFE
2026-04-01 23:59:00,TJG.02,CSA BONTANG SIS,0.0,5.65,SAFE
2026-04-01 23:59:00,AMB.01,PITSTOP AMBON SIS,0.0,7.46,SAFE
2026-04-01 23:59:00,BDG.02,VP OB 1 SIS,0.0,19.31,SAFE
2026-04-01 23:59:00,BDG.03,VP OB 1 SIS,0.0,5.73,SAFE
2026-04-01 23:59:00,BDG.04,VP OB 1 SIS,0.0,1.07,SAFE
2026-04-02 03:16:55,BDG.05,ITABAL9,0.0,2.1,SAFE
2026-04-01 23:59:00,BGK.01,VP SABANG TIMUR SIS,0.0,1.59,SAFE
2026-04-01 23:59:00,BGK.02,VP SABANG TIMUR SIS,0.0,18.92,SAFE
2026-04-02 03:16:55,BGR.01,ITABAL9,0.0,1.34,SAFE
2026-04-01 23:59:00,BJB.03,CSA BONTANG SIS,0.0,1.34,SAFE
2026-04-01 23:59:00,BJM.01,PITSTOP AMBON SIS,0.0,3.86,SAFE
2026-04-01 23:59:00,BJM.02,CSA BONTANG SIS,0.0,1.68,SAFE
2026-04-02 03:16:55,BKL.01,ITABAL8,0.0,58.33,SAFE
2026-04-02 03:16:55,BKL.02,ITABAL8,0.0,0.72,SAFE
2026-04-02 03:16:55,BNE.02,ITABAL8,0.0,1.52,SAFE
2026-04-02 03:16:55,BNE.03,ITABAL8,0.0,0.63,SAFE
2026-04-02 03:16:55,BNE.04,ITABAL8,0.0,0.55,SAFE
2026-04-01 23:59:00,BNY.03,CSA BONTANG SIS,0.0,0.97,SAFE
2026-04-01 23:59:00,BTG.03,CSA BONTANG SIS,0.0,9.36,SAFE
2026-04-01 23:59:00,BTG.04,CSA BONTANG SIS,0.0,175.0,SAFE
2026-04-01 23:59:00,FLR.02,CSA BONTANG SIS,0.0,0.75,SAFE
2026-04-02 03:16:55,JKT.01,ITABAL9,0.0,25.36,SAFE
2026-04-02 03:16:55,JKT.02,ITABAL9,0.0,7.78,SAFE
2026-04-02 03:16:55,JKT.03,ITABAL9,0.0,4.16,SAFE
2026-04-02 03:16:55,JKT.04,ITABAL9,0.0,1.17,SAFE
2026-04-02 03:16:55,JKT.05,ITABAL9,0.0,5.68,SAFE
2026-04-02 03:16:55,JKT.06,ITABAL9,0.0,7.45,SAFE
2026-04-02 03:16:55,JKT.07,ITABAL9,0.0,11.55,SAFE
2026-04-02 03:16:55,JKT.08,ITABAL9,0.0,4.26,SAFE
2026-04-02 03:16:55,JMB.01,ITABAL8,0.0,3.07,SAFE
2026-04-02 03:16:55,JMB.03,ITABAL8,0.0,1.02,SAFE
2026-04-02 03:16:55,JMB.04,ITABAL9,0.0,0.77,SAFE
2026-04-01 23:59:00,KRC.02,VP SABANG TIMUR SIS,0.0,1.04,SAFE
2026-04-02 03:16:55,KRC.03,ITABAL8,0.0,1.31,SAFE
2026-04-01 23:59:00,KRC.05,VP SABANG TIMUR SIS,0.0,1.93,SAFE
2026-04-01 23:59:00,KRC.07,VP SABANG TIMUR SIS,0.0,2.15,SAFE
2026-04-02 03:16:55,LHT.01,ITABAL8,0.0,5.84,SAFE
2026-04-02 03:16:55,LPG.01,ITABAL8,0.0,2.05,SAFE
2026-04-02 03:16:55,LPG.02,ITABAL8,0.0,12.03,SAFE
2026-04-02 03:16:55,LPG.03,ITABAL8,0.0,6.96,SAFE
2026-04-02 03:16:55,LPG.06,ITABAL8,0.0,6.69,SAFE
2026-04-02 03:16:55,LPG.07,ITABAL8,0.0,12.92,SAFE
2026-04-02 03:16:55,MDN.01,ITABAL8,0.0,3.37,SAFE
2026-04-02 03:16:55,MDN.02,ITABAL8,0.0,2.53,SAFE
2026-04-02 03:16:55,MDN.03,ITABAL8,0.0,7.25,SAFE
2026-04-02 03:16:55,MDN.04,ITABAL8,0.0,1.95,SAFE
2026-04-02 03:16:55,MIA.01,ITABAL9,0.0,1.22,SAFE
2026-04-02 03:16:55,MIA.02,ITABAL9,0.0,17.59,SAFE
2026-04-02 03:16:55,MIA.03,ITABAL9,0.0,4.28,SAFE
2026-04-01 23:59:00,MIA.04,PITSTOP AMBON SIS,0.0,2.31,SAFE
2026-04-02 03:16:55,MIA.05,ITABAL9,0.0,20.96,SAFE
2026-04-02 03:16:55,MIA.06,ITABAL9,0.0,1.16,SAFE
2026-04-01 23:59:00,MKS.01,CSA BONTANG SIS,0.0,0.72,SAFE
2026-04-01 23:59:00,MKS.02,PITSTOP AMBON SIS,0.0,1.06,SAFE
,MKS.03,ROM 13,0.0,8.2,SAFE
,MKS.04,ROM 13,0.0,3.08,SAFE
2026-04-01 23:59:00,MND.02,CSA BONTANG SIS,0.0,2.49,SAFE
2026-04-01 23:59:00,MRK.01,VP SABANG TIMUR SIS,0.0,1.65,SAFE
2026-04-01 23:59:00,MTM.01,PITSTOP AMBON SIS,0.0,1.64,SAFE
2026-04-01 23:59:00,MTP.01,PITSTOP AMBON SIS,0.0,1.01,SAFE
2026-04-01 23:59:00,MTR.01,VP SABANG TIMUR SIS,0.0,1.67,SAFE
2026-04-02 03:16:55,NIS.01,ITABAL8,0.0,0.57,SAFE
2026-04-02 03:16:55,NIS.02,ITABAL8,0.0,0.86,SAFE
2026-04-02 03:16:55,NIS.03,ITABAL8,0.0,1.03,SAFE
2026-04-02 03:16:55,PDG.01,ITABAL9,0.0,0.52,SAFE
2026-04-02 03:16:55,PLB.01,ITABAL8,0.0,1.87,SAFE
2026-04-02 03:16:55,PLB.02,ITABAL8,0.0,0.84,SAFE
2026-04-02 03:16:55,PLB.03,ITABAL8,0.0,2.0,SAFE
2026-04-02 03:16:55,PLB.04,ITABAL8,0.0,13.62,SAFE
2026-04-01 23:59:00,PLU.04,CSA BONTANG SIS,0.0,2.36,SAFE
2026-04-01 23:59:00,RIU.02,VP SABANG TIMUR SIS,0.0,0.61,SAFE
2026-04-01 23:59:00,RIU.04,VP SABANG TIMUR SIS,0.0,0.51,SAFE
2026-04-01 23:59:00,SBG.02,VP SABANG TIMUR SIS,0.0,1.91,SAFE
2026-04-01 23:59:00,SBG.03,VP SABANG TIMUR SIS,0.0,5.65,SAFE
2026-04-01 23:59:00,SBG.04,VP SABANG TIMUR SIS,0.0,0.63,SAFE
2026-04-01 23:59:00,SBG.05,VP SABANG TIMUR SIS,0.0,21.21,SAFE
2026-04-02 03:16:55,SBG.06,ITABAL8,0.0,14.52,SAFE
2026-04-01 23:59:00,SBG.08,VP SABANG TIMUR SIS,0.0,1.35,SAFE
2026-04-01 23:59:00,SBG.10,VP SABANG TIMUR SIS,0.0,2.05,SAFE
2026-04-01 23:59:00,SBG.11,VP SABANG TIMUR SIS,0.0,0.75,SAFE
2026-04-01 23:59:00,SGT.02,CSA BONTANG SIS,0.0,0.19,SAFE
2026-04-01 23:59:00,SMB.02,CSA BONTANG SIS,0.0,2.63,SAFE
2026-04-01 23:59:00,SMB.03,CSA BONTANG SIS,0.0,4.72,SAFE
2026-04-01 23:59:00,SNT.01,PITSTOP AMBON SIS,0.0,1.34,SAFE
2026-04-01 23:59:00,TJG.01,CSA BONTANG SIS,0.0,1.99,SAFE
2026-04-01 23:59:00,TJG.02,CSA BONTANG SIS,0.0,5.65,SAFE
2026-04-01 23:59:00,AMB.01,PITSTOP AMBON SIS,0.0,7.46,SAFE
2026-04-01 23:59:00,BDG.02,VP OB 1 SIS,0.0,19.31,SAFE
2026-04-01 23:59:00,BDG.03,VP OB 1 SIS,0.0,5.73,SAFE
2026-04-01 23:59:00,BDG.04,VP OB 1 SIS,0.0,1.07,SAFE
2026-04-02 04:03:11,BDG.05,ITABAL9,0.0,2.1,SAFE
2026-04-01 23:59:00,BGK.01,VP SABANG TIMUR SIS,0.0,1.59,SAFE
2026-04-01 23:59:00,BGK.02,VP SABANG TIMUR SIS,0.0,18.92,SAFE
2026-04-02 04:03:11,BGR.01,ITABAL9,0.0,1.34,SAFE
2026-04-01 23:59:00,BJB.03,CSA BONTANG SIS,0.0,1.34,SAFE
2026-04-01 23:59:00,BJM.01,PITSTOP AMBON SIS,0.0,3.86,SAFE
2026-04-01 23:59:00,BJM.02,CSA BONTANG SIS,0.0,1.68,SAFE
2026-04-02 04:03:11,BKL.01,ITABAL8,0.0,58.33,SAFE
2026-04-02 04:03:11,BKL.02,ITABAL8,0.0,0.72,SAFE
2026-04-02 04:03:11,BNE.02,ITABAL8,0.0,1.52,SAFE
2026-04-02 04:03:11,BNE.03,ITABAL8,0.0,0.63,SAFE
2026-04-02 04:03:11,BNE.04,ITABAL8,0.0,0.55,SAFE
2026-04-01 23:59:00,BNY.03,CSA BONTANG SIS,0.0,0.97,SAFE
2026-04-01 23:59:00,BTG.03,CSA BONTANG SIS,0.0,9.36,SAFE
2026-04-01 23:59:00,BTG.04,CSA BONTANG SIS,0.0,175.0,SAFE
2026-04-01 23:59:00,FLR.02,CSA BONTANG SIS,0.0,0.75,SAFE
2026-04-02 04:03:11,JKT.01,ITABAL9,0.0,25.36,SAFE
2026-04-02 04:03:11,JKT.02,ITABAL9,0.0,7.78,SAFE
2026-04-02 04:03:11,JKT.03,ITABAL9,0.0,4.16,SAFE
2026-04-02 04:03:11,JKT.04,ITABAL9,0.0,1.17,SAFE
2026-04-02 04:03:11,JKT.05,ITABAL9,0.0,5.68,SAFE
2026-04-02 04:03:11,JKT.06,ITABAL9,0.0,7.45,SAFE
2026-04-02 04:03:11,JKT.07,ITABAL9,0.0,11.55,SAFE
2026-04-02 04:03:11,JKT.08,ITABAL9,0.0,4.26,SAFE
2026-04-02 04:03:11,JMB.01,ITABAL8,0.0,3.07,SAFE
2026-04-02 04:03:11,JMB.03,ITABAL8,0.0,1.02,SAFE
2026-04-02 04:03:11,JMB.04,ITABAL9,0.0,0.77,SAFE
2026-04-01 23:59:00,KRC.02,VP SABANG TIMUR SIS,0.0,1.04,SAFE
2026-04-02 04:03:11,KRC.03,ITABAL8,0.0,1.31,SAFE
2026-04-01 23:59:00,KRC.05,VP SABANG TIMUR SIS,0.0,1.93,SAFE
2026-04-01 23:59:00,KRC.07,VP SABANG TIMUR SIS,0.0,2.15,SAFE
2026-04-02 04:03:11,LHT.01,ITABAL8,0.0,5.84,SAFE
2026-04-02 04:03:11,LPG.01,ITABAL8,0.0,2.05,SAFE
2026-04-02 04:03:11,LPG.02,ITABAL8,0.0,12.03,SAFE
2026-04-02 04:03:11,LPG.03,ITABAL8,0.0,6.96,SAFE
2026-04-02 04:03:11,LPG.06,ITABAL8,0.0,6.69,SAFE
2026-04-02 04:03:11,LPG.07,ITABAL8,0.0,12.92,SAFE
2026-04-02 04:03:11,MDN.01,ITABAL8,0.0,3.37,SAFE
2026-04-02 04:03:11,MDN.02,ITABAL8,0.0,2.53,SAFE
2026-04-02 04:03:11,MDN.03,ITABAL8,0.0,7.25,SAFE
2026-04-02 04:03:11,MDN.04,ITABAL8,0.0,1.95,SAFE
2026-04-02 04:03:11,MIA.01,ITABAL9,0.0,1.22,SAFE
2026-04-02 04:03:11,MIA.02,ITABAL9,0.0,17.59,SAFE
2026-04-02 04:03:11,MIA.03,ITABAL9,0.0,4.28,SAFE
2026-04-01 23:59:00,MIA.04,PITSTOP AMBON SIS,0.0,2.31,SAFE
2026-04-02 04:03:11,MIA.05,ITABAL9,0.0,20.96,SAFE
2026-04-02 04:03:11,MIA.06,ITABAL9,0.0,1.16,SAFE
2026-04-01 23:59:00,MKS.01,CSA BONTANG SIS,0.0,0.72,SAFE
2026-04-01 23:59:00,MKS.02,PITSTOP AMBON SIS,0.0,1.06,SAFE
,MKS.03,ROM 13,0.0,8.2,SAFE
,MKS.04,ROM 13,0.0,3.08,SAFE
2026-04-01 23:59:00,MND.02,CSA BONTANG SIS,0.0,2.49,SAFE
2026-04-01 23:59:00,MRK.01,VP SABANG TIMUR SIS,0.0,1.65,SAFE
2026-04-01 23:59:00,MTM.01,PITSTOP AMBON SIS,0.0,1.64,SAFE
2026-04-01 23:59:00,MTP.01,PITSTOP AMBON SIS,0.0,1.01,SAFE
2026-04-01 23:59:00,MTR.01,VP SABANG TIMUR SIS,0.0,1.67,SAFE
2026-04-02 04:03:11,NIS.01,ITABAL8,0.0,0.57,SAFE
2026-04-02 04:03:11,NIS.02,ITABAL8,0.0,0.86,SAFE
2026-04-02 04:03:11,NIS.03,ITABAL8,0.0,1.03,SAFE
2026-04-02 04:03:11,PDG.01,ITABAL9,0.0,0.52,SAFE
2026-04-02 04:03:11,PLB.01,ITABAL8,0.0,1.87,SAFE
2026-04-02 04:03:11,PLB.02,ITABAL8,0.0,0.84,SAFE
2026-04-02 04:03:11,PLB.03,ITABAL8,0.0,2.0,SAFE
2026-04-02 04:03:11,PLB.04,ITABAL8,0.0,13.62,SAFE
2026-04-01 23:59:00,PLU.04,CSA BONTANG SIS,0.0,2.36,SAFE
2026-04-01 23:59:00,RIU.02,VP SABANG TIMUR SIS,0.0,0.61,SAFE
2026-04-01 23:59:00,RIU.04,VP SABANG TIMUR SIS,0.0,0.51,SAFE
2026-04-01 23:59:00,SBG.02,VP SABANG TIMUR SIS,0.0,1.91,SAFE
2026-04-01 23:59:00,SBG.03,VP SABANG TIMUR SIS,0.0,5.65,SAFE
2026-04-01 23:59:00,SBG.04,VP SABANG TIMUR SIS,0.0,0.63,SAFE
2026-04-01 23:59:00,SBG.05,VP SABANG TIMUR SIS,0.0,21.21,SAFE
2026-04-02 04:03:11,SBG.06,ITABAL8,0.0,14.52,SAFE
2026-04-01 23:59:00,SBG.08,VP SABANG TIMUR SIS,0.0,1.35,SAFE
2026-04-01 23:59:00,SBG.10,VP SABANG TIMUR SIS,0.0,2.05,SAFE
2026-04-01 23:59:00,SBG.11,VP SABANG TIMUR SIS,0.0,0.75,SAFE
2026-04-01 23:59:00,SGT.02,CSA BONTANG SIS,0.0,0.19,SAFE
2026-04-01 23:59:00,SMB.02,CSA BONTANG SIS,0.0,2.63,SAFE
2026-04-01 23:59:00,SMB.03,CSA BONTANG SIS,0.0,4.72,SAFE
2026-04-01 23:59:00,SNT.01,PITSTOP AMBON SIS,0.0,1.34,SAFE
2026-04-01 23:59:00,TJG.01,CSA BONTANG SIS,0.0,1.99,SAFE
2026-04-01 23:59:00,TJG.02,CSA BONTANG SIS,0.0,5.65,SAFE
2026-04-01 23:59:00,AMB.01,PITSTOP AMBON SIS,0.0,7.46,SAFE
2026-04-01 23:59:00,BDG.02,VP OB 1 SIS,0.0,19.31,SAFE
2026-04-01 23:59:00,BDG.03,VP OB 1 SIS,0.0,5.73,SAFE
2026-04-01 23:59:00,BDG.04,VP OB 1 SIS,0.0,1.07,SAFE
2026-04-02 04:57:18,BDG.05,ITABAL9,0.0,2.1,SAFE
2026-04-01 23:59:00,BGK.01,VP SABANG TIMUR SIS,0.0,1.59,SAFE
2026-04-01 23:59:00,BGK.02,VP SABANG TIMUR SIS,0.0,18.92,SAFE
2026-04-02 04:57:18,BGR.01,ITABAL9,0.0,1.34,SAFE
2026-04-01 23:59:00,BJB.03,CSA BONTANG SIS,0.0,1.34,SAFE
2026-04-01 23:59:00,BJM.01,PITSTOP AMBON SIS,0.0,3.86,SAFE
2026-04-01 23:59:00,BJM.02,CSA BONTANG SIS,0.0,1.68,SAFE
2026-04-02 04:57:18,BKL.01,ITABAL8,0.0,58.33,SAFE
2026-04-02 04:57:18,BKL.02,ITABAL8,0.0,0.72,SAFE
2026-04-02 04:57:18,BNE.02,ITABAL8,0.0,1.52,SAFE
2026-04-02 04:57:18,BNE.03,ITABAL8,0.0,0.63,SAFE
2026-04-02 04:57:18,BNE.04,ITABAL8,0.0,0.55,SAFE
2026-04-01 23:59:00,BNY.03,CSA BONTANG SIS,0.0,0.97,SAFE
2026-04-01 23:59:00,BTG.03,CSA BONTANG SIS,0.0,9.36,SAFE
2026-04-01 23:59:00,BTG.04,CSA BONTANG SIS,0.0,175.0,SAFE
2026-04-01 23:59:00,FLR.02,CSA BONTANG SIS,0.0,0.75,SAFE
2026-04-02 04:57:18,JKT.01,ITABAL9,0.0,25.36,SAFE
2026-04-02 04:57:18,JKT.02,ITABAL9,0.0,7.78,SAFE
2026-04-02 04:57:18,JKT.03,ITABAL9,0.0,4.16,SAFE
2026-04-02 04:57:18,JKT.04,ITABAL9,0.0,1.17,SAFE
2026-04-02 04:57:18,JKT.05,ITABAL9,0.0,5.68,SAFE
2026-04-02 04:57:18,JKT.06,ITABAL9,0.0,7.45,SAFE
2026-04-02 04:57:18,JKT.07,ITABAL9,0.0,11.55,SAFE
2026-04-02 04:57:18,JKT.08,ITABAL9,0.0,4.26,SAFE
2026-04-02 04:57:18,JMB.01,ITABAL8,0.0,3.07,SAFE
2026-04-02 04:57:18,JMB.03,ITABAL8,0.0,1.02,SAFE
2026-04-02 04:57:18,JMB.04,ITABAL9,0.0,0.77,SAFE
2026-04-01 23:59:00,KRC.02,VP SABANG TIMUR SIS,0.0,1.04,SAFE
2026-04-02 04:57:18,KRC.03,ITABAL8,0.0,1.31,SAFE
2026-04-01 23:59:00,KRC.05,VP SABANG TIMUR SIS,0.0,1.93,SAFE
2026-04-01 23:59:00,KRC.07,VP SABANG TIMUR SIS,0.0,2.15,SAFE
2026-04-02 04:57:18,LHT.01,ITABAL8,0.0,5.84,SAFE
2026-04-02 04:57:18,LPG.01,ITABAL8,0.0,2.05,SAFE
2026-04-02 04:57:18,LPG.02,ITABAL8,0.0,12.03,SAFE
2026-04-02 04:57:18,LPG.03,ITABAL8,0.0,6.96,SAFE
2026-04-02 04:57:18,LPG.06,ITABAL8,0.0,6.69,SAFE
2026-04-02 04:57:18,LPG.07,ITABAL8,0.0,12.92,SAFE
2026-04-02 04:57:18,MDN.01,ITABAL8,0.0,3.37,SAFE
2026-04-02 04:57:18,MDN.02,ITABAL8,0.0,2.53,SAFE
2026-04-02 04:57:18,MDN.03,ITABAL8,0.0,7.25,SAFE
2026-04-02 04:57:18,MDN.04,ITABAL8,0.0,1.95,SAFE
2026-04-02 04:57:18,MIA.01,ITABAL9,0.0,1.22,SAFE
2026-04-02 04:57:18,MIA.02,ITABAL9,0.0,17.59,SAFE
2026-04-02 04:57:18,MIA.03,ITABAL9,0.0,4.28,SAFE
2026-04-01 23:59:00,MIA.04,PITSTOP AMBON SIS,0.0,2.31,SAFE
2026-04-02 04:57:18,MIA.05,ITABAL9,0.0,20.96,SAFE
2026-04-02 04:57:18,MIA.06,ITABAL9,0.0,1.16,SAFE
2026-04-01 23:59:00,MKS.01,CSA BONTANG SIS,0.0,0.72,SAFE
2026-04-01 23:59:00,MKS.02,PITSTOP AMBON SIS,0.0,1.06,SAFE
,MKS.03,ROM 13,0.0,8.2,SAFE
,MKS.04,ROM 13,0.0,3.08,SAFE
2026-04-01 23:59:00,MND.02,CSA BONTANG SIS,0.0,2.49,SAFE
2026-04-01 23:59:00,MRK.01,VP SABANG TIMUR SIS,0.0,1.65,SAFE
2026-04-01 23:59:00,MTM.01,PITSTOP AMBON SIS,0.0,1.64,SAFE
2026-04-01 23:59:00,MTP.01,PITSTOP AMBON SIS,0.0,1.01,SAFE
2026-04-01 23:59:00,MTR.01,VP SABANG TIMUR SIS,0.0,1.67,SAFE
2026-04-02 04:57:18,NIS.01,ITABAL8,0.0,0.57,SAFE
2026-04-02 04:57:18,NIS.02,ITABAL8,0.0,0.86,SAFE
2026-04-02 04:57:18,NIS.03,ITABAL8,0.0,1.03,SAFE
2026-04-02 04:57:18,PDG.01,ITABAL9,0.0,0.52,SAFE
2026-04-02 04:57:18,PLB.01,ITABAL8,0.0,1.87,SAFE
2026-04-02 04:57:18,PLB.02,ITABAL8,0.0,0.84,SAFE
2026-04-02 04:57:18,PLB.03,ITABAL8,0.0,2.0,SAFE
2026-04-02 04:57:18,PLB.04,ITABAL8,0.0,13.62,SAFE
2026-04-01 23:59:00,PLU.04,CSA BONTANG SIS,0.0,2.36,SAFE
2026-04-01 23:59:00,RIU.02,VP SABANG TIMUR SIS,0.0,0.61,SAFE
2026-04-01 23:59:00,RIU.04,VP SABANG TIMUR SIS,0.0,0.51,SAFE
2026-04-01 23:59:00,SBG.02,VP SABANG TIMUR SIS,0.0,1.91,SAFE
2026-04-01 23:59:00,SBG.03,VP SABANG TIMUR SIS,0.0,5.65,SAFE
2026-04-01 23:59:00,SBG.04,VP SABANG TIMUR SIS,0.0,0.63,SAFE
2026-04-01 23:59:00,SBG.05,VP SABANG TIMUR SIS,0.0,21.21,SAFE
2026-04-02 04:57:18,SBG.06,ITABAL8,0.0,14.52,SAFE
2026-04-01 23:59:00,SBG.08,VP SABANG TIMUR SIS,0.0,1.35,SAFE
2026-04-01 23:59:00,SBG.10,VP SABANG TIMUR SIS,0.0,2.05,SAFE
2026-04-01 23:59:00,SBG.11,VP SABANG TIMUR SIS,0.0,0.75,SAFE
2026-04-01 23:59:00,SGT.02,CSA BONTANG SIS,0.0,0.19,SAFE
2026-04-01 23:59:00,SMB.02,CSA BONTANG SIS,0.0,2.63,SAFE
2026-04-01 23:59:00,SMB.03,CSA BONTANG SIS,0.0,4.72,SAFE
2026-04-01 23:59:00,SNT.01,PITSTOP AMBON SIS,0.0,1.34,SAFE
2026-04-01 23:59:00,TJG.01,CSA BONTANG SIS,0.0,1.99,SAFE
2026-04-01 23:59:00,TJG.02,CSA BONTANG SIS,0.0,5.65,SAFE
2026-04-01 23:59:00,AMB.01,PITSTOP AMBON SIS,0.0,7.46,SAFE
2026-04-01 23:59:00,BDG.02,VP OB 1 SIS,0.0,19.31,SAFE
2026-04-01 23:59:00,BDG.03,VP OB 1 SIS,0.0,5.73,SAFE
2026-04-01 23:59:00,BDG.04,VP OB 1 SIS,0.0,1.07,SAFE
2026-04-02 05:40:57,BDG.05,ITABAL9,0.0,2.1,SAFE
2026-04-01 23:59:00,BGK.01,VP SABANG TIMUR SIS,0.0,1.59,SAFE
2026-04-01 23:59:00,BGK.02,VP SABANG TIMUR SIS,0.0,18.92,SAFE
2026-04-02 05:40:57,BGR.01,ITABAL9,0.0,1.34,SAFE
2026-04-01 23:59:00,BJB.03,CSA BONTANG SIS,0.0,1.34,SAFE
2026-04-01 23:59:00,BJM.01,PITSTOP AMBON SIS,0.0,3.86,SAFE
2026-04-01 23:59:00,BJM.02,CSA BONTANG SIS,0.0,1.68,SAFE
2026-04-02 05:40:57,BKL.01,ITABAL8,0.0,58.33,SAFE
2026-04-02 05:40:57,BKL.02,ITABAL8,0.0,0.72,SAFE
2026-04-02 05:40:57,BNE.02,ITABAL8,0.0,1.52,SAFE
2026-04-02 05:40:57,BNE.03,ITABAL8,0.0,0.63,SAFE
2026-04-02 05:40:57,BNE.04,ITABAL8,0.0,0.55,SAFE
2026-04-01 23:59:00,BNY.03,CSA BONTANG SIS,0.0,0.97,SAFE
2026-04-01 23:59:00,BTG.03,CSA BONTANG SIS,0.0,9.36,SAFE
2026-04-01 23:59:00,BTG.04,CSA BONTANG SIS,0.0,175.0,SAFE
2026-04-01 23:59:00,FLR.02,CSA BONTANG SIS,0.0,0.75,SAFE
2026-04-02 05:40:57,JKT.01,ITABAL9,0.0,25.36,SAFE
2026-04-02 05:40:57,JKT.02,ITABAL9,0.0,7.78,SAFE
2026-04-02 05:40:57,JKT.03,ITABAL9,0.0,4.16,SAFE
2026-04-02 05:40:57,JKT.04,ITABAL9,0.0,1.17,SAFE
2026-04-02 05:40:57,JKT.05,ITABAL9,0.0,5.68,SAFE
2026-04-02 05:40:57,JKT.06,ITABAL9,0.0,7.45,SAFE
2026-04-02 05:40:57,JKT.07,ITABAL9,0.0,11.55,SAFE
2026-04-02 05:40:57,JKT.08,ITABAL9,0.0,4.26,SAFE
2026-04-02 05:40:57,JMB.01,ITABAL8,0.0,3.07,SAFE
2026-04-02 05:40:57,JMB.03,ITABAL8,0.0,1.02,SAFE
2026-04-02 05:40:57,JMB.04,ITABAL9,0.0,0.77,SAFE
2026-04-01 23:59:00,KRC.02,VP SABANG TIMUR SIS,0.0,1.04,SAFE
2026-04-02 05:40:57,KRC.03,ITABAL8,0.0,1.31,SAFE
2026-04-01 23:59:00,KRC.05,VP SABANG TIMUR SIS,0.0,1.93,SAFE
2026-04-01 23:59:00,KRC.07,VP SABANG TIMUR SIS,0.0,2.15,SAFE
2026-04-02 05:40:57,LHT.01,ITABAL8,0.0,5.84,SAFE
2026-04-02 05:40:57,LPG.01,ITABAL8,0.0,2.05,SAFE
2026-04-02 05:40:57,LPG.02,ITABAL8,0.0,12.03,SAFE
2026-04-02 05:40:57,LPG.03,ITABAL8,0.0,6.96,SAFE
2026-04-02 05:40:57,LPG.06,ITABAL8,0.0,6.69,SAFE
2026-04-02 05:40:57,LPG.07,ITABAL8,0.0,12.92,SAFE
2026-04-02 05:40:57,MDN.01,ITABAL8,0.0,3.37,SAFE
2026-04-02 05:40:57,MDN.02,ITABAL8,0.0,2.53,SAFE
2026-04-02 05:40:57,MDN.03,ITABAL8,0.0,7.25,SAFE
2026-04-02 05:40:57,MDN.04,ITABAL8,0.0,1.95,SAFE
2026-04-02 05:40:57,MIA.01,ITABAL9,0.0,1.22,SAFE
2026-04-02 05:40:57,MIA.02,ITABAL9,0.0,17.59,SAFE
2026-04-02 05:40:57,MIA.03,ITABAL9,0.0,4.28,SAFE
2026-04-01 23:59:00,MIA.04,PITSTOP AMBON SIS,0.0,2.31,SAFE
2026-04-02 05:40:57,MIA.05,ITABAL9,0.0,20.96,SAFE
2026-04-02 05:40:57,MIA.06,ITABAL9,0.0,1.16,SAFE
2026-04-01 23:59:00,MKS.01,CSA BONTANG SIS,0.0,0.72,SAFE
2026-04-01 23:59:00,MKS.02,PITSTOP AMBON SIS,0.0,1.06,SAFE
,MKS.03,ROM 13,0.0,8.2,SAFE
,MKS.04,ROM 13,0.0,3.08,SAFE
2026-04-01 23:59:00,MND.02,CSA BONTANG SIS,0.0,2.49,SAFE
2026-04-01 23:59:00,MRK.01,VP SABANG TIMUR SIS,0.0,1.65,SAFE
2026-04-01 23:59:00,MTM.01,PITSTOP AMBON SIS,0.0,1.64,SAFE
2026-04-01 23:59:00,MTP.01,PITSTOP AMBON SIS,0.0,1.01,SAFE
2026-04-01 23:59:00,MTR.01,VP SABANG TIMUR SIS,0.0,1.67,SAFE
2026-04-02 05:40:57,NIS.01,ITABAL8,0.0,0.57,SAFE
2026-04-02 05:40:57,NIS.02,ITABAL8,0.0,0.86,SAFE
2026-04-02 05:40:57,NIS.03,ITABAL8,0.0,1.03,SAFE
2026-04-02 05:40:57,PDG.01,ITABAL9,0.0,0.52,SAFE
2026-04-02 05:40:57,PLB.01,ITABAL8,0.0,1.87,SAFE
2026-04-02 05:40:57,PLB.02,ITABAL8,0.0,0.84,SAFE
2026-04-02 05:40:57,PLB.03,ITABAL8,0.0,2.0,SAFE
2026-04-02 05:40:57,PLB.04,ITABAL8,0.0,13.62,SAFE
2026-04-01 23:59:00,PLU.04,CSA BONTANG SIS,0.0,2.36,SAFE
2026-04-01 23:59:00,RIU.02,VP SABANG TIMUR SIS,0.0,0.61,SAFE
2026-04-01 23:59:00,RIU.04,VP SABANG TIMUR SIS,0.0,0.51,SAFE
2026-04-01 23:59:00,SBG.02,VP SABANG TIMUR SIS,0.0,1.91,SAFE
2026-04-01 23:59:00,SBG.03,VP SABANG TIMUR SIS,0.0,5.65,SAFE
2026-04-01 23:59:00,SBG.04,VP SABANG TIMUR SIS,0.0,0.63,SAFE
2026-04-01 23:59:00,SBG.05,VP SABANG TIMUR SIS,0.0,21.21,SAFE
2026-04-02 05:40:57,SBG.06,ITABAL8,0.0,14.52,SAFE
2026-04-01 23:59:00,SBG.08,VP SABANG TIMUR SIS,0.0,1.35,SAFE
2026-04-01 23:59:00,SBG.10,VP SABANG TIMUR SIS,0.0,2.05,SAFE
2026-04-01 23:59:00,SBG.11,VP SABANG TIMUR SIS,0.0,0.75,SAFE
2026-04-01 23:59:00,SGT.02,CSA BONTANG SIS,0.0,0.19,SAFE
2026-04-01 23:59:00,SMB.02,CSA BONTANG SIS,0.0,2.63,SAFE
2026-04-01 23:59:00,SMB.03,CSA BONTANG SIS,0.0,4.72,SAFE
2026-04-01 23:59:00,SNT.01,PITSTOP AMBON SIS,0.0,1.34,SAFE
2026-04-01 23:59:00,TJG.01,CSA BONTANG SIS,0.0,1.99,SAFE
2026-04-01 23:59:00,TJG.02,CSA BONTANG SIS,0.0,5.65,SAFE
2026-04-01 23:59:00,AMB.01,PITSTOP AMBON SIS,0.0,7.46,SAFE
2026-04-01 23:59:00,BDG.02,VP OB 1 SIS,0.0,19.31,SAFE
2026-04-01 23:59:00,BDG.03,VP OB 1 SIS,0.0,5.73,SAFE
2026-04-01 23:59:00,BDG.04,VP OB 1 SIS,0.0,1.07,SAFE
2026-04-02 06:20:01,BDG.05,ITABAL9,0.0,2.1,SAFE
2026-04-01 23:59:00,BGK.01,VP SABANG TIMUR SIS,0.0,1.59,SAFE
2026-04-01 23:59:00,BGK.02,VP SABANG TIMUR SIS,0.0,18.92,SAFE
2026-04-02 06:20:01,BGR.01,ITABAL9,0.0,1.34,SAFE
2026-04-01 23:59:00,BJB.03,CSA BONTANG SIS,0.0,1.34,SAFE
2026-04-01 23:59:00,BJM.01,PITSTOP AMBON SIS,0.0,3.86,SAFE
2026-04-01 23:59:00,BJM.02,CSA BONTANG SIS,0.0,1.68,SAFE
2026-04-02 06:20:01,BKL.01,ITABAL8,0.0,58.33,SAFE
2026-04-02 06:20:01,BKL.02,ITABAL8,0.0,0.72,SAFE
2026-04-02 06:20:01,BNE.02,ITABAL8,0.0,1.52,SAFE
2026-04-02 06:20:01,BNE.03,ITABAL8,0.0,0.63,SAFE
2026-04-02 06:20:01,BNE.04,ITABAL8,0.0,0.55,SAFE
2026-04-01 23:59:00,BNY.03,CSA BONTANG SIS,0.0,0.97,SAFE
2026-04-01 23:59:00,BTG.03,CSA BONTANG SIS,0.0,9.36,SAFE
2026-04-01 23:59:00,BTG.04,CSA BONTANG SIS,0.0,175.0,SAFE
2026-04-01 23:59:00,FLR.02,CSA BONTANG SIS,0.0,0.75,SAFE
2026-04-02 06:20:01,JKT.01,ITABAL9,0.0,25.36,SAFE
2026-04-02 06:20:01,JKT.02,ITABAL9,0.0,7.78,SAFE
2026-04-02 06:20:01,JKT.03,ITABAL9,0.0,4.16,SAFE
2026-04-02 06:20:01,JKT.04,ITABAL9,0.0,1.17,SAFE
2026-04-02 06:20:01,JKT.05,ITABAL9,0.0,5.68,SAFE
2026-04-02 06:20:01,JKT.06,ITABAL9,0.0,7.45,SAFE
2026-04-02 06:20:01,JKT.07,ITABAL9,0.0,11.55,SAFE
2026-04-02 06:20:01,JKT.08,ITABAL9,0.0,4.26,SAFE
2026-04-02 06:20:01,JMB.01,ITABAL8,0.0,3.07,SAFE
2026-04-02 06:20:01,JMB.03,ITABAL8,0.0,1.02,SAFE
2026-04-02 06:20:01,JMB.04,ITABAL9,0.0,0.77,SAFE
2026-04-01 23:59:00,KRC.02,VP SABANG TIMUR SIS,0.0,1.04,SAFE
2026-04-02 06:20:01,KRC.03,ITABAL8,0.0,1.31,SAFE
2026-04-01 23:59:00,KRC.05,VP SABANG TIMUR SIS,0.0,1.93,SAFE
2026-04-01 23:59:00,KRC.07,VP SABANG TIMUR SIS,0.0,2.15,SAFE
2026-04-02 06:20:01,LHT.01,ITABAL8,0.0,5.84,SAFE
2026-04-02 06:20:01,LPG.01,ITABAL8,0.0,2.05,SAFE
2026-04-02 06:20:01,LPG.02,ITABAL8,0.0,12.03,SAFE
2026-04-02 06:20:01,LPG.03,ITABAL8,0.0,6.96,SAFE
2026-04-02 06:20:01,LPG.06,ITABAL8,0.0,6.69,SAFE
2026-04-02 06:20:01,LPG.07,ITABAL8,0.0,12.92,SAFE
2026-04-02 06:20:01,MDN.01,ITABAL8,0.0,3.37,SAFE
2026-04-02 06:20:01,MDN.02,ITABAL8,0.0,2.53,SAFE
2026-04-02 06:20:01,MDN.03,ITABAL8,0.0,7.25,SAFE
2026-04-02 06:20:01,MDN.04,ITABAL8,0.0,1.95,SAFE
2026-04-02 06:20:01,MIA.01,ITABAL9,0.0,1.22,SAFE
2026-04-02 06:20:01,MIA.02,ITABAL9,0.0,17.59,SAFE
2026-04-02 06:20:01,MIA.03,ITABAL9,0.0,4.28,SAFE
2026-04-01 23:59:00,MIA.04,PITSTOP AMBON SIS,0.0,2.31,SAFE
2026-04-02 06:20:01,MIA.05,ITABAL9,0.0,20.96,SAFE
2026-04-02 06:20:01,MIA.06,ITABAL9,0.0,1.16,SAFE
2026-04-01 23:59:00,MKS.01,CSA BONTANG SIS,0.0,0.72,SAFE
2026-04-01 23:59:00,MKS.02,PITSTOP AMBON SIS,0.0,1.06,SAFE
,MKS.03,ROM 13,0.0,8.2,SAFE
,MKS.04,ROM 13,0.0,3.08,SAFE
2026-04-01 23:59:00,MND.02,CSA BONTANG SIS,0.0,2.49,SAFE
2026-04-01 23:59:00,MRK.01,VP SABANG TIMUR SIS,0.0,1.65,SAFE
2026-04-01 23:59:00,MTM.01,PITSTOP AMBON SIS,0.0,1.64,SAFE
2026-04-01 23:59:00,MTP.01,PITSTOP AMBON SIS,0.0,1.01,SAFE
2026-04-01 23:59:00,MTR.01,VP SABANG TIMUR SIS,0.0,1.67,SAFE
2026-04-02 06:20:01,NIS.01,ITABAL8,0.0,0.57,SAFE
2026-04-02 06:20:01,NIS.02,ITABAL8,0.0,0.86,SAFE
2026-04-02 06:20:01,NIS.03,ITABAL8,0.0,1.03,SAFE
2026-04-02 06:20:01,PDG.01,ITABAL9,0.0,0.52,SAFE
2026-04-02 06:20:01,PLB.01,ITABAL8,0.0,1.87,SAFE
2026-04-02 06:20:01,PLB.02,ITABAL8,0.0,0.84,SAFE
2026-04-02 06:20:01,PLB.03,ITABAL8,0.0,2.0,SAFE
2026-04-02 06:20:01,PLB.04,ITABAL8,0.0,13.62,SAFE
2026-04-01 23:59:00,PLU.04,CSA BONTANG SIS,0.0,2.36,SAFE
2026-04-01 23:59:00,RIU.02,VP SABANG TIMUR SIS,0.0,0.61,SAFE
2026-04-01 23:59:00,RIU.04,VP SABANG TIMUR SIS,0.0,0.51,SAFE
2026-04-01 23:59:00,SBG.02,VP SABANG TIMUR SIS,0.0,1.91,SAFE
2026-04-01 23:59:00,SBG.03,VP SABANG TIMUR SIS,0.0,5.65,SAFE
2026-04-01 23:59:00,SBG.04,VP SABANG TIMUR SIS,0.0,0.63,SAFE
2026-04-01 23:59:00,SBG.05,VP SABANG TIMUR SIS,0.0,21.21,SAFE
2026-04-02 06:20:01,SBG.06,ITABAL8,0.0,14.52,SAFE
2026-04-01 23:59:00,SBG.08,VP SABANG TIMUR SIS,0.0,1.35,SAFE
2026-04-01 23:59:00,SBG.10,VP SABANG TIMUR SIS,0.0,2.05,SAFE
2026-04-01 23:59:00,SBG.11,VP SABANG TIMUR SIS,0.0,0.75,SAFE
2026-04-01 23:59:00,SGT.02,CSA BONTANG SIS,0.0,0.19,SAFE
2026-04-01 23:59:00,SMB.02,CSA BONTANG SIS,0.0,2.63,SAFE
2026-04-01 23:59:00,SMB.03,CSA BONTANG SIS,0.0,4.72,SAFE
2026-04-01 23:59:00,SNT.01,PITSTOP AMBON SIS,0.0,1.34,SAFE
2026-04-01 23:59:00,TJG.01,CSA BONTANG SIS,0.0,1.99,SAFE
2026-04-01 23:59:00,TJG.02,CSA BONTANG SIS,0.0,5.65,SAFE
2026-04-01 23:59:00,AMB.01,PITSTOP AMBON SIS,0.0,7.46,SAFE
2026-04-01 23:59:00,BDG.02,VP OB 1 SIS,0.0,19.31,SAFE
2026-04-01 23:59:00,BDG.03,VP OB 1 SIS,0.0,5.73,SAFE
2026-04-01 23:59:00,BDG.04,VP OB 1 SIS,0.0,1.07,SAFE
2026-04-02 07:00:10,BDG.05,ITABAL9,0.0,2.1,SAFE
2026-04-01 23:59:00,BGK.01,VP SABANG TIMUR SIS,0.0,1.59,SAFE
2026-04-01 23:59:00,BGK.02,VP SABANG TIMUR SIS,0.0,18.92,SAFE
2026-04-02 07:00:10,BGR.01,ITABAL9,0.0,1.34,SAFE
2026-04-01 23:59:00,BJB.03,CSA BONTANG SIS,0.0,1.34,SAFE
2026-04-01 23:59:00,BJM.01,PITSTOP AMBON SIS,0.0,3.86,SAFE
2026-04-01 23:59:00,BJM.02,CSA BONTANG SIS,0.0,1.68,SAFE
2026-04-02 07:00:10,BKL.01,ITABAL8,0.0,58.33,SAFE
2026-04-02 07:00:10,BKL.02,ITABAL8,0.0,0.72,SAFE
2026-04-02 07:00:10,BNE.02,ITABAL8,0.0,1.52,SAFE
2026-04-02 07:00:10,BNE.03,ITABAL8,0.0,0.63,SAFE
2026-04-02 07:00:10,BNE.04,ITABAL8,0.0,0.55,SAFE
2026-04-01 23:59:00,BNY.03,CSA BONTANG SIS,0.0,0.97,SAFE
2026-04-01 23:59:00,BTG.03,CSA BONTANG SIS,0.0,9.36,SAFE
2026-04-01 23:59:00,BTG.04,CSA BONTANG SIS,0.0,175.0,SAFE
2026-04-01 23:59:00,FLR.02,CSA BONTANG SIS,0.0,0.75,SAFE
2026-04-02 07:00:10,JKT.01,ITABAL9,0.0,25.36,SAFE
2026-04-02 07:00:10,JKT.02,ITABAL9,0.0,7.78,SAFE
2026-04-02 07:00:10,JKT.03,ITABAL9,0.0,4.16,SAFE
2026-04-02 07:00:10,JKT.04,ITABAL9,0.0,1.17,SAFE
2026-04-02 07:00:10,JKT.05,ITABAL9,0.0,5.68,SAFE
2026-04-02 07:00:10,JKT.06,ITABAL9,0.0,7.45,SAFE
2026-04-02 07:00:10,JKT.07,ITABAL9,0.0,11.55,SAFE
2026-04-02 07:00:10,JKT.08,ITABAL9,0.0,4.26,SAFE
2026-04-02 07:00:10,JMB.01,ITABAL8,0.0,3.07,SAFE
2026-04-02 07:00:10,JMB.03,ITABAL8,0.0,1.02,SAFE
2026-04-02 07:00:10,JMB.04,ITABAL9,0.0,0.77,SAFE
2026-04-01 23:59:00,KRC.02,VP SABANG TIMUR SIS,0.0,1.04,SAFE
2026-04-02 07:00:10,KRC.03,ITABAL8,0.0,1.31,SAFE
2026-04-01 23:59:00,KRC.05,VP SABANG TIMUR SIS,0.0,1.93,SAFE
2026-04-01 23:59:00,KRC.07,VP SABANG TIMUR SIS,0.0,2.15,SAFE
2026-04-02 07:00:10,LHT.01,ITABAL8,0.0,5.84,SAFE
2026-04-02 07:00:10,LPG.01,ITABAL8,0.0,2.05,SAFE
2026-04-02 07:00:10,LPG.02,ITABAL8,0.0,12.03,SAFE
2026-04-02 07:00:10,LPG.03,ITABAL8,0.0,6.96,SAFE
2026-04-02 07:00:10,LPG.06,ITABAL8,0.0,6.69,SAFE
2026-04-02 07:00:10,LPG.07,ITABAL8,0.0,12.92,SAFE
2026-04-02 07:00:10,MDN.01,ITABAL8,0.0,3.37,SAFE
2026-04-02 07:00:10,MDN.02,ITABAL8,0.0,2.53,SAFE
2026-04-02 07:00:10,MDN.03,ITABAL8,0.0,7.25,SAFE
2026-04-02 07:00:10,MDN.04,ITABAL8,0.0,1.95,SAFE
2026-04-02 07:00:10,MIA.01,ITABAL9,0.0,1.22,SAFE
2026-04-02 07:00:10,MIA.02,ITABAL9,0.0,17.59,SAFE
2026-04-02 07:00:10,MIA.03,ITABAL9,0.0,4.28,SAFE
2026-04-01 23:59:00,MIA.04,PITSTOP AMBON SIS,0.0,2.31,SAFE
2026-04-02 07:00:10,MIA.05,ITABAL9,0.0,20.96,SAFE
2026-04-02 07:00:10,MIA.06,ITABAL9,0.0,1.16,SAFE
2026-04-01 23:59:00,MKS.01,CSA BONTANG SIS,0.0,0.72,SAFE
2026-04-01 23:59:00,MKS.02,PITSTOP AMBON SIS,0.0,1.06,SAFE
,MKS.03,ROM 13,0.0,8.2,SAFE
,MKS.04,ROM 13,0.0,3.08,SAFE
2026-04-01 23:59:00,MND.02,CSA BONTANG SIS,0.0,2.49,SAFE
2026-04-01 23:59:00,MRK.01,VP SABANG TIMUR SIS,0.0,1.65,SAFE
2026-04-01 23:59:00,MTM.01,PITSTOP AMBON SIS,0.0,1.64,SAFE
2026-04-01 23:59:00,MTP.01,PITSTOP AMBON SIS,0.0,1.01,SAFE
2026-04-01 23:59:00,MTR.01,VP SABANG TIMUR SIS,0.0,1.67,SAFE
2026-04-02 07:00:10,NIS.01,ITABAL8,0.0,0.57,SAFE
2026-04-02 07:00:10,NIS.02,ITABAL8,0.0,0.86,SAFE
2026-04-02 07:00:10,NIS.03,ITABAL8,0.0,1.03,SAFE
2026-04-02 07:00:10,PDG.01,ITABAL9,0.0,0.52,SAFE
2026-04-02 07:00:10,PLB.01,ITABAL8,0.0,1.87,SAFE
2026-04-02 07:00:10,PLB.02,ITABAL8,0.0,0.84,SAFE
2026-04-02 07:00:10,PLB.03,ITABAL8,0.0,2.0,SAFE
2026-04-02 07:00:10,PLB.04,ITABAL8,0.0,13.62,SAFE
2026-04-01 23:59:00,PLU.04,CSA BONTANG SIS,0.0,2.36,SAFE
2026-04-01 23:59:00,RIU.02,VP SABANG TIMUR SIS,0.0,0.61,SAFE
2026-04-01 23:59:00,RIU.04,VP SABANG TIMUR SIS,0.0,0.51,SAFE
2026-04-01 23:59:00,SBG.02,VP SABANG TIMUR SIS,0.0,1.91,SAFE
2026-04-01 23:59:00,SBG.03,VP SABANG TIMUR SIS,0.0,5.65,SAFE
2026-04-01 23:59:00,SBG.04,VP SABANG TIMUR SIS,0.0,0.63,SAFE
2026-04-01 23:59:00,SBG.05,VP SABANG TIMUR SIS,0.0,21.21,SAFE
2026-04-02 07:00:10,SBG.06,ITABAL8,0.0,14.52,SAFE
2026-04-01 23:59:00,SBG.08,VP SABANG TIMUR SIS,0.0,1.35,SAFE
2026-04-01 23:59:00,SBG.10,VP SABANG TIMUR SIS,0.0,2.05,SAFE
2026-04-01 23:59:00,SBG.11,VP SABANG TIMUR SIS,0.0,0.75,SAFE
2026-04-01 23:59:00,SGT.02,CSA BONTANG SIS,0.0,0.19,SAFE
2026-04-01 23:59:00,SMB.02,CSA BONTANG SIS,0.0,2.63,SAFE
2026-04-01 23:59:00,SMB.03,CSA BONTANG SIS,0.0,4.72,SAFE
2026-04-01 23:59:00,SNT.01,PITSTOP AMBON SIS,0.0,1.34,SAFE
2026-04-01 23:59:00,TJG.01,CSA BONTANG SIS,0.0,1.99,SAFE
2026-04-01 23:59:00,TJG.02,CSA BONTANG SIS,0.0,5.65,SAFE
2026-04-01 23:59:00,AMB.01,PITSTOP AMBON SIS,0.0,7.46,SAFE
2026-04-01 23:59:00,BDG.02,VP OB 1 SIS,0.0,19.31,SAFE
2026-04-01 23:59:00,BDG.03,VP OB 1 SIS,0.0,5.73,SAFE
2026-04-01 23:59:00,BDG.04,VP OB 1 SIS,0.0,1.07,SAFE
2026-04-02 07:43:14,BDG.05,ITABAL9,0.0,2.1,SAFE
2026-04-01 23:59:00,BGK.01,VP SABANG TIMUR SIS,0.0,1.59,SAFE
2026-04-01 23:59:00,BGK.02,VP SABANG TIMUR SIS,0.0,18.92,SAFE
2026-04-02 07:43:14,BGR.01,ITABAL9,0.0,1.34,SAFE
2026-04-01 23:59:00,BJB.03,CSA BONTANG SIS,0.0,1.34,SAFE
2026-04-01 23:59:00,BJM.01,PITSTOP AMBON SIS,0.0,3.86,SAFE
2026-04-01 23:59:00,BJM.02,CSA BONTANG SIS,0.0,1.68,SAFE
2026-04-02 07:43:14,BKL.01,ITABAL8,0.0,58.33,SAFE
2026-04-02 07:43:14,BKL.02,ITABAL8,0.0,0.72,SAFE
2026-04-02 07:43:14,BNE.02,ITABAL8,0.0,1.52,SAFE
2026-04-02 07:43:14,BNE.03,ITABAL8,0.0,0.63,SAFE
2026-04-02 07:43:14,BNE.04,ITABAL8,0.0,0.55,SAFE
2026-04-01 23:59:00,BNY.03,CSA BONTANG SIS,0.0,0.97,SAFE
2026-04-01 23:59:00,BTG.03,CSA BONTANG SIS,0.0,9.36,SAFE
2026-04-01 23:59:00,BTG.04,CSA BONTANG SIS,0.0,175.0,SAFE
2026-04-01 23:59:00,FLR.02,CSA BONTANG SIS,0.0,0.75,SAFE
2026-04-02 07:43:14,JKT.01,ITABAL9,0.0,25.36,SAFE
2026-04-02 07:43:14,JKT.02,ITABAL9,0.0,7.78,SAFE
2026-04-02 07:43:14,JKT.03,ITABAL9,0.0,4.16,SAFE
2026-04-02 07:43:14,JKT.04,ITABAL9,0.0,1.17,SAFE
2026-04-02 07:43:14,JKT.05,ITABAL9,0.0,5.68,SAFE
2026-04-02 07:43:14,JKT.06,ITABAL9,0.0,7.45,SAFE
2026-04-02 07:43:14,JKT.07,ITABAL9,0.0,11.55,SAFE
2026-04-02 07:43:14,JKT.08,ITABAL9,0.0,4.26,SAFE
2026-04-02 07:43:14,JMB.01,ITABAL8,0.0,3.07,SAFE
2026-04-02 07:43:14,JMB.03,ITABAL8,0.0,1.02,SAFE
2026-04-02 07:43:14,JMB.04,ITABAL9,0.0,0.77,SAFE
2026-04-01 23:59:00,KRC.02,VP SABANG TIMUR SIS,0.0,1.04,SAFE
2026-04-02 07:43:14,KRC.03,ITABAL8,0.0,1.31,SAFE
2026-04-01 23:59:00,KRC.05,VP SABANG TIMUR SIS,0.0,1.93,SAFE
2026-04-01 23:59:00,KRC.07,VP SABANG TIMUR SIS,0.0,2.15,SAFE
2026-04-02 07:43:14,LHT.01,ITABAL8,0.0,5.84,SAFE
2026-04-02 07:43:14,LPG.01,ITABAL8,0.0,2.05,SAFE
2026-04-02 07:43:14,LPG.02,ITABAL8,0.0,12.03,SAFE
2026-04-02 07:43:14,LPG.03,ITABAL8,0.0,6.96,SAFE
2026-04-02 07:43:14,LPG.06,ITABAL8,0.0,6.69,SAFE
2026-04-02 07:43:14,LPG.07,ITABAL8,0.0,12.92,SAFE
2026-04-02 07:43:14,MDN.01,ITABAL8,0.0,3.37,SAFE
2026-04-02 07:43:14,MDN.02,ITABAL8,0.0,2.53,SAFE
2026-04-02 07:43:14,MDN.03,ITABAL8,0.0,7.25,SAFE
2026-04-02 07:43:14,MDN.04,ITABAL8,0.0,1.95,SAFE
2026-04-02 07:43:14,MIA.01,ITABAL9,0.0,1.22,SAFE
2026-04-02 07:43:14,MIA.02,ITABAL9,0.0,17.59,SAFE
2026-04-02 07:43:14,MIA.03,ITABAL9,0.0,4.28,SAFE
2026-04-01 23:59:00,MIA.04,PITSTOP AMBON SIS,0.0,2.31,SAFE
2026-04-02 07:43:14,MIA.05,ITABAL9,0.0,20.96,SAFE
2026-04-02 07:43:14,MIA.06,ITABAL9,0.0,1.16,SAFE
2026-04-01 23:59:00,MKS.01,CSA BONTANG SIS,0.0,0.72,SAFE
2026-04-01 23:59:00,MKS.02,PITSTOP AMBON SIS,0.0,1.06,SAFE
,MKS.03,ROM 13,0.0,8.2,SAFE
,MKS.04,ROM 13,0.0,3.08,SAFE
2026-04-01 23:59:00,MND.02,CSA BONTANG SIS,0.0,2.49,SAFE
2026-04-01 23:59:00,MRK.01,VP SABANG TIMUR SIS,0.0,1.65,SAFE
2026-04-01 23:59:00,MTM.01,PITSTOP AMBON SIS,0.0,1.64,SAFE
2026-04-01 23:59:00,MTP.01,PITSTOP AMBON SIS,0.0,1.01,SAFE
2026-04-01 23:59:00,MTR.01,VP SABANG TIMUR SIS,0.0,1.67,SAFE
2026-04-02 07:43:14,NIS.01,ITABAL8,0.0,0.57,SAFE
2026-04-02 07:43:14,NIS.02,ITABAL8,0.0,0.86,SAFE
2026-04-02 07:43:14,NIS.03,ITABAL8,0.0,1.03,SAFE
2026-04-02 07:43:14,PDG.01,ITABAL9,0.0,0.52,SAFE
2026-04-02 07:43:14,PLB.01,ITABAL8,0.0,1.87,SAFE
2026-04-02 07:43:14,PLB.02,ITABAL8,0.0,0.84,SAFE
2026-04-02 07:43:14,PLB.03,ITABAL8,0.0,2.0,SAFE
2026-04-02 07:43:14,PLB.04,ITABAL8,0.0,13.62,SAFE
2026-04-01 23:59:00,PLU.04,CSA BONTANG SIS,0.0,2.36,SAFE
2026-04-01 23:59:00,RIU.02,VP SABANG TIMUR SIS,0.0,0.61,SAFE
2026-04-01 23:59:00,RIU.04,VP SABANG TIMUR SIS,0.0,0.51,SAFE
2026-04-01 23:59:00,SBG.02,VP SABANG TIMUR SIS,0.0,1.91,SAFE
2026-04-01 23:59:00,SBG.03,VP SABANG TIMUR SIS,0.0,5.65,SAFE
2026-04-01 23:59:00,SBG.04,VP SABANG TIMUR SIS,0.0,0.63,SAFE
2026-04-01 23:59:00,SBG.05,VP SABANG TIMUR SIS,0.0,21.21,SAFE
2026-04-02 07:43:14,SBG.06,ITABAL8,0.0,14.52,SAFE
2026-04-01 23:59:00,SBG.08,VP SABANG TIMUR SIS,0.0,1.35,SAFE
2026-04-01 23:59:00,SBG.10,VP SABANG TIMUR SIS,0.0,2.05,SAFE
2026-04-01 23:59:00,SBG.11,VP SABANG TIMUR SIS,0.0,0.75,SAFE
2026-04-01 23:59:00,SGT.02,CSA BONTANG SIS,0.0,0.19,SAFE
2026-04-01 23:59:00,SMB.02,CSA BONTANG SIS,0.0,2.63,SAFE
2026-04-01 23:59:00,SMB.03,CSA BONTANG SIS,0.0,4.72,SAFE
2026-04-01 23:59:00,SNT.01,PITSTOP AMBON SIS,0.0,1.34,SAFE
2026-04-01 23:59:00,TJG.01,CSA BONTANG SIS,0.0,1.99,SAFE
2026-04-01 23:59:00,TJG.02,CSA BONTANG SIS,0.0,5.65,SAFE
2026-04-02 08:03:00,AMB.01,PITSTOP AMBON SIS,0.0,7.46,SAFE
2026-04-02 08:02:00,BDG.02,VP OB 1 SIS,0.0,19.31,SAFE
2026-04-02 08:02:00,BDG.03,VP OB 1 SIS,0.0,5.73,SAFE
2026-04-02 08:02:00,BDG.04,VP OB 1 SIS,0.0,1.07,SAFE
2026-04-02 08:02:31,BDG.05,ITABAL9,0.0,2.1,SAFE
2026-04-02 08:03:00,BGK.01,VP SABANG TIMUR SIS,0.0,1.59,SAFE
2026-04-02 08:03:00,BGK.02,VP SABANG TIMUR SIS,0.0,18.92,SAFE
2026-04-02 08:02:31,BGR.01,ITABAL9,0.0,1.34,SAFE
2026-04-02 08:03:00,BJB.03,CSA BONTANG SIS,0.0,1.34,SAFE
2026-04-02 08:03:00,BJM.01,PITSTOP AMBON SIS,0.0,3.86,SAFE
2026-04-02 08:03:00,BJM.02,CSA BONTANG SIS,0.0,1.68,SAFE
2026-04-02 08:02:31,BKL.01,ITABAL8,0.0,58.33,SAFE
2026-04-02 08:02:31,BKL.02,ITABAL8,0.0,0.72,SAFE
2026-04-02 08:02:31,BNE.02,ITABAL8,0.0,1.52,SAFE
2026-04-02 08:02:31,BNE.03,ITABAL8,0.0,0.63,SAFE
2026-04-02 08:02:31,BNE.04,ITABAL8,0.0,0.55,SAFE
2026-04-02 08:03:00,BNY.03,CSA BONTANG SIS,0.0,0.97,SAFE
2026-04-02 08:03:00,BTG.03,CSA BONTANG SIS,0.0,9.36,SAFE
2026-04-02 08:03:00,BTG.04,CSA BONTANG SIS,0.0,175.0,SAFE
2026-04-02 08:03:00,FLR.02,CSA BONTANG SIS,0.0,0.75,SAFE
2026-04-02 08:02:31,JKT.01,ITABAL9,0.0,25.36,SAFE
2026-04-02 08:02:31,JKT.02,ITABAL9,0.0,7.78,SAFE
2026-04-02 08:02:31,JKT.03,ITABAL9,0.0,4.16,SAFE
2026-04-02 08:02:31,JKT.04,ITABAL9,0.0,1.17,SAFE
2026-04-02 08:02:31,JKT.05,ITABAL9,0.0,5.68,SAFE
2026-04-02 08:02:31,JKT.06,ITABAL9,0.0,7.45,SAFE
2026-04-02 08:02:31,JKT.07,ITABAL9,0.0,11.55,SAFE
2026-04-02 08:02:31,JKT.08,ITABAL9,0.0,4.26,SAFE
2026-04-02 08:02:31,JMB.01,ITABAL8,0.0,3.07,SAFE
2026-04-02 08:02:31,JMB.03,ITABAL8,0.0,1.02,SAFE
2026-04-02 08:02:31,JMB.04,ITABAL9,0.0,0.77,SAFE
2026-04-02 08:03:00,KRC.02,VP SABANG TIMUR SIS,0.0,1.04,SAFE
2026-04-02 08:02:31,KRC.03,ITABAL8,0.0,1.31,SAFE
2026-04-02 08:03:00,KRC.05,VP SABANG TIMUR SIS,0.0,1.93,SAFE
2026-04-02 08:03:00,KRC.07,VP SABANG TIMUR SIS,0.0,2.15,SAFE
2026-04-02 08:02:31,LHT.01,ITABAL8,0.0,5.84,SAFE
2026-04-02 08:02:31,LPG.01,ITABAL8,0.0,2.05,SAFE
2026-04-02 08:02:31,LPG.02,ITABAL8,0.0,12.03,SAFE
2026-04-02 08:02:31,LPG.03,ITABAL8,0.0,6.96,SAFE
2026-04-02 08:02:31,LPG.06,ITABAL8,0.0,6.69,SAFE
2026-04-02 08:02:31,LPG.07,ITABAL8,0.0,12.92,SAFE
2026-04-02 08:02:31,MDN.01,ITABAL8,0.0,3.37,SAFE
2026-04-02 08:02:31,MDN.02,ITABAL8,0.0,2.53,SAFE
2026-04-02 08:02:31,MDN.03,ITABAL8,0.0,7.25,SAFE
2026-04-02 08:02:31,MDN.04,ITABAL8,0.0,1.95,SAFE
2026-04-02 08:02:31,MIA.01,ITABAL9,0.0,1.22,SAFE
2026-04-02 08:02:31,MIA.02,ITABAL9,0.0,17.59,SAFE
2026-04-02 08:02:31,MIA.03,ITABAL9,0.0,4.28,SAFE
2026-04-02 08:03:00,MIA.04,PITSTOP AMBON SIS,0.0,2.31,SAFE
2026-04-02 08:02:31,MIA.05,ITABAL9,0.0,20.96,SAFE
2026-04-02 08:02:31,MIA.06,ITABAL9,0.0,1.16,SAFE
2026-04-02 08:03:00,MKS.01,CSA BONTANG SIS,0.0,0.72,SAFE
2026-04-02 08:03:00,MKS.02,PITSTOP AMBON SIS,0.0,1.06,SAFE
,MKS.03,ROM 13,0.0,8.2,SAFE
,MKS.04,ROM 13,0.0,3.08,SAFE
2026-04-02 08:03:00,MND.02,CSA BONTANG SIS,0.0,2.49,SAFE
2026-04-02 08:03:00,MRK.01,VP SABANG TIMUR SIS,0.0,1.65,SAFE
2026-04-02 08:03:00,MTM.01,PITSTOP AMBON SIS,0.0,1.64,SAFE
2026-04-02 08:03:00,MTP.01,PITSTOP AMBON SIS,0.0,1.01,SAFE
2026-04-02 08:03:00,MTR.01,VP SABANG TIMUR SIS,0.0,1.67,SAFE
2026-04-02 08:02:31,NIS.01,ITABAL8,0.0,0.57,SAFE
2026-04-02 08:02:31,NIS.02,ITABAL8,0.0,0.86,SAFE
2026-04-02 08:02:31,NIS.03,ITABAL8,0.0,1.03,SAFE
2026-04-02 08:02:31,PDG.01,ITABAL9,0.0,0.52,SAFE
2026-04-02 08:02:31,PLB.01,ITABAL8,0.0,1.87,SAFE
2026-04-02 08:02:31,PLB.02,ITABAL8,0.0,0.84,SAFE
2026-04-02 08:02:31,PLB.03,ITABAL8,0.0,2.0,SAFE
2026-04-02 08:02:31,PLB.04,ITABAL8,0.0,13.62,SAFE
2026-04-02 08:03:00,PLU.04,CSA BONTANG SIS,0.0,2.36,SAFE
2026-04-02 08:03:00,RIU.02,VP SABANG TIMUR SIS,0.0,0.61,SAFE
2026-04-02 08:03:00,RIU.04,VP SABANG TIMUR SIS,0.0,0.51,SAFE
2026-04-02 08:03:00,SBG.02,VP SABANG TIMUR SIS,0.0,1.91,SAFE
2026-04-02 08:03:00,SBG.03,VP SABANG TIMUR SIS,0.0,5.65,SAFE
2026-04-02 08:03:00,SBG.04,VP SABANG TIMUR SIS,0.0,0.63,SAFE
2026-04-02 08:03:00,SBG.05,VP SABANG TIMUR SIS,0.0,21.21,SAFE
2026-04-02 08:02:31,SBG.06,ITABAL8,0.0,14.52,SAFE
2026-04-02 08:03:00,SBG.08,VP SABANG TIMUR SIS,0.0,1.35,SAFE
2026-04-02 08:03:00,SBG.10,VP SABANG TIMUR SIS,0.0,2.05,SAFE
2026-04-02 08:03:00,SBG.11,VP SABANG TIMUR SIS,0.0,0.75,SAFE
2026-04-02 08:03:00,SGT.02,CSA BONTANG SIS,0.0,0.19,SAFE
2026-04-02 08:03:00,SMB.02,CSA BONTANG SIS,0.0,2.63,SAFE
2026-04-02 08:03:00,SMB.03,CSA BONTANG SIS,0.0,4.72,SAFE
2026-04-02 08:03:00,SNT.01,PITSTOP AMBON SIS,0.0,1.34,SAFE
2026-04-02 08:03:00,TJG.01,CSA BONTANG SIS,0.0,1.99,SAFE
2026-04-02 08:03:00,TJG.02,CSA BONTANG SIS,0.0,5.65,SAFE
2026-04-02 11:20:00,AMB.01,PITSTOP AMBON SIS,0.0,7.46,SAFE
2026-04-02 11:19:00,BDG.02,VP OB 1 SIS,0.0,19.31,SAFE
2026-04-02 11:19:00,BDG.03,VP OB 1 SIS,0.0,5.73,SAFE
2026-04-02 11:19:00,BDG.04,VP OB 1 SIS,0.0,1.07,SAFE
2026-04-02 11:19:43,BDG.05,ITABAL9,0.0,2.1,SAFE
2026-04-02 11:20:00,BGK.01,VP SABANG TIMUR SIS,0.0,1.59,SAFE
2026-04-02 11:20:00,BGK.02,VP SABANG TIMUR SIS,0.0,18.92,SAFE
2026-04-02 11:19:43,BGR.01,ITABAL9,0.0,1.34,SAFE
2026-04-02 11:20:00,BJB.03,CSA BONTANG SIS,0.0,1.34,SAFE
2026-04-02 11:20:00,BJM.01,PITSTOP AMBON SIS,0.0,3.86,SAFE
2026-04-02 11:20:00,BJM.02,CSA BONTANG SIS,0.0,1.68,SAFE
2026-04-02 11:19:43,BKL.01,ITABAL8,0.0,58.33,SAFE
2026-04-02 11:19:43,BKL.02,ITABAL8,0.0,0.72,SAFE
2026-04-02 11:19:43,BNE.02,ITABAL8,0.0,1.52,SAFE
2026-04-02 11:19:43,BNE.03,ITABAL8,0.0,0.63,SAFE
2026-04-02 11:19:43,BNE.04,ITABAL8,0.0,0.55,SAFE
2026-04-02 11:20:00,BNY.03,CSA BONTANG SIS,0.0,0.97,SAFE
2026-04-02 11:20:00,BTG.03,CSA BONTANG SIS,0.0,9.36,SAFE
2026-04-02 11:20:00,BTG.04,CSA BONTANG SIS,0.0,175.0,SAFE
2026-04-02 11:20:00,FLR.02,CSA BONTANG SIS,0.0,0.75,SAFE
2026-04-02 11:19:43,JKT.01,ITABAL9,0.0,25.36,SAFE
2026-04-02 11:19:43,JKT.02,ITABAL9,0.0,7.78,SAFE
2026-04-02 11:19:43,JKT.03,ITABAL9,0.0,4.16,SAFE
2026-04-02 11:19:43,JKT.04,ITABAL9,0.0,1.17,SAFE
2026-04-02 11:19:43,JKT.05,ITABAL9,0.0,5.68,SAFE
2026-04-02 11:19:43,JKT.06,ITABAL9,0.0,7.45,SAFE
2026-04-02 11:19:43,JKT.07,ITABAL9,0.0,11.55,SAFE
2026-04-02 11:19:43,JKT.08,ITABAL9,0.0,4.26,SAFE
2026-04-02 11:19:43,JMB.01,ITABAL8,0.0,3.07,SAFE
2026-04-02 11:19:43,JMB.03,ITABAL8,0.0,1.02,SAFE
2026-04-02 11:19:43,JMB.04,ITABAL9,0.0,0.77,SAFE
2026-04-02 11:20:00,KRC.02,VP SABANG TIMUR SIS,0.0,1.04,SAFE
2026-04-02 11:19:43,KRC.03,ITABAL8,0.0,1.31,SAFE
2026-04-02 11:20:00,KRC.05,VP SABANG TIMUR SIS,0.0,1.93,SAFE
2026-04-02 11:20:00,KRC.07,VP SABANG TIMUR SIS,0.0,2.15,SAFE
2026-04-02 11:19:43,LHT.01,ITABAL8,0.0,5.84,SAFE
2026-04-02 11:19:43,LPG.01,ITABAL8,0.0,2.05,SAFE
2026-04-02 11:19:43,LPG.02,ITABAL8,0.0,12.03,SAFE
2026-04-02 11:19:43,LPG.03,ITABAL8,0.0,6.96,SAFE
2026-04-02 11:19:43,LPG.06,ITABAL8,0.0,6.69,SAFE
2026-04-02 11:19:43,LPG.07,ITABAL8,0.0,12.92,SAFE
2026-04-02 11:19:43,MDN.01,ITABAL8,0.0,3.37,SAFE
2026-04-02 11:19:43,MDN.02,ITABAL8,0.0,2.53,SAFE
2026-04-02 11:19:43,MDN.03,ITABAL8,0.0,7.25,SAFE
2026-04-02 11:19:43,MDN.04,ITABAL8,0.0,1.95,SAFE
2026-04-02 11:19:43,MIA.01,ITABAL9,0.0,1.22,SAFE
2026-04-02 11:19:43,MIA.02,ITABAL9,0.0,17.59,SAFE
2026-04-02 11:19:43,MIA.03,ITABAL9,0.0,4.28,SAFE
2026-04-02 11:20:00,MIA.04,PITSTOP AMBON SIS,0.0,2.31,SAFE
2026-04-02 11:19:43,MIA.05,ITABAL9,0.0,20.96,SAFE
2026-04-02 11:19:43,MIA.06,ITABAL9,0.0,1.16,SAFE
2026-04-02 11:20:00,MKS.01,CSA BONTANG SIS,0.0,0.72,SAFE
2026-04-02 11:20:00,MKS.02,PITSTOP AMBON SIS,0.0,1.06,SAFE
,MKS.03,ROM 13,0.0,8.2,SAFE
,MKS.04,ROM 13,0.0,3.08,SAFE
2026-04-02 11:20:00,MND.02,CSA BONTANG SIS,0.0,2.49,SAFE
2026-04-02 11:20:00,MRK.01,VP SABANG TIMUR SIS,0.0,1.65,SAFE
2026-04-02 11:20:00,MTM.01,PITSTOP AMBON SIS,0.0,1.64,SAFE
2026-04-02 11:20:00,MTP.01,PITSTOP AMBON SIS,0.0,1.01,SAFE
2026-04-02 11:20:00,MTR.01,VP SABANG TIMUR SIS,0.0,1.67,SAFE
2026-04-02 11:19:43,NIS.01,ITABAL8,0.0,0.57,SAFE
2026-04-02 11:19:43,NIS.02,ITABAL8,0.0,0.86,SAFE
2026-04-02 11:19:43,NIS.03,ITABAL8,0.0,1.03,SAFE
2026-04-02 11:19:43,PDG.01,ITABAL9,0.0,0.52,SAFE
2026-04-02 11:19:43,PLB.01,ITABAL8,0.0,1.87,SAFE
2026-04-02 11:19:43,PLB.02,ITABAL8,0.0,0.84,SAFE
2026-04-02 11:19:43,PLB.03,ITABAL8,0.0,2.0,SAFE
2026-04-02 11:19:43,PLB.04,ITABAL8,0.0,13.62,SAFE
2026-04-02 11:20:00,PLU.04,CSA BONTANG SIS,0.0,2.36,SAFE
2026-04-02 11:20:00,RIU.02,VP SABANG TIMUR SIS,0.0,0.61,SAFE
2026-04-02 11:20:00,RIU.04,VP SABANG TIMUR SIS,0.0,0.51,SAFE
2026-04-02 11:20:00,SBG.02,VP SABANG TIMUR SIS,0.0,1.91,SAFE
2026-04-02 11:20:00,SBG.03,VP SABANG TIMUR SIS,0.0,5.65,SAFE
2026-04-02 11:20:00,SBG.04,VP SABANG TIMUR SIS,0.0,0.63,SAFE
2026-04-02 11:20:00,SBG.05,VP SABANG TIMUR SIS,0.0,21.21,SAFE
2026-04-02 11:19:43,SBG.06,ITABAL8,0.0,14.52,SAFE
2026-04-02 11:20:00,SBG.08,VP SABANG TIMUR SIS,0.0,1.35,SAFE
2026-04-02 11:20:00,SBG.10,VP SABANG TIMUR SIS,0.0,2.05,SAFE
2026-04-02 11:20:00,SBG.11,VP SABANG TIMUR SIS,0.0,0.75,SAFE
2026-04-02 11:20:00,SGT.02,CSA BONTANG SIS,0.0,0.19,SAFE
2026-04-02 11:20:00,SMB.02,CSA BONTANG SIS,0.0,2.63,SAFE
2026-04-02 11:20:00,SMB.03,CSA BONTANG SIS,0.0,4.72,SAFE
2026-04-02 11:20:00,SNT.01,PITSTOP AMBON SIS,0.0,1.34,SAFE
2026-04-02 11:20:00,TJG.01,CSA BONTANG SIS,0.0,1.99,SAFE
2026-04-02 11:20:00,TJG.02,CSA BONTANG SIS,0.0,5.65,SAFE
2026-04-02 13:17:00,AMB.01,PITSTOP AMBON SIS,0.0,7.46,SAFE
2026-04-02 13:15:00,BDG.02,VP OB 1 SIS,0.0,19.31,SAFE
2026-04-02 13:15:00,BDG.03,VP OB 1 SIS,0.0,5.73,SAFE
2026-04-02 13:15:00,BDG.04,VP OB 1 SIS,0.0,1.07,SAFE
2026-04-02 13:15:51,BDG.05,ITABAL9,0.0,2.1,SAFE
2026-04-02 13:16:00,BGK.01,VP SABANG TIMUR SIS,0.0,1.59,SAFE
2026-04-02 13:16:00,BGK.02,VP SABANG TIMUR SIS,0.0,18.92,SAFE
2026-04-02 13:15:51,BGR.01,ITABAL9,0.0,1.34,SAFE
2026-04-02 13:16:00,BJB.03,CSA BONTANG SIS,0.0,1.34,SAFE
2026-04-02 13:17:00,BJM.01,PITSTOP AMBON SIS,0.0,3.86,SAFE
2026-04-02 13:16:00,BJM.02,CSA BONTANG SIS,0.0,1.68,SAFE
2026-04-02 13:15:51,BKL.01,ITABAL8,0.0,58.33,SAFE
2026-04-02 13:15:51,BKL.02,ITABAL8,0.0,0.72,SAFE
2026-04-02 13:15:51,BNE.02,ITABAL8,0.0,1.52,SAFE
2026-04-02 13:15:51,BNE.03,ITABAL8,0.0,0.63,SAFE
2026-04-02 13:15:51,BNE.04,ITABAL8,0.0,0.55,SAFE
2026-04-02 13:16:00,BNY.03,CSA BONTANG SIS,0.0,0.97,SAFE
2026-04-02 13:16:00,BTG.03,CSA BONTANG SIS,0.0,9.36,SAFE
2026-04-02 13:16:00,BTG.04,CSA BONTANG SIS,0.0,175.0,SAFE
2026-04-02 13:16:00,FLR.02,CSA BONTANG SIS,0.0,0.75,SAFE
2026-04-02 13:15:51,JKT.01,ITABAL9,0.0,25.36,SAFE
2026-04-02 13:15:51,JKT.02,ITABAL9,0.0,7.78,SAFE
2026-04-02 13:15:51,JKT.03,ITABAL9,0.0,4.16,SAFE
2026-04-02 13:15:51,JKT.04,ITABAL9,0.0,1.17,SAFE
2026-04-02 13:15:51,JKT.05,ITABAL9,0.0,5.68,SAFE
2026-04-02 13:15:51,JKT.06,ITABAL9,0.0,7.45,SAFE
2026-04-02 13:15:51,JKT.07,ITABAL9,0.0,11.55,SAFE
2026-04-02 13:15:51,JKT.08,ITABAL9,0.0,4.26,SAFE
2026-04-02 13:15:51,JMB.01,ITABAL8,0.0,3.07,SAFE
2026-04-02 13:15:51,JMB.03,ITABAL8,0.0,1.02,SAFE
2026-04-02 13:15:51,JMB.04,ITABAL9,0.0,0.77,SAFE
2026-04-02 13:16:00,KRC.02,VP SABANG TIMUR SIS,0.0,1.04,SAFE
2026-04-02 13:15:51,KRC.03,ITABAL8,0.0,1.31,SAFE
2026-04-02 13:16:00,KRC.05,VP SABANG TIMUR SIS,0.0,1.93,SAFE
2026-04-02 13:16:00,KRC.07,VP SABANG TIMUR SIS,0.0,2.15,SAFE
2026-04-02 13:15:51,LHT.01,ITABAL8,0.0,5.84,SAFE
2026-04-02 13:15:51,LPG.01,ITABAL8,0.0,2.05,SAFE
2026-04-02 13:15:51,LPG.02,ITABAL8,0.0,12.03,SAFE
2026-04-02 13:15:51,LPG.03,ITABAL8,0.0,6.96,SAFE
2026-04-02 13:15:51,LPG.06,ITABAL8,0.0,6.69,SAFE
2026-04-02 13:15:51,LPG.07,ITABAL8,0.0,12.92,SAFE
2026-04-02 13:15:51,MDN.01,ITABAL8,0.0,3.37,SAFE
2026-04-02 13:15:51,MDN.02,ITABAL8,0.0,2.53,SAFE
2026-04-02 13:15:51,MDN.03,ITABAL8,0.0,7.25,SAFE
2026-04-02 13:15:51,MDN.04,ITABAL8,0.0,1.95,SAFE
2026-04-02 13:15:51,MIA.01,ITABAL9,0.0,1.22,SAFE
2026-04-02 13:15:51,MIA.02,ITABAL9,0.0,17.59,SAFE
2026-04-02 13:15:51,MIA.03,ITABAL9,0.0,4.28,SAFE
2026-04-02 13:17:00,MIA.04,PITSTOP AMBON SIS,0.0,2.31,SAFE
2026-04-02 13:15:51,MIA.05,ITABAL9,0.0,20.96,SAFE
2026-04-02 13:15:51,MIA.06,ITABAL9,0.0,1.16,SAFE
2026-04-02 13:16:00,MKS.01,CSA BONTANG SIS,0.0,0.72,SAFE
2026-04-02 13:17:00,MKS.02,PITSTOP AMBON SIS,0.0,1.06,SAFE
,MKS.03,ROM 13,0.0,8.2,SAFE
,MKS.04,ROM 13,0.0,3.08,SAFE
2026-04-02 13:16:00,MND.02,CSA BONTANG SIS,0.0,2.49,SAFE
2026-04-02 13:16:00,MRK.01,VP SABANG TIMUR SIS,0.0,1.65,SAFE
2026-04-02 13:17:00,MTM.01,PITSTOP AMBON SIS,0.0,1.64,SAFE
2026-04-02 13:17:00,MTP.01,PITSTOP AMBON SIS,0.0,1.01,SAFE
2026-04-02 13:16:00,MTR.01,VP SABANG TIMUR SIS,0.0,1.67,SAFE
2026-04-02 13:15:51,NIS.01,ITABAL8,0.0,0.57,SAFE
2026-04-02 13:15:51,NIS.02,ITABAL8,0.0,0.86,SAFE
2026-04-02 13:15:51,NIS.03,ITABAL8,0.0,1.03,SAFE
2026-04-02 13:15:51,PDG.01,ITABAL9,0.0,0.52,SAFE
2026-04-02 13:15:51,PLB.01,ITABAL8,0.0,1.87,SAFE
2026-04-02 13:15:51,PLB.02,ITABAL8,0.0,0.84,SAFE
2026-04-02 13:15:51,PLB.03,ITABAL8,0.0,2.0,SAFE
2026-04-02 13:15:51,PLB.04,ITABAL8,0.0,13.62,SAFE
2026-04-02 13:16:00,PLU.04,CSA BONTANG SIS,0.0,2.36,SAFE
2026-04-02 13:16:00,RIU.02,VP SABANG TIMUR SIS,0.0,0.61,SAFE
2026-04-02 13:16:00,RIU.04,VP SABANG TIMUR SIS,0.0,0.51,SAFE
2026-04-02 13:16:00,SBG.02,VP SABANG TIMUR SIS,0.0,1.91,SAFE
2026-04-02 13:16:00,SBG.03,VP SABANG TIMUR SIS,0.0,5.65,SAFE
2026-04-02 13:16:00,SBG.04,VP SABANG TIMUR SIS,0.0,0.63,SAFE
2026-04-02 13:16:00,SBG.05,VP SABANG TIMUR SIS,0.0,21.21,SAFE
2026-04-02 13:15:51,SBG.06,ITABAL8,0.0,14.52,SAFE
2026-04-02 13:16:00,SBG.08,VP SABANG TIMUR SIS,0.0,1.35,SAFE
2026-04-02 13:16:00,SBG.10,VP SABANG TIMUR SIS,0.0,2.05,SAFE
2026-04-02 13:16:00,SBG.11,VP SABANG TIMUR SIS,0.0,0.75,SAFE
2026-04-02 13:16:00,SGT.02,CSA BONTANG SIS,0.0,0.19,SAFE
2026-04-02 13:16:00,SMB.02,CSA BONTANG SIS,0.0,2.63,SAFE
2026-04-02 13:16:00,SMB.03,CSA BONTANG SIS,0.0,4.72,SAFE
2026-04-02 13:17:00,SNT.01,PITSTOP AMBON SIS,0.0,1.34,SAFE
2026-04-02 13:16:00,TJG.01,CSA BONTANG SIS,0.0,1.99,SAFE
2026-04-02 13:16:00,TJG.02,CSA BONTANG SIS,0.0,5.65,SAFE
2026-04-02 14:42:00,AMB.01,PITSTOP AMBON SIS,0.0,7.46,SAFE
2026-04-02 14:41:00,BDG.02,VP OB 1 SIS,0.0,19.31,SAFE
2026-04-02 14:41:00,BDG.03,VP OB 1 SIS,0.0,5.73,SAFE
2026-04-02 14:41:00,BDG.04,VP OB 1 SIS,0.0,1.07,SAFE
2026-04-02 14:41:15,BDG.05,ITABAL9,0.0,2.1,SAFE
2026-04-02 14:41:00,BGK.01,VP SABANG TIMUR SIS,0.0,1.59,SAFE
2026-04-02 14:41:00,BGK.02,VP SABANG TIMUR SIS,0.0,18.92,SAFE
2026-04-02 14:41:15,BGR.01,ITABAL9,0.0,1.34,SAFE
2026-04-02 14:41:00,BJB.03,CSA BONTANG SIS,0.0,1.34,SAFE
2026-04-02 14:42:00,BJM.01,PITSTOP AMBON SIS,0.0,3.86,SAFE
2026-04-02 14:41:00,BJM.02,CSA BONTANG SIS,0.0,1.68,SAFE
2026-04-02 14:41:15,BKL.01,ITABAL8,0.0,58.33,SAFE
2026-04-02 14:41:15,BKL.02,ITABAL8,0.0,0.72,SAFE
2026-04-02 14:41:15,BNE.02,ITABAL8,0.0,1.52,SAFE
2026-04-02 14:41:15,BNE.03,ITABAL8,0.0,0.63,SAFE
2026-04-02 14:41:15,BNE.04,ITABAL8,0.0,0.55,SAFE
2026-04-02 14:41:00,BNY.03,CSA BONTANG SIS,0.0,0.97,SAFE
2026-04-02 14:41:00,BTG.03,CSA BONTANG SIS,0.0,9.36,SAFE
2026-04-02 14:41:00,BTG.04,CSA BONTANG SIS,0.0,175.0,SAFE
2026-04-02 14:41:00,FLR.02,CSA BONTANG SIS,0.0,0.75,SAFE
2026-04-02 14:41:15,JKT.01,ITABAL9,0.0,25.36,SAFE
2026-04-02 14:41:15,JKT.02,ITABAL9,0.0,7.78,SAFE
2026-04-02 14:41:15,JKT.03,ITABAL9,0.0,4.16,SAFE
2026-04-02 14:41:15,JKT.04,ITABAL9,0.0,1.17,SAFE
2026-04-02 14:41:15,JKT.05,ITABAL9,0.0,5.68,SAFE
2026-04-02 14:41:15,JKT.06,ITABAL9,0.0,7.45,SAFE
2026-04-02 14:41:15,JKT.07,ITABAL9,0.0,11.55,SAFE
2026-04-02 14:41:15,JKT.08,ITABAL9,0.0,4.26,SAFE
2026-04-02 14:41:15,JMB.01,ITABAL8,0.0,3.07,SAFE
2026-04-02 14:41:15,JMB.03,ITABAL8,0.0,1.02,SAFE
2026-04-02 14:41:15,JMB.04,ITABAL9,0.0,0.77,SAFE
2026-04-02 14:41:00,KRC.02,VP SABANG TIMUR SIS,0.0,1.04,SAFE
2026-04-02 14:41:15,KRC.03,ITABAL8,0.0,1.31,SAFE
2026-04-02 14:41:00,KRC.05,VP SABANG TIMUR SIS,0.0,1.93,SAFE
2026-04-02 14:41:00,KRC.07,VP SABANG TIMUR SIS,0.0,2.15,SAFE
2026-04-02 14:41:15,LHT.01,ITABAL8,0.0,5.84,SAFE
2026-04-02 14:41:15,LPG.01,ITABAL8,0.0,2.05,SAFE
2026-04-02 14:41:15,LPG.02,ITABAL8,0.0,12.03,SAFE
2026-04-02 14:41:15,LPG.03,ITABAL8,0.0,6.96,SAFE
2026-04-02 14:41:15,LPG.06,ITABAL8,0.0,6.69,SAFE
2026-04-02 14:41:15,LPG.07,ITABAL8,0.0,12.92,SAFE
2026-04-02 14:41:15,MDN.01,ITABAL8,0.0,3.37,SAFE
2026-04-02 14:41:15,MDN.02,ITABAL8,0.0,2.53,SAFE
2026-04-02 14:41:15,MDN.03,ITABAL8,0.0,7.25,SAFE
2026-04-02 14:41:15,MDN.04,ITABAL8,0.0,1.95,SAFE
2026-04-02 14:41:15,MIA.01,ITABAL9,0.0,1.22,SAFE
2026-04-02 14:41:15,MIA.02,ITABAL9,0.0,17.59,SAFE
2026-04-02 14:41:15,MIA.03,ITABAL9,0.0,4.28,SAFE
2026-04-02 14:42:00,MIA.04,PITSTOP AMBON SIS,0.0,2.31,SAFE
2026-04-02 14:41:15,MIA.05,ITABAL9,0.0,20.96,SAFE
2026-04-02 14:41:15,MIA.06,ITABAL9,0.0,1.16,SAFE
2026-04-02 14:41:00,MKS.01,CSA BONTANG SIS,0.0,0.72,SAFE
2026-04-02 14:42:00,MKS.02,PITSTOP AMBON SIS,0.0,1.06,SAFE
,MKS.03,ROM 13,0.0,8.2,SAFE
,MKS.04,ROM 13,0.0,3.08,SAFE
2026-04-02 14:41:00,MND.02,CSA BONTANG SIS,0.0,2.49,SAFE
2026-04-02 14:41:00,MRK.01,VP SABANG TIMUR SIS,0.0,1.65,SAFE
2026-04-02 14:42:00,MTM.01,PITSTOP AMBON SIS,0.0,1.64,SAFE
2026-04-02 14:42:00,MTP.01,PITSTOP AMBON SIS,0.0,1.01,SAFE
2026-04-02 14:41:00,MTR.01,VP SABANG TIMUR SIS,0.0,1.67,SAFE
2026-04-02 14:41:15,NIS.01,ITABAL8,0.0,0.57,SAFE
2026-04-02 14:41:15,NIS.02,ITABAL8,0.0,0.86,SAFE
2026-04-02 14:41:15,NIS.03,ITABAL8,0.0,1.03,SAFE
2026-04-02 14:41:15,PDG.01,ITABAL9,0.0,0.52,SAFE
2026-04-02 14:41:15,PLB.01,ITABAL8,0.0,1.87,SAFE
2026-04-02 14:41:15,PLB.02,ITABAL8,0.0,0.84,SAFE
2026-04-02 14:41:15,PLB.03,ITABAL8,0.0,2.0,SAFE
2026-04-02 14:41:15,PLB.04,ITABAL8,0.0,13.62,SAFE
2026-04-02 14:41:00,PLU.04,CSA BONTANG SIS,0.0,2.36,SAFE
2026-04-02 14:41:00,RIU.02,VP SABANG TIMUR SIS,0.0,0.61,SAFE
2026-04-02 14:41:00,RIU.04,VP SABANG TIMUR SIS,0.0,0.51,SAFE
2026-04-02 14:41:00,SBG.02,VP SABANG TIMUR SIS,0.0,1.91,SAFE
2026-04-02 14:41:00,SBG.03,VP SABANG TIMUR SIS,0.0,5.65,SAFE
2026-04-02 14:41:00,SBG.04,VP SABANG TIMUR SIS,0.0,0.63,SAFE
2026-04-02 14:41:00,SBG.05,VP SABANG TIMUR SIS,0.0,21.21,SAFE
2026-04-02 14:41:15,SBG.06,ITABAL8,0.0,14.52,SAFE
2026-04-02 14:41:00,SBG.08,VP SABANG TIMUR SIS,0.0,1.35,SAFE
2026-04-02 14:41:00,SBG.10,VP SABANG TIMUR SIS,0.0,2.05,SAFE
2026-04-02 14:41:00,SBG.11,VP SABANG TIMUR SIS,0.0,0.75,SAFE
2026-04-02 14:41:00,SGT.02,CSA BONTANG SIS,0.0,0.19,SAFE
2026-04-02 14:41:00,SMB.02,CSA BONTANG SIS,0.0,2.63,SAFE
2026-04-02 14:41:00,SMB.03,CSA BONTANG SIS,0.0,4.72,SAFE
2026-04-02 14:42:00,SNT.01,PITSTOP AMBON SIS,0.0,1.34,SAFE
2026-04-02 14:41:00,TJG.01,CSA BONTANG SIS,0.0,1.99,SAFE
2026-04-02 14:41:00,TJG.02,CSA BONTANG SIS,0.0,5.65,SAFE
2026-04-02 15:50:00,AMB.01,PITSTOP AMBON SIS,0.0,7.46,SAFE
2026-04-02 15:49:00,BDG.02,VP OB 1 SIS,0.0,19.31,SAFE
2026-04-02 15:49:00,BDG.03,VP OB 1 SIS,0.0,5.73,SAFE
2026-04-02 15:49:00,BDG.04,VP OB 1 SIS,0.0,1.07,SAFE
2026-04-02 15:49:41,BDG.05,ITABAL9,0.0,2.1,SAFE
2026-04-02 15:50:00,BGK.01,VP SABANG TIMUR SIS,0.0,1.59,SAFE
2026-04-02 15:50:00,BGK.02,VP SABANG TIMUR SIS,0.0,18.92,SAFE
2026-04-02 15:49:41,BGR.01,ITABAL9,0.0,1.34,SAFE
2026-04-02 15:50:00,BJB.03,CSA BONTANG SIS,0.0,1.34,SAFE
2026-04-02 15:50:00,BJM.01,PITSTOP AMBON SIS,0.0,3.86,SAFE
2026-04-02 15:50:00,BJM.02,CSA BONTANG SIS,0.0,1.68,SAFE
2026-04-02 15:49:41,BKL.01,ITABAL8,0.0,58.33,SAFE
2026-04-02 15:49:41,BKL.02,ITABAL8,0.0,0.72,SAFE
2026-04-02 15:49:41,BNE.02,ITABAL8,0.0,1.52,SAFE
2026-04-02 15:49:41,BNE.03,ITABAL8,0.0,0.63,SAFE
2026-04-02 15:49:41,BNE.04,ITABAL8,0.0,0.55,SAFE
2026-04-02 15:50:00,BNY.03,CSA BONTANG SIS,0.0,0.97,SAFE
2026-04-02 15:50:00,BTG.03,CSA BONTANG SIS,0.0,9.36,SAFE
2026-04-02 15:50:00,BTG.04,CSA BONTANG SIS,0.0,175.0,SAFE
2026-04-02 15:50:00,FLR.02,CSA BONTANG SIS,0.0,0.75,SAFE
2026-04-02 15:49:41,JKT.01,ITABAL9,0.0,25.36,SAFE
2026-04-02 15:49:41,JKT.02,ITABAL9,0.0,7.78,SAFE
2026-04-02 15:49:41,JKT.03,ITABAL9,0.0,4.16,SAFE
2026-04-02 15:49:41,JKT.04,ITABAL9,0.0,1.17,SAFE
2026-04-02 15:49:41,JKT.05,ITABAL9,0.0,5.68,SAFE
2026-04-02 15:49:41,JKT.06,ITABAL9,0.0,7.45,SAFE
2026-04-02 15:49:41,JKT.07,ITABAL9,0.0,11.55,SAFE
2026-04-02 15:49:41,JKT.08,ITABAL9,0.0,4.26,SAFE
2026-04-02 15:49:41,JMB.01,ITABAL8,0.0,3.07,SAFE
2026-04-02 15:49:41,JMB.03,ITABAL8,0.0,1.02,SAFE
2026-04-02 15:49:41,JMB.04,ITABAL9,0.0,0.77,SAFE
2026-04-02 15:50:00,KRC.02,VP SABANG TIMUR SIS,0.0,1.04,SAFE
2026-04-02 15:49:41,KRC.03,ITABAL8,0.0,1.31,SAFE
2026-04-02 15:50:00,KRC.05,VP SABANG TIMUR SIS,0.0,1.93,SAFE
2026-04-02 15:50:00,KRC.07,VP SABANG TIMUR SIS,0.0,2.15,SAFE
2026-04-02 15:49:41,LHT.01,ITABAL8,0.0,5.84,SAFE
2026-04-02 15:49:41,LPG.01,ITABAL8,0.0,2.05,SAFE
2026-04-02 15:49:41,LPG.02,ITABAL8,0.0,12.03,SAFE
2026-04-02 15:49:41,LPG.03,ITABAL8,0.0,6.96,SAFE
2026-04-02 15:49:41,LPG.06,ITABAL8,0.0,6.69,SAFE
2026-04-02 15:49:41,LPG.07,ITABAL8,0.0,12.92,SAFE
2026-04-02 15:49:41,MDN.01,ITABAL8,0.0,3.37,SAFE
2026-04-02 15:49:41,MDN.02,ITABAL8,0.0,2.53,SAFE
2026-04-02 15:49:41,MDN.03,ITABAL8,0.0,7.25,SAFE
2026-04-02 15:49:41,MDN.04,ITABAL8,0.0,1.95,SAFE
2026-04-02 15:49:41,MIA.01,ITABAL9,0.0,1.22,SAFE
2026-04-02 15:49:41,MIA.02,ITABAL9,0.0,17.59,SAFE
2026-04-02 15:49:41,MIA.03,ITABAL9,0.0,4.28,SAFE
2026-04-02 15:50:00,MIA.04,PITSTOP AMBON SIS,0.0,2.31,SAFE
2026-04-02 15:49:41,MIA.05,ITABAL9,0.0,20.96,SAFE
2026-04-02 15:49:41,MIA.06,ITABAL9,0.0,1.16,SAFE
2026-04-02 15:50:00,MKS.01,CSA BONTANG SIS,0.0,0.72,SAFE
2026-04-02 15:50:00,MKS.02,PITSTOP AMBON SIS,0.0,1.06,SAFE
,MKS.03,ROM 13,0.0,8.2,SAFE
,MKS.04,ROM 13,0.0,3.08,SAFE
2026-04-02 15:50:00,MND.02,CSA BONTANG SIS,0.0,2.49,SAFE
2026-04-02 15:50:00,MRK.01,VP SABANG TIMUR SIS,0.0,1.65,SAFE
2026-04-02 15:50:00,MTM.01,PITSTOP AMBON SIS,0.0,1.64,SAFE
2026-04-02 15:50:00,MTP.01,PITSTOP AMBON SIS,0.0,1.01,SAFE
2026-04-02 15:50:00,MTR.01,VP SABANG TIMUR SIS,0.0,1.67,SAFE
2026-04-02 15:49:41,NIS.01,ITABAL8,0.0,0.57,SAFE
2026-04-02 15:49:41,NIS.02,ITABAL8,0.0,0.86,SAFE
2026-04-02 15:49:41,NIS.03,ITABAL8,0.0,1.03,SAFE
2026-04-02 15:49:41,PDG.01,ITABAL9,0.0,0.52,SAFE
2026-04-02 15:49:41,PLB.01,ITABAL8,0.0,1.87,SAFE
2026-04-02 15:49:41,PLB.02,ITABAL8,0.0,0.84,SAFE
2026-04-02 15:49:41,PLB.03,ITABAL8,0.0,2.0,SAFE
2026-04-02 15:49:41,PLB.04,ITABAL8,0.0,13.62,SAFE
2026-04-02 15:50:00,PLU.04,CSA BONTANG SIS,0.0,2.36,SAFE
2026-04-02 15:50:00,RIU.02,VP SABANG TIMUR SIS,0.0,0.61,SAFE
2026-04-02 15:50:00,RIU.04,VP SABANG TIMUR SIS,0.0,0.51,SAFE
2026-04-02 15:50:00,SBG.02,VP SABANG TIMUR SIS,0.0,1.91,SAFE
2026-04-02 15:50:00,SBG.03,VP SABANG TIMUR SIS,0.0,5.65,SAFE
2026-04-02 15:50:00,SBG.04,VP SABANG TIMUR SIS,0.0,0.63,SAFE
2026-04-02 15:50:00,SBG.05,VP SABANG TIMUR SIS,0.0,21.21,SAFE
2026-04-02 15:49:41,SBG.06,ITABAL8,0.0,14.52,SAFE
2026-04-02 15:50:00,SBG.08,VP SABANG TIMUR SIS,0.0,1.35,SAFE
2026-04-02 15:50:00,SBG.10,VP SABANG TIMUR SIS,0.0,2.05,SAFE
2026-04-02 15:50:00,SBG.11,VP SABANG TIMUR SIS,0.0,0.75,SAFE
2026-04-02 15:50:00,SGT.02,CSA BONTANG SIS,0.0,0.19,SAFE
2026-04-02 15:50:00,SMB.02,CSA BONTANG SIS,0.0,2.63,SAFE
2026-04-02 15:50:00,SMB.03,CSA BONTANG SIS,0.0,4.72,SAFE
2026-04-02 15:50:00,SNT.01,PITSTOP AMBON SIS,0.0,1.34,SAFE
2026-04-02 15:50:00,TJG.01,CSA BONTANG SIS,0.0,1.99,SAFE
2026-04-02 15:50:00,TJG.02,CSA BONTANG SIS,0.0,5.65,SAFE
2026-04-02 16:42:00,AMB.01,PITSTOP AMBON SIS,0.0,7.46,SAFE
2026-04-02 16:40:00,BDG.02,VP OB 1 SIS,0.0,19.31,SAFE
2026-04-02 16:40:00,BDG.03,VP OB 1 SIS,0.0,5.73,SAFE
2026-04-02 16:40:00,BDG.04,VP OB 1 SIS,0.0,1.07,SAFE
2026-04-02 16:40:55,BDG.05,ITABAL9,0.0,2.1,SAFE
2026-04-02 16:41:00,BGK.01,VP SABANG TIMUR SIS,0.0,1.59,SAFE
2026-04-02 16:41:00,BGK.02,VP SABANG TIMUR SIS,0.0,18.92,SAFE
2026-04-02 16:40:55,BGR.01,ITABAL9,0.0,1.34,SAFE
2026-04-02 16:41:00,BJB.03,CSA BONTANG SIS,0.0,1.34,SAFE
2026-04-02 16:42:00,BJM.01,PITSTOP AMBON SIS,0.0,3.86,SAFE
2026-04-02 16:41:00,BJM.02,CSA BONTANG SIS,0.0,1.68,SAFE
2026-04-02 16:40:55,BKL.01,ITABAL8,0.0,58.33,SAFE
2026-04-02 16:40:55,BKL.02,ITABAL8,0.0,0.72,SAFE
2026-04-02 16:40:55,BNE.02,ITABAL8,0.0,1.52,SAFE
2026-04-02 16:40:55,BNE.03,ITABAL8,0.0,0.63,SAFE
2026-04-02 16:40:55,BNE.04,ITABAL8,0.0,0.55,SAFE
2026-04-02 16:41:00,BNY.03,CSA BONTANG SIS,0.0,0.97,SAFE
2026-04-02 16:41:00,BTG.03,CSA BONTANG SIS,0.0,9.36,SAFE
2026-04-02 16:41:00,BTG.04,CSA BONTANG SIS,0.0,175.0,SAFE
2026-04-02 16:41:00,FLR.02,CSA BONTANG SIS,0.0,0.75,SAFE
2026-04-02 16:40:55,JKT.01,ITABAL9,0.0,25.36,SAFE
2026-04-02 16:40:55,JKT.02,ITABAL9,0.0,7.78,SAFE
2026-04-02 16:40:55,JKT.03,ITABAL9,0.0,4.16,SAFE
2026-04-02 16:40:55,JKT.04,ITABAL9,0.0,1.17,SAFE
2026-04-02 16:40:55,JKT.05,ITABAL9,0.0,5.68,SAFE
2026-04-02 16:40:55,JKT.06,ITABAL9,0.0,7.45,SAFE
2026-04-02 16:40:55,JKT.07,ITABAL9,0.0,11.55,SAFE
2026-04-02 16:40:55,JKT.08,ITABAL9,0.0,4.26,SAFE
2026-04-02 16:40:55,JMB.01,ITABAL8,0.0,3.07,SAFE
2026-04-02 16:40:55,JMB.03,ITABAL8,0.0,1.02,SAFE
2026-04-02 16:40:55,JMB.04,ITABAL9,0.0,0.77,SAFE
2026-04-02 16:41:00,KRC.02,VP SABANG TIMUR SIS,0.0,1.04,SAFE
2026-04-02 16:40:55,KRC.03,ITABAL8,0.0,1.31,SAFE
2026-04-02 16:41:00,KRC.05,VP SABANG TIMUR SIS,0.0,1.93,SAFE
2026-04-02 16:41:00,KRC.07,VP SABANG TIMUR SIS,0.0,2.15,SAFE
2026-04-02 16:40:55,LHT.01,ITABAL8,0.0,5.84,SAFE
2026-04-02 16:40:55,LPG.01,ITABAL8,0.0,2.05,SAFE
2026-04-02 16:40:55,LPG.02,ITABAL8,0.0,12.03,SAFE
2026-04-02 16:40:55,LPG.03,ITABAL8,0.0,6.96,SAFE
2026-04-02 16:40:55,LPG.06,ITABAL8,0.0,6.69,SAFE
2026-04-02 16:40:55,LPG.07,ITABAL8,0.0,12.92,SAFE
2026-04-02 16:40:55,MDN.01,ITABAL8,0.0,3.37,SAFE
2026-04-02 16:40:55,MDN.02,ITABAL8,0.0,2.53,SAFE
2026-04-02 16:40:55,MDN.03,ITABAL8,0.0,7.25,SAFE
2026-04-02 16:40:55,MDN.04,ITABAL8,0.0,1.95,SAFE
2026-04-02 16:40:55,MIA.01,ITABAL9,0.0,1.22,SAFE
2026-04-02 16:40:55,MIA.02,ITABAL9,0.0,17.59,SAFE
2026-04-02 16:40:55,MIA.03,ITABAL9,0.0,4.28,SAFE
2026-04-02 16:42:00,MIA.04,PITSTOP AMBON SIS,0.0,2.31,SAFE
2026-04-02 16:40:55,MIA.05,ITABAL9,0.0,20.96,SAFE
2026-04-02 16:40:55,MIA.06,ITABAL9,0.0,1.16,SAFE
2026-04-02 16:41:00,MKS.01,CSA BONTANG SIS,0.0,0.72,SAFE
2026-04-02 16:42:00,MKS.02,PITSTOP AMBON SIS,0.0,1.06,SAFE
,MKS.03,ROM 13,0.0,8.2,SAFE
,MKS.04,ROM 13,0.0,3.08,SAFE
2026-04-02 16:41:00,MND.02,CSA BONTANG SIS,0.0,2.49,SAFE
2026-04-02 16:41:00,MRK.01,VP SABANG TIMUR SIS,0.0,1.65,SAFE
2026-04-02 16:42:00,MTM.01,PITSTOP AMBON SIS,0.0,1.64,SAFE
2026-04-02 16:42:00,MTP.01,PITSTOP AMBON SIS,0.0,1.01,SAFE
2026-04-02 16:41:00,MTR.01,VP SABANG TIMUR SIS,0.0,1.67,SAFE
2026-04-02 16:40:55,NIS.01,ITABAL8,0.0,0.57,SAFE
2026-04-02 16:40:55,NIS.02,ITABAL8,0.0,0.86,SAFE
2026-04-02 16:40:55,NIS.03,ITABAL8,0.0,1.03,SAFE
2026-04-02 16:40:55,PDG.01,ITABAL9,0.0,0.52,SAFE
2026-04-02 16:40:55,PLB.01,ITABAL8,0.0,1.87,SAFE
2026-04-02 16:40:55,PLB.02,ITABAL8,0.0,0.84,SAFE
2026-04-02 16:40:55,PLB.03,ITABAL8,0.0,2.0,SAFE
2026-04-02 16:40:55,PLB.04,ITABAL8,0.0,13.62,SAFE
2026-04-02 16:41:00,PLU.04,CSA BONTANG SIS,0.0,2.36,SAFE
2026-04-02 16:41:00,RIU.02,VP SABANG TIMUR SIS,0.0,0.61,SAFE
2026-04-02 16:41:00,RIU.04,VP SABANG TIMUR SIS,0.0,0.51,SAFE
2026-04-02 16:41:00,SBG.02,VP SABANG TIMUR SIS,0.0,1.91,SAFE
2026-04-02 16:41:00,SBG.03,VP SABANG TIMUR SIS,0.0,5.65,SAFE
2026-04-02 16:41:00,SBG.04,VP SABANG TIMUR SIS,0.0,0.63,SAFE
2026-04-02 16:41:00,SBG.05,VP SABANG TIMUR SIS,0.0,21.21,SAFE
2026-04-02 16:40:55,SBG.06,ITABAL8,0.0,14.52,SAFE
2026-04-02 16:41:00,SBG.08,VP SABANG TIMUR SIS,0.0,1.35,SAFE
2026-04-02 16:41:00,SBG.10,VP SABANG TIMUR SIS,0.0,2.05,SAFE
2026-04-02 16:41:00,SBG.11,VP SABANG TIMUR SIS,0.0,0.75,SAFE
2026-04-02 16:41:00,SGT.02,CSA BONTANG SIS,0.0,0.19,SAFE
2026-04-02 16:41:00,SMB.02,CSA BONTANG SIS,0.0,2.63,SAFE
2026-04-02 16:41:00,SMB.03,CSA BONTANG SIS,0.0,4.72,SAFE
2026-04-02 16:42:00,SNT.01,PITSTOP AMBON SIS,0.0,1.34,SAFE
2026-04-02 16:41:00,TJG.01,CSA BONTANG SIS,0.0,1.99,SAFE
2026-04-02 16:41:00,TJG.02,CSA BONTANG SIS,0.0,5.65,SAFE
2026-04-02 17:43:00,AMB.01,PITSTOP AMBON SIS,0.0,7.46,SAFE
2026-04-02 17:42:00,BDG.02,VP OB 1 SIS,0.0,19.31,SAFE
2026-04-02 17:42:00,BDG.03,VP OB 1 SIS,0.0,5.73,SAFE
2026-04-02 17:42:00,BDG.04,VP OB 1 SIS,0.0,1.07,SAFE
2026-04-02 17:42:39,BDG.05,ITABAL9,0.0,2.1,SAFE
2026-04-02 17:43:00,BGK.01,VP SABANG TIMUR SIS,0.0,1.59,SAFE
2026-04-02 17:43:00,BGK.02,VP SABANG TIMUR SIS,0.0,18.92,SAFE
2026-04-02 17:42:39,BGR.01,ITABAL9,0.0,1.34,SAFE
2026-04-02 17:43:00,BJB.03,CSA BONTANG SIS,0.0,1.34,SAFE
2026-04-02 17:43:00,BJM.01,PITSTOP AMBON SIS,0.0,3.86,SAFE
2026-04-02 17:43:00,BJM.02,CSA BONTANG SIS,0.0,1.68,SAFE
2026-04-02 17:42:39,BKL.01,ITABAL8,0.0,58.33,SAFE
2026-04-02 17:42:39,BKL.02,ITABAL8,0.0,0.72,SAFE
2026-04-02 17:42:39,BNE.02,ITABAL8,0.0,1.52,SAFE
2026-04-02 17:42:39,BNE.03,ITABAL8,0.0,0.63,SAFE
2026-04-02 17:42:39,BNE.04,ITABAL8,0.0,0.55,SAFE
2026-04-02 17:43:00,BNY.03,CSA BONTANG SIS,0.0,0.97,SAFE
2026-04-02 17:43:00,BTG.03,CSA BONTANG SIS,0.0,9.36,SAFE
2026-04-02 17:43:00,BTG.04,CSA BONTANG SIS,0.0,175.0,SAFE
2026-04-02 17:43:00,FLR.02,CSA BONTANG SIS,0.0,0.75,SAFE
2026-04-02 17:42:39,JKT.01,ITABAL9,0.0,25.36,SAFE
2026-04-02 17:42:39,JKT.02,ITABAL9,0.0,7.78,SAFE
2026-04-02 17:42:39,JKT.03,ITABAL9,0.0,4.16,SAFE
2026-04-02 17:42:39,JKT.04,ITABAL9,0.0,1.17,SAFE
2026-04-02 17:42:39,JKT.05,ITABAL9,0.0,5.68,SAFE
2026-04-02 17:42:39,JKT.06,ITABAL9,0.0,7.45,SAFE
2026-04-02 17:42:39,JKT.07,ITABAL9,0.0,11.55,SAFE
2026-04-02 17:42:39,JKT.08,ITABAL9,0.0,4.26,SAFE
2026-04-02 17:42:39,JMB.01,ITABAL8,0.0,3.07,SAFE
2026-04-02 17:42:39,JMB.03,ITABAL8,0.0,1.02,SAFE
2026-04-02 17:42:39,JMB.04,ITABAL9,0.0,0.77,SAFE
2026-04-02 17:43:00,KRC.02,VP SABANG TIMUR SIS,0.0,1.04,SAFE
2026-04-02 17:42:39,KRC.03,ITABAL8,0.0,1.31,SAFE
2026-04-02 17:43:00,KRC.05,VP SABANG TIMUR SIS,0.0,1.93,SAFE
2026-04-02 17:43:00,KRC.07,VP SABANG TIMUR SIS,0.0,2.15,SAFE
2026-04-02 17:42:39,LHT.01,ITABAL8,0.0,5.84,SAFE
2026-04-02 17:42:39,LPG.01,ITABAL8,0.0,2.05,SAFE
2026-04-02 17:42:39,LPG.02,ITABAL8,0.0,12.03,SAFE
2026-04-02 17:42:39,LPG.03,ITABAL8,0.0,6.96,SAFE
2026-04-02 17:42:39,LPG.06,ITABAL8,0.0,6.69,SAFE
2026-04-02 17:42:39,LPG.07,ITABAL8,0.0,12.92,SAFE
2026-04-02 17:42:39,MDN.01,ITABAL8,0.0,3.37,SAFE
2026-04-02 17:42:39,MDN.02,ITABAL8,0.0,2.53,SAFE
2026-04-02 17:42:39,MDN.03,ITABAL8,0.0,7.25,SAFE
2026-04-02 17:42:39,MDN.04,ITABAL8,0.0,1.95,SAFE
2026-04-02 17:42:39,MIA.01,ITABAL9,0.0,1.22,SAFE
2026-04-02 17:42:39,MIA.02,ITABAL9,0.0,17.59,SAFE
2026-04-02 17:42:39,MIA.03,ITABAL9,0.0,4.28,SAFE
2026-04-02 17:43:00,MIA.04,PITSTOP AMBON SIS,0.0,2.31,SAFE
2026-04-02 17:42:39,MIA.05,ITABAL9,0.0,20.96,SAFE
2026-04-02 17:42:39,MIA.06,ITABAL9,0.0,1.16,SAFE
2026-04-02 17:43:00,MKS.01,CSA BONTANG SIS,0.0,0.72,SAFE
2026-04-02 17:43:00,MKS.02,PITSTOP AMBON SIS,0.0,1.06,SAFE
,MKS.03,ROM 13,0.0,8.2,SAFE
,MKS.04,ROM 13,0.0,3.08,SAFE
2026-04-02 17:43:00,MND.02,CSA BONTANG SIS,0.0,2.49,SAFE
2026-04-02 17:43:00,MRK.01,VP SABANG TIMUR SIS,0.0,1.65,SAFE
2026-04-02 17:43:00,MTM.01,PITSTOP AMBON SIS,0.0,1.64,SAFE
2026-04-02 17:43:00,MTP.01,PITSTOP AMBON SIS,0.0,1.01,SAFE
2026-04-02 17:43:00,MTR.01,VP SABANG TIMUR SIS,0.0,1.67,SAFE
2026-04-02 17:42:39,NIS.01,ITABAL8,0.0,0.57,SAFE
2026-04-02 17:42:39,NIS.02,ITABAL8,0.0,0.86,SAFE
2026-04-02 17:42:39,NIS.03,ITABAL8,0.0,1.03,SAFE
2026-04-02 17:42:39,PDG.01,ITABAL9,0.0,0.52,SAFE
2026-04-02 17:42:39,PLB.01,ITABAL8,0.0,1.87,SAFE
2026-04-02 17:42:39,PLB.02,ITABAL8,0.0,0.84,SAFE
2026-04-02 17:42:39,PLB.03,ITABAL8,0.0,2.0,SAFE
2026-04-02 17:42:39,PLB.04,ITABAL8,0.0,13.62,SAFE
2026-04-02 17:43:00,PLU.04,CSA BONTANG SIS,0.0,2.36,SAFE
2026-04-02 17:43:00,RIU.02,VP SABANG TIMUR SIS,0.0,0.61,SAFE
2026-04-02 17:43:00,RIU.04,VP SABANG TIMUR SIS,0.0,0.51,SAFE
2026-04-02 17:43:00,SBG.02,VP SABANG TIMUR SIS,0.0,1.91,SAFE
2026-04-02 17:43:00,SBG.03,VP SABANG TIMUR SIS,0.0,5.65,SAFE
2026-04-02 17:43:00,SBG.04,VP SABANG TIMUR SIS,0.0,0.63,SAFE
2026-04-02 17:43:00,SBG.05,VP SABANG TIMUR SIS,0.0,21.21,SAFE
2026-04-02 17:42:39,SBG.06,ITABAL8,0.0,14.52,SAFE
2026-04-02 17:43:00,SBG.08,VP SABANG TIMUR SIS,0.0,1.35,SAFE
2026-04-02 17:43:00,SBG.10,VP SABANG TIMUR SIS,0.0,2.05,SAFE
2026-04-02 17:43:00,SBG.11,VP SABANG TIMUR SIS,0.0,0.75,SAFE
2026-04-02 17:43:00,SGT.02,CSA BONTANG SIS,0.0,0.19,SAFE
2026-04-02 17:43:00,SMB.02,CSA BONTANG SIS,0.0,2.63,SAFE
2026-04-02 17:43:00,SMB.03,CSA BONTANG SIS,0.0,4.72,SAFE
2026-04-02 17:43:00,SNT.01,PITSTOP AMBON SIS,0.0,1.34,SAFE
2026-04-02 17:43:00,TJG.01,CSA BONTANG SIS,0.0,1.99,SAFE
2026-04-02 17:43:00,TJG.02,CSA BONTANG SIS,0.0,5.65,SAFE
